window_id,subject,window_index,nominal_start_s,nominal_end_s,real_start_s,real_end_s,activity_label,sync_devices,devices_present,ecg_lead,ecg_path,acc_chest_path,ppg_wrist_path,chest_motion_mg,chest_motion_std_mg,is_zero_padded,ecg_pad_fraction,acc_chest_pad_fraction,ppg_wrist_pad_fraction
03FH_w0000,03FH,0,277.0,287.0,277.0,287.0,baseline,chest+empatica,chest+empatica+forearm,gel,ecg/03FH_w0000.npy,acc_chest/03FH_w0000.npy,ppg_wrist/03FH_w0000.npy,1.012,10.97,False,0.0,0.0,0.0
03FH_w0001,03FH,1,287.0,297.0,287.0,297.0,baseline,chest+empatica,chest+empatica+forearm,gel,ecg/03FH_w0001.npy,acc_chest/03FH_w0001.npy,ppg_wrist/03FH_w0001.npy,0.312,11.612,False,0.0,0.0,0.0
03FH_w0002,03FH,2,297.0,307.0,297.0,307.0,baseline,chest+empatica,chest+empatica+forearm,gel,ecg/03FH_w0002.npy,acc_chest/03FH_w0002.npy,ppg_wrist/03FH_w0002.npy,0.312,11.612,False,0.0,0.0,0.0
03FH_w0003,03FH,3,307.0,317.0,307.0,317.0,baseline,chest+empatica,chest+empatica+forearm,gel,ecg/03FH_w0003.npy,acc_chest/03FH_w0003.npy,ppg_wrist/03FH_w0003.npy,0.312,11.612,False,0.0,0.0,0.0
03FH_w0004,03FH,4,317.0,327.0,317.0,327.0,baseline,chest+empatica,chest+empatica+forearm,gel,ecg/03FH_w0004.npy,acc_chest/03FH_w0004.npy,ppg_wrist/03FH_w0004.npy,0.312,11.612,False,0.0,0.0,0.0
03FH_w0005,03FH,5,327.0,337.0,327.0,337.0,baseline,chest+empatica,chest+empatica+forearm,gel,ecg/03FH_w0005.npy,acc_chest/03FH_w0005.npy,ppg_wrist/03FH_w0005.npy,0.312,11.612,False,0.0,0.0,0.0
03FH_w0006,03FH,6,337.0,347.0,337.0,347.0,baseline,chest+empatica,chest+empatica+forearm,gel,ecg/03FH_w0006.npy,acc_chest/03FH_w0006.npy,ppg_wrist/03FH_w0006.npy,0.312,11.612,False,0.0,0.0,0.0
03FH_w0007,03FH,7,347.0,357.0,347.0,357.0,baseline,chest+empatica,chest+empatica+forearm,gel,ecg/03FH_w0007.npy,acc_chest/03FH_w0007.npy,ppg_wrist/03FH_w0007.npy,0.312,11.612,False,0.0,0.0,0.0
03FH_w0008,03FH,8,357.0,367.0,357.0,367.0,baseline,chest+empatica,chest+empatica+forearm,gel,ecg/03FH_w0008.npy,acc_chest/03FH_w0008.npy,ppg_wrist/03FH_w0008.npy,0.312,11.612,False,0.0,0.0,0.0
03FH_w0009,03FH,9,367.0,377.0,367.0,377.0,baseline,chest+empatica,chest+empatica+forearm,gel,ecg/03FH_w0009.npy,acc_chest/03FH_w0009.npy,ppg_wrist/03FH_w0009.npy,0.684,12.319,False,0.0,0.0,0.0
03FH_w0010,03FH,10,377.0,387.0,377.0,387.0,run,chest+empatica,chest+empatica+forearm,gel,ecg/03FH_w0010.npy,acc_chest/03FH_w0010.npy,ppg_wrist/03FH_w0010.npy,1.123,3.586,False,0.0,0.0,0.0
03FH_w0011,03FH,11,387.0,397.0,387.0,397.0,run,chest+empatica,chest+empatica+forearm,gel,ecg/03FH_w0011.npy,acc_chest/03FH_w0011.npy,ppg_wrist/03FH_w0011.npy,1.597,4.924,False,0.0,0.0,0.0
03FH_w0012,03FH,12,397.0,407.0,397.0,407.0,run,chest+empatica,chest+empatica+forearm,gel,ecg/03FH_w0012.npy,acc_chest/03FH_w0012.npy,ppg_wrist/03FH_w0012.npy,1.573,5.43,False,0.0,0.0,0.0
03FH_w0013,03FH,13,407.0,417.0,407.0,417.0,run,chest+empatica,chest+empatica+forearm,gel,ecg/03FH_w0013.npy,acc_chest/03FH_w0013.npy,ppg_wrist/03FH_w0013.npy,1.508,3.938,False,0.0,0.0,0.0
03FH_w0014,03FH,14,417.0,427.0,417.0,427.0,run,chest+empatica,chest+empatica+forearm,gel,ecg/03FH_w0014.npy,acc_chest/03FH_w0014.npy,ppg_wrist/03FH_w0014.npy,1.584,3.717,False,0.0,0.0,0.0
03FH_w0015,03FH,15,427.0,437.0,427.0,437.0,run,chest+empatica,chest+empatica+forearm,gel,ecg/03FH_w0015.npy,acc_chest/03FH_w0015.npy,ppg_wrist/03FH_w0015.npy,1.748,7.343,False,0.0,0.0,0.0
03FH_w0016,03FH,16,437.0,447.0,437.0,447.0,run,chest+empatica,chest+empatica+forearm,gel,ecg/03FH_w0016.npy,acc_chest/03FH_w0016.npy,ppg_wrist/03FH_w0016.npy,1.868,7.861,False,0.0,0.0,0.0
03FH_w0017,03FH,17,447.0,457.0,447.0,457.0,run,chest+empatica,chest+empatica+forearm,gel,ecg/03FH_w0017.npy,acc_chest/03FH_w0017.npy,ppg_wrist/03FH_w0017.npy,1.826,4.988,False,0.0,0.0,0.0
03FH_w0018,03FH,18,457.0,467.0,457.0,467.0,run,chest+empatica,chest+empatica+forearm,gel,ecg/03FH_w0018.npy,acc_chest/03FH_w0018.npy,ppg_wrist/03FH_w0018.npy,1.729,5.346,False,0.0,0.0,0.0
03FH_w0019,03FH,19,467.0,477.0,467.0,477.0,run,chest+empatica,chest+empatica+forearm,gel,ecg/03FH_w0019.npy,acc_chest/03FH_w0019.npy,ppg_wrist/03FH_w0019.npy,1.682,5.261,False,0.0,0.0,0.0
03FH_w0020,03FH,20,477.0,487.0,477.0,487.0,run,chest+empatica,chest+empatica+forearm,gel,ecg/03FH_w0020.npy,acc_chest/03FH_w0020.npy,ppg_wrist/03FH_w0020.npy,1.577,5.049,False,0.0,0.0,0.0
03FH_w0021,03FH,21,487.0,497.0,487.0,497.0,run,chest+empatica,chest+empatica+forearm,gel,ecg/03FH_w0021.npy,acc_chest/03FH_w0021.npy,ppg_wrist/03FH_w0021.npy,1.569,5.311,False,0.0,0.0,0.0
03FH_w0022,03FH,22,497.0,507.0,497.0,507.0,run,chest+empatica,chest+empatica+forearm,gel,ecg/03FH_w0022.npy,acc_chest/03FH_w0022.npy,ppg_wrist/03FH_w0022.npy,1.6,5.688,False,0.0,0.0,0.0
03FH_w0023,03FH,23,507.0,517.0,507.0,517.0,run,chest+empatica,chest+empatica+forearm,gel,ecg/03FH_w0023.npy,acc_chest/03FH_w0023.npy,ppg_wrist/03FH_w0023.npy,1.592,5.631,False,0.0,0.0,0.0
03FH_w0024,03FH,24,517.0,527.0,517.0,527.0,run,chest+empatica,chest+empatica+forearm,gel,ecg/03FH_w0024.npy,acc_chest/03FH_w0024.npy,ppg_wrist/03FH_w0024.npy,1.664,6.224,False,0.0,0.0,0.0
03FH_w0025,03FH,25,527.0,537.0,527.0,537.0,run,chest+empatica,chest+empatica+forearm,gel,ecg/03FH_w0025.npy,acc_chest/03FH_w0025.npy,ppg_wrist/03FH_w0025.npy,1.681,6.014,False,0.0,0.0,0.0
03FH_w0026,03FH,26,537.0,547.0,537.0,547.0,run,chest+empatica,chest+empatica+forearm,gel,ecg/03FH_w0026.npy,acc_chest/03FH_w0026.npy,ppg_wrist/03FH_w0026.npy,1.518,5.901,False,0.0,0.0,0.0
03FH_w0027,03FH,27,547.0,557.0,547.0,557.0,run,chest+empatica,chest+empatica+forearm,gel,ecg/03FH_w0027.npy,acc_chest/03FH_w0027.npy,ppg_wrist/03FH_w0027.npy,1.635,6.385,False,0.0,0.0,0.0
03FH_w0028,03FH,28,557.0,567.0,557.0,567.0,run,chest+empatica,chest+empatica+forearm,gel,ecg/03FH_w0028.npy,acc_chest/03FH_w0028.npy,ppg_wrist/03FH_w0028.npy,1.71,6.941,False,0.0,0.0,0.0
03FH_w0029,03FH,29,567.0,577.0,567.0,577.0,run,chest+empatica,chest+empatica+forearm,gel,ecg/03FH_w0029.npy,acc_chest/03FH_w0029.npy,ppg_wrist/03FH_w0029.npy,1.825,7.299,False,0.0,0.0,0.0
03FH_w0030,03FH,30,577.0,587.0,577.0,587.0,run,chest+empatica,chest+empatica+forearm,gel,ecg/03FH_w0030.npy,acc_chest/03FH_w0030.npy,ppg_wrist/03FH_w0030.npy,1.658,4.535,False,0.0,0.0,0.0
03FH_w0031,03FH,31,587.0,597.0,587.0,597.0,run,chest+empatica,chest+empatica+forearm,gel,ecg/03FH_w0031.npy,acc_chest/03FH_w0031.npy,ppg_wrist/03FH_w0031.npy,1.721,5.363,False,0.0,0.0,0.0
03FH_w0032,03FH,32,597.0,607.0,597.0,607.0,run,chest+empatica,chest+empatica+forearm,gel,ecg/03FH_w0032.npy,acc_chest/03FH_w0032.npy,ppg_wrist/03FH_w0032.npy,1.79,5.042,False,0.0,0.0,0.0
03FH_w0033,03FH,33,607.0,617.0,607.0,617.0,run,chest+empatica,chest+empatica+forearm,gel,ecg/03FH_w0033.npy,acc_chest/03FH_w0033.npy,ppg_wrist/03FH_w0033.npy,1.681,4.015,False,0.0,0.0,0.0
03FH_w0034,03FH,34,617.0,627.0,617.0,627.0,run,chest+empatica,chest+empatica+forearm,gel,ecg/03FH_w0034.npy,acc_chest/03FH_w0034.npy,ppg_wrist/03FH_w0034.npy,1.69,3.763,False,0.0,0.0,0.0
03FH_w0035,03FH,35,627.0,637.0,627.0,637.0,run,chest+empatica,chest+empatica+forearm,gel,ecg/03FH_w0035.npy,acc_chest/03FH_w0035.npy,ppg_wrist/03FH_w0035.npy,1.624,3.696,False,0.0,0.0,0.0
03FH_w0036,03FH,36,637.0,647.0,637.0,647.0,run,chest+empatica,chest+empatica+forearm,gel,ecg/03FH_w0036.npy,acc_chest/03FH_w0036.npy,ppg_wrist/03FH_w0036.npy,1.582,3.962,False,0.0,0.0,0.0
03FH_w0037,03FH,37,647.0,657.0,647.0,657.0,run,chest+empatica,chest+empatica+forearm,gel,ecg/03FH_w0037.npy,acc_chest/03FH_w0037.npy,ppg_wrist/03FH_w0037.npy,1.613,5.331,False,0.0,0.0,0.0
03FH_w0038,03FH,38,657.0,667.0,657.0,667.0,run,chest+empatica,chest+empatica+forearm,gel,ecg/03FH_w0038.npy,acc_chest/03FH_w0038.npy,ppg_wrist/03FH_w0038.npy,1.644,5.315,False,0.0,0.0,0.0
03FH_w0039,03FH,39,667.0,677.0,667.0,677.0,run,chest+empatica,chest+empatica+forearm,gel,ecg/03FH_w0039.npy,acc_chest/03FH_w0039.npy,ppg_wrist/03FH_w0039.npy,1.663,4.83,False,0.0,0.0,0.0
03FH_w0040,03FH,40,677.0,687.0,677.0,687.0,run,chest+empatica,chest+empatica+forearm,gel,ecg/03FH_w0040.npy,acc_chest/03FH_w0040.npy,ppg_wrist/03FH_w0040.npy,1.653,5.041,False,0.0,0.0,0.0
03FH_w0041,03FH,41,687.0,697.0,687.0,697.0,run,chest+empatica,chest+empatica+forearm,gel,ecg/03FH_w0041.npy,acc_chest/03FH_w0041.npy,ppg_wrist/03FH_w0041.npy,1.64,5.864,False,0.0,0.0,0.0
03FH_w0042,03FH,42,697.0,707.0,697.0,707.0,run,chest+empatica,chest+empatica+forearm,gel,ecg/03FH_w0042.npy,acc_chest/03FH_w0042.npy,ppg_wrist/03FH_w0042.npy,1.574,5.516,False,0.0,0.0,0.0
03FH_w0043,03FH,43,707.0,717.0,707.0,717.0,run,chest+empatica,chest+empatica+forearm,gel,ecg/03FH_w0043.npy,acc_chest/03FH_w0043.npy,ppg_wrist/03FH_w0043.npy,1.694,5.417,False,0.0,0.0,0.0
03FH_w0044,03FH,44,717.0,727.0,717.0,727.0,run,chest+empatica,chest+empatica+forearm,gel,ecg/03FH_w0044.npy,acc_chest/03FH_w0044.npy,ppg_wrist/03FH_w0044.npy,1.643,5.573,False,0.0,0.0,0.0
03FH_w0045,03FH,45,727.0,737.0,727.0,737.0,run,chest+empatica,chest+empatica+forearm,gel,ecg/03FH_w0045.npy,acc_chest/03FH_w0045.npy,ppg_wrist/03FH_w0045.npy,1.843,7.495,False,0.0,0.0,0.0
03FH_w0046,03FH,46,737.0,747.0,737.0,747.0,run,chest+empatica,chest+empatica+forearm,gel,ecg/03FH_w0046.npy,acc_chest/03FH_w0046.npy,ppg_wrist/03FH_w0046.npy,1.862,7.864,False,0.0,0.0,0.0
03FH_w0047,03FH,47,747.0,757.0,747.0,757.0,run,chest+empatica,chest+empatica+forearm,gel,ecg/03FH_w0047.npy,acc_chest/03FH_w0047.npy,ppg_wrist/03FH_w0047.npy,1.75,5.466,False,0.0,0.0,0.0
03FH_w0048,03FH,48,757.0,767.0,757.0,767.0,run,chest+empatica,chest+empatica+forearm,gel,ecg/03FH_w0048.npy,acc_chest/03FH_w0048.npy,ppg_wrist/03FH_w0048.npy,1.79,4.334,False,0.0,0.0,0.0
03FH_w0049,03FH,49,767.0,777.0,767.0,777.0,run,chest+empatica,chest+empatica+forearm,gel,ecg/03FH_w0049.npy,acc_chest/03FH_w0049.npy,ppg_wrist/03FH_w0049.npy,1.712,4.375,False,0.0,0.0,0.0
03FH_w0050,03FH,50,777.0,787.0,777.0,787.0,run,chest+empatica,chest+empatica+forearm,gel,ecg/03FH_w0050.npy,acc_chest/03FH_w0050.npy,ppg_wrist/03FH_w0050.npy,1.719,4.486,False,0.0,0.0,0.0
03FH_w0051,03FH,51,787.0,797.0,787.0,797.0,run,chest+empatica,chest+empatica+forearm,gel,ecg/03FH_w0051.npy,acc_chest/03FH_w0051.npy,ppg_wrist/03FH_w0051.npy,1.714,3.335,False,0.0,0.0,0.0
03FH_w0052,03FH,52,797.0,807.0,797.0,807.0,run,chest+empatica,chest+empatica+forearm,gel,ecg/03FH_w0052.npy,acc_chest/03FH_w0052.npy,ppg_wrist/03FH_w0052.npy,1.614,3.919,False,0.0,0.0,0.0
03FH_w0053,03FH,53,807.0,817.0,807.0,817.0,run,chest+empatica,chest+empatica+forearm,gel,ecg/03FH_w0053.npy,acc_chest/03FH_w0053.npy,ppg_wrist/03FH_w0053.npy,1.724,4.387,False,0.0,0.0,0.0
03FH_w0054,03FH,54,817.0,827.0,817.0,827.0,run,chest+empatica,chest+empatica+forearm,gel,ecg/03FH_w0054.npy,acc_chest/03FH_w0054.npy,ppg_wrist/03FH_w0054.npy,1.771,5.074,False,0.0,0.0,0.0
03FH_w0055,03FH,55,827.0,837.0,827.0,837.0,run,chest+empatica,chest+empatica+forearm,gel,ecg/03FH_w0055.npy,acc_chest/03FH_w0055.npy,ppg_wrist/03FH_w0055.npy,1.605,4.794,False,0.0,0.0,0.0
03FH_w0056,03FH,56,837.0,847.0,837.0,847.0,run,chest+empatica,chest+empatica+forearm,gel,ecg/03FH_w0056.npy,acc_chest/03FH_w0056.npy,ppg_wrist/03FH_w0056.npy,1.652,5.52,False,0.0,0.0,0.0
03FH_w0057,03FH,57,847.0,857.0,847.0,857.0,run,chest+empatica,chest+empatica+forearm,gel,ecg/03FH_w0057.npy,acc_chest/03FH_w0057.npy,ppg_wrist/03FH_w0057.npy,1.672,5.225,False,0.0,0.0,0.0
03FH_w0058,03FH,58,857.0,867.0,857.0,867.0,run,chest+empatica,chest+empatica+forearm,gel,ecg/03FH_w0058.npy,acc_chest/03FH_w0058.npy,ppg_wrist/03FH_w0058.npy,1.714,3.695,False,0.0,0.0,0.0
03FH_w0059,03FH,59,867.0,877.0,867.0,877.0,run,chest+empatica,chest+empatica+forearm,gel,ecg/03FH_w0059.npy,acc_chest/03FH_w0059.npy,ppg_wrist/03FH_w0059.npy,1.611,4.228,False,0.0,0.0,0.0
03FH_w0060,03FH,60,877.0,887.0,877.0,887.0,run,chest+empatica,chest+empatica+forearm,gel,ecg/03FH_w0060.npy,acc_chest/03FH_w0060.npy,ppg_wrist/03FH_w0060.npy,1.666,4.668,False,0.0,0.0,0.0
03FH_w0061,03FH,61,887.0,897.0,887.0,897.0,run,chest+empatica,chest+empatica+forearm,gel,ecg/03FH_w0061.npy,acc_chest/03FH_w0061.npy,ppg_wrist/03FH_w0061.npy,1.886,6.339,False,0.0,0.0,0.0
03FH_w0062,03FH,62,897.0,907.0,897.0,907.0,run,chest+empatica,chest+empatica+forearm,gel,ecg/03FH_w0062.npy,acc_chest/03FH_w0062.npy,ppg_wrist/03FH_w0062.npy,1.674,5.938,False,0.0,0.0,0.0
03FH_w0063,03FH,63,907.0,917.0,907.0,917.0,run,chest+empatica,chest+empatica+forearm,gel,ecg/03FH_w0063.npy,acc_chest/03FH_w0063.npy,ppg_wrist/03FH_w0063.npy,1.89,5.855,False,0.0,0.0,0.0
03FH_w0064,03FH,64,917.0,927.0,917.0,927.0,run,chest+empatica,chest+empatica+forearm,gel,ecg/03FH_w0064.npy,acc_chest/03FH_w0064.npy,ppg_wrist/03FH_w0064.npy,1.831,6.007,False,0.0,0.0,0.0
03FH_w0065,03FH,65,927.0,937.0,927.0,937.0,run,chest+empatica,chest+empatica+forearm,gel,ecg/03FH_w0065.npy,acc_chest/03FH_w0065.npy,ppg_wrist/03FH_w0065.npy,1.656,4.429,False,0.0,0.0,0.0
03FH_w0066,03FH,66,937.0,947.0,937.0,947.0,run,chest+empatica,chest+empatica+forearm,gel,ecg/03FH_w0066.npy,acc_chest/03FH_w0066.npy,ppg_wrist/03FH_w0066.npy,1.596,3.689,False,0.0,0.0,0.0
03FH_w0067,03FH,67,947.0,957.0,947.0,957.0,run,chest+empatica,chest+empatica+forearm,gel,ecg/03FH_w0067.npy,acc_chest/03FH_w0067.npy,ppg_wrist/03FH_w0067.npy,1.744,6.102,False,0.0,0.0,0.0
03FH_w0068,03FH,68,957.0,967.0,957.0,967.0,run,chest+empatica,chest+empatica+forearm,gel,ecg/03FH_w0068.npy,acc_chest/03FH_w0068.npy,ppg_wrist/03FH_w0068.npy,1.631,5.555,False,0.0,0.0,0.0
03FH_w0069,03FH,69,967.0,977.0,967.0,977.0,run,chest+empatica,chest+empatica+forearm,gel,ecg/03FH_w0069.npy,acc_chest/03FH_w0069.npy,ppg_wrist/03FH_w0069.npy,1.734,3.516,False,0.0,0.0,0.0
03FH_w0070,03FH,70,977.0,987.0,977.0,987.0,run,chest+empatica,chest+empatica+forearm,gel,ecg/03FH_w0070.npy,acc_chest/03FH_w0070.npy,ppg_wrist/03FH_w0070.npy,1.803,5.394,False,0.0,0.0,0.0
03FH_w0071,03FH,71,987.0,997.0,987.0,997.0,run,chest+empatica,chest+empatica+forearm,gel,ecg/03FH_w0071.npy,acc_chest/03FH_w0071.npy,ppg_wrist/03FH_w0071.npy,1.929,5.787,False,0.0,0.0,0.0
03FH_w0072,03FH,72,997.0,1007.0,997.0,1007.0,run,chest+empatica,chest+empatica+forearm,gel,ecg/03FH_w0072.npy,acc_chest/03FH_w0072.npy,ppg_wrist/03FH_w0072.npy,1.855,4.766,False,0.0,0.0,0.0
03FH_w0073,03FH,73,1007.0,1017.0,1007.0,1017.0,run,chest+empatica,chest+empatica+forearm,gel,ecg/03FH_w0073.npy,acc_chest/03FH_w0073.npy,ppg_wrist/03FH_w0073.npy,1.777,4.15,False,0.0,0.0,0.0
03FH_w0074,03FH,74,1017.0,1027.0,1017.0,1027.0,run,chest+empatica,chest+empatica+forearm,gel,ecg/03FH_w0074.npy,acc_chest/03FH_w0074.npy,ppg_wrist/03FH_w0074.npy,1.671,3.598,False,0.0,0.0,0.0
03FH_w0075,03FH,75,1027.0,1037.0,1027.0,1037.0,run,chest+empatica,chest+empatica+forearm,gel,ecg/03FH_w0075.npy,acc_chest/03FH_w0075.npy,ppg_wrist/03FH_w0075.npy,1.619,3.744,False,0.0,0.0,0.0
03FH_w0076,03FH,76,1037.0,1047.0,1037.0,1047.0,run,chest+empatica,chest+empatica+forearm,gel,ecg/03FH_w0076.npy,acc_chest/03FH_w0076.npy,ppg_wrist/03FH_w0076.npy,1.049,11.14,False,0.0,0.0,0.0
03FH_w0077,03FH,77,1047.0,1057.0,1047.0,1057.0,run,chest+empatica,chest+empatica+forearm,gel,ecg/03FH_w0077.npy,acc_chest/03FH_w0077.npy,ppg_wrist/03FH_w0077.npy,0.312,11.612,False,0.0,0.0,0.0
03FH_w0078,03FH,78,1057.0,1067.0,1057.0,1067.0,run,chest+empatica,chest+empatica+forearm,gel,ecg/03FH_w0078.npy,acc_chest/03FH_w0078.npy,ppg_wrist/03FH_w0078.npy,0.312,11.612,False,0.0,0.0,0.0
03FH_w0079,03FH,79,1067.0,1077.0,1067.0,1077.0,run,chest+empatica,chest+empatica+forearm,gel,ecg/03FH_w0079.npy,acc_chest/03FH_w0079.npy,ppg_wrist/03FH_w0079.npy,1.023,11.64,False,0.0,0.0,0.0
03FH_w0080,03FH,80,1077.0,1087.0,1077.0,1087.0,run,chest+empatica,chest+empatica+forearm,gel,ecg/03FH_w0080.npy,acc_chest/03FH_w0080.npy,ppg_wrist/03FH_w0080.npy,1.917,4.238,False,0.0,0.0,0.0
03FH_w0081,03FH,81,1087.0,1097.0,1087.0,1097.0,run,chest+empatica,chest+empatica+forearm,gel,ecg/03FH_w0081.npy,acc_chest/03FH_w0081.npy,ppg_wrist/03FH_w0081.npy,1.973,4.921,False,0.0,0.0,0.0
03FH_w0082,03FH,82,1097.0,1107.0,1097.0,1107.0,run,chest+empatica,chest+empatica+forearm,gel,ecg/03FH_w0082.npy,acc_chest/03FH_w0082.npy,ppg_wrist/03FH_w0082.npy,2.058,6.491,False,0.0,0.0,0.0
03FH_w0083,03FH,83,1107.0,1117.0,1107.0,1117.0,run,chest+empatica,chest+empatica+forearm,gel,ecg/03FH_w0083.npy,acc_chest/03FH_w0083.npy,ppg_wrist/03FH_w0083.npy,2.159,6.318,False,0.0,0.0,0.0
03FH_w0084,03FH,84,1117.0,1127.0,1117.0,1127.0,run,chest+empatica,chest+empatica+forearm,gel,ecg/03FH_w0084.npy,acc_chest/03FH_w0084.npy,ppg_wrist/03FH_w0084.npy,2.014,4.901,False,0.0,0.0,0.0
03FH_w0085,03FH,85,1127.0,1137.0,1127.0,1137.0,run,chest+empatica,chest+empatica+forearm,gel,ecg/03FH_w0085.npy,acc_chest/03FH_w0085.npy,ppg_wrist/03FH_w0085.npy,2.076,6.379,False,0.0,0.0,0.0
03FH_w0086,03FH,86,1137.0,1147.0,1137.0,1147.0,run,chest+empatica,chest+empatica+forearm,gel,ecg/03FH_w0086.npy,acc_chest/03FH_w0086.npy,ppg_wrist/03FH_w0086.npy,2.229,6.319,False,0.0,0.0,0.0
03FH_w0087,03FH,87,1147.0,1157.0,1147.0,1157.0,run,chest+empatica,chest+empatica+forearm,gel,ecg/03FH_w0087.npy,acc_chest/03FH_w0087.npy,ppg_wrist/03FH_w0087.npy,2.036,4.602,False,0.0,0.0,0.0
03FH_w0088,03FH,88,1157.0,1167.0,1157.0,1167.0,run,chest+empatica,chest+empatica+forearm,gel,ecg/03FH_w0088.npy,acc_chest/03FH_w0088.npy,ppg_wrist/03FH_w0088.npy,2.044,6.215,False,0.0,0.0,0.0
03FH_w0089,03FH,89,1167.0,1177.0,1167.0,1177.0,run,chest+empatica,chest+empatica+forearm,gel,ecg/03FH_w0089.npy,acc_chest/03FH_w0089.npy,ppg_wrist/03FH_w0089.npy,1.845,6.048,False,0.0,0.0,0.0
03FH_w0090,03FH,90,1177.0,1187.0,1177.0,1187.0,run,chest+empatica,chest+empatica+forearm,gel,ecg/03FH_w0090.npy,acc_chest/03FH_w0090.npy,ppg_wrist/03FH_w0090.npy,1.89,4.465,False,0.0,0.0,0.0
03FH_w0091,03FH,91,1187.0,1197.0,1187.0,1197.0,run,chest+empatica,chest+empatica+forearm,gel,ecg/03FH_w0091.npy,acc_chest/03FH_w0091.npy,ppg_wrist/03FH_w0091.npy,1.852,4.372,False,0.0,0.0,0.0
03FH_w0092,03FH,92,1197.0,1207.0,1197.0,1207.0,run,chest+empatica,chest+empatica+forearm,gel,ecg/03FH_w0092.npy,acc_chest/03FH_w0092.npy,ppg_wrist/03FH_w0092.npy,1.953,3.865,False,0.0,0.0,0.0
03FH_w0093,03FH,93,1207.0,1217.0,1207.0,1217.0,run,chest+empatica,chest+empatica+forearm,gel,ecg/03FH_w0093.npy,acc_chest/03FH_w0093.npy,ppg_wrist/03FH_w0093.npy,2.218,6.001,False,0.0,0.0,0.0
03FH_w0094,03FH,94,1217.0,1227.0,1217.0,1227.0,run,chest+empatica,chest+empatica+forearm,gel,ecg/03FH_w0094.npy,acc_chest/03FH_w0094.npy,ppg_wrist/03FH_w0094.npy,2.196,6.132,False,0.0,0.0,0.0
03FH_w0095,03FH,95,1227.0,1237.0,1227.0,1237.0,run,chest+empatica,chest+empatica+forearm,gel,ecg/03FH_w0095.npy,acc_chest/03FH_w0095.npy,ppg_wrist/03FH_w0095.npy,2.043,4.209,False,0.0,0.0,0.0
03FH_w0096,03FH,96,1237.0,1247.0,1237.0,1247.0,run,chest+empatica,chest+empatica+forearm,gel,ecg/03FH_w0096.npy,acc_chest/03FH_w0096.npy,ppg_wrist/03FH_w0096.npy,1.94,3.624,False,0.0,0.0,0.0
03FH_w0097,03FH,97,1247.0,1257.0,1247.0,1257.0,run,chest+empatica,chest+empatica+forearm,gel,ecg/03FH_w0097.npy,acc_chest/03FH_w0097.npy,ppg_wrist/03FH_w0097.npy,2.005,4.865,False,0.0,0.0,0.0
03FH_w0098,03FH,98,1257.0,1267.0,1257.0,1267.0,run,chest+empatica,chest+empatica+forearm,gel,ecg/03FH_w0098.npy,acc_chest/03FH_w0098.npy,ppg_wrist/03FH_w0098.npy,2.046,5.188,False,0.0,0.0,0.0
03FH_w0099,03FH,99,1267.0,1277.0,1267.0,1277.0,run,chest+empatica,chest+empatica+forearm,gel,ecg/03FH_w0099.npy,acc_chest/03FH_w0099.npy,ppg_wrist/03FH_w0099.npy,2.098,4.834,False,0.0,0.0,0.0
03FH_w0100,03FH,100,1277.0,1287.0,1277.0,1287.0,run,chest+empatica,chest+empatica+forearm,gel,ecg/03FH_w0100.npy,acc_chest/03FH_w0100.npy,ppg_wrist/03FH_w0100.npy,2.224,7.983,False,0.0,0.0,0.0
03FH_w0101,03FH,101,1287.0,1297.0,1287.0,1297.0,run,chest+empatica,chest+empatica+forearm,gel,ecg/03FH_w0101.npy,acc_chest/03FH_w0101.npy,ppg_wrist/03FH_w0101.npy,2.308,8.277,False,0.0,0.0,0.0
03FH_w0102,03FH,102,1297.0,1307.0,1297.0,1307.0,run,chest+empatica,chest+empatica+forearm,gel,ecg/03FH_w0102.npy,acc_chest/03FH_w0102.npy,ppg_wrist/03FH_w0102.npy,2.209,5.101,False,0.0,0.0,0.0
03FH_w0103,03FH,103,1307.0,1317.0,1307.0,1317.0,run,chest+empatica,chest+empatica+forearm,gel,ecg/03FH_w0103.npy,acc_chest/03FH_w0103.npy,ppg_wrist/03FH_w0103.npy,2.092,4.309,False,0.0,0.0,0.0
03FH_w0104,03FH,104,1317.0,1327.0,1317.0,1327.0,run,chest+empatica,chest+empatica+forearm,gel,ecg/03FH_w0104.npy,acc_chest/03FH_w0104.npy,ppg_wrist/03FH_w0104.npy,2.139,5.518,False,0.0,0.0,0.0
03FH_w0105,03FH,105,1327.0,1337.0,1327.0,1337.0,run,chest+empatica,chest+empatica+forearm,gel,ecg/03FH_w0105.npy,acc_chest/03FH_w0105.npy,ppg_wrist/03FH_w0105.npy,1.948,5.069,False,0.0,0.0,0.0
03FH_w0106,03FH,106,1337.0,1347.0,1337.0,1347.0,run,chest+empatica,chest+empatica+forearm,gel,ecg/03FH_w0106.npy,acc_chest/03FH_w0106.npy,ppg_wrist/03FH_w0106.npy,1.951,3.847,False,0.0,0.0,0.0
03FH_w0107,03FH,107,1347.0,1357.0,1347.0,1357.0,run,chest+empatica,chest+empatica+forearm,gel,ecg/03FH_w0107.npy,acc_chest/03FH_w0107.npy,ppg_wrist/03FH_w0107.npy,1.969,3.735,False,0.0,0.0,0.0
03FH_w0108,03FH,108,1357.0,1367.0,1357.0,1367.0,run,chest+empatica,chest+empatica+forearm,gel,ecg/03FH_w0108.npy,acc_chest/03FH_w0108.npy,ppg_wrist/03FH_w0108.npy,1.861,4.923,False,0.0,0.0,0.0
03FH_w0109,03FH,109,1367.0,1377.0,1367.0,1377.0,run,chest+empatica,chest+empatica+forearm,gel,ecg/03FH_w0109.npy,acc_chest/03FH_w0109.npy,ppg_wrist/03FH_w0109.npy,2.016,5.574,False,0.0,0.0,0.0
03FH_w0110,03FH,110,1377.0,1387.0,1377.0,1387.0,run,chest+empatica,chest+empatica+forearm,gel,ecg/03FH_w0110.npy,acc_chest/03FH_w0110.npy,ppg_wrist/03FH_w0110.npy,1.944,4.101,False,0.0,0.0,0.0
03FH_w0111,03FH,111,1387.0,1397.0,1387.0,1397.0,run,chest+empatica,chest+empatica+forearm,gel,ecg/03FH_w0111.npy,acc_chest/03FH_w0111.npy,ppg_wrist/03FH_w0111.npy,2.02,5.75,False,0.0,0.0,0.0
03FH_w0112,03FH,112,1397.0,1407.0,1397.0,1407.0,run,chest+empatica,chest+empatica+forearm,gel,ecg/03FH_w0112.npy,acc_chest/03FH_w0112.npy,ppg_wrist/03FH_w0112.npy,2.005,6.017,False,0.0,0.0,0.0
03FH_w0113,03FH,113,1407.0,1417.0,1407.0,1417.0,run,chest+empatica,chest+empatica+forearm,gel,ecg/03FH_w0113.npy,acc_chest/03FH_w0113.npy,ppg_wrist/03FH_w0113.npy,2.025,5.197,False,0.0,0.0,0.0
03FH_w0114,03FH,114,1417.0,1427.0,1417.0,1427.0,run,chest+empatica,chest+empatica+forearm,gel,ecg/03FH_w0114.npy,acc_chest/03FH_w0114.npy,ppg_wrist/03FH_w0114.npy,2.155,6.852,False,0.0,0.0,0.0
03FH_w0115,03FH,115,1427.0,1437.0,1427.0,1437.0,run,chest+empatica,chest+empatica+forearm,gel,ecg/03FH_w0115.npy,acc_chest/03FH_w0115.npy,ppg_wrist/03FH_w0115.npy,2.245,6.283,False,0.0,0.0,0.0
03FH_w0116,03FH,116,1437.0,1447.0,1437.0,1447.0,run,chest+empatica,chest+empatica+forearm,gel,ecg/03FH_w0116.npy,acc_chest/03FH_w0116.npy,ppg_wrist/03FH_w0116.npy,2.192,5.028,False,0.0,0.0,0.0
03FH_w0117,03FH,117,1447.0,1457.0,1447.0,1457.0,run,chest+empatica,chest+empatica+forearm,gel,ecg/03FH_w0117.npy,acc_chest/03FH_w0117.npy,ppg_wrist/03FH_w0117.npy,2.229,5.811,False,0.0,0.0,0.0
03FH_w0118,03FH,118,1457.0,1467.0,1457.0,1467.0,run,chest+empatica,chest+empatica+forearm,gel,ecg/03FH_w0118.npy,acc_chest/03FH_w0118.npy,ppg_wrist/03FH_w0118.npy,2.182,7.193,False,0.0,0.0,0.0
03FH_w0119,03FH,119,1467.0,1477.0,1467.0,1477.0,run,chest+empatica,chest+empatica+forearm,gel,ecg/03FH_w0119.npy,acc_chest/03FH_w0119.npy,ppg_wrist/03FH_w0119.npy,2.283,7.515,False,0.0,0.0,0.0
03FH_w0120,03FH,120,1477.0,1487.0,1477.0,1487.0,run,chest+empatica,chest+empatica+forearm,gel,ecg/03FH_w0120.npy,acc_chest/03FH_w0120.npy,ppg_wrist/03FH_w0120.npy,2.272,6.698,False,0.0,0.0,0.0
03FH_w0121,03FH,121,1487.0,1497.0,1487.0,1497.0,run,chest+empatica,chest+empatica+forearm,gel,ecg/03FH_w0121.npy,acc_chest/03FH_w0121.npy,ppg_wrist/03FH_w0121.npy,2.216,6.693,False,0.0,0.0,0.0
03FH_w0122,03FH,122,1497.0,1507.0,1497.0,1507.0,run,chest+empatica,chest+empatica+forearm,gel,ecg/03FH_w0122.npy,acc_chest/03FH_w0122.npy,ppg_wrist/03FH_w0122.npy,2.082,5.103,False,0.0,0.0,0.0
03FH_w0123,03FH,123,1507.0,1517.0,1507.0,1517.0,run,chest+empatica,chest+empatica+forearm,gel,ecg/03FH_w0123.npy,acc_chest/03FH_w0123.npy,ppg_wrist/03FH_w0123.npy,2.148,5.019,False,0.0,0.0,0.0
03FH_w0124,03FH,124,1517.0,1527.0,1517.0,1527.0,run,chest+empatica,chest+empatica+forearm,gel,ecg/03FH_w0124.npy,acc_chest/03FH_w0124.npy,ppg_wrist/03FH_w0124.npy,2.178,6.994,False,0.0,0.0,0.0
03FH_w0125,03FH,125,1527.0,1537.0,1527.0,1537.0,run,chest+empatica,chest+empatica+forearm,gel,ecg/03FH_w0125.npy,acc_chest/03FH_w0125.npy,ppg_wrist/03FH_w0125.npy,2.184,6.915,False,0.0,0.0,0.0
03FH_w0126,03FH,126,1537.0,1547.0,1537.0,1547.0,run,chest+empatica,chest+empatica+forearm,gel,ecg/03FH_w0126.npy,acc_chest/03FH_w0126.npy,ppg_wrist/03FH_w0126.npy,2.009,4.691,False,0.0,0.0,0.0
03FH_w0127,03FH,127,1547.0,1557.0,1547.0,1557.0,run,chest+empatica,chest+empatica+forearm,gel,ecg/03FH_w0127.npy,acc_chest/03FH_w0127.npy,ppg_wrist/03FH_w0127.npy,2.093,4.332,False,0.0,0.0,0.0
03FH_w0128,03FH,128,1557.0,1567.0,1557.0,1567.0,run,chest+empatica,chest+empatica+forearm,gel,ecg/03FH_w0128.npy,acc_chest/03FH_w0128.npy,ppg_wrist/03FH_w0128.npy,2.078,6.0,False,0.0,0.0,0.0
03FH_w0129,03FH,129,1567.0,1577.0,1567.0,1577.0,run,chest+empatica,chest+empatica+forearm,gel,ecg/03FH_w0129.npy,acc_chest/03FH_w0129.npy,ppg_wrist/03FH_w0129.npy,2.031,6.544,False,0.0,0.0,0.0
03FH_w0130,03FH,130,1577.0,1587.0,1577.0,1587.0,run,chest+empatica,chest+empatica+forearm,gel,ecg/03FH_w0130.npy,acc_chest/03FH_w0130.npy,ppg_wrist/03FH_w0130.npy,2.326,5.803,False,0.0,0.0,0.0
03FH_w0131,03FH,131,1587.0,1597.0,1587.0,1597.0,run,chest+empatica,chest+empatica+forearm,gel,ecg/03FH_w0131.npy,acc_chest/03FH_w0131.npy,ppg_wrist/03FH_w0131.npy,2.118,4.164,False,0.0,0.0,0.0
03FH_w0132,03FH,132,1597.0,1607.0,1597.0,1607.0,run,chest+empatica,chest+empatica+forearm,gel,ecg/03FH_w0132.npy,acc_chest/03FH_w0132.npy,ppg_wrist/03FH_w0132.npy,1.999,4.015,False,0.0,0.0,0.0
03FH_w0133,03FH,133,1607.0,1617.0,1607.0,1617.0,run,chest+empatica,chest+empatica+forearm,gel,ecg/03FH_w0133.npy,acc_chest/03FH_w0133.npy,ppg_wrist/03FH_w0133.npy,2.04,4.069,False,0.0,0.0,0.0
03FH_w0134,03FH,134,1617.0,1627.0,1617.0,1627.0,run,chest+empatica,chest+empatica+forearm,gel,ecg/03FH_w0134.npy,acc_chest/03FH_w0134.npy,ppg_wrist/03FH_w0134.npy,2.151,5.301,False,0.0,0.0,0.0
03FH_w0135,03FH,135,1627.0,1637.0,1627.0,1637.0,run,chest+empatica,chest+empatica+forearm,gel,ecg/03FH_w0135.npy,acc_chest/03FH_w0135.npy,ppg_wrist/03FH_w0135.npy,2.212,6.309,False,0.0,0.0,0.0
03FH_w0136,03FH,136,1637.0,1647.0,1637.0,1647.0,run,chest+empatica,chest+empatica+forearm,gel,ecg/03FH_w0136.npy,acc_chest/03FH_w0136.npy,ppg_wrist/03FH_w0136.npy,2.268,5.973,False,0.0,0.0,0.0
03FH_w0137,03FH,137,1647.0,1657.0,1647.0,1657.0,run,chest+empatica,chest+empatica+forearm,gel,ecg/03FH_w0137.npy,acc_chest/03FH_w0137.npy,ppg_wrist/03FH_w0137.npy,2.224,5.488,False,0.0,0.0,0.0
03FH_w0138,03FH,138,1657.0,1667.0,1657.0,1667.0,run,chest+empatica,chest+empatica+forearm,gel,ecg/03FH_w0138.npy,acc_chest/03FH_w0138.npy,ppg_wrist/03FH_w0138.npy,1.976,5.94,False,0.0,0.0,0.0
03FH_w0139,03FH,139,1667.0,1677.0,1667.0,1677.0,run,chest+empatica,chest+empatica+forearm,gel,ecg/03FH_w0139.npy,acc_chest/03FH_w0139.npy,ppg_wrist/03FH_w0139.npy,1.808,6.488,False,0.0,0.0,0.0
03FH_w0140,03FH,140,1677.0,1687.0,1677.0,1687.0,run,chest+empatica,chest+empatica+forearm,gel,ecg/03FH_w0140.npy,acc_chest/03FH_w0140.npy,ppg_wrist/03FH_w0140.npy,1.511,5.389,False,0.0,0.0,0.0
03FH_w0141,03FH,141,1687.0,1697.0,1687.0,1697.0,run,chest+empatica,chest+empatica+forearm,gel,ecg/03FH_w0141.npy,acc_chest/03FH_w0141.npy,ppg_wrist/03FH_w0141.npy,1.38,3.73,False,0.0,0.0,0.0
03FH_w0142,03FH,142,1697.0,1707.0,1697.0,1707.0,run,chest+empatica,chest+empatica+forearm,gel,ecg/03FH_w0142.npy,acc_chest/03FH_w0142.npy,ppg_wrist/03FH_w0142.npy,1.121,3.886,False,0.0,0.0,0.0
03FH_w0143,03FH,143,1707.0,1717.0,1707.0,1717.0,walk_after,chest+empatica,chest+empatica+forearm,gel,ecg/03FH_w0143.npy,acc_chest/03FH_w0143.npy,ppg_wrist/03FH_w0143.npy,0.871,4.165,False,0.0,0.0,0.0
03FH_w0144,03FH,144,1717.0,1727.0,1717.0,1727.0,walk_after,chest+empatica,chest+empatica+forearm,gel,ecg/03FH_w0144.npy,acc_chest/03FH_w0144.npy,ppg_wrist/03FH_w0144.npy,0.877,4.606,False,0.0,0.0,0.0
03FH_w0145,03FH,145,1727.0,1737.0,1727.0,1737.0,walk_after,chest+empatica,chest+empatica+forearm,gel,ecg/03FH_w0145.npy,acc_chest/03FH_w0145.npy,ppg_wrist/03FH_w0145.npy,0.868,4.24,False,0.0,0.0,0.0
03FH_w0146,03FH,146,1737.0,1747.0,1737.0,1747.0,walk_after,chest+empatica,chest+empatica+forearm,gel,ecg/03FH_w0146.npy,acc_chest/03FH_w0146.npy,ppg_wrist/03FH_w0146.npy,0.844,2.515,False,0.0,0.0,0.0
03FH_w0147,03FH,147,1747.0,1757.0,1747.0,1757.0,walk_after,chest+empatica,chest+empatica+forearm,gel,ecg/03FH_w0147.npy,acc_chest/03FH_w0147.npy,ppg_wrist/03FH_w0147.npy,0.828,2.804,False,0.0,0.0,0.0
03FH_w0148,03FH,148,1757.0,1767.0,1757.0,1767.0,walk_after,chest+empatica,chest+empatica+forearm,gel,ecg/03FH_w0148.npy,acc_chest/03FH_w0148.npy,ppg_wrist/03FH_w0148.npy,0.876,3.602,False,0.0,0.0,0.0
03FH_w0149,03FH,149,1767.0,1777.0,1767.0,1777.0,walk_after,chest+empatica,chest+empatica+forearm,gel,ecg/03FH_w0149.npy,acc_chest/03FH_w0149.npy,ppg_wrist/03FH_w0149.npy,0.874,3.34,False,0.0,0.0,0.0
03FH_w0150,03FH,150,1777.0,1787.0,1777.0,1787.0,walk_after,chest+empatica,chest+empatica+forearm,gel,ecg/03FH_w0150.npy,acc_chest/03FH_w0150.npy,ppg_wrist/03FH_w0150.npy,0.85,3.093,False,0.0,0.0,0.0
03FH_w0151,03FH,151,1787.0,1797.0,1787.0,1797.0,walk_after,chest+empatica,chest+empatica+forearm,gel,ecg/03FH_w0151.npy,acc_chest/03FH_w0151.npy,ppg_wrist/03FH_w0151.npy,0.808,3.413,False,0.0,0.0,0.0
03FH_w0152,03FH,152,1797.0,1807.0,1797.0,1807.0,walk_after,chest+empatica,chest+empatica+forearm,gel,ecg/03FH_w0152.npy,acc_chest/03FH_w0152.npy,ppg_wrist/03FH_w0152.npy,0.866,3.178,False,0.0,0.0,0.0
03FH_w0153,03FH,153,1807.0,1817.0,1807.0,1817.0,walk_after,chest+empatica,chest+empatica+forearm,gel,ecg/03FH_w0153.npy,acc_chest/03FH_w0153.npy,ppg_wrist/03FH_w0153.npy,0.847,3.277,False,0.0,0.0,0.0
03FH_w0154,03FH,154,1817.0,1827.0,1817.0,1827.0,walk_after,chest+empatica,chest+empatica+forearm,gel,ecg/03FH_w0154.npy,acc_chest/03FH_w0154.npy,ppg_wrist/03FH_w0154.npy,0.835,4.117,False,0.0,0.0,0.0
03FH_w0155,03FH,155,1827.0,1837.0,1827.0,1837.0,walk_after,chest+empatica,chest+empatica+forearm,gel,ecg/03FH_w0155.npy,acc_chest/03FH_w0155.npy,ppg_wrist/03FH_w0155.npy,0.831,3.854,False,0.0,0.0,0.0
03FH_w0156,03FH,156,1837.0,1847.0,1837.0,1847.0,walk_after,chest+empatica,chest+empatica+forearm,gel,ecg/03FH_w0156.npy,acc_chest/03FH_w0156.npy,ppg_wrist/03FH_w0156.npy,0.838,3.442,False,0.0,0.0,0.0
03FH_w0157,03FH,157,1847.0,1857.0,1847.0,1857.0,walk_after,chest+empatica,chest+empatica+forearm,gel,ecg/03FH_w0157.npy,acc_chest/03FH_w0157.npy,ppg_wrist/03FH_w0157.npy,0.85,3.202,False,0.0,0.0,0.0
03FH_w0158,03FH,158,1857.0,1867.0,1857.0,1867.0,walk_after,chest+empatica,chest+empatica+forearm,gel,ecg/03FH_w0158.npy,acc_chest/03FH_w0158.npy,ppg_wrist/03FH_w0158.npy,0.862,3.012,False,0.0,0.0,0.0
03FH_w0159,03FH,159,1867.0,1877.0,1867.0,1877.0,walk_after,chest+empatica,chest+empatica+forearm,gel,ecg/03FH_w0159.npy,acc_chest/03FH_w0159.npy,ppg_wrist/03FH_w0159.npy,0.834,3.249,False,0.0,0.0,0.0
03FH_w0160,03FH,160,1877.0,1887.0,1877.0,1887.0,walk_after,chest+empatica,chest+empatica+forearm,gel,ecg/03FH_w0160.npy,acc_chest/03FH_w0160.npy,ppg_wrist/03FH_w0160.npy,0.851,3.604,False,0.0,0.0,0.0
03FH_w0161,03FH,161,1887.0,1897.0,1887.0,1897.0,walk_after,chest+empatica,chest+empatica+forearm,gel,ecg/03FH_w0161.npy,acc_chest/03FH_w0161.npy,ppg_wrist/03FH_w0161.npy,0.869,3.666,False,0.0,0.0,0.0
03FH_w0162,03FH,162,1897.0,1907.0,1897.0,1907.0,walk_after,chest+empatica,chest+empatica+forearm,gel,ecg/03FH_w0162.npy,acc_chest/03FH_w0162.npy,ppg_wrist/03FH_w0162.npy,0.799,3.363,False,0.0,0.0,0.0
03FH_w0163,03FH,163,1907.0,1917.0,1907.0,1917.0,walk_after,chest+empatica,chest+empatica+forearm,gel,ecg/03FH_w0163.npy,acc_chest/03FH_w0163.npy,ppg_wrist/03FH_w0163.npy,0.804,3.307,False,0.0,0.0,0.0
03FH_w0164,03FH,164,1917.0,1927.0,1917.0,1927.0,walk_after,chest+empatica,chest+empatica+forearm,gel,ecg/03FH_w0164.npy,acc_chest/03FH_w0164.npy,ppg_wrist/03FH_w0164.npy,0.774,3.484,False,0.0,0.0,0.0
03FH_w0165,03FH,165,1927.0,1937.0,1927.0,1937.0,walk_after,chest+empatica,chest+empatica+forearm,gel,ecg/03FH_w0165.npy,acc_chest/03FH_w0165.npy,ppg_wrist/03FH_w0165.npy,0.756,3.572,False,0.0,0.0,0.0
03FH_w0166,03FH,166,1937.0,1947.0,1937.0,1947.0,walk_after,chest+empatica,chest+empatica+forearm,gel,ecg/03FH_w0166.npy,acc_chest/03FH_w0166.npy,ppg_wrist/03FH_w0166.npy,0.809,3.547,False,0.0,0.0,0.0
03FH_w0167,03FH,167,1947.0,1957.0,1947.0,1957.0,walk_after,chest+empatica,chest+empatica+forearm,gel,ecg/03FH_w0167.npy,acc_chest/03FH_w0167.npy,ppg_wrist/03FH_w0167.npy,0.824,3.697,False,0.0,0.0,0.0
03FH_w0168,03FH,168,1957.0,1967.0,1957.0,1967.0,walk_after,chest+empatica,chest+empatica+forearm,gel,ecg/03FH_w0168.npy,acc_chest/03FH_w0168.npy,ppg_wrist/03FH_w0168.npy,0.811,3.789,False,0.0,0.0,0.0
03FH_w0169,03FH,169,1967.0,1977.0,1967.0,1977.0,walk_after,chest+empatica,chest+empatica+forearm,gel,ecg/03FH_w0169.npy,acc_chest/03FH_w0169.npy,ppg_wrist/03FH_w0169.npy,0.815,3.644,False,0.0,0.0,0.0
03FH_w0170,03FH,170,1977.0,1987.0,1977.0,1987.0,walk_after,chest+empatica,chest+empatica+forearm,gel,ecg/03FH_w0170.npy,acc_chest/03FH_w0170.npy,ppg_wrist/03FH_w0170.npy,0.818,3.093,False,0.0,0.0,0.0
03FH_w0171,03FH,171,1987.0,1997.0,1987.0,1997.0,walk_after,chest+empatica,chest+empatica+forearm,gel,ecg/03FH_w0171.npy,acc_chest/03FH_w0171.npy,ppg_wrist/03FH_w0171.npy,0.831,3.794,False,0.0,0.0,0.0
03FH_w0172,03FH,172,1997.0,2007.0,1997.0,2007.0,walk_after,chest+empatica,chest+empatica+forearm,gel,ecg/03FH_w0172.npy,acc_chest/03FH_w0172.npy,ppg_wrist/03FH_w0172.npy,0.903,4.106,False,0.0,0.0,0.0
03FH_w0173,03FH,173,2007.0,2017.0,2007.0,2017.0,walk_after,chest+empatica,chest+empatica+forearm,gel,ecg/03FH_w0173.npy,acc_chest/03FH_w0173.npy,ppg_wrist/03FH_w0173.npy,0.79,3.314,False,0.0,0.0,0.0
03FH_w0174,03FH,174,2017.0,2027.0,2017.0,2027.0,walk_after,chest+empatica,chest+empatica+forearm,gel,ecg/03FH_w0174.npy,acc_chest/03FH_w0174.npy,ppg_wrist/03FH_w0174.npy,0.821,3.496,False,0.0,0.0,0.0
03FH_w0175,03FH,175,2027.0,2037.0,2027.0,2037.0,walk_after,chest+empatica,chest+empatica+forearm,gel,ecg/03FH_w0175.npy,acc_chest/03FH_w0175.npy,ppg_wrist/03FH_w0175.npy,0.798,3.316,False,0.0,0.0,0.0
03FH_w0176,03FH,176,2037.0,2047.0,2037.0,2047.0,walk_after,chest+empatica,chest+empatica+forearm,gel,ecg/03FH_w0176.npy,acc_chest/03FH_w0176.npy,ppg_wrist/03FH_w0176.npy,0.833,2.727,False,0.0,0.0,0.0
03FH_w0177,03FH,177,2047.0,2057.0,2047.0,2057.0,walk_after,chest+empatica,chest+empatica+forearm,gel,ecg/03FH_w0177.npy,acc_chest/03FH_w0177.npy,ppg_wrist/03FH_w0177.npy,0.823,3.57,False,0.0,0.0,0.0
03FH_w0178,03FH,178,2057.0,2067.0,2057.0,2059.0,walk_after,chest+empatica,chest+empatica+forearm,gel,ecg/03FH_w0178.npy,acc_chest/03FH_w0178.npy,ppg_wrist/03FH_w0178.npy,1.024,8.757,True,0.8,0.8,0.0
3B8D_w0000,3B8D,0,33.0,43.0,33.0,43.0,baseline,chest+empatica,chest+empatica+forearm,gel,ecg/3B8D_w0000.npy,acc_chest/3B8D_w0000.npy,ppg_wrist/3B8D_w0000.npy,0.772,3.989,False,0.0,0.0,0.0
3B8D_w0001,3B8D,1,43.0,53.0,43.0,53.0,baseline,chest+empatica,chest+empatica+forearm,gel,ecg/3B8D_w0001.npy,acc_chest/3B8D_w0001.npy,ppg_wrist/3B8D_w0001.npy,0.795,4.061,False,0.0,0.0,0.0
3B8D_w0002,3B8D,2,53.0,63.0,53.0,63.0,baseline,chest+empatica,chest+empatica+forearm,gel,ecg/3B8D_w0002.npy,acc_chest/3B8D_w0002.npy,ppg_wrist/3B8D_w0002.npy,0.718,4.097,False,0.0,0.0,0.0
3B8D_w0003,3B8D,3,63.0,73.0,63.0,73.0,baseline,chest+empatica,chest+empatica+forearm,gel,ecg/3B8D_w0003.npy,acc_chest/3B8D_w0003.npy,ppg_wrist/3B8D_w0003.npy,0.716,3.851,False,0.0,0.0,0.0
3B8D_w0004,3B8D,4,73.0,83.0,73.0,83.0,baseline,chest+empatica,chest+empatica+forearm,gel,ecg/3B8D_w0004.npy,acc_chest/3B8D_w0004.npy,ppg_wrist/3B8D_w0004.npy,0.703,3.777,False,0.0,0.0,0.0
3B8D_w0005,3B8D,5,83.0,93.0,83.0,93.0,baseline,chest+empatica,chest+empatica+forearm,gel,ecg/3B8D_w0005.npy,acc_chest/3B8D_w0005.npy,ppg_wrist/3B8D_w0005.npy,0.708,3.994,False,0.0,0.0,0.0
3B8D_w0006,3B8D,6,93.0,103.0,93.0,103.0,baseline,chest+empatica,chest+empatica+forearm,gel,ecg/3B8D_w0006.npy,acc_chest/3B8D_w0006.npy,ppg_wrist/3B8D_w0006.npy,0.881,16.162,False,0.0,0.0,0.0
3B8D_w0007,3B8D,7,103.0,113.0,103.0,113.0,baseline,chest+empatica,chest+empatica+forearm,gel,ecg/3B8D_w0007.npy,acc_chest/3B8D_w0007.npy,ppg_wrist/3B8D_w0007.npy,0.416,15.486,False,0.0,0.0,0.0
3B8D_w0008,3B8D,8,113.0,123.0,113.0,123.0,baseline,chest+empatica,chest+empatica+forearm,gel,ecg/3B8D_w0008.npy,acc_chest/3B8D_w0008.npy,ppg_wrist/3B8D_w0008.npy,0.416,15.486,False,0.0,0.0,0.0
3B8D_w0009,3B8D,9,123.0,133.0,123.0,133.0,baseline,chest+empatica,chest+empatica+forearm,gel,ecg/3B8D_w0009.npy,acc_chest/3B8D_w0009.npy,ppg_wrist/3B8D_w0009.npy,0.416,15.486,False,0.0,0.0,0.0
3B8D_w0010,3B8D,10,133.0,143.0,133.0,143.0,baseline,chest+empatica,chest+empatica+forearm,gel,ecg/3B8D_w0010.npy,acc_chest/3B8D_w0010.npy,ppg_wrist/3B8D_w0010.npy,0.416,15.486,False,0.0,0.0,0.0
3B8D_w0011,3B8D,11,143.0,153.0,143.0,153.0,baseline,chest+empatica,chest+empatica+forearm,gel,ecg/3B8D_w0011.npy,acc_chest/3B8D_w0011.npy,ppg_wrist/3B8D_w0011.npy,0.416,15.486,False,0.0,0.0,0.0
3B8D_w0012,3B8D,12,153.0,163.0,153.0,163.0,baseline,chest+empatica,chest+empatica+forearm,gel,ecg/3B8D_w0012.npy,acc_chest/3B8D_w0012.npy,ppg_wrist/3B8D_w0012.npy,0.416,15.486,False,0.0,0.0,0.0
3B8D_w0013,3B8D,13,163.0,173.0,163.0,173.0,baseline,chest+empatica,chest+empatica+forearm,gel,ecg/3B8D_w0013.npy,acc_chest/3B8D_w0013.npy,ppg_wrist/3B8D_w0013.npy,0.416,15.486,False,0.0,0.0,0.0
3B8D_w0014,3B8D,14,173.0,183.0,173.0,183.0,baseline,chest+empatica,chest+empatica+forearm,gel,ecg/3B8D_w0014.npy,acc_chest/3B8D_w0014.npy,ppg_wrist/3B8D_w0014.npy,0.416,15.486,False,0.0,0.0,0.0
3B8D_w0015,3B8D,15,183.0,193.0,183.0,193.0,baseline,chest+empatica,chest+empatica+forearm,gel,ecg/3B8D_w0015.npy,acc_chest/3B8D_w0015.npy,ppg_wrist/3B8D_w0015.npy,0.416,15.486,False,0.0,0.0,0.0
3B8D_w0016,3B8D,16,193.0,203.0,193.0,203.0,baseline,chest+empatica,chest+empatica+forearm,gel,ecg/3B8D_w0016.npy,acc_chest/3B8D_w0016.npy,ppg_wrist/3B8D_w0016.npy,0.416,15.486,False,0.0,0.0,0.0
3B8D_w0017,3B8D,17,203.0,213.0,203.0,213.0,baseline,chest+empatica,chest+empatica+forearm,gel,ecg/3B8D_w0017.npy,acc_chest/3B8D_w0017.npy,ppg_wrist/3B8D_w0017.npy,0.416,15.486,False,0.0,0.0,0.0
3B8D_w0018,3B8D,18,213.0,223.0,213.0,223.0,baseline,chest+empatica,chest+empatica+forearm,gel,ecg/3B8D_w0018.npy,acc_chest/3B8D_w0018.npy,ppg_wrist/3B8D_w0018.npy,0.416,15.486,False,0.0,0.0,0.0
3B8D_w0019,3B8D,19,223.0,233.0,223.0,233.0,baseline,chest+empatica,chest+empatica+forearm,gel,ecg/3B8D_w0019.npy,acc_chest/3B8D_w0019.npy,ppg_wrist/3B8D_w0019.npy,0.416,15.486,False,0.0,0.0,0.0
3B8D_w0020,3B8D,20,233.0,243.0,233.0,243.0,baseline,chest+empatica,chest+empatica+forearm,gel,ecg/3B8D_w0020.npy,acc_chest/3B8D_w0020.npy,ppg_wrist/3B8D_w0020.npy,0.416,15.486,False,0.0,0.0,0.0
3B8D_w0021,3B8D,21,243.0,253.0,243.0,253.0,baseline,chest+empatica,chest+empatica+forearm,gel,ecg/3B8D_w0021.npy,acc_chest/3B8D_w0021.npy,ppg_wrist/3B8D_w0021.npy,0.416,15.486,False,0.0,0.0,0.0
3B8D_w0022,3B8D,22,253.0,263.0,253.0,263.0,baseline,chest+empatica,chest+empatica+forearm,gel,ecg/3B8D_w0022.npy,acc_chest/3B8D_w0022.npy,ppg_wrist/3B8D_w0022.npy,0.416,15.486,False,0.0,0.0,0.0
3B8D_w0023,3B8D,23,263.0,273.0,263.0,273.0,baseline,chest+empatica,chest+empatica+forearm,gel,ecg/3B8D_w0023.npy,acc_chest/3B8D_w0023.npy,ppg_wrist/3B8D_w0023.npy,0.416,15.486,False,0.0,0.0,0.0
3B8D_w0024,3B8D,24,273.0,283.0,273.0,283.0,baseline,chest+empatica,chest+empatica+forearm,gel,ecg/3B8D_w0024.npy,acc_chest/3B8D_w0024.npy,ppg_wrist/3B8D_w0024.npy,0.416,15.486,False,0.0,0.0,0.0
3B8D_w0025,3B8D,25,283.0,293.0,283.0,293.0,baseline,chest+empatica,chest+empatica+forearm,gel,ecg/3B8D_w0025.npy,acc_chest/3B8D_w0025.npy,ppg_wrist/3B8D_w0025.npy,0.416,15.486,False,0.0,0.0,0.0
3B8D_w0026,3B8D,26,293.0,303.0,293.0,303.0,baseline,chest+empatica,chest+empatica+forearm,gel,ecg/3B8D_w0026.npy,acc_chest/3B8D_w0026.npy,ppg_wrist/3B8D_w0026.npy,0.416,15.486,False,0.0,0.0,0.0
3B8D_w0027,3B8D,27,303.0,313.0,303.0,313.0,baseline,chest+empatica,chest+empatica+forearm,gel,ecg/3B8D_w0027.npy,acc_chest/3B8D_w0027.npy,ppg_wrist/3B8D_w0027.npy,0.416,15.486,False,0.0,0.0,0.0
3B8D_w0028,3B8D,28,313.0,323.0,313.0,323.0,baseline,chest+empatica,chest+empatica+forearm,gel,ecg/3B8D_w0028.npy,acc_chest/3B8D_w0028.npy,ppg_wrist/3B8D_w0028.npy,0.416,15.486,False,0.0,0.0,0.0
3B8D_w0029,3B8D,29,323.0,333.0,323.0,333.0,baseline,chest+empatica,chest+empatica+forearm,gel,ecg/3B8D_w0029.npy,acc_chest/3B8D_w0029.npy,ppg_wrist/3B8D_w0029.npy,0.416,15.486,False,0.0,0.0,0.0
3B8D_w0030,3B8D,30,333.0,343.0,333.0,343.0,baseline,chest+empatica,chest+empatica+forearm,gel,ecg/3B8D_w0030.npy,acc_chest/3B8D_w0030.npy,ppg_wrist/3B8D_w0030.npy,0.416,15.486,False,0.0,0.0,0.0
3B8D_w0031,3B8D,31,343.0,353.0,343.0,353.0,baseline,chest+empatica,chest+empatica+forearm,gel,ecg/3B8D_w0031.npy,acc_chest/3B8D_w0031.npy,ppg_wrist/3B8D_w0031.npy,0.416,15.486,False,0.0,0.0,0.0
3B8D_w0032,3B8D,32,353.0,363.0,353.0,363.0,baseline,chest+empatica,chest+empatica+forearm,gel,ecg/3B8D_w0032.npy,acc_chest/3B8D_w0032.npy,ppg_wrist/3B8D_w0032.npy,0.416,15.486,False,0.0,0.0,0.0
3B8D_w0033,3B8D,33,363.0,373.0,363.0,373.0,baseline,chest+empatica,chest+empatica+forearm,gel,ecg/3B8D_w0033.npy,acc_chest/3B8D_w0033.npy,ppg_wrist/3B8D_w0033.npy,0.416,15.486,False,0.0,0.0,0.0
3B8D_w0034,3B8D,34,373.0,383.0,373.0,383.0,baseline,chest+empatica,chest+empatica+forearm,gel,ecg/3B8D_w0034.npy,acc_chest/3B8D_w0034.npy,ppg_wrist/3B8D_w0034.npy,0.416,15.486,False,0.0,0.0,0.0
3B8D_w0035,3B8D,35,383.0,393.0,383.0,393.0,baseline,chest+empatica,chest+empatica+forearm,gel,ecg/3B8D_w0035.npy,acc_chest/3B8D_w0035.npy,ppg_wrist/3B8D_w0035.npy,0.416,15.486,False,0.0,0.0,0.0
3B8D_w0036,3B8D,36,393.0,403.0,393.0,403.0,baseline,chest+empatica,chest+empatica+forearm,gel,ecg/3B8D_w0036.npy,acc_chest/3B8D_w0036.npy,ppg_wrist/3B8D_w0036.npy,0.416,15.486,False,0.0,0.0,0.0
3B8D_w0037,3B8D,37,403.0,413.0,403.0,413.0,baseline,chest+empatica,chest+empatica+forearm,gel,ecg/3B8D_w0037.npy,acc_chest/3B8D_w0037.npy,ppg_wrist/3B8D_w0037.npy,0.416,15.486,False,0.0,0.0,0.0
3B8D_w0038,3B8D,38,413.0,423.0,413.0,423.0,baseline,chest+empatica,chest+empatica+forearm,gel,ecg/3B8D_w0038.npy,acc_chest/3B8D_w0038.npy,ppg_wrist/3B8D_w0038.npy,0.416,15.486,False,0.0,0.0,0.0
3B8D_w0039,3B8D,39,423.0,433.0,423.0,433.0,baseline,chest+empatica,chest+empatica+forearm,gel,ecg/3B8D_w0039.npy,acc_chest/3B8D_w0039.npy,ppg_wrist/3B8D_w0039.npy,0.416,15.486,False,0.0,0.0,0.0
3B8D_w0040,3B8D,40,433.0,443.0,433.0,443.0,baseline,chest+empatica,chest+empatica+forearm,gel,ecg/3B8D_w0040.npy,acc_chest/3B8D_w0040.npy,ppg_wrist/3B8D_w0040.npy,0.416,15.486,False,0.0,0.0,0.0
3B8D_w0041,3B8D,41,443.0,453.0,443.0,453.0,baseline,chest+empatica,chest+empatica+forearm,gel,ecg/3B8D_w0041.npy,acc_chest/3B8D_w0041.npy,ppg_wrist/3B8D_w0041.npy,0.416,15.486,False,0.0,0.0,0.0
3B8D_w0042,3B8D,42,453.0,463.0,453.0,463.0,baseline,chest+empatica,chest+empatica+forearm,gel,ecg/3B8D_w0042.npy,acc_chest/3B8D_w0042.npy,ppg_wrist/3B8D_w0042.npy,0.416,15.486,False,0.0,0.0,0.0
3B8D_w0043,3B8D,43,463.0,473.0,463.0,473.0,baseline,chest+empatica,chest+empatica+forearm,gel,ecg/3B8D_w0043.npy,acc_chest/3B8D_w0043.npy,ppg_wrist/3B8D_w0043.npy,0.416,15.486,False,0.0,0.0,0.0
3B8D_w0044,3B8D,44,473.0,483.0,473.0,483.0,baseline,chest+empatica,chest+empatica+forearm,gel,ecg/3B8D_w0044.npy,acc_chest/3B8D_w0044.npy,ppg_wrist/3B8D_w0044.npy,0.416,15.486,False,0.0,0.0,0.0
3B8D_w0045,3B8D,45,483.0,493.0,483.0,493.0,baseline,chest+empatica,chest+empatica+forearm,gel,ecg/3B8D_w0045.npy,acc_chest/3B8D_w0045.npy,ppg_wrist/3B8D_w0045.npy,0.416,15.486,False,0.0,0.0,0.0
3B8D_w0046,3B8D,46,493.0,503.0,493.0,503.0,baseline,chest+empatica,chest+empatica+forearm,gel,ecg/3B8D_w0046.npy,acc_chest/3B8D_w0046.npy,ppg_wrist/3B8D_w0046.npy,0.416,15.486,False,0.0,0.0,0.0
3B8D_w0047,3B8D,47,503.0,513.0,503.0,513.0,baseline,chest+empatica,chest+empatica+forearm,gel,ecg/3B8D_w0047.npy,acc_chest/3B8D_w0047.npy,ppg_wrist/3B8D_w0047.npy,0.416,15.486,False,0.0,0.0,0.0
3B8D_w0048,3B8D,48,513.0,523.0,513.0,523.0,baseline,chest+empatica,chest+empatica+forearm,gel,ecg/3B8D_w0048.npy,acc_chest/3B8D_w0048.npy,ppg_wrist/3B8D_w0048.npy,0.416,15.486,False,0.0,0.0,0.0
3B8D_w0049,3B8D,49,523.0,533.0,523.0,533.0,baseline,chest+empatica,chest+empatica+forearm,gel,ecg/3B8D_w0049.npy,acc_chest/3B8D_w0049.npy,ppg_wrist/3B8D_w0049.npy,0.416,15.486,False,0.0,0.0,0.0
3B8D_w0050,3B8D,50,533.0,543.0,533.0,543.0,baseline,chest+empatica,chest+empatica+forearm,gel,ecg/3B8D_w0050.npy,acc_chest/3B8D_w0050.npy,ppg_wrist/3B8D_w0050.npy,0.416,15.486,False,0.0,0.0,0.0
3B8D_w0051,3B8D,51,543.0,553.0,543.0,553.0,baseline,chest+empatica,chest+empatica+forearm,gel,ecg/3B8D_w0051.npy,acc_chest/3B8D_w0051.npy,ppg_wrist/3B8D_w0051.npy,0.416,15.486,False,0.0,0.0,0.0
3B8D_w0052,3B8D,52,553.0,563.0,553.0,563.0,baseline,chest+empatica,chest+empatica+forearm,gel,ecg/3B8D_w0052.npy,acc_chest/3B8D_w0052.npy,ppg_wrist/3B8D_w0052.npy,0.416,15.486,False,0.0,0.0,0.0
3B8D_w0053,3B8D,53,563.0,573.0,563.0,573.0,baseline,chest+empatica,chest+empatica+forearm,gel,ecg/3B8D_w0053.npy,acc_chest/3B8D_w0053.npy,ppg_wrist/3B8D_w0053.npy,0.416,15.486,False,0.0,0.0,0.0
3B8D_w0054,3B8D,54,573.0,583.0,573.0,583.0,baseline,chest+empatica,chest+empatica+forearm,gel,ecg/3B8D_w0054.npy,acc_chest/3B8D_w0054.npy,ppg_wrist/3B8D_w0054.npy,0.416,15.486,False,0.0,0.0,0.0
3B8D_w0055,3B8D,55,583.0,593.0,583.0,593.0,baseline,chest+empatica,chest+empatica+forearm,gel,ecg/3B8D_w0055.npy,acc_chest/3B8D_w0055.npy,ppg_wrist/3B8D_w0055.npy,0.416,15.486,False,0.0,0.0,0.0
3B8D_w0056,3B8D,56,593.0,603.0,593.0,603.0,baseline,chest+empatica,chest+empatica+forearm,gel,ecg/3B8D_w0056.npy,acc_chest/3B8D_w0056.npy,ppg_wrist/3B8D_w0056.npy,0.696,16.172,False,0.0,0.0,0.0
3B8D_w0057,3B8D,57,603.0,613.0,603.0,613.0,lift,chest+empatica,chest+empatica+forearm,gel,ecg/3B8D_w0057.npy,acc_chest/3B8D_w0057.npy,ppg_wrist/3B8D_w0057.npy,0.691,3.432,False,0.0,0.0,0.0
3B8D_w0058,3B8D,58,613.0,623.0,613.0,623.0,lift,chest+empatica,chest+empatica+forearm,gel,ecg/3B8D_w0058.npy,acc_chest/3B8D_w0058.npy,ppg_wrist/3B8D_w0058.npy,0.722,3.326,False,0.0,0.0,0.0
3B8D_w0059,3B8D,59,623.0,633.0,623.0,633.0,lift,chest+empatica,chest+empatica+forearm,gel,ecg/3B8D_w0059.npy,acc_chest/3B8D_w0059.npy,ppg_wrist/3B8D_w0059.npy,0.729,3.281,False,0.0,0.0,0.0
3B8D_w0060,3B8D,60,633.0,643.0,633.0,643.0,lift,chest+empatica,chest+empatica+forearm,gel,ecg/3B8D_w0060.npy,acc_chest/3B8D_w0060.npy,ppg_wrist/3B8D_w0060.npy,0.726,3.415,False,0.0,0.0,0.0
3B8D_w0061,3B8D,61,643.0,653.0,643.0,653.0,lift,chest+empatica,chest+empatica+forearm,gel,ecg/3B8D_w0061.npy,acc_chest/3B8D_w0061.npy,ppg_wrist/3B8D_w0061.npy,0.766,4.15,False,0.0,0.0,0.0
3B8D_w0062,3B8D,62,653.0,663.0,653.0,663.0,lift,chest+empatica,chest+empatica+forearm,gel,ecg/3B8D_w0062.npy,acc_chest/3B8D_w0062.npy,ppg_wrist/3B8D_w0062.npy,1.204,15.84,False,0.0,0.0,0.0
3B8D_w0063,3B8D,63,663.0,673.0,663.0,673.0,lift,chest+empatica,chest+empatica+forearm,gel,ecg/3B8D_w0063.npy,acc_chest/3B8D_w0063.npy,ppg_wrist/3B8D_w0063.npy,0.416,15.486,False,0.0,0.0,0.0
3B8D_w0064,3B8D,64,673.0,683.0,673.0,683.0,lift,chest+empatica,chest+empatica+forearm,gel,ecg/3B8D_w0064.npy,acc_chest/3B8D_w0064.npy,ppg_wrist/3B8D_w0064.npy,0.416,15.486,False,0.0,0.0,0.0
3B8D_w0065,3B8D,65,683.0,693.0,683.0,693.0,lift,chest+empatica,chest+empatica+forearm,gel,ecg/3B8D_w0065.npy,acc_chest/3B8D_w0065.npy,ppg_wrist/3B8D_w0065.npy,0.416,15.486,False,0.0,0.0,0.0
3B8D_w0066,3B8D,66,693.0,703.0,693.0,703.0,lift,chest+empatica,chest+empatica+forearm,gel,ecg/3B8D_w0066.npy,acc_chest/3B8D_w0066.npy,ppg_wrist/3B8D_w0066.npy,1.175,16.325,False,0.0,0.0,0.0
3B8D_w0067,3B8D,67,703.0,713.0,703.0,713.0,greetings,chest+empatica,chest+empatica+forearm,gel,ecg/3B8D_w0067.npy,acc_chest/3B8D_w0067.npy,ppg_wrist/3B8D_w0067.npy,0.756,3.96,False,0.0,0.0,0.0
3B8D_w0068,3B8D,68,713.0,723.0,713.0,723.0,greetings,chest+empatica,chest+empatica+forearm,gel,ecg/3B8D_w0068.npy,acc_chest/3B8D_w0068.npy,ppg_wrist/3B8D_w0068.npy,0.795,4.062,False,0.0,0.0,0.0
3B8D_w0069,3B8D,69,723.0,733.0,723.0,733.0,greetings,chest+empatica,chest+empatica+forearm,gel,ecg/3B8D_w0069.npy,acc_chest/3B8D_w0069.npy,ppg_wrist/3B8D_w0069.npy,0.751,4.077,False,0.0,0.0,0.0
3B8D_w0070,3B8D,70,733.0,743.0,733.0,743.0,greetings,chest+empatica,chest+empatica+forearm,gel,ecg/3B8D_w0070.npy,acc_chest/3B8D_w0070.npy,ppg_wrist/3B8D_w0070.npy,0.738,4.042,False,0.0,0.0,0.0
3B8D_w0071,3B8D,71,743.0,753.0,743.0,753.0,greetings,chest+empatica,chest+empatica+forearm,gel,ecg/3B8D_w0071.npy,acc_chest/3B8D_w0071.npy,ppg_wrist/3B8D_w0071.npy,0.73,16.141,False,0.0,0.0,0.0
3B8D_w0072,3B8D,72,753.0,763.0,753.0,763.0,greetings,chest+empatica,chest+empatica+forearm,gel,ecg/3B8D_w0072.npy,acc_chest/3B8D_w0072.npy,ppg_wrist/3B8D_w0072.npy,0.416,15.486,False,0.0,0.0,0.0
3B8D_w0073,3B8D,73,763.0,773.0,763.0,773.0,greetings,chest+empatica,chest+empatica+forearm,gel,ecg/3B8D_w0073.npy,acc_chest/3B8D_w0073.npy,ppg_wrist/3B8D_w0073.npy,0.416,15.486,False,0.0,0.0,0.0
3B8D_w0074,3B8D,74,773.0,783.0,773.0,783.0,greetings,chest+empatica,chest+empatica+forearm,gel,ecg/3B8D_w0074.npy,acc_chest/3B8D_w0074.npy,ppg_wrist/3B8D_w0074.npy,0.641,16.315,False,0.0,0.0,0.0
3B8D_w0075,3B8D,75,783.0,793.0,783.0,793.0,gesticulate,chest+empatica,chest+empatica+forearm,gel,ecg/3B8D_w0075.npy,acc_chest/3B8D_w0075.npy,ppg_wrist/3B8D_w0075.npy,0.764,4.077,False,0.0,0.0,0.0
3B8D_w0076,3B8D,76,793.0,803.0,793.0,803.0,gesticulate,chest+empatica,chest+empatica+forearm,gel,ecg/3B8D_w0076.npy,acc_chest/3B8D_w0076.npy,ppg_wrist/3B8D_w0076.npy,0.746,3.471,False,0.0,0.0,0.0
3B8D_w0077,3B8D,77,803.0,813.0,803.0,813.0,gesticulate,chest+empatica,chest+empatica+forearm,gel,ecg/3B8D_w0077.npy,acc_chest/3B8D_w0077.npy,ppg_wrist/3B8D_w0077.npy,0.754,3.564,False,0.0,0.0,0.0
3B8D_w0078,3B8D,78,813.0,823.0,813.0,823.0,gesticulate,chest+empatica,chest+empatica+forearm,gel,ecg/3B8D_w0078.npy,acc_chest/3B8D_w0078.npy,ppg_wrist/3B8D_w0078.npy,0.733,3.879,False,0.0,0.0,0.0
3B8D_w0079,3B8D,79,823.0,833.0,823.0,833.0,gesticulate,chest+empatica,chest+empatica+forearm,gel,ecg/3B8D_w0079.npy,acc_chest/3B8D_w0079.npy,ppg_wrist/3B8D_w0079.npy,0.711,3.943,False,0.0,0.0,0.0
3B8D_w0080,3B8D,80,833.0,843.0,833.0,843.0,gesticulate,chest+empatica,chest+empatica+forearm,gel,ecg/3B8D_w0080.npy,acc_chest/3B8D_w0080.npy,ppg_wrist/3B8D_w0080.npy,0.711,3.65,False,0.0,0.0,0.0
3B8D_w0081,3B8D,81,843.0,853.0,843.0,853.0,gesticulate,chest+empatica,chest+empatica+forearm,gel,ecg/3B8D_w0081.npy,acc_chest/3B8D_w0081.npy,ppg_wrist/3B8D_w0081.npy,0.745,3.695,False,0.0,0.0,0.0
3B8D_w0082,3B8D,82,853.0,863.0,853.0,863.0,gesticulate,chest+empatica,chest+empatica+forearm,gel,ecg/3B8D_w0082.npy,acc_chest/3B8D_w0082.npy,ppg_wrist/3B8D_w0082.npy,0.726,3.773,False,0.0,0.0,0.0
3B8D_w0083,3B8D,83,863.0,873.0,863.0,873.0,gesticulate,chest+empatica,chest+empatica+forearm,gel,ecg/3B8D_w0083.npy,acc_chest/3B8D_w0083.npy,ppg_wrist/3B8D_w0083.npy,0.723,4.001,False,0.0,0.0,0.0
3B8D_w0084,3B8D,84,873.0,883.0,873.0,883.0,gesticulate,chest+empatica,chest+empatica+forearm,gel,ecg/3B8D_w0084.npy,acc_chest/3B8D_w0084.npy,ppg_wrist/3B8D_w0084.npy,0.737,4.281,False,0.0,0.0,0.0
3B8D_w0085,3B8D,85,883.0,893.0,883.0,893.0,gesticulate,chest+empatica,chest+empatica+forearm,gel,ecg/3B8D_w0085.npy,acc_chest/3B8D_w0085.npy,ppg_wrist/3B8D_w0085.npy,0.985,16.047,False,0.0,0.0,0.0
3B8D_w0086,3B8D,86,893.0,903.0,893.0,903.0,gesticulate,chest+empatica,chest+empatica+forearm,gel,ecg/3B8D_w0086.npy,acc_chest/3B8D_w0086.npy,ppg_wrist/3B8D_w0086.npy,0.416,15.486,False,0.0,0.0,0.0
3B8D_w0087,3B8D,87,903.0,913.0,903.0,913.0,gesticulate,chest+empatica,chest+empatica+forearm,gel,ecg/3B8D_w0087.npy,acc_chest/3B8D_w0087.npy,ppg_wrist/3B8D_w0087.npy,0.416,15.486,False,0.0,0.0,0.0
3B8D_w0088,3B8D,88,913.0,923.0,913.0,923.0,gesticulate,chest+empatica,chest+empatica+forearm,gel,ecg/3B8D_w0088.npy,acc_chest/3B8D_w0088.npy,ppg_wrist/3B8D_w0088.npy,0.416,15.486,False,0.0,0.0,0.0
3B8D_w0089,3B8D,89,923.0,933.0,923.0,933.0,gesticulate,chest+empatica,chest+empatica+forearm,gel,ecg/3B8D_w0089.npy,acc_chest/3B8D_w0089.npy,ppg_wrist/3B8D_w0089.npy,0.416,15.486,False,0.0,0.0,0.0
3B8D_w0090,3B8D,90,933.0,943.0,933.0,943.0,gesticulate,chest+empatica,chest+empatica+forearm,gel,ecg/3B8D_w0090.npy,acc_chest/3B8D_w0090.npy,ppg_wrist/3B8D_w0090.npy,0.816,16.647,False,0.0,0.0,0.0
3B8D_w0091,3B8D,91,943.0,953.0,943.0,953.0,walk_before,chest+empatica,chest+empatica+forearm,gel,ecg/3B8D_w0091.npy,acc_chest/3B8D_w0091.npy,ppg_wrist/3B8D_w0091.npy,0.743,3.661,False,0.0,0.0,0.0
3B8D_w0092,3B8D,92,953.0,963.0,953.0,963.0,walk_before,chest+empatica,chest+empatica+forearm,gel,ecg/3B8D_w0092.npy,acc_chest/3B8D_w0092.npy,ppg_wrist/3B8D_w0092.npy,0.687,4.038,False,0.0,0.0,0.0
3B8D_w0093,3B8D,93,963.0,973.0,963.0,973.0,walk_before,chest+empatica,chest+empatica+forearm,gel,ecg/3B8D_w0093.npy,acc_chest/3B8D_w0093.npy,ppg_wrist/3B8D_w0093.npy,0.718,4.175,False,0.0,0.0,0.0
3B8D_w0094,3B8D,94,973.0,983.0,973.0,983.0,walk_before,chest+empatica,chest+empatica+forearm,gel,ecg/3B8D_w0094.npy,acc_chest/3B8D_w0094.npy,ppg_wrist/3B8D_w0094.npy,0.726,4.267,False,0.0,0.0,0.0
3B8D_w0095,3B8D,95,983.0,993.0,983.0,993.0,walk_before,chest+empatica,chest+empatica+forearm,gel,ecg/3B8D_w0095.npy,acc_chest/3B8D_w0095.npy,ppg_wrist/3B8D_w0095.npy,0.768,4.351,False,0.0,0.0,0.0
3B8D_w0096,3B8D,96,993.0,1003.0,993.0,1003.0,walk_before,chest+empatica,chest+empatica+forearm,gel,ecg/3B8D_w0096.npy,acc_chest/3B8D_w0096.npy,ppg_wrist/3B8D_w0096.npy,0.704,4.053,False,0.0,0.0,0.0
3B8D_w0097,3B8D,97,1003.0,1013.0,1003.0,1013.0,walk_before,chest+empatica,chest+empatica+forearm,gel,ecg/3B8D_w0097.npy,acc_chest/3B8D_w0097.npy,ppg_wrist/3B8D_w0097.npy,0.75,4.08,False,0.0,0.0,0.0
3B8D_w0098,3B8D,98,1013.0,1023.0,1013.0,1023.0,walk_before,chest+empatica,chest+empatica+forearm,gel,ecg/3B8D_w0098.npy,acc_chest/3B8D_w0098.npy,ppg_wrist/3B8D_w0098.npy,0.729,3.968,False,0.0,0.0,0.0
3B8D_w0099,3B8D,99,1023.0,1033.0,1023.0,1033.0,walk_before,chest+empatica,chest+empatica+forearm,gel,ecg/3B8D_w0099.npy,acc_chest/3B8D_w0099.npy,ppg_wrist/3B8D_w0099.npy,0.824,3.595,False,0.0,0.0,0.0
3B8D_w0100,3B8D,100,1033.0,1043.0,1033.0,1043.0,walk_before,chest+empatica,chest+empatica+forearm,gel,ecg/3B8D_w0100.npy,acc_chest/3B8D_w0100.npy,ppg_wrist/3B8D_w0100.npy,0.893,3.679,False,0.0,0.0,0.0
3B8D_w0101,3B8D,101,1043.0,1053.0,1043.0,1053.0,walk_before,chest+empatica,chest+empatica+forearm,gel,ecg/3B8D_w0101.npy,acc_chest/3B8D_w0101.npy,ppg_wrist/3B8D_w0101.npy,1.022,3.956,False,0.0,0.0,0.0
3B8D_w0102,3B8D,102,1053.0,1063.0,1053.0,1063.0,walk_before,chest+empatica,chest+empatica+forearm,gel,ecg/3B8D_w0102.npy,acc_chest/3B8D_w0102.npy,ppg_wrist/3B8D_w0102.npy,1.162,4.286,False,0.0,0.0,0.0
3B8D_w0103,3B8D,103,1063.0,1073.0,1063.0,1073.0,walk_before,chest+empatica,chest+empatica+forearm,gel,ecg/3B8D_w0103.npy,acc_chest/3B8D_w0103.npy,ppg_wrist/3B8D_w0103.npy,1.066,5.032,False,0.0,0.0,0.0
3B8D_w0104,3B8D,104,1073.0,1083.0,1073.0,1083.0,walk_before,chest+empatica,chest+empatica+forearm,gel,ecg/3B8D_w0104.npy,acc_chest/3B8D_w0104.npy,ppg_wrist/3B8D_w0104.npy,1.061,5.769,False,0.0,0.0,0.0
3B8D_w0105,3B8D,105,1083.0,1093.0,1083.0,1093.0,walk_before,chest+empatica,chest+empatica+forearm,gel,ecg/3B8D_w0105.npy,acc_chest/3B8D_w0105.npy,ppg_wrist/3B8D_w0105.npy,1.095,4.875,False,0.0,0.0,0.0
3B8D_w0106,3B8D,106,1093.0,1103.0,1093.0,1103.0,walk_before,chest+empatica,chest+empatica+forearm,gel,ecg/3B8D_w0106.npy,acc_chest/3B8D_w0106.npy,ppg_wrist/3B8D_w0106.npy,0.979,3.498,False,0.0,0.0,0.0
3B8D_w0107,3B8D,107,1103.0,1113.0,1103.0,1113.0,walk_before,chest+empatica,chest+empatica+forearm,gel,ecg/3B8D_w0107.npy,acc_chest/3B8D_w0107.npy,ppg_wrist/3B8D_w0107.npy,0.98,4.229,False,0.0,0.0,0.0
3B8D_w0108,3B8D,108,1113.0,1123.0,1113.0,1123.0,walk_before,chest+empatica,chest+empatica+forearm,gel,ecg/3B8D_w0108.npy,acc_chest/3B8D_w0108.npy,ppg_wrist/3B8D_w0108.npy,1.025,4.434,False,0.0,0.0,0.0
3B8D_w0109,3B8D,109,1123.0,1133.0,1123.0,1133.0,walk_before,chest+empatica,chest+empatica+forearm,gel,ecg/3B8D_w0109.npy,acc_chest/3B8D_w0109.npy,ppg_wrist/3B8D_w0109.npy,1.089,3.948,False,0.0,0.0,0.0
3B8D_w0110,3B8D,110,1133.0,1143.0,1133.0,1143.0,walk_before,chest+empatica,chest+empatica+forearm,gel,ecg/3B8D_w0110.npy,acc_chest/3B8D_w0110.npy,ppg_wrist/3B8D_w0110.npy,1.179,4.086,False,0.0,0.0,0.0
3B8D_w0111,3B8D,111,1143.0,1153.0,1143.0,1153.0,walk_before,chest+empatica,chest+empatica+forearm,gel,ecg/3B8D_w0111.npy,acc_chest/3B8D_w0111.npy,ppg_wrist/3B8D_w0111.npy,1.164,3.918,False,0.0,0.0,0.0
3B8D_w0112,3B8D,112,1153.0,1163.0,1153.0,1163.0,walk_before,chest+empatica,chest+empatica+forearm,gel,ecg/3B8D_w0112.npy,acc_chest/3B8D_w0112.npy,ppg_wrist/3B8D_w0112.npy,1.198,4.449,False,0.0,0.0,0.0
3B8D_w0113,3B8D,113,1163.0,1173.0,1163.0,1173.0,walk_before,chest+empatica,chest+empatica+forearm,gel,ecg/3B8D_w0113.npy,acc_chest/3B8D_w0113.npy,ppg_wrist/3B8D_w0113.npy,1.174,5.241,False,0.0,0.0,0.0
3B8D_w0114,3B8D,114,1173.0,1183.0,1173.0,1183.0,walk_before,chest+empatica,chest+empatica+forearm,gel,ecg/3B8D_w0114.npy,acc_chest/3B8D_w0114.npy,ppg_wrist/3B8D_w0114.npy,1.204,5.213,False,0.0,0.0,0.0
3B8D_w0115,3B8D,115,1183.0,1193.0,1183.0,1193.0,walk_before,chest+empatica,chest+empatica+forearm,gel,ecg/3B8D_w0115.npy,acc_chest/3B8D_w0115.npy,ppg_wrist/3B8D_w0115.npy,1.114,4.323,False,0.0,0.0,0.0
3B8D_w0116,3B8D,116,1193.0,1203.0,1193.0,1203.0,walk_before,chest+empatica,chest+empatica+forearm,gel,ecg/3B8D_w0116.npy,acc_chest/3B8D_w0116.npy,ppg_wrist/3B8D_w0116.npy,0.777,3.865,False,0.0,0.0,0.0
3B8D_w0117,3B8D,117,1203.0,1213.0,1203.0,1213.0,walk_before,chest+empatica,chest+empatica+forearm,gel,ecg/3B8D_w0117.npy,acc_chest/3B8D_w0117.npy,ppg_wrist/3B8D_w0117.npy,0.758,3.867,False,0.0,0.0,0.0
3B8D_w0118,3B8D,118,1213.0,1223.0,1213.0,1223.0,walk_before,chest+empatica,chest+empatica+forearm,gel,ecg/3B8D_w0118.npy,acc_chest/3B8D_w0118.npy,ppg_wrist/3B8D_w0118.npy,0.78,3.485,False,0.0,0.0,0.0
3B8D_w0119,3B8D,119,1223.0,1233.0,1223.0,1233.0,walk_before,chest+empatica,chest+empatica+forearm,gel,ecg/3B8D_w0119.npy,acc_chest/3B8D_w0119.npy,ppg_wrist/3B8D_w0119.npy,0.846,3.515,False,0.0,0.0,0.0
3B8D_w0120,3B8D,120,1233.0,1243.0,1233.0,1243.0,walk_before,chest+empatica,chest+empatica+forearm,gel,ecg/3B8D_w0120.npy,acc_chest/3B8D_w0120.npy,ppg_wrist/3B8D_w0120.npy,1.493,4.274,False,0.0,0.0,0.0
3B8D_w0121,3B8D,121,1243.0,1253.0,1243.0,1253.0,walk_before,chest+empatica,chest+empatica+forearm,gel,ecg/3B8D_w0121.npy,acc_chest/3B8D_w0121.npy,ppg_wrist/3B8D_w0121.npy,0.657,14.761,False,0.0,0.0,0.0
3B8D_w0122,3B8D,122,1253.0,1263.0,1253.0,1263.0,walk_before,chest+empatica,chest+empatica+forearm,gel,ecg/3B8D_w0122.npy,acc_chest/3B8D_w0122.npy,ppg_wrist/3B8D_w0122.npy,0.416,15.486,False,0.0,0.0,0.0
3B8D_w0123,3B8D,123,1263.0,1273.0,1263.0,1273.0,walk_before,chest+empatica,chest+empatica+forearm,gel,ecg/3B8D_w0123.npy,acc_chest/3B8D_w0123.npy,ppg_wrist/3B8D_w0123.npy,0.416,15.486,False,0.0,0.0,0.0
3B8D_w0124,3B8D,124,1273.0,1283.0,1273.0,1283.0,walk_before,chest+empatica,chest+empatica+forearm,gel,ecg/3B8D_w0124.npy,acc_chest/3B8D_w0124.npy,ppg_wrist/3B8D_w0124.npy,0.416,15.486,False,0.0,0.0,0.0
3B8D_w0125,3B8D,125,1283.0,1293.0,1283.0,1293.0,run,chest+empatica,chest+empatica+forearm,gel,ecg/3B8D_w0125.npy,acc_chest/3B8D_w0125.npy,ppg_wrist/3B8D_w0125.npy,0.416,15.486,False,0.0,0.0,0.0
3B8D_w0126,3B8D,126,1293.0,1303.0,1293.0,1303.0,run,chest+empatica,chest+empatica+forearm,gel,ecg/3B8D_w0126.npy,acc_chest/3B8D_w0126.npy,ppg_wrist/3B8D_w0126.npy,0.416,15.486,False,0.0,0.0,0.0
3B8D_w0127,3B8D,127,1303.0,1313.0,1303.0,1313.0,run,chest+empatica,chest+empatica+forearm,gel,ecg/3B8D_w0127.npy,acc_chest/3B8D_w0127.npy,ppg_wrist/3B8D_w0127.npy,0.416,15.486,False,0.0,0.0,0.0
3B8D_w0128,3B8D,128,1313.0,1323.0,1313.0,1323.0,run,chest+empatica,chest+empatica+forearm,gel,ecg/3B8D_w0128.npy,acc_chest/3B8D_w0128.npy,ppg_wrist/3B8D_w0128.npy,0.416,15.486,False,0.0,0.0,0.0
3B8D_w0129,3B8D,129,1323.0,1333.0,1323.0,1333.0,run,chest+empatica,chest+empatica+forearm,gel,ecg/3B8D_w0129.npy,acc_chest/3B8D_w0129.npy,ppg_wrist/3B8D_w0129.npy,0.416,15.486,False,0.0,0.0,0.0
3B8D_w0130,3B8D,130,1333.0,1343.0,1333.0,1343.0,run,chest+empatica,chest+empatica+forearm,gel,ecg/3B8D_w0130.npy,acc_chest/3B8D_w0130.npy,ppg_wrist/3B8D_w0130.npy,0.416,15.486,False,0.0,0.0,0.0
3B8D_w0131,3B8D,131,1343.0,1353.0,1343.0,1353.0,run,chest+empatica,chest+empatica+forearm,gel,ecg/3B8D_w0131.npy,acc_chest/3B8D_w0131.npy,ppg_wrist/3B8D_w0131.npy,0.416,15.486,False,0.0,0.0,0.0
3B8D_w0132,3B8D,132,1353.0,1363.0,1353.0,1363.0,run,chest+empatica,chest+empatica+forearm,gel,ecg/3B8D_w0132.npy,acc_chest/3B8D_w0132.npy,ppg_wrist/3B8D_w0132.npy,0.416,15.486,False,0.0,0.0,0.0
3B8D_w0133,3B8D,133,1363.0,1373.0,1363.0,1373.0,run,chest+empatica,chest+empatica+forearm,gel,ecg/3B8D_w0133.npy,acc_chest/3B8D_w0133.npy,ppg_wrist/3B8D_w0133.npy,0.416,15.486,False,0.0,0.0,0.0
3B8D_w0134,3B8D,134,1373.0,1383.0,1373.0,1383.0,run,chest+empatica,chest+empatica+forearm,gel,ecg/3B8D_w0134.npy,acc_chest/3B8D_w0134.npy,ppg_wrist/3B8D_w0134.npy,0.416,15.486,False,0.0,0.0,0.0
3B8D_w0135,3B8D,135,1383.0,1393.0,1383.0,1393.0,run,chest+empatica,chest+empatica+forearm,gel,ecg/3B8D_w0135.npy,acc_chest/3B8D_w0135.npy,ppg_wrist/3B8D_w0135.npy,0.416,15.486,False,0.0,0.0,0.0
3B8D_w0136,3B8D,136,1393.0,1403.0,1393.0,1403.0,run,chest+empatica,chest+empatica+forearm,gel,ecg/3B8D_w0136.npy,acc_chest/3B8D_w0136.npy,ppg_wrist/3B8D_w0136.npy,0.416,15.486,False,0.0,0.0,0.0
3B8D_w0137,3B8D,137,1403.0,1413.0,1403.0,1413.0,run,chest+empatica,chest+empatica+forearm,gel,ecg/3B8D_w0137.npy,acc_chest/3B8D_w0137.npy,ppg_wrist/3B8D_w0137.npy,0.416,15.486,False,0.0,0.0,0.0
3B8D_w0138,3B8D,138,1413.0,1423.0,1413.0,1423.0,run,chest+empatica,chest+empatica+forearm,gel,ecg/3B8D_w0138.npy,acc_chest/3B8D_w0138.npy,ppg_wrist/3B8D_w0138.npy,0.416,15.486,False,0.0,0.0,0.0
3B8D_w0139,3B8D,139,1423.0,1433.0,1423.0,1433.0,run,chest+empatica,chest+empatica+forearm,gel,ecg/3B8D_w0139.npy,acc_chest/3B8D_w0139.npy,ppg_wrist/3B8D_w0139.npy,0.416,15.486,False,0.0,0.0,0.0
3B8D_w0140,3B8D,140,1433.0,1443.0,1433.0,1443.0,run,chest+empatica,chest+empatica+forearm,gel,ecg/3B8D_w0140.npy,acc_chest/3B8D_w0140.npy,ppg_wrist/3B8D_w0140.npy,0.416,15.486,False,0.0,0.0,0.0
3B8D_w0141,3B8D,141,1443.0,1453.0,1443.0,1453.0,run,chest+empatica,chest+empatica+forearm,gel,ecg/3B8D_w0141.npy,acc_chest/3B8D_w0141.npy,ppg_wrist/3B8D_w0141.npy,1.673,17.49,False,0.0,0.0,0.0
3B8D_w0142,3B8D,142,1453.0,1463.0,1453.0,1463.0,run,chest+empatica,chest+empatica+forearm,gel,ecg/3B8D_w0142.npy,acc_chest/3B8D_w0142.npy,ppg_wrist/3B8D_w0142.npy,4.956,12.357,False,0.0,0.0,0.0
3B8D_w0143,3B8D,143,1463.0,1473.0,1463.0,1473.0,run,chest+empatica,chest+empatica+forearm,gel,ecg/3B8D_w0143.npy,acc_chest/3B8D_w0143.npy,ppg_wrist/3B8D_w0143.npy,5.198,12.408,False,0.0,0.0,0.0
3B8D_w0144,3B8D,144,1473.0,1483.0,1473.0,1483.0,run,chest+empatica,chest+empatica+forearm,gel,ecg/3B8D_w0144.npy,acc_chest/3B8D_w0144.npy,ppg_wrist/3B8D_w0144.npy,5.039,12.236,False,0.0,0.0,0.0
3B8D_w0145,3B8D,145,1483.0,1493.0,1483.0,1493.0,run,chest+empatica,chest+empatica+forearm,gel,ecg/3B8D_w0145.npy,acc_chest/3B8D_w0145.npy,ppg_wrist/3B8D_w0145.npy,5.025,12.039,False,0.0,0.0,0.0
3B8D_w0146,3B8D,146,1493.0,1503.0,1493.0,1503.0,run,chest+empatica,chest+empatica+forearm,gel,ecg/3B8D_w0146.npy,acc_chest/3B8D_w0146.npy,ppg_wrist/3B8D_w0146.npy,5.043,12.465,False,0.0,0.0,0.0
3B8D_w0147,3B8D,147,1503.0,1513.0,1503.0,1513.0,run,chest+empatica,chest+empatica+forearm,gel,ecg/3B8D_w0147.npy,acc_chest/3B8D_w0147.npy,ppg_wrist/3B8D_w0147.npy,4.43,12.011,False,0.0,0.0,0.0
3B8D_w0148,3B8D,148,1513.0,1523.0,1513.0,1523.0,run,chest+empatica,chest+empatica+forearm,gel,ecg/3B8D_w0148.npy,acc_chest/3B8D_w0148.npy,ppg_wrist/3B8D_w0148.npy,2.779,8.082,False,0.0,0.0,0.0
3B8D_w0149,3B8D,149,1523.0,1533.0,1523.0,1533.0,run,chest+empatica,chest+empatica+forearm,gel,ecg/3B8D_w0149.npy,acc_chest/3B8D_w0149.npy,ppg_wrist/3B8D_w0149.npy,2.836,7.676,False,0.0,0.0,0.0
3B8D_w0150,3B8D,150,1533.0,1543.0,1533.0,1543.0,run,chest+empatica,chest+empatica+forearm,gel,ecg/3B8D_w0150.npy,acc_chest/3B8D_w0150.npy,ppg_wrist/3B8D_w0150.npy,2.308,6.553,False,0.0,0.0,0.0
3B8D_w0151,3B8D,151,1543.0,1553.0,1543.0,1553.0,run,chest+empatica,chest+empatica+forearm,gel,ecg/3B8D_w0151.npy,acc_chest/3B8D_w0151.npy,ppg_wrist/3B8D_w0151.npy,1.337,6.354,False,0.0,0.0,0.0
3B8D_w0152,3B8D,152,1553.0,1563.0,1553.0,1563.0,run,chest+empatica,chest+empatica+forearm,gel,ecg/3B8D_w0152.npy,acc_chest/3B8D_w0152.npy,ppg_wrist/3B8D_w0152.npy,1.041,4.028,False,0.0,0.0,0.0
3B8D_w0153,3B8D,153,1563.0,1573.0,1563.0,1573.0,run,chest+empatica,chest+empatica+forearm,gel,ecg/3B8D_w0153.npy,acc_chest/3B8D_w0153.npy,ppg_wrist/3B8D_w0153.npy,4.07,11.759,False,0.0,0.0,0.0
3B8D_w0154,3B8D,154,1573.0,1583.0,1573.0,1583.0,run,chest+empatica,chest+empatica+forearm,gel,ecg/3B8D_w0154.npy,acc_chest/3B8D_w0154.npy,ppg_wrist/3B8D_w0154.npy,5.492,12.403,False,0.0,0.0,0.0
3B8D_w0155,3B8D,155,1583.0,1593.0,1583.0,1593.0,run,chest+empatica,chest+empatica+forearm,gel,ecg/3B8D_w0155.npy,acc_chest/3B8D_w0155.npy,ppg_wrist/3B8D_w0155.npy,5.581,12.325,False,0.0,0.0,0.0
3B8D_w0156,3B8D,156,1593.0,1603.0,1593.0,1603.0,run,chest+empatica,chest+empatica+forearm,gel,ecg/3B8D_w0156.npy,acc_chest/3B8D_w0156.npy,ppg_wrist/3B8D_w0156.npy,5.29,11.495,False,0.0,0.0,0.0
3B8D_w0157,3B8D,157,1603.0,1613.0,1603.0,1613.0,run,chest+empatica,chest+empatica+forearm,gel,ecg/3B8D_w0157.npy,acc_chest/3B8D_w0157.npy,ppg_wrist/3B8D_w0157.npy,5.308,11.694,False,0.0,0.0,0.0
3B8D_w0158,3B8D,158,1613.0,1623.0,1613.0,1623.0,run,chest+empatica,chest+empatica+forearm,gel,ecg/3B8D_w0158.npy,acc_chest/3B8D_w0158.npy,ppg_wrist/3B8D_w0158.npy,5.18,11.18,False,0.0,0.0,0.0
3B8D_w0159,3B8D,159,1623.0,1633.0,1623.0,1633.0,run,chest+empatica,chest+empatica+forearm,gel,ecg/3B8D_w0159.npy,acc_chest/3B8D_w0159.npy,ppg_wrist/3B8D_w0159.npy,5.065,11.649,False,0.0,0.0,0.0
3B8D_w0160,3B8D,160,1633.0,1643.0,1633.0,1643.0,run,chest+empatica,chest+empatica+forearm,gel,ecg/3B8D_w0160.npy,acc_chest/3B8D_w0160.npy,ppg_wrist/3B8D_w0160.npy,4.916,11.593,False,0.0,0.0,0.0
3B8D_w0161,3B8D,161,1643.0,1653.0,1643.0,1653.0,run,chest+empatica,chest+empatica+forearm,gel,ecg/3B8D_w0161.npy,acc_chest/3B8D_w0161.npy,ppg_wrist/3B8D_w0161.npy,4.865,10.99,False,0.0,0.0,0.0
3B8D_w0162,3B8D,162,1653.0,1663.0,1653.0,1663.0,run,chest+empatica,chest+empatica+forearm,gel,ecg/3B8D_w0162.npy,acc_chest/3B8D_w0162.npy,ppg_wrist/3B8D_w0162.npy,5.116,11.365,False,0.0,0.0,0.0
3B8D_w0163,3B8D,163,1663.0,1673.0,1663.0,1673.0,run,chest+empatica,chest+empatica+forearm,gel,ecg/3B8D_w0163.npy,acc_chest/3B8D_w0163.npy,ppg_wrist/3B8D_w0163.npy,4.9,11.515,False,0.0,0.0,0.0
3B8D_w0164,3B8D,164,1673.0,1683.0,1673.0,1683.0,run,chest+empatica,chest+empatica+forearm,gel,ecg/3B8D_w0164.npy,acc_chest/3B8D_w0164.npy,ppg_wrist/3B8D_w0164.npy,4.794,10.753,False,0.0,0.0,0.0
3B8D_w0165,3B8D,165,1683.0,1693.0,1683.0,1693.0,run,chest+empatica,chest+empatica+forearm,gel,ecg/3B8D_w0165.npy,acc_chest/3B8D_w0165.npy,ppg_wrist/3B8D_w0165.npy,4.482,10.402,False,0.0,0.0,0.0
3B8D_w0166,3B8D,166,1693.0,1703.0,1693.0,1703.0,run,chest+empatica,chest+empatica+forearm,gel,ecg/3B8D_w0166.npy,acc_chest/3B8D_w0166.npy,ppg_wrist/3B8D_w0166.npy,4.766,10.607,False,0.0,0.0,0.0
3B8D_w0167,3B8D,167,1703.0,1713.0,1703.0,1713.0,run,chest+empatica,chest+empatica+forearm,gel,ecg/3B8D_w0167.npy,acc_chest/3B8D_w0167.npy,ppg_wrist/3B8D_w0167.npy,4.744,10.991,False,0.0,0.0,0.0
3B8D_w0168,3B8D,168,1713.0,1723.0,1713.0,1723.0,run,chest+empatica,chest+empatica+forearm,gel,ecg/3B8D_w0168.npy,acc_chest/3B8D_w0168.npy,ppg_wrist/3B8D_w0168.npy,4.585,10.583,False,0.0,0.0,0.0
3B8D_w0169,3B8D,169,1723.0,1733.0,1723.0,1733.0,run,chest+empatica,chest+empatica+forearm,gel,ecg/3B8D_w0169.npy,acc_chest/3B8D_w0169.npy,ppg_wrist/3B8D_w0169.npy,4.609,10.356,False,0.0,0.0,0.0
3B8D_w0170,3B8D,170,1733.0,1743.0,1733.0,1743.0,run,chest+empatica,chest+empatica+forearm,gel,ecg/3B8D_w0170.npy,acc_chest/3B8D_w0170.npy,ppg_wrist/3B8D_w0170.npy,4.673,11.318,False,0.0,0.0,0.0
3B8D_w0171,3B8D,171,1743.0,1753.0,1743.0,1753.0,run,chest+empatica,chest+empatica+forearm,gel,ecg/3B8D_w0171.npy,acc_chest/3B8D_w0171.npy,ppg_wrist/3B8D_w0171.npy,4.773,12.218,False,0.0,0.0,0.0
3B8D_w0172,3B8D,172,1753.0,1763.0,1753.0,1763.0,run,chest+empatica,chest+empatica+forearm,gel,ecg/3B8D_w0172.npy,acc_chest/3B8D_w0172.npy,ppg_wrist/3B8D_w0172.npy,4.417,10.446,False,0.0,0.0,0.0
3B8D_w0173,3B8D,173,1763.0,1773.0,1763.0,1773.0,run,chest+empatica,chest+empatica+forearm,gel,ecg/3B8D_w0173.npy,acc_chest/3B8D_w0173.npy,ppg_wrist/3B8D_w0173.npy,4.208,9.896,False,0.0,0.0,0.0
3B8D_w0174,3B8D,174,1773.0,1783.0,1773.0,1783.0,run,chest+empatica,chest+empatica+forearm,gel,ecg/3B8D_w0174.npy,acc_chest/3B8D_w0174.npy,ppg_wrist/3B8D_w0174.npy,4.184,9.644,False,0.0,0.0,0.0
3B8D_w0175,3B8D,175,1783.0,1793.0,1783.0,1793.0,run,chest+empatica,chest+empatica+forearm,gel,ecg/3B8D_w0175.npy,acc_chest/3B8D_w0175.npy,ppg_wrist/3B8D_w0175.npy,4.646,11.195,False,0.0,0.0,0.0
3B8D_w0176,3B8D,176,1793.0,1803.0,1793.0,1803.0,run,chest+empatica,chest+empatica+forearm,gel,ecg/3B8D_w0176.npy,acc_chest/3B8D_w0176.npy,ppg_wrist/3B8D_w0176.npy,4.666,11.285,False,0.0,0.0,0.0
3B8D_w0177,3B8D,177,1803.0,1813.0,1803.0,1813.0,run,chest+empatica,chest+empatica+forearm,gel,ecg/3B8D_w0177.npy,acc_chest/3B8D_w0177.npy,ppg_wrist/3B8D_w0177.npy,4.494,10.344,False,0.0,0.0,0.0
3B8D_w0178,3B8D,178,1813.0,1823.0,1813.0,1823.0,run,chest+empatica,chest+empatica+forearm,gel,ecg/3B8D_w0178.npy,acc_chest/3B8D_w0178.npy,ppg_wrist/3B8D_w0178.npy,4.573,10.229,False,0.0,0.0,0.0
3B8D_w0179,3B8D,179,1823.0,1833.0,1823.0,1833.0,run,chest+empatica,chest+empatica+forearm,gel,ecg/3B8D_w0179.npy,acc_chest/3B8D_w0179.npy,ppg_wrist/3B8D_w0179.npy,4.72,10.45,False,0.0,0.0,0.0
3B8D_w0180,3B8D,180,1833.0,1843.0,1833.0,1843.0,run,chest+empatica,chest+empatica+forearm,gel,ecg/3B8D_w0180.npy,acc_chest/3B8D_w0180.npy,ppg_wrist/3B8D_w0180.npy,4.686,10.604,False,0.0,0.0,0.0
3B8D_w0181,3B8D,181,1843.0,1853.0,1843.0,1853.0,run,chest+empatica,chest+empatica+forearm,gel,ecg/3B8D_w0181.npy,acc_chest/3B8D_w0181.npy,ppg_wrist/3B8D_w0181.npy,4.703,10.669,False,0.0,0.0,0.0
3B8D_w0182,3B8D,182,1853.0,1863.0,1853.0,1863.0,run,chest+empatica,chest+empatica+forearm,gel,ecg/3B8D_w0182.npy,acc_chest/3B8D_w0182.npy,ppg_wrist/3B8D_w0182.npy,4.543,10.418,False,0.0,0.0,0.0
3B8D_w0183,3B8D,183,1863.0,1873.0,1863.0,1873.0,run,chest+empatica,chest+empatica+forearm,gel,ecg/3B8D_w0183.npy,acc_chest/3B8D_w0183.npy,ppg_wrist/3B8D_w0183.npy,4.706,10.645,False,0.0,0.0,0.0
3B8D_w0184,3B8D,184,1873.0,1883.0,1873.0,1883.0,run,chest+empatica,chest+empatica+forearm,gel,ecg/3B8D_w0184.npy,acc_chest/3B8D_w0184.npy,ppg_wrist/3B8D_w0184.npy,4.443,9.864,False,0.0,0.0,0.0
3B8D_w0185,3B8D,185,1883.0,1893.0,1883.0,1893.0,run,chest+empatica,chest+empatica+forearm,gel,ecg/3B8D_w0185.npy,acc_chest/3B8D_w0185.npy,ppg_wrist/3B8D_w0185.npy,3.741,9.184,False,0.0,0.0,0.0
3B8D_w0186,3B8D,186,1893.0,1903.0,1893.0,1903.0,run,chest+empatica,chest+empatica+forearm,gel,ecg/3B8D_w0186.npy,acc_chest/3B8D_w0186.npy,ppg_wrist/3B8D_w0186.npy,2.688,6.858,False,0.0,0.0,0.0
3B8D_w0187,3B8D,187,1903.0,1913.0,1903.0,1913.0,run,chest+empatica,chest+empatica+forearm,gel,ecg/3B8D_w0187.npy,acc_chest/3B8D_w0187.npy,ppg_wrist/3B8D_w0187.npy,4.705,11.56,False,0.0,0.0,0.0
3B8D_w0188,3B8D,188,1913.0,1923.0,1913.0,1923.0,run,chest+empatica,chest+empatica+forearm,gel,ecg/3B8D_w0188.npy,acc_chest/3B8D_w0188.npy,ppg_wrist/3B8D_w0188.npy,4.558,10.225,False,0.0,0.0,0.0
3B8D_w0189,3B8D,189,1923.0,1933.0,1923.0,1933.0,run,chest+empatica,chest+empatica+forearm,gel,ecg/3B8D_w0189.npy,acc_chest/3B8D_w0189.npy,ppg_wrist/3B8D_w0189.npy,4.628,10.284,False,0.0,0.0,0.0
3B8D_w0190,3B8D,190,1933.0,1943.0,1933.0,1943.0,run,chest+empatica,chest+empatica+forearm,gel,ecg/3B8D_w0190.npy,acc_chest/3B8D_w0190.npy,ppg_wrist/3B8D_w0190.npy,2.853,17.33,False,0.0,0.0,0.0
3B8D_w0191,3B8D,191,1943.0,1953.0,1943.0,1953.0,run,chest+empatica,chest+empatica+forearm,gel,ecg/3B8D_w0191.npy,acc_chest/3B8D_w0191.npy,ppg_wrist/3B8D_w0191.npy,0.416,15.486,False,0.0,0.0,0.0
3B8D_w0192,3B8D,192,1953.0,1963.0,1953.0,1963.0,run,chest+empatica,chest+empatica+forearm,gel,ecg/3B8D_w0192.npy,acc_chest/3B8D_w0192.npy,ppg_wrist/3B8D_w0192.npy,0.416,15.486,False,0.0,0.0,0.0
3B8D_w0193,3B8D,193,1963.0,1973.0,1963.0,1973.0,run,chest+empatica,chest+empatica+forearm,gel,ecg/3B8D_w0193.npy,acc_chest/3B8D_w0193.npy,ppg_wrist/3B8D_w0193.npy,0.416,15.486,False,0.0,0.0,0.0
3B8D_w0194,3B8D,194,1973.0,1983.0,1973.0,1983.0,run,chest+empatica,chest+empatica+forearm,gel,ecg/3B8D_w0194.npy,acc_chest/3B8D_w0194.npy,ppg_wrist/3B8D_w0194.npy,0.416,15.486,False,0.0,0.0,0.0
3B8D_w0195,3B8D,195,1983.0,1993.0,1983.0,1993.0,run,chest+empatica,chest+empatica+forearm,gel,ecg/3B8D_w0195.npy,acc_chest/3B8D_w0195.npy,ppg_wrist/3B8D_w0195.npy,2.233,16.975,False,0.0,0.0,0.0
3B8D_w0196,3B8D,196,1993.0,2003.0,1993.0,2003.0,run,chest+empatica,chest+empatica+forearm,gel,ecg/3B8D_w0196.npy,acc_chest/3B8D_w0196.npy,ppg_wrist/3B8D_w0196.npy,4.12,9.778,False,0.0,0.0,0.0
3B8D_w0197,3B8D,197,2003.0,2013.0,2003.0,2013.0,run,chest+empatica,chest+empatica+forearm,gel,ecg/3B8D_w0197.npy,acc_chest/3B8D_w0197.npy,ppg_wrist/3B8D_w0197.npy,4.914,11.044,False,0.0,0.0,0.0
3B8D_w0198,3B8D,198,2013.0,2023.0,2013.0,2023.0,run,chest+empatica,chest+empatica+forearm,gel,ecg/3B8D_w0198.npy,acc_chest/3B8D_w0198.npy,ppg_wrist/3B8D_w0198.npy,4.901,11.77,False,0.0,0.0,0.0
3B8D_w0199,3B8D,199,2023.0,2033.0,2023.0,2033.0,run,chest+empatica,chest+empatica+forearm,gel,ecg/3B8D_w0199.npy,acc_chest/3B8D_w0199.npy,ppg_wrist/3B8D_w0199.npy,4.534,10.784,False,0.0,0.0,0.0
3B8D_w0200,3B8D,200,2033.0,2043.0,2033.0,2043.0,run,chest+empatica,chest+empatica+forearm,gel,ecg/3B8D_w0200.npy,acc_chest/3B8D_w0200.npy,ppg_wrist/3B8D_w0200.npy,4.786,10.797,False,0.0,0.0,0.0
3B8D_w0201,3B8D,201,2043.0,2053.0,2043.0,2053.0,run,chest+empatica,chest+empatica+forearm,gel,ecg/3B8D_w0201.npy,acc_chest/3B8D_w0201.npy,ppg_wrist/3B8D_w0201.npy,4.777,10.876,False,0.0,0.0,0.0
3B8D_w0202,3B8D,202,2053.0,2063.0,2053.0,2063.0,run,chest+empatica,chest+empatica+forearm,gel,ecg/3B8D_w0202.npy,acc_chest/3B8D_w0202.npy,ppg_wrist/3B8D_w0202.npy,5.187,12.06,False,0.0,0.0,0.0
3B8D_w0203,3B8D,203,2063.0,2073.0,2063.0,2073.0,run,chest+empatica,chest+empatica+forearm,gel,ecg/3B8D_w0203.npy,acc_chest/3B8D_w0203.npy,ppg_wrist/3B8D_w0203.npy,4.837,11.143,False,0.0,0.0,0.0
3B8D_w0204,3B8D,204,2073.0,2083.0,2073.0,2083.0,run,chest+empatica,chest+empatica+forearm,gel,ecg/3B8D_w0204.npy,acc_chest/3B8D_w0204.npy,ppg_wrist/3B8D_w0204.npy,4.969,11.781,False,0.0,0.0,0.0
3B8D_w0205,3B8D,205,2083.0,2093.0,2083.0,2093.0,run,chest+empatica,chest+empatica+forearm,gel,ecg/3B8D_w0205.npy,acc_chest/3B8D_w0205.npy,ppg_wrist/3B8D_w0205.npy,4.989,11.463,False,0.0,0.0,0.0
3B8D_w0206,3B8D,206,2093.0,2103.0,2093.0,2103.0,run,chest+empatica,chest+empatica+forearm,gel,ecg/3B8D_w0206.npy,acc_chest/3B8D_w0206.npy,ppg_wrist/3B8D_w0206.npy,4.777,10.662,False,0.0,0.0,0.0
3B8D_w0207,3B8D,207,2103.0,2113.0,2103.0,2113.0,run,chest+empatica,chest+empatica+forearm,gel,ecg/3B8D_w0207.npy,acc_chest/3B8D_w0207.npy,ppg_wrist/3B8D_w0207.npy,4.874,11.048,False,0.0,0.0,0.0
3B8D_w0208,3B8D,208,2113.0,2123.0,2113.0,2123.0,run,chest+empatica,chest+empatica+forearm,gel,ecg/3B8D_w0208.npy,acc_chest/3B8D_w0208.npy,ppg_wrist/3B8D_w0208.npy,4.849,11.018,False,0.0,0.0,0.0
3B8D_w0209,3B8D,209,2123.0,2133.0,2123.0,2133.0,run,chest+empatica,chest+empatica+forearm,gel,ecg/3B8D_w0209.npy,acc_chest/3B8D_w0209.npy,ppg_wrist/3B8D_w0209.npy,4.813,10.721,False,0.0,0.0,0.0
3B8D_w0210,3B8D,210,2133.0,2143.0,2133.0,2143.0,run,chest+empatica,chest+empatica+forearm,gel,ecg/3B8D_w0210.npy,acc_chest/3B8D_w0210.npy,ppg_wrist/3B8D_w0210.npy,4.675,10.46,False,0.0,0.0,0.0
3B8D_w0211,3B8D,211,2143.0,2153.0,2143.0,2153.0,run,chest+empatica,chest+empatica+forearm,gel,ecg/3B8D_w0211.npy,acc_chest/3B8D_w0211.npy,ppg_wrist/3B8D_w0211.npy,4.855,10.988,False,0.0,0.0,0.0
3B8D_w0212,3B8D,212,2153.0,2163.0,2153.0,2163.0,run,chest+empatica,chest+empatica+forearm,gel,ecg/3B8D_w0212.npy,acc_chest/3B8D_w0212.npy,ppg_wrist/3B8D_w0212.npy,4.739,10.582,False,0.0,0.0,0.0
3B8D_w0213,3B8D,213,2163.0,2173.0,2163.0,2173.0,run,chest+empatica,chest+empatica+forearm,gel,ecg/3B8D_w0213.npy,acc_chest/3B8D_w0213.npy,ppg_wrist/3B8D_w0213.npy,4.773,10.532,False,0.0,0.0,0.0
3B8D_w0214,3B8D,214,2173.0,2183.0,2173.0,2183.0,run,chest+empatica,chest+empatica+forearm,gel,ecg/3B8D_w0214.npy,acc_chest/3B8D_w0214.npy,ppg_wrist/3B8D_w0214.npy,5.011,10.956,False,0.0,0.0,0.0
3B8D_w0215,3B8D,215,2183.0,2193.0,2183.0,2193.0,run,chest+empatica,chest+empatica+forearm,gel,ecg/3B8D_w0215.npy,acc_chest/3B8D_w0215.npy,ppg_wrist/3B8D_w0215.npy,4.868,11.073,False,0.0,0.0,0.0
3B8D_w0216,3B8D,216,2193.0,2203.0,2193.0,2203.0,run,chest+empatica,chest+empatica+forearm,gel,ecg/3B8D_w0216.npy,acc_chest/3B8D_w0216.npy,ppg_wrist/3B8D_w0216.npy,4.886,10.871,False,0.0,0.0,0.0
3B8D_w0217,3B8D,217,2203.0,2213.0,2203.0,2213.0,run,chest+empatica,chest+empatica+forearm,gel,ecg/3B8D_w0217.npy,acc_chest/3B8D_w0217.npy,ppg_wrist/3B8D_w0217.npy,4.993,11.396,False,0.0,0.0,0.0
3B8D_w0218,3B8D,218,2213.0,2223.0,2213.0,2223.0,run,chest+empatica,chest+empatica+forearm,gel,ecg/3B8D_w0218.npy,acc_chest/3B8D_w0218.npy,ppg_wrist/3B8D_w0218.npy,4.929,11.396,False,0.0,0.0,0.0
3B8D_w0219,3B8D,219,2223.0,2233.0,2223.0,2233.0,run,chest+empatica,chest+empatica+forearm,gel,ecg/3B8D_w0219.npy,acc_chest/3B8D_w0219.npy,ppg_wrist/3B8D_w0219.npy,4.784,11.325,False,0.0,0.0,0.0
3B8D_w0220,3B8D,220,2233.0,2243.0,2233.0,2243.0,run,chest+empatica,chest+empatica+forearm,gel,ecg/3B8D_w0220.npy,acc_chest/3B8D_w0220.npy,ppg_wrist/3B8D_w0220.npy,5.013,11.166,False,0.0,0.0,0.0
3B8D_w0221,3B8D,221,2243.0,2253.0,2243.0,2253.0,run,chest+empatica,chest+empatica+forearm,gel,ecg/3B8D_w0221.npy,acc_chest/3B8D_w0221.npy,ppg_wrist/3B8D_w0221.npy,4.977,11.254,False,0.0,0.0,0.0
3B8D_w0222,3B8D,222,2253.0,2263.0,2253.0,2263.0,run,chest+empatica,chest+empatica+forearm,gel,ecg/3B8D_w0222.npy,acc_chest/3B8D_w0222.npy,ppg_wrist/3B8D_w0222.npy,4.851,11.153,False,0.0,0.0,0.0
3B8D_w0223,3B8D,223,2263.0,2273.0,2263.0,2273.0,run,chest+empatica,chest+empatica+forearm,gel,ecg/3B8D_w0223.npy,acc_chest/3B8D_w0223.npy,ppg_wrist/3B8D_w0223.npy,4.59,10.247,False,0.0,0.0,0.0
3B8D_w0224,3B8D,224,2273.0,2283.0,2273.0,2283.0,run,chest+empatica,chest+empatica+forearm,gel,ecg/3B8D_w0224.npy,acc_chest/3B8D_w0224.npy,ppg_wrist/3B8D_w0224.npy,4.905,10.81,False,0.0,0.0,0.0
3B8D_w0225,3B8D,225,2283.0,2293.0,2283.0,2293.0,run,chest+empatica,chest+empatica+forearm,gel,ecg/3B8D_w0225.npy,acc_chest/3B8D_w0225.npy,ppg_wrist/3B8D_w0225.npy,4.953,11.003,False,0.0,0.0,0.0
3B8D_w0226,3B8D,226,2293.0,2303.0,2293.0,2303.0,run,chest+empatica,chest+empatica+forearm,gel,ecg/3B8D_w0226.npy,acc_chest/3B8D_w0226.npy,ppg_wrist/3B8D_w0226.npy,4.847,10.677,False,0.0,0.0,0.0
3B8D_w0227,3B8D,227,2303.0,2313.0,2303.0,2313.0,run,chest+empatica,chest+empatica+forearm,gel,ecg/3B8D_w0227.npy,acc_chest/3B8D_w0227.npy,ppg_wrist/3B8D_w0227.npy,5.057,11.346,False,0.0,0.0,0.0
3B8D_w0228,3B8D,228,2313.0,2323.0,2313.0,2323.0,run,chest+empatica,chest+empatica+forearm,gel,ecg/3B8D_w0228.npy,acc_chest/3B8D_w0228.npy,ppg_wrist/3B8D_w0228.npy,5.184,11.712,False,0.0,0.0,0.0
3B8D_w0229,3B8D,229,2323.0,2333.0,2323.0,2333.0,run,chest+empatica,chest+empatica+forearm,gel,ecg/3B8D_w0229.npy,acc_chest/3B8D_w0229.npy,ppg_wrist/3B8D_w0229.npy,5.054,11.184,False,0.0,0.0,0.0
3B8D_w0230,3B8D,230,2333.0,2343.0,2333.0,2343.0,run,chest+empatica,chest+empatica+forearm,gel,ecg/3B8D_w0230.npy,acc_chest/3B8D_w0230.npy,ppg_wrist/3B8D_w0230.npy,5.164,11.558,False,0.0,0.0,0.0
3B8D_w0231,3B8D,231,2343.0,2353.0,2343.0,2353.0,run,chest+empatica,chest+empatica+forearm,gel,ecg/3B8D_w0231.npy,acc_chest/3B8D_w0231.npy,ppg_wrist/3B8D_w0231.npy,5.009,10.998,False,0.0,0.0,0.0
3B8D_w0232,3B8D,232,2353.0,2363.0,2353.0,2363.0,run,chest+empatica,chest+empatica+forearm,gel,ecg/3B8D_w0232.npy,acc_chest/3B8D_w0232.npy,ppg_wrist/3B8D_w0232.npy,4.875,10.842,False,0.0,0.0,0.0
3B8D_w0233,3B8D,233,2363.0,2373.0,2363.0,2373.0,run,chest+empatica,chest+empatica+forearm,gel,ecg/3B8D_w0233.npy,acc_chest/3B8D_w0233.npy,ppg_wrist/3B8D_w0233.npy,4.972,11.189,False,0.0,0.0,0.0
3B8D_w0234,3B8D,234,2373.0,2383.0,2373.0,2383.0,run,chest+empatica,chest+empatica+forearm,gel,ecg/3B8D_w0234.npy,acc_chest/3B8D_w0234.npy,ppg_wrist/3B8D_w0234.npy,5.045,12.179,False,0.0,0.0,0.0
3B8D_w0235,3B8D,235,2383.0,2393.0,2383.0,2393.0,run,chest+empatica,chest+empatica+forearm,gel,ecg/3B8D_w0235.npy,acc_chest/3B8D_w0235.npy,ppg_wrist/3B8D_w0235.npy,5.113,11.981,False,0.0,0.0,0.0
3B8D_w0236,3B8D,236,2393.0,2403.0,2393.0,2403.0,run,chest+empatica,chest+empatica+forearm,gel,ecg/3B8D_w0236.npy,acc_chest/3B8D_w0236.npy,ppg_wrist/3B8D_w0236.npy,5.228,11.779,False,0.0,0.0,0.0
3B8D_w0237,3B8D,237,2403.0,2413.0,2403.0,2413.0,run,chest+empatica,chest+empatica+forearm,gel,ecg/3B8D_w0237.npy,acc_chest/3B8D_w0237.npy,ppg_wrist/3B8D_w0237.npy,5.029,11.431,False,0.0,0.0,0.0
3B8D_w0238,3B8D,238,2413.0,2423.0,2413.0,2423.0,run,chest+empatica,chest+empatica+forearm,gel,ecg/3B8D_w0238.npy,acc_chest/3B8D_w0238.npy,ppg_wrist/3B8D_w0238.npy,5.194,11.64,False,0.0,0.0,0.0
3B8D_w0239,3B8D,239,2423.0,2433.0,2423.0,2433.0,run,chest+empatica,chest+empatica+forearm,gel,ecg/3B8D_w0239.npy,acc_chest/3B8D_w0239.npy,ppg_wrist/3B8D_w0239.npy,5.113,11.341,False,0.0,0.0,0.0
3B8D_w0240,3B8D,240,2433.0,2443.0,2433.0,2443.0,run,chest+empatica,chest+empatica+forearm,gel,ecg/3B8D_w0240.npy,acc_chest/3B8D_w0240.npy,ppg_wrist/3B8D_w0240.npy,5.106,11.527,False,0.0,0.0,0.0
3B8D_w0241,3B8D,241,2443.0,2453.0,2443.0,2453.0,run,chest+empatica,chest+empatica+forearm,gel,ecg/3B8D_w0241.npy,acc_chest/3B8D_w0241.npy,ppg_wrist/3B8D_w0241.npy,5.023,11.592,False,0.0,0.0,0.0
3B8D_w0242,3B8D,242,2453.0,2463.0,2453.0,2463.0,run,chest+empatica,chest+empatica+forearm,gel,ecg/3B8D_w0242.npy,acc_chest/3B8D_w0242.npy,ppg_wrist/3B8D_w0242.npy,5.032,10.978,False,0.0,0.0,0.0
3B8D_w0243,3B8D,243,2463.0,2473.0,2463.0,2473.0,run,chest+empatica,chest+empatica+forearm,gel,ecg/3B8D_w0243.npy,acc_chest/3B8D_w0243.npy,ppg_wrist/3B8D_w0243.npy,5.247,11.591,False,0.0,0.0,0.0
3B8D_w0244,3B8D,244,2473.0,2483.0,2473.0,2483.0,run,chest+empatica,chest+empatica+forearm,gel,ecg/3B8D_w0244.npy,acc_chest/3B8D_w0244.npy,ppg_wrist/3B8D_w0244.npy,5.106,11.281,False,0.0,0.0,0.0
3B8D_w0245,3B8D,245,2483.0,2493.0,2483.0,2493.0,run,chest+empatica,chest+empatica+forearm,gel,ecg/3B8D_w0245.npy,acc_chest/3B8D_w0245.npy,ppg_wrist/3B8D_w0245.npy,5.05,10.942,False,0.0,0.0,0.0
3B8D_w0246,3B8D,246,2493.0,2503.0,2493.0,2503.0,run,chest+empatica,chest+empatica+forearm,gel,ecg/3B8D_w0246.npy,acc_chest/3B8D_w0246.npy,ppg_wrist/3B8D_w0246.npy,5.078,11.111,False,0.0,0.0,0.0
3B8D_w0247,3B8D,247,2503.0,2513.0,2503.0,2513.0,run,chest+empatica,chest+empatica+forearm,gel,ecg/3B8D_w0247.npy,acc_chest/3B8D_w0247.npy,ppg_wrist/3B8D_w0247.npy,5.116,11.326,False,0.0,0.0,0.0
3B8D_w0248,3B8D,248,2513.0,2523.0,2513.0,2523.0,run,chest+empatica,chest+empatica+forearm,gel,ecg/3B8D_w0248.npy,acc_chest/3B8D_w0248.npy,ppg_wrist/3B8D_w0248.npy,5.168,11.243,False,0.0,0.0,0.0
3B8D_w0249,3B8D,249,2523.0,2533.0,2523.0,2533.0,run,chest+empatica,chest+empatica+forearm,gel,ecg/3B8D_w0249.npy,acc_chest/3B8D_w0249.npy,ppg_wrist/3B8D_w0249.npy,5.179,11.593,False,0.0,0.0,0.0
3B8D_w0250,3B8D,250,2533.0,2543.0,2533.0,2543.0,run,chest+empatica,chest+empatica+forearm,gel,ecg/3B8D_w0250.npy,acc_chest/3B8D_w0250.npy,ppg_wrist/3B8D_w0250.npy,5.321,12.063,False,0.0,0.0,0.0
3B8D_w0251,3B8D,251,2543.0,2553.0,2543.0,2553.0,run,chest+empatica,chest+empatica+forearm,gel,ecg/3B8D_w0251.npy,acc_chest/3B8D_w0251.npy,ppg_wrist/3B8D_w0251.npy,5.526,12.215,False,0.0,0.0,0.0
3B8D_w0252,3B8D,252,2553.0,2563.0,2553.0,2563.0,run,chest+empatica,chest+empatica+forearm,gel,ecg/3B8D_w0252.npy,acc_chest/3B8D_w0252.npy,ppg_wrist/3B8D_w0252.npy,5.076,11.616,False,0.0,0.0,0.0
3B8D_w0253,3B8D,253,2563.0,2573.0,2563.0,2573.0,run,chest+empatica,chest+empatica+forearm,gel,ecg/3B8D_w0253.npy,acc_chest/3B8D_w0253.npy,ppg_wrist/3B8D_w0253.npy,5.151,11.128,False,0.0,0.0,0.0
3B8D_w0254,3B8D,254,2573.0,2583.0,2573.0,2583.0,run,chest+empatica,chest+empatica+forearm,gel,ecg/3B8D_w0254.npy,acc_chest/3B8D_w0254.npy,ppg_wrist/3B8D_w0254.npy,5.165,10.943,False,0.0,0.0,0.0
3B8D_w0255,3B8D,255,2583.0,2593.0,2583.0,2593.0,run,chest+empatica,chest+empatica+forearm,gel,ecg/3B8D_w0255.npy,acc_chest/3B8D_w0255.npy,ppg_wrist/3B8D_w0255.npy,4.939,10.802,False,0.0,0.0,0.0
3B8D_w0256,3B8D,256,2593.0,2603.0,2593.0,2603.0,run,chest+empatica,chest+empatica+forearm,gel,ecg/3B8D_w0256.npy,acc_chest/3B8D_w0256.npy,ppg_wrist/3B8D_w0256.npy,5.122,11.335,False,0.0,0.0,0.0
3B8D_w0257,3B8D,257,2603.0,2613.0,2603.0,2613.0,run,chest+empatica,chest+empatica+forearm,gel,ecg/3B8D_w0257.npy,acc_chest/3B8D_w0257.npy,ppg_wrist/3B8D_w0257.npy,5.522,12.122,False,0.0,0.0,0.0
3B8D_w0258,3B8D,258,2613.0,2623.0,2613.0,2623.0,run,chest+empatica,chest+empatica+forearm,gel,ecg/3B8D_w0258.npy,acc_chest/3B8D_w0258.npy,ppg_wrist/3B8D_w0258.npy,5.025,10.663,False,0.0,0.0,0.0
3B8D_w0259,3B8D,259,2623.0,2633.0,2623.0,2633.0,run,chest+empatica,chest+empatica+forearm,gel,ecg/3B8D_w0259.npy,acc_chest/3B8D_w0259.npy,ppg_wrist/3B8D_w0259.npy,5.196,11.189,False,0.0,0.0,0.0
3B8D_w0260,3B8D,260,2633.0,2643.0,2633.0,2643.0,run,chest+empatica,chest+empatica+forearm,gel,ecg/3B8D_w0260.npy,acc_chest/3B8D_w0260.npy,ppg_wrist/3B8D_w0260.npy,5.143,11.244,False,0.0,0.0,0.0
3B8D_w0261,3B8D,261,2643.0,2653.0,2643.0,2653.0,run,chest+empatica,chest+empatica+forearm,gel,ecg/3B8D_w0261.npy,acc_chest/3B8D_w0261.npy,ppg_wrist/3B8D_w0261.npy,5.263,11.305,False,0.0,0.0,0.0
3B8D_w0262,3B8D,262,2653.0,2663.0,2653.0,2663.0,run,chest+empatica,chest+empatica+forearm,gel,ecg/3B8D_w0262.npy,acc_chest/3B8D_w0262.npy,ppg_wrist/3B8D_w0262.npy,5.408,11.908,False,0.0,0.0,0.0
3B8D_w0263,3B8D,263,2663.0,2673.0,2663.0,2673.0,run,chest+empatica,chest+empatica+forearm,gel,ecg/3B8D_w0263.npy,acc_chest/3B8D_w0263.npy,ppg_wrist/3B8D_w0263.npy,5.331,11.612,False,0.0,0.0,0.0
3B8D_w0264,3B8D,264,2673.0,2683.0,2673.0,2683.0,run,chest+empatica,chest+empatica+forearm,gel,ecg/3B8D_w0264.npy,acc_chest/3B8D_w0264.npy,ppg_wrist/3B8D_w0264.npy,5.337,11.622,False,0.0,0.0,0.0
3B8D_w0265,3B8D,265,2683.0,2693.0,2683.0,2693.0,run,chest+empatica,chest+empatica+forearm,gel,ecg/3B8D_w0265.npy,acc_chest/3B8D_w0265.npy,ppg_wrist/3B8D_w0265.npy,5.368,11.812,False,0.0,0.0,0.0
3B8D_w0266,3B8D,266,2693.0,2703.0,2693.0,2703.0,run,chest+empatica,chest+empatica+forearm,gel,ecg/3B8D_w0266.npy,acc_chest/3B8D_w0266.npy,ppg_wrist/3B8D_w0266.npy,5.396,11.952,False,0.0,0.0,0.0
3B8D_w0267,3B8D,267,2703.0,2713.0,2703.0,2713.0,run,chest+empatica,chest+empatica+forearm,gel,ecg/3B8D_w0267.npy,acc_chest/3B8D_w0267.npy,ppg_wrist/3B8D_w0267.npy,5.409,11.692,False,0.0,0.0,0.0
3B8D_w0268,3B8D,268,2713.0,2723.0,2713.0,2723.0,run,chest+empatica,chest+empatica+forearm,gel,ecg/3B8D_w0268.npy,acc_chest/3B8D_w0268.npy,ppg_wrist/3B8D_w0268.npy,5.566,12.286,False,0.0,0.0,0.0
3B8D_w0269,3B8D,269,2723.0,2733.0,2723.0,2733.0,run,chest+empatica,chest+empatica+forearm,gel,ecg/3B8D_w0269.npy,acc_chest/3B8D_w0269.npy,ppg_wrist/3B8D_w0269.npy,5.261,11.311,False,0.0,0.0,0.0
3B8D_w0270,3B8D,270,2733.0,2743.0,2733.0,2743.0,run,chest+empatica,chest+empatica+forearm,gel,ecg/3B8D_w0270.npy,acc_chest/3B8D_w0270.npy,ppg_wrist/3B8D_w0270.npy,1.589,17.865,False,0.0,0.0,0.0
3B8D_w0271,3B8D,271,2743.0,2753.0,2743.0,2753.0,run,chest+empatica,chest+empatica+forearm,gel,ecg/3B8D_w0271.npy,acc_chest/3B8D_w0271.npy,ppg_wrist/3B8D_w0271.npy,0.416,15.486,False,0.0,0.0,0.0
3B8D_w0272,3B8D,272,2753.0,2763.0,2753.0,2763.0,run,chest+empatica,chest+empatica+forearm,gel,ecg/3B8D_w0272.npy,acc_chest/3B8D_w0272.npy,ppg_wrist/3B8D_w0272.npy,4.445,19.312,False,0.0,0.0,0.0
3B8D_w0273,3B8D,273,2763.0,2773.0,2763.0,2773.0,run,chest+empatica,chest+empatica+forearm,gel,ecg/3B8D_w0273.npy,acc_chest/3B8D_w0273.npy,ppg_wrist/3B8D_w0273.npy,4.891,10.649,False,0.0,0.0,0.0
3B8D_w0274,3B8D,274,2773.0,2783.0,2773.0,2783.0,run,chest+empatica,chest+empatica+forearm,gel,ecg/3B8D_w0274.npy,acc_chest/3B8D_w0274.npy,ppg_wrist/3B8D_w0274.npy,5.234,12.612,False,0.0,0.0,0.0
3B8D_w0275,3B8D,275,2783.0,2793.0,2783.0,2793.0,run,chest+empatica,chest+empatica+forearm,gel,ecg/3B8D_w0275.npy,acc_chest/3B8D_w0275.npy,ppg_wrist/3B8D_w0275.npy,5.222,12.683,False,0.0,0.0,0.0
3B8D_w0276,3B8D,276,2793.0,2803.0,2793.0,2803.0,run,chest+empatica,chest+empatica+forearm,gel,ecg/3B8D_w0276.npy,acc_chest/3B8D_w0276.npy,ppg_wrist/3B8D_w0276.npy,5.287,11.756,False,0.0,0.0,0.0
3B8D_w0277,3B8D,277,2803.0,2813.0,2803.0,2813.0,run,chest+empatica,chest+empatica+forearm,gel,ecg/3B8D_w0277.npy,acc_chest/3B8D_w0277.npy,ppg_wrist/3B8D_w0277.npy,4.82,11.479,False,0.0,0.0,0.0
3B8D_w0278,3B8D,278,2813.0,2823.0,2813.0,2823.0,run,chest+empatica,chest+empatica+forearm,gel,ecg/3B8D_w0278.npy,acc_chest/3B8D_w0278.npy,ppg_wrist/3B8D_w0278.npy,4.815,11.697,False,0.0,0.0,0.0
3B8D_w0279,3B8D,279,2823.0,2833.0,2823.0,2833.0,run,chest+empatica,chest+empatica+forearm,gel,ecg/3B8D_w0279.npy,acc_chest/3B8D_w0279.npy,ppg_wrist/3B8D_w0279.npy,4.964,11.463,False,0.0,0.0,0.0
3B8D_w0280,3B8D,280,2833.0,2843.0,2833.0,2843.0,run,chest+empatica,chest+empatica+forearm,gel,ecg/3B8D_w0280.npy,acc_chest/3B8D_w0280.npy,ppg_wrist/3B8D_w0280.npy,4.753,11.037,False,0.0,0.0,0.0
3B8D_w0281,3B8D,281,2843.0,2853.0,2843.0,2853.0,run,chest+empatica,chest+empatica+forearm,gel,ecg/3B8D_w0281.npy,acc_chest/3B8D_w0281.npy,ppg_wrist/3B8D_w0281.npy,4.754,10.26,False,0.0,0.0,0.0
3B8D_w0282,3B8D,282,2853.0,2863.0,2853.0,2863.0,run,chest+empatica,chest+empatica+forearm,gel,ecg/3B8D_w0282.npy,acc_chest/3B8D_w0282.npy,ppg_wrist/3B8D_w0282.npy,4.819,10.308,False,0.0,0.0,0.0
3B8D_w0283,3B8D,283,2863.0,2873.0,2863.0,2873.0,run,chest+empatica,chest+empatica+forearm,gel,ecg/3B8D_w0283.npy,acc_chest/3B8D_w0283.npy,ppg_wrist/3B8D_w0283.npy,4.722,9.851,False,0.0,0.0,0.0
3B8D_w0284,3B8D,284,2873.0,2883.0,2873.0,2883.0,run,chest+empatica,chest+empatica+forearm,gel,ecg/3B8D_w0284.npy,acc_chest/3B8D_w0284.npy,ppg_wrist/3B8D_w0284.npy,4.913,10.368,False,0.0,0.0,0.0
3B8D_w0285,3B8D,285,2883.0,2893.0,2883.0,2893.0,run,chest+empatica,chest+empatica+forearm,gel,ecg/3B8D_w0285.npy,acc_chest/3B8D_w0285.npy,ppg_wrist/3B8D_w0285.npy,4.966,10.251,False,0.0,0.0,0.0
3B8D_w0286,3B8D,286,2893.0,2903.0,2893.0,2903.0,run,chest+empatica,chest+empatica+forearm,gel,ecg/3B8D_w0286.npy,acc_chest/3B8D_w0286.npy,ppg_wrist/3B8D_w0286.npy,4.855,9.928,False,0.0,0.0,0.0
3B8D_w0287,3B8D,287,2903.0,2913.0,2903.0,2913.0,run,chest+empatica,chest+empatica+forearm,gel,ecg/3B8D_w0287.npy,acc_chest/3B8D_w0287.npy,ppg_wrist/3B8D_w0287.npy,4.935,10.574,False,0.0,0.0,0.0
3B8D_w0288,3B8D,288,2913.0,2923.0,2913.0,2923.0,run,chest+empatica,chest+empatica+forearm,gel,ecg/3B8D_w0288.npy,acc_chest/3B8D_w0288.npy,ppg_wrist/3B8D_w0288.npy,5.139,10.94,False,0.0,0.0,0.0
3B8D_w0289,3B8D,289,2923.0,2933.0,2923.0,2933.0,run,chest+empatica,chest+empatica+forearm,gel,ecg/3B8D_w0289.npy,acc_chest/3B8D_w0289.npy,ppg_wrist/3B8D_w0289.npy,4.952,10.499,False,0.0,0.0,0.0
3B8D_w0290,3B8D,290,2933.0,2943.0,2933.0,2943.0,run,chest+empatica,chest+empatica+forearm,gel,ecg/3B8D_w0290.npy,acc_chest/3B8D_w0290.npy,ppg_wrist/3B8D_w0290.npy,4.837,10.302,False,0.0,0.0,0.0
3B8D_w0291,3B8D,291,2943.0,2953.0,2943.0,2953.0,run,chest+empatica,chest+empatica+forearm,gel,ecg/3B8D_w0291.npy,acc_chest/3B8D_w0291.npy,ppg_wrist/3B8D_w0291.npy,5.07,10.8,False,0.0,0.0,0.0
3B8D_w0292,3B8D,292,2953.0,2963.0,2953.0,2963.0,run,chest+empatica,chest+empatica+forearm,gel,ecg/3B8D_w0292.npy,acc_chest/3B8D_w0292.npy,ppg_wrist/3B8D_w0292.npy,4.794,11.183,False,0.0,0.0,0.0
3B8D_w0293,3B8D,293,2963.0,2973.0,2963.0,2973.0,run,chest+empatica,chest+empatica+forearm,gel,ecg/3B8D_w0293.npy,acc_chest/3B8D_w0293.npy,ppg_wrist/3B8D_w0293.npy,5.055,12.49,False,0.0,0.0,0.0
3B8D_w0294,3B8D,294,2973.0,2983.0,2973.0,2983.0,run,chest+empatica,chest+empatica+forearm,gel,ecg/3B8D_w0294.npy,acc_chest/3B8D_w0294.npy,ppg_wrist/3B8D_w0294.npy,4.678,12.299,False,0.0,0.0,0.0
3B8D_w0295,3B8D,295,2983.0,2993.0,2983.0,2993.0,run,chest+empatica,chest+empatica+forearm,gel,ecg/3B8D_w0295.npy,acc_chest/3B8D_w0295.npy,ppg_wrist/3B8D_w0295.npy,5.485,12.376,False,0.0,0.0,0.0
3B8D_w0296,3B8D,296,2993.0,3003.0,2993.0,3003.0,run,chest+empatica,chest+empatica+forearm,gel,ecg/3B8D_w0296.npy,acc_chest/3B8D_w0296.npy,ppg_wrist/3B8D_w0296.npy,4.968,10.707,False,0.0,0.0,0.0
3B8D_w0297,3B8D,297,3003.0,3013.0,3003.0,3013.0,run,chest+empatica,chest+empatica+forearm,gel,ecg/3B8D_w0297.npy,acc_chest/3B8D_w0297.npy,ppg_wrist/3B8D_w0297.npy,4.963,10.858,False,0.0,0.0,0.0
3B8D_w0298,3B8D,298,3013.0,3023.0,3013.0,3023.0,run,chest+empatica,chest+empatica+forearm,gel,ecg/3B8D_w0298.npy,acc_chest/3B8D_w0298.npy,ppg_wrist/3B8D_w0298.npy,5.018,10.368,False,0.0,0.0,0.0
3B8D_w0299,3B8D,299,3023.0,3033.0,3023.0,3033.0,run,chest+empatica,chest+empatica+forearm,gel,ecg/3B8D_w0299.npy,acc_chest/3B8D_w0299.npy,ppg_wrist/3B8D_w0299.npy,5.206,10.882,False,0.0,0.0,0.0
3B8D_w0300,3B8D,300,3033.0,3043.0,3033.0,3043.0,run,chest+empatica,chest+empatica+forearm,gel,ecg/3B8D_w0300.npy,acc_chest/3B8D_w0300.npy,ppg_wrist/3B8D_w0300.npy,5.057,10.441,False,0.0,0.0,0.0
3B8D_w0301,3B8D,301,3043.0,3053.0,3043.0,3053.0,run,chest+empatica,chest+empatica+forearm,gel,ecg/3B8D_w0301.npy,acc_chest/3B8D_w0301.npy,ppg_wrist/3B8D_w0301.npy,4.897,10.11,False,0.0,0.0,0.0
3B8D_w0302,3B8D,302,3053.0,3063.0,3053.0,3063.0,run,chest+empatica,chest+empatica+forearm,gel,ecg/3B8D_w0302.npy,acc_chest/3B8D_w0302.npy,ppg_wrist/3B8D_w0302.npy,4.916,10.103,False,0.0,0.0,0.0
3B8D_w0303,3B8D,303,3063.0,3073.0,3063.0,3073.0,run,chest+empatica,chest+empatica+forearm,gel,ecg/3B8D_w0303.npy,acc_chest/3B8D_w0303.npy,ppg_wrist/3B8D_w0303.npy,5.393,11.202,False,0.0,0.0,0.0
3B8D_w0304,3B8D,304,3073.0,3083.0,3073.0,3083.0,run,chest+empatica,chest+empatica+forearm,gel,ecg/3B8D_w0304.npy,acc_chest/3B8D_w0304.npy,ppg_wrist/3B8D_w0304.npy,4.913,10.18,False,0.0,0.0,0.0
3B8D_w0305,3B8D,305,3083.0,3093.0,3083.0,3093.0,run,chest+empatica,chest+empatica+forearm,gel,ecg/3B8D_w0305.npy,acc_chest/3B8D_w0305.npy,ppg_wrist/3B8D_w0305.npy,5.109,10.478,False,0.0,0.0,0.0
3B8D_w0306,3B8D,306,3093.0,3103.0,3093.0,3103.0,run,chest+empatica,chest+empatica+forearm,gel,ecg/3B8D_w0306.npy,acc_chest/3B8D_w0306.npy,ppg_wrist/3B8D_w0306.npy,5.098,10.863,False,0.0,0.0,0.0
3B8D_w0307,3B8D,307,3103.0,3113.0,3103.0,3113.0,run,chest+empatica,chest+empatica+forearm,gel,ecg/3B8D_w0307.npy,acc_chest/3B8D_w0307.npy,ppg_wrist/3B8D_w0307.npy,4.703,10.334,False,0.0,0.0,0.0
3B8D_w0308,3B8D,308,3113.0,3123.0,3113.0,3123.0,run,chest+empatica,chest+empatica+forearm,gel,ecg/3B8D_w0308.npy,acc_chest/3B8D_w0308.npy,ppg_wrist/3B8D_w0308.npy,4.691,10.97,False,0.0,0.0,0.0
3B8D_w0309,3B8D,309,3123.0,3133.0,3123.0,3133.0,run,chest+empatica,chest+empatica+forearm,gel,ecg/3B8D_w0309.npy,acc_chest/3B8D_w0309.npy,ppg_wrist/3B8D_w0309.npy,4.491,10.872,False,0.0,0.0,0.0
3B8D_w0310,3B8D,310,3133.0,3143.0,3133.0,3143.0,run,chest+empatica,chest+empatica+forearm,gel,ecg/3B8D_w0310.npy,acc_chest/3B8D_w0310.npy,ppg_wrist/3B8D_w0310.npy,4.329,9.823,False,0.0,0.0,0.0
3B8D_w0311,3B8D,311,3143.0,3153.0,3143.0,3153.0,run,chest+empatica,chest+empatica+forearm,gel,ecg/3B8D_w0311.npy,acc_chest/3B8D_w0311.npy,ppg_wrist/3B8D_w0311.npy,4.3,9.587,False,0.0,0.0,0.0
3B8D_w0312,3B8D,312,3153.0,3163.0,3153.0,3163.0,run,chest+empatica,chest+empatica+forearm,gel,ecg/3B8D_w0312.npy,acc_chest/3B8D_w0312.npy,ppg_wrist/3B8D_w0312.npy,4.444,9.669,False,0.0,0.0,0.0
3B8D_w0313,3B8D,313,3163.0,3173.0,3163.0,3173.0,run,chest+empatica,chest+empatica+forearm,gel,ecg/3B8D_w0313.npy,acc_chest/3B8D_w0313.npy,ppg_wrist/3B8D_w0313.npy,2.681,7.734,False,0.0,0.0,0.0
3B8D_w0314,3B8D,314,3173.0,3183.0,3173.0,3183.0,walk_after,chest+empatica,chest+empatica+forearm,gel,ecg/3B8D_w0314.npy,acc_chest/3B8D_w0314.npy,ppg_wrist/3B8D_w0314.npy,0.894,4.036,False,0.0,0.0,0.0
3B8D_w0315,3B8D,315,3183.0,3193.0,3183.0,3193.0,walk_after,chest+empatica,chest+empatica+forearm,gel,ecg/3B8D_w0315.npy,acc_chest/3B8D_w0315.npy,ppg_wrist/3B8D_w0315.npy,0.985,4.129,False,0.0,0.0,0.0
3B8D_w0316,3B8D,316,3193.0,3203.0,3193.0,3203.0,walk_after,chest+empatica,chest+empatica+forearm,gel,ecg/3B8D_w0316.npy,acc_chest/3B8D_w0316.npy,ppg_wrist/3B8D_w0316.npy,0.92,4.38,False,0.0,0.0,0.0
3B8D_w0317,3B8D,317,3203.0,3213.0,3203.0,3213.0,walk_after,chest+empatica,chest+empatica+forearm,gel,ecg/3B8D_w0317.npy,acc_chest/3B8D_w0317.npy,ppg_wrist/3B8D_w0317.npy,0.976,4.68,False,0.0,0.0,0.0
3B8D_w0318,3B8D,318,3213.0,3223.0,3213.0,3223.0,walk_after,chest+empatica,chest+empatica+forearm,gel,ecg/3B8D_w0318.npy,acc_chest/3B8D_w0318.npy,ppg_wrist/3B8D_w0318.npy,1.044,4.704,False,0.0,0.0,0.0
3B8D_w0319,3B8D,319,3223.0,3233.0,3223.0,3233.0,walk_after,chest+empatica,chest+empatica+forearm,gel,ecg/3B8D_w0319.npy,acc_chest/3B8D_w0319.npy,ppg_wrist/3B8D_w0319.npy,0.984,4.593,False,0.0,0.0,0.0
3B8D_w0320,3B8D,320,3233.0,3243.0,3233.0,3243.0,walk_after,chest+empatica,chest+empatica+forearm,gel,ecg/3B8D_w0320.npy,acc_chest/3B8D_w0320.npy,ppg_wrist/3B8D_w0320.npy,0.94,4.583,False,0.0,0.0,0.0
3B8D_w0321,3B8D,321,3243.0,3253.0,3243.0,3253.0,walk_after,chest+empatica,chest+empatica+forearm,gel,ecg/3B8D_w0321.npy,acc_chest/3B8D_w0321.npy,ppg_wrist/3B8D_w0321.npy,0.836,4.814,False,0.0,0.0,0.0
3B8D_w0322,3B8D,322,3253.0,3263.0,3253.0,3263.0,walk_after,chest+empatica,chest+empatica+forearm,gel,ecg/3B8D_w0322.npy,acc_chest/3B8D_w0322.npy,ppg_wrist/3B8D_w0322.npy,1.03,4.601,False,0.0,0.0,0.0
3B8D_w0323,3B8D,323,3263.0,3273.0,3263.0,3273.0,walk_after,chest+empatica,chest+empatica+forearm,gel,ecg/3B8D_w0323.npy,acc_chest/3B8D_w0323.npy,ppg_wrist/3B8D_w0323.npy,0.792,4.285,False,0.0,0.0,0.0
3B8D_w0324,3B8D,324,3273.0,3283.0,3273.0,3283.0,walk_after,chest+empatica,chest+empatica+forearm,gel,ecg/3B8D_w0324.npy,acc_chest/3B8D_w0324.npy,ppg_wrist/3B8D_w0324.npy,0.828,4.348,False,0.0,0.0,0.0
3B8D_w0325,3B8D,325,3283.0,3293.0,3283.0,3293.0,walk_after,chest+empatica,chest+empatica+forearm,gel,ecg/3B8D_w0325.npy,acc_chest/3B8D_w0325.npy,ppg_wrist/3B8D_w0325.npy,0.851,4.24,False,0.0,0.0,0.0
3B8D_w0326,3B8D,326,3293.0,3303.0,3293.0,3303.0,walk_after,chest+empatica,chest+empatica+forearm,gel,ecg/3B8D_w0326.npy,acc_chest/3B8D_w0326.npy,ppg_wrist/3B8D_w0326.npy,0.867,4.116,False,0.0,0.0,0.0
3B8D_w0327,3B8D,327,3303.0,3313.0,3303.0,3313.0,walk_after,chest+empatica,chest+empatica+forearm,gel,ecg/3B8D_w0327.npy,acc_chest/3B8D_w0327.npy,ppg_wrist/3B8D_w0327.npy,1.008,4.36,False,0.0,0.0,0.0
3B8D_w0328,3B8D,328,3313.0,3323.0,3313.0,3323.0,walk_after,chest+empatica,chest+empatica+forearm,gel,ecg/3B8D_w0328.npy,acc_chest/3B8D_w0328.npy,ppg_wrist/3B8D_w0328.npy,0.907,4.263,False,0.0,0.0,0.0
3B8D_w0329,3B8D,329,3323.0,3333.0,3323.0,3333.0,walk_after,chest+empatica,chest+empatica+forearm,gel,ecg/3B8D_w0329.npy,acc_chest/3B8D_w0329.npy,ppg_wrist/3B8D_w0329.npy,0.825,4.456,False,0.0,0.0,0.0
3B8D_w0330,3B8D,330,3333.0,3343.0,3333.0,3343.0,walk_after,chest+empatica,chest+empatica+forearm,gel,ecg/3B8D_w0330.npy,acc_chest/3B8D_w0330.npy,ppg_wrist/3B8D_w0330.npy,0.83,4.42,False,0.0,0.0,0.0
3B8D_w0331,3B8D,331,3343.0,3353.0,3343.0,3353.0,walk_after,chest+empatica,chest+empatica+forearm,gel,ecg/3B8D_w0331.npy,acc_chest/3B8D_w0331.npy,ppg_wrist/3B8D_w0331.npy,0.841,4.219,False,0.0,0.0,0.0
3B8D_w0332,3B8D,332,3353.0,3363.0,3353.0,3363.0,walk_after,chest+empatica,chest+empatica+forearm,gel,ecg/3B8D_w0332.npy,acc_chest/3B8D_w0332.npy,ppg_wrist/3B8D_w0332.npy,0.876,4.258,False,0.0,0.0,0.0
3B8D_w0333,3B8D,333,3363.0,3373.0,3363.0,3373.0,walk_after,chest+empatica,chest+empatica+forearm,gel,ecg/3B8D_w0333.npy,acc_chest/3B8D_w0333.npy,ppg_wrist/3B8D_w0333.npy,0.839,4.307,False,0.0,0.0,0.0
3B8D_w0334,3B8D,334,3373.0,3383.0,3373.0,3383.0,walk_after,chest+empatica,chest+empatica+forearm,gel,ecg/3B8D_w0334.npy,acc_chest/3B8D_w0334.npy,ppg_wrist/3B8D_w0334.npy,1.047,4.749,False,0.0,0.0,0.0
3B8D_w0335,3B8D,335,3383.0,3393.0,3383.0,3393.0,walk_after,chest+empatica,chest+empatica+forearm,gel,ecg/3B8D_w0335.npy,acc_chest/3B8D_w0335.npy,ppg_wrist/3B8D_w0335.npy,0.815,4.383,False,0.0,0.0,0.0
3B8D_w0336,3B8D,336,3393.0,3403.0,3393.0,3403.0,walk_after,chest+empatica,chest+empatica+forearm,gel,ecg/3B8D_w0336.npy,acc_chest/3B8D_w0336.npy,ppg_wrist/3B8D_w0336.npy,0.769,4.366,False,0.0,0.0,0.0
3B8D_w0337,3B8D,337,3403.0,3413.0,3403.0,3413.0,walk_after,chest+empatica,chest+empatica+forearm,gel,ecg/3B8D_w0337.npy,acc_chest/3B8D_w0337.npy,ppg_wrist/3B8D_w0337.npy,0.919,4.731,False,0.0,0.0,0.0
3B8D_w0338,3B8D,338,3413.0,3423.0,3413.0,3423.0,walk_after,chest+empatica,chest+empatica+forearm,gel,ecg/3B8D_w0338.npy,acc_chest/3B8D_w0338.npy,ppg_wrist/3B8D_w0338.npy,0.861,4.417,False,0.0,0.0,0.0
3B8D_w0339,3B8D,339,3423.0,3433.0,3423.0,3433.0,walk_after,chest+empatica,chest+empatica+forearm,gel,ecg/3B8D_w0339.npy,acc_chest/3B8D_w0339.npy,ppg_wrist/3B8D_w0339.npy,0.773,4.466,False,0.0,0.0,0.0
3B8D_w0340,3B8D,340,3433.0,3443.0,3433.0,3443.0,walk_after,chest+empatica,chest+empatica+forearm,gel,ecg/3B8D_w0340.npy,acc_chest/3B8D_w0340.npy,ppg_wrist/3B8D_w0340.npy,0.818,4.425,False,0.0,0.0,0.0
3B8D_w0341,3B8D,341,3443.0,3453.0,3443.0,3453.0,walk_after,chest+empatica,chest+empatica+forearm,gel,ecg/3B8D_w0341.npy,acc_chest/3B8D_w0341.npy,ppg_wrist/3B8D_w0341.npy,0.751,4.34,False,0.0,0.0,0.0
3B8D_w0342,3B8D,342,3453.0,3463.0,3453.0,3463.0,walk_after,chest+empatica,chest+empatica+forearm,gel,ecg/3B8D_w0342.npy,acc_chest/3B8D_w0342.npy,ppg_wrist/3B8D_w0342.npy,0.723,4.271,False,0.0,0.0,0.0
3B8D_w0343,3B8D,343,3463.0,3473.0,3463.0,3473.0,walk_after,chest+empatica,chest+empatica+forearm,gel,ecg/3B8D_w0343.npy,acc_chest/3B8D_w0343.npy,ppg_wrist/3B8D_w0343.npy,0.748,4.3,False,0.0,0.0,0.0
3B8D_w0344,3B8D,344,3473.0,3483.0,3473.0,3483.0,walk_after,chest+empatica,chest+empatica+forearm,gel,ecg/3B8D_w0344.npy,acc_chest/3B8D_w0344.npy,ppg_wrist/3B8D_w0344.npy,0.74,4.372,False,0.0,0.0,0.0
3B8D_w0345,3B8D,345,3483.0,3493.0,3483.0,3493.0,walk_after,chest+empatica,chest+empatica+forearm,gel,ecg/3B8D_w0345.npy,acc_chest/3B8D_w0345.npy,ppg_wrist/3B8D_w0345.npy,0.693,4.279,False,0.0,0.0,0.0
3B8D_w0346,3B8D,346,3493.0,3503.0,3493.0,3500.0,walk_after,chest+empatica,chest+empatica+forearm,gel,ecg/3B8D_w0346.npy,acc_chest/3B8D_w0346.npy,ppg_wrist/3B8D_w0346.npy,0.869,6.221,True,0.3,0.3,0.0
3RFH_w0000,3RFH,0,828.0,838.0,828.0,838.0,baseline,chest+empatica,chest+empatica+forearm,gel,ecg/3RFH_w0000.npy,acc_chest/3RFH_w0000.npy,ppg_wrist/3RFH_w0000.npy,0.304,11.324,False,0.0,0.0,0.0
3RFH_w0001,3RFH,1,838.0,848.0,838.0,848.0,baseline,chest+empatica,chest+empatica+forearm,gel,ecg/3RFH_w0001.npy,acc_chest/3RFH_w0001.npy,ppg_wrist/3RFH_w0001.npy,0.304,11.324,False,0.0,0.0,0.0
3RFH_w0002,3RFH,2,848.0,858.0,848.0,858.0,baseline,chest+empatica,chest+empatica+forearm,gel,ecg/3RFH_w0002.npy,acc_chest/3RFH_w0002.npy,ppg_wrist/3RFH_w0002.npy,0.304,11.324,False,0.0,0.0,0.0
3RFH_w0003,3RFH,3,858.0,868.0,858.0,868.0,baseline,chest+empatica,chest+empatica+forearm,gel,ecg/3RFH_w0003.npy,acc_chest/3RFH_w0003.npy,ppg_wrist/3RFH_w0003.npy,0.304,11.324,False,0.0,0.0,0.0
3RFH_w0004,3RFH,4,868.0,878.0,868.0,878.0,baseline,chest+empatica,chest+empatica+forearm,gel,ecg/3RFH_w0004.npy,acc_chest/3RFH_w0004.npy,ppg_wrist/3RFH_w0004.npy,0.304,11.324,False,0.0,0.0,0.0
3RFH_w0005,3RFH,5,878.0,888.0,878.0,888.0,baseline,chest+empatica,chest+empatica+forearm,gel,ecg/3RFH_w0005.npy,acc_chest/3RFH_w0005.npy,ppg_wrist/3RFH_w0005.npy,0.304,11.324,False,0.0,0.0,0.0
3RFH_w0006,3RFH,6,888.0,898.0,888.0,898.0,baseline,chest+empatica,chest+empatica+forearm,gel,ecg/3RFH_w0006.npy,acc_chest/3RFH_w0006.npy,ppg_wrist/3RFH_w0006.npy,0.304,11.324,False,0.0,0.0,0.0
3RFH_w0007,3RFH,7,898.0,908.0,898.0,908.0,baseline,chest+empatica,chest+empatica+forearm,gel,ecg/3RFH_w0007.npy,acc_chest/3RFH_w0007.npy,ppg_wrist/3RFH_w0007.npy,0.304,11.324,False,0.0,0.0,0.0
3RFH_w0008,3RFH,8,908.0,918.0,908.0,918.0,baseline,chest+empatica,chest+empatica+forearm,gel,ecg/3RFH_w0008.npy,acc_chest/3RFH_w0008.npy,ppg_wrist/3RFH_w0008.npy,0.304,11.324,False,0.0,0.0,0.0
3RFH_w0009,3RFH,9,918.0,928.0,918.0,928.0,baseline,chest+empatica,chest+empatica+forearm,gel,ecg/3RFH_w0009.npy,acc_chest/3RFH_w0009.npy,ppg_wrist/3RFH_w0009.npy,0.304,11.324,False,0.0,0.0,0.0
3RFH_w0010,3RFH,10,928.0,938.0,928.0,938.0,baseline,chest+empatica,chest+empatica+forearm,gel,ecg/3RFH_w0010.npy,acc_chest/3RFH_w0010.npy,ppg_wrist/3RFH_w0010.npy,0.304,11.324,False,0.0,0.0,0.0
3RFH_w0011,3RFH,11,938.0,948.0,938.0,948.0,baseline,chest+empatica,chest+empatica+forearm,gel,ecg/3RFH_w0011.npy,acc_chest/3RFH_w0011.npy,ppg_wrist/3RFH_w0011.npy,0.304,11.324,False,0.0,0.0,0.0
3RFH_w0012,3RFH,12,948.0,958.0,948.0,958.0,baseline,chest+empatica,chest+empatica+forearm,gel,ecg/3RFH_w0012.npy,acc_chest/3RFH_w0012.npy,ppg_wrist/3RFH_w0012.npy,0.304,11.324,False,0.0,0.0,0.0
3RFH_w0013,3RFH,13,958.0,968.0,958.0,968.0,baseline,chest+empatica,chest+empatica+forearm,gel,ecg/3RFH_w0013.npy,acc_chest/3RFH_w0013.npy,ppg_wrist/3RFH_w0013.npy,0.304,11.324,False,0.0,0.0,0.0
3RFH_w0014,3RFH,14,968.0,978.0,968.0,978.0,baseline,chest+empatica,chest+empatica+forearm,gel,ecg/3RFH_w0014.npy,acc_chest/3RFH_w0014.npy,ppg_wrist/3RFH_w0014.npy,0.304,11.324,False,0.0,0.0,0.0
3RFH_w0015,3RFH,15,978.0,988.0,978.0,988.0,baseline,chest+empatica,chest+empatica+forearm,gel,ecg/3RFH_w0015.npy,acc_chest/3RFH_w0015.npy,ppg_wrist/3RFH_w0015.npy,0.304,11.324,False,0.0,0.0,0.0
3RFH_w0016,3RFH,16,988.0,998.0,988.0,998.0,baseline,chest+empatica,chest+empatica+forearm,gel,ecg/3RFH_w0016.npy,acc_chest/3RFH_w0016.npy,ppg_wrist/3RFH_w0016.npy,0.304,11.324,False,0.0,0.0,0.0
3RFH_w0017,3RFH,17,998.0,1008.0,998.0,1008.0,baseline,chest+empatica,chest+empatica+forearm,gel,ecg/3RFH_w0017.npy,acc_chest/3RFH_w0017.npy,ppg_wrist/3RFH_w0017.npy,0.304,11.324,False,0.0,0.0,0.0
3RFH_w0018,3RFH,18,1008.0,1018.0,1008.0,1018.0,baseline,chest+empatica,chest+empatica+forearm,gel,ecg/3RFH_w0018.npy,acc_chest/3RFH_w0018.npy,ppg_wrist/3RFH_w0018.npy,0.304,11.324,False,0.0,0.0,0.0
3RFH_w0019,3RFH,19,1018.0,1028.0,1018.0,1028.0,baseline,chest+empatica,chest+empatica+forearm,gel,ecg/3RFH_w0019.npy,acc_chest/3RFH_w0019.npy,ppg_wrist/3RFH_w0019.npy,0.304,11.324,False,0.0,0.0,0.0
3RFH_w0020,3RFH,20,1028.0,1038.0,1028.0,1038.0,baseline,chest+empatica,chest+empatica+forearm,gel,ecg/3RFH_w0020.npy,acc_chest/3RFH_w0020.npy,ppg_wrist/3RFH_w0020.npy,0.304,11.324,False,0.0,0.0,0.0
3RFH_w0021,3RFH,21,1038.0,1048.0,1038.0,1048.0,baseline,chest+empatica,chest+empatica+forearm,gel,ecg/3RFH_w0021.npy,acc_chest/3RFH_w0021.npy,ppg_wrist/3RFH_w0021.npy,0.494,10.937,False,0.0,0.0,0.0
3RFH_w0022,3RFH,22,1048.0,1058.0,1048.0,1058.0,baseline,chest+empatica,chest+empatica+forearm,gel,ecg/3RFH_w0022.npy,acc_chest/3RFH_w0022.npy,ppg_wrist/3RFH_w0022.npy,0.717,4.65,False,0.0,0.0,0.0
3RFH_w0023,3RFH,23,1058.0,1068.0,1058.0,1068.0,lift,chest+empatica,chest+empatica+forearm,gel,ecg/3RFH_w0023.npy,acc_chest/3RFH_w0023.npy,ppg_wrist/3RFH_w0023.npy,0.734,5.411,False,0.0,0.0,0.0
3RFH_w0024,3RFH,24,1068.0,1078.0,1068.0,1078.0,lift,chest+empatica,chest+empatica+forearm,gel,ecg/3RFH_w0024.npy,acc_chest/3RFH_w0024.npy,ppg_wrist/3RFH_w0024.npy,0.681,4.32,False,0.0,0.0,0.0
3RFH_w0025,3RFH,25,1078.0,1088.0,1078.0,1088.0,lift,chest+empatica,chest+empatica+forearm,gel,ecg/3RFH_w0025.npy,acc_chest/3RFH_w0025.npy,ppg_wrist/3RFH_w0025.npy,0.626,2.306,False,0.0,0.0,0.0
3RFH_w0026,3RFH,26,1088.0,1098.0,1088.0,1098.0,lift,chest+empatica,chest+empatica+forearm,gel,ecg/3RFH_w0026.npy,acc_chest/3RFH_w0026.npy,ppg_wrist/3RFH_w0026.npy,0.691,3.613,False,0.0,0.0,0.0
3RFH_w0027,3RFH,27,1098.0,1108.0,1098.0,1108.0,lift,chest+empatica,chest+empatica+forearm,gel,ecg/3RFH_w0027.npy,acc_chest/3RFH_w0027.npy,ppg_wrist/3RFH_w0027.npy,0.698,4.269,False,0.0,0.0,0.0
3RFH_w0028,3RFH,28,1108.0,1118.0,1108.0,1118.0,lift,chest+empatica,chest+empatica+forearm,gel,ecg/3RFH_w0028.npy,acc_chest/3RFH_w0028.npy,ppg_wrist/3RFH_w0028.npy,0.715,3.44,False,0.0,0.0,0.0
3RFH_w0029,3RFH,29,1118.0,1128.0,1118.0,1128.0,lift,chest+empatica,chest+empatica+forearm,gel,ecg/3RFH_w0029.npy,acc_chest/3RFH_w0029.npy,ppg_wrist/3RFH_w0029.npy,0.686,2.827,False,0.0,0.0,0.0
3RFH_w0030,3RFH,30,1128.0,1138.0,1128.0,1138.0,lift,chest+empatica,chest+empatica+forearm,gel,ecg/3RFH_w0030.npy,acc_chest/3RFH_w0030.npy,ppg_wrist/3RFH_w0030.npy,0.73,4.337,False,0.0,0.0,0.0
3RFH_w0031,3RFH,31,1138.0,1148.0,1138.0,1148.0,lift,chest+empatica,chest+empatica+forearm,gel,ecg/3RFH_w0031.npy,acc_chest/3RFH_w0031.npy,ppg_wrist/3RFH_w0031.npy,0.733,5.248,False,0.0,0.0,0.0
3RFH_w0032,3RFH,32,1148.0,1158.0,1148.0,1158.0,lift,chest+empatica,chest+empatica+forearm,gel,ecg/3RFH_w0032.npy,acc_chest/3RFH_w0032.npy,ppg_wrist/3RFH_w0032.npy,0.697,4.043,False,0.0,0.0,0.0
3RFH_w0033,3RFH,33,1158.0,1168.0,1158.0,1168.0,lift,chest+empatica,chest+empatica+forearm,gel,ecg/3RFH_w0033.npy,acc_chest/3RFH_w0033.npy,ppg_wrist/3RFH_w0033.npy,0.687,3.061,False,0.0,0.0,0.0
3RFH_w0034,3RFH,34,1168.0,1178.0,1168.0,1178.0,lift,chest+empatica,chest+empatica+forearm,gel,ecg/3RFH_w0034.npy,acc_chest/3RFH_w0034.npy,ppg_wrist/3RFH_w0034.npy,0.778,11.314,False,0.0,0.0,0.0
3RFH_w0035,3RFH,35,1178.0,1188.0,1178.0,1188.0,lift,chest+empatica,chest+empatica+forearm,gel,ecg/3RFH_w0035.npy,acc_chest/3RFH_w0035.npy,ppg_wrist/3RFH_w0035.npy,0.304,11.324,False,0.0,0.0,0.0
3RFH_w0036,3RFH,36,1188.0,1198.0,1188.0,1198.0,lift,chest+empatica,chest+empatica+forearm,gel,ecg/3RFH_w0036.npy,acc_chest/3RFH_w0036.npy,ppg_wrist/3RFH_w0036.npy,0.304,11.324,False,0.0,0.0,0.0
3RFH_w0037,3RFH,37,1198.0,1208.0,1198.0,1208.0,lift,chest+empatica,chest+empatica+forearm,gel,ecg/3RFH_w0037.npy,acc_chest/3RFH_w0037.npy,ppg_wrist/3RFH_w0037.npy,0.304,11.324,False,0.0,0.0,0.0
3RFH_w0038,3RFH,38,1208.0,1218.0,1208.0,1218.0,lift,chest+empatica,chest+empatica+forearm,gel,ecg/3RFH_w0038.npy,acc_chest/3RFH_w0038.npy,ppg_wrist/3RFH_w0038.npy,0.304,11.324,False,0.0,0.0,0.0
3RFH_w0039,3RFH,39,1218.0,1228.0,1218.0,1228.0,lift,chest+empatica,chest+empatica+forearm,gel,ecg/3RFH_w0039.npy,acc_chest/3RFH_w0039.npy,ppg_wrist/3RFH_w0039.npy,0.304,11.324,False,0.0,0.0,0.0
3RFH_w0040,3RFH,40,1228.0,1238.0,1228.0,1238.0,lift,chest+empatica,chest+empatica+forearm,gel,ecg/3RFH_w0040.npy,acc_chest/3RFH_w0040.npy,ppg_wrist/3RFH_w0040.npy,0.304,11.324,False,0.0,0.0,0.0
3RFH_w0041,3RFH,41,1238.0,1248.0,1238.0,1248.0,lift,chest+empatica,chest+empatica+forearm,gel,ecg/3RFH_w0041.npy,acc_chest/3RFH_w0041.npy,ppg_wrist/3RFH_w0041.npy,0.304,11.324,False,0.0,0.0,0.0
3RFH_w0042,3RFH,42,1248.0,1258.0,1248.0,1258.0,lift,chest+empatica,chest+empatica+forearm,gel,ecg/3RFH_w0042.npy,acc_chest/3RFH_w0042.npy,ppg_wrist/3RFH_w0042.npy,0.304,11.324,False,0.0,0.0,0.0
3RFH_w0043,3RFH,43,1258.0,1268.0,1258.0,1268.0,lift,chest+empatica,chest+empatica+forearm,gel,ecg/3RFH_w0043.npy,acc_chest/3RFH_w0043.npy,ppg_wrist/3RFH_w0043.npy,0.304,11.324,False,0.0,0.0,0.0
3RFH_w0044,3RFH,44,1268.0,1278.0,1268.0,1278.0,lift,chest+empatica,chest+empatica+forearm,gel,ecg/3RFH_w0044.npy,acc_chest/3RFH_w0044.npy,ppg_wrist/3RFH_w0044.npy,0.304,11.324,False,0.0,0.0,0.0
3RFH_w0045,3RFH,45,1278.0,1288.0,1278.0,1288.0,lift,chest+empatica,chest+empatica+forearm,gel,ecg/3RFH_w0045.npy,acc_chest/3RFH_w0045.npy,ppg_wrist/3RFH_w0045.npy,0.304,11.324,False,0.0,0.0,0.0
3RFH_w0046,3RFH,46,1288.0,1298.0,1288.0,1298.0,lift,chest+empatica,chest+empatica+forearm,gel,ecg/3RFH_w0046.npy,acc_chest/3RFH_w0046.npy,ppg_wrist/3RFH_w0046.npy,0.304,11.324,False,0.0,0.0,0.0
3RFH_w0047,3RFH,47,1298.0,1308.0,1298.0,1308.0,lift,chest+empatica,chest+empatica+forearm,gel,ecg/3RFH_w0047.npy,acc_chest/3RFH_w0047.npy,ppg_wrist/3RFH_w0047.npy,0.826,11.961,False,0.0,0.0,0.0
3RFH_w0048,3RFH,48,1308.0,1318.0,1308.0,1318.0,greetings,chest+empatica,chest+empatica+forearm,gel,ecg/3RFH_w0048.npy,acc_chest/3RFH_w0048.npy,ppg_wrist/3RFH_w0048.npy,0.701,3.623,False,0.0,0.0,0.0
3RFH_w0049,3RFH,49,1318.0,1328.0,1318.0,1328.0,greetings,chest+empatica,chest+empatica+forearm,gel,ecg/3RFH_w0049.npy,acc_chest/3RFH_w0049.npy,ppg_wrist/3RFH_w0049.npy,0.734,3.575,False,0.0,0.0,0.0
3RFH_w0050,3RFH,50,1328.0,1338.0,1328.0,1338.0,greetings,chest+empatica,chest+empatica+forearm,gel,ecg/3RFH_w0050.npy,acc_chest/3RFH_w0050.npy,ppg_wrist/3RFH_w0050.npy,0.78,3.044,False,0.0,0.0,0.0
3RFH_w0051,3RFH,51,1338.0,1348.0,1338.0,1348.0,greetings,chest+empatica,chest+empatica+forearm,gel,ecg/3RFH_w0051.npy,acc_chest/3RFH_w0051.npy,ppg_wrist/3RFH_w0051.npy,0.774,3.254,False,0.0,0.0,0.0
3RFH_w0052,3RFH,52,1348.0,1358.0,1348.0,1358.0,greetings,chest+empatica,chest+empatica+forearm,gel,ecg/3RFH_w0052.npy,acc_chest/3RFH_w0052.npy,ppg_wrist/3RFH_w0052.npy,0.515,11.809,False,0.0,0.0,0.0
3RFH_w0053,3RFH,53,1358.0,1368.0,1358.0,1368.0,greetings,chest+empatica,chest+empatica+forearm,gel,ecg/3RFH_w0053.npy,acc_chest/3RFH_w0053.npy,ppg_wrist/3RFH_w0053.npy,0.304,11.324,False,0.0,0.0,0.0
3RFH_w0054,3RFH,54,1368.0,1378.0,1368.0,1378.0,greetings,chest+empatica,chest+empatica+forearm,gel,ecg/3RFH_w0054.npy,acc_chest/3RFH_w0054.npy,ppg_wrist/3RFH_w0054.npy,0.304,11.324,False,0.0,0.0,0.0
3RFH_w0055,3RFH,55,1378.0,1388.0,1378.0,1388.0,greetings,chest+empatica,chest+empatica+forearm,gel,ecg/3RFH_w0055.npy,acc_chest/3RFH_w0055.npy,ppg_wrist/3RFH_w0055.npy,0.304,11.324,False,0.0,0.0,0.0
3RFH_w0056,3RFH,56,1388.0,1398.0,1388.0,1398.0,greetings,chest+empatica,chest+empatica+forearm,gel,ecg/3RFH_w0056.npy,acc_chest/3RFH_w0056.npy,ppg_wrist/3RFH_w0056.npy,0.304,11.324,False,0.0,0.0,0.0
3RFH_w0057,3RFH,57,1398.0,1408.0,1398.0,1408.0,greetings,chest+empatica,chest+empatica+forearm,gel,ecg/3RFH_w0057.npy,acc_chest/3RFH_w0057.npy,ppg_wrist/3RFH_w0057.npy,0.533,10.87,False,0.0,0.0,0.0
3RFH_w0058,3RFH,58,1408.0,1418.0,1408.0,1418.0,gesticulate,chest+empatica,chest+empatica+forearm,gel,ecg/3RFH_w0058.npy,acc_chest/3RFH_w0058.npy,ppg_wrist/3RFH_w0058.npy,0.707,3.216,False,0.0,0.0,0.0
3RFH_w0059,3RFH,59,1418.0,1428.0,1418.0,1428.0,gesticulate,chest+empatica,chest+empatica+forearm,gel,ecg/3RFH_w0059.npy,acc_chest/3RFH_w0059.npy,ppg_wrist/3RFH_w0059.npy,0.727,3.631,False,0.0,0.0,0.0
3RFH_w0060,3RFH,60,1428.0,1438.0,1428.0,1438.0,gesticulate,chest+empatica,chest+empatica+forearm,gel,ecg/3RFH_w0060.npy,acc_chest/3RFH_w0060.npy,ppg_wrist/3RFH_w0060.npy,0.744,3.51,False,0.0,0.0,0.0
3RFH_w0061,3RFH,61,1438.0,1448.0,1438.0,1448.0,gesticulate,chest+empatica,chest+empatica+forearm,gel,ecg/3RFH_w0061.npy,acc_chest/3RFH_w0061.npy,ppg_wrist/3RFH_w0061.npy,0.72,3.613,False,0.0,0.0,0.0
3RFH_w0062,3RFH,62,1448.0,1458.0,1448.0,1458.0,gesticulate,chest+empatica,chest+empatica+forearm,gel,ecg/3RFH_w0062.npy,acc_chest/3RFH_w0062.npy,ppg_wrist/3RFH_w0062.npy,0.739,3.465,False,0.0,0.0,0.0
3RFH_w0063,3RFH,63,1458.0,1468.0,1458.0,1468.0,gesticulate,chest+empatica,chest+empatica+forearm,gel,ecg/3RFH_w0063.npy,acc_chest/3RFH_w0063.npy,ppg_wrist/3RFH_w0063.npy,0.738,3.46,False,0.0,0.0,0.0
3RFH_w0064,3RFH,64,1468.0,1478.0,1468.0,1478.0,gesticulate,chest+empatica,chest+empatica+forearm,gel,ecg/3RFH_w0064.npy,acc_chest/3RFH_w0064.npy,ppg_wrist/3RFH_w0064.npy,0.778,3.205,False,0.0,0.0,0.0
3RFH_w0065,3RFH,65,1478.0,1488.0,1478.0,1488.0,gesticulate,chest+empatica,chest+empatica+forearm,gel,ecg/3RFH_w0065.npy,acc_chest/3RFH_w0065.npy,ppg_wrist/3RFH_w0065.npy,0.766,3.504,False,0.0,0.0,0.0
3RFH_w0066,3RFH,66,1488.0,1498.0,1488.0,1498.0,gesticulate,chest+empatica,chest+empatica+forearm,gel,ecg/3RFH_w0066.npy,acc_chest/3RFH_w0066.npy,ppg_wrist/3RFH_w0066.npy,0.723,3.622,False,0.0,0.0,0.0
3RFH_w0067,3RFH,67,1498.0,1508.0,1498.0,1508.0,gesticulate,chest+empatica,chest+empatica+forearm,gel,ecg/3RFH_w0067.npy,acc_chest/3RFH_w0067.npy,ppg_wrist/3RFH_w0067.npy,0.775,3.368,False,0.0,0.0,0.0
3RFH_w0068,3RFH,68,1508.0,1518.0,1508.0,1518.0,gesticulate,chest+empatica,chest+empatica+forearm,gel,ecg/3RFH_w0068.npy,acc_chest/3RFH_w0068.npy,ppg_wrist/3RFH_w0068.npy,0.762,3.494,False,0.0,0.0,0.0
3RFH_w0069,3RFH,69,1518.0,1528.0,1518.0,1528.0,gesticulate,chest+empatica,chest+empatica+forearm,gel,ecg/3RFH_w0069.npy,acc_chest/3RFH_w0069.npy,ppg_wrist/3RFH_w0069.npy,0.719,3.125,False,0.0,0.0,0.0
3RFH_w0070,3RFH,70,1528.0,1538.0,1528.0,1538.0,gesticulate,chest+empatica,chest+empatica+forearm,gel,ecg/3RFH_w0070.npy,acc_chest/3RFH_w0070.npy,ppg_wrist/3RFH_w0070.npy,0.715,3.253,False,0.0,0.0,0.0
3RFH_w0071,3RFH,71,1538.0,1548.0,1538.0,1548.0,gesticulate,chest+empatica,chest+empatica+forearm,gel,ecg/3RFH_w0071.npy,acc_chest/3RFH_w0071.npy,ppg_wrist/3RFH_w0071.npy,0.729,3.394,False,0.0,0.0,0.0
3RFH_w0072,3RFH,72,1548.0,1558.0,1548.0,1558.0,gesticulate,chest+empatica,chest+empatica+forearm,gel,ecg/3RFH_w0072.npy,acc_chest/3RFH_w0072.npy,ppg_wrist/3RFH_w0072.npy,0.74,2.91,False,0.0,0.0,0.0
3RFH_w0073,3RFH,73,1558.0,1568.0,1558.0,1568.0,gesticulate,chest+empatica,chest+empatica+forearm,gel,ecg/3RFH_w0073.npy,acc_chest/3RFH_w0073.npy,ppg_wrist/3RFH_w0073.npy,0.709,2.992,False,0.0,0.0,0.0
3RFH_w0074,3RFH,74,1568.0,1578.0,1568.0,1578.0,gesticulate,chest+empatica,chest+empatica+forearm,gel,ecg/3RFH_w0074.npy,acc_chest/3RFH_w0074.npy,ppg_wrist/3RFH_w0074.npy,0.708,3.566,False,0.0,0.0,0.0
3RFH_w0075,3RFH,75,1578.0,1588.0,1578.0,1588.0,gesticulate,chest+empatica,chest+empatica+forearm,gel,ecg/3RFH_w0075.npy,acc_chest/3RFH_w0075.npy,ppg_wrist/3RFH_w0075.npy,0.736,3.459,False,0.0,0.0,0.0
3RFH_w0076,3RFH,76,1588.0,1598.0,1588.0,1598.0,gesticulate,chest+empatica,chest+empatica+forearm,gel,ecg/3RFH_w0076.npy,acc_chest/3RFH_w0076.npy,ppg_wrist/3RFH_w0076.npy,0.722,3.098,False,0.0,0.0,0.0
3RFH_w0077,3RFH,77,1598.0,1608.0,1598.0,1608.0,gesticulate,chest+empatica,chest+empatica+forearm,gel,ecg/3RFH_w0077.npy,acc_chest/3RFH_w0077.npy,ppg_wrist/3RFH_w0077.npy,0.707,2.883,False,0.0,0.0,0.0
3RFH_w0078,3RFH,78,1608.0,1618.0,1608.0,1618.0,gesticulate,chest+empatica,chest+empatica+forearm,gel,ecg/3RFH_w0078.npy,acc_chest/3RFH_w0078.npy,ppg_wrist/3RFH_w0078.npy,0.701,2.935,False,0.0,0.0,0.0
3RFH_w0079,3RFH,79,1618.0,1628.0,1618.0,1628.0,gesticulate,chest+empatica,chest+empatica+forearm,gel,ecg/3RFH_w0079.npy,acc_chest/3RFH_w0079.npy,ppg_wrist/3RFH_w0079.npy,0.77,3.767,False,0.0,0.0,0.0
3RFH_w0080,3RFH,80,1628.0,1638.0,1628.0,1638.0,gesticulate,chest+empatica,chest+empatica+forearm,gel,ecg/3RFH_w0080.npy,acc_chest/3RFH_w0080.npy,ppg_wrist/3RFH_w0080.npy,0.76,3.993,False,0.0,0.0,0.0
3RFH_w0081,3RFH,81,1638.0,1648.0,1638.0,1648.0,gesticulate,chest+empatica,chest+empatica+forearm,gel,ecg/3RFH_w0081.npy,acc_chest/3RFH_w0081.npy,ppg_wrist/3RFH_w0081.npy,0.717,3.24,False,0.0,0.0,0.0
3RFH_w0082,3RFH,82,1648.0,1658.0,1648.0,1658.0,gesticulate,chest+empatica,chest+empatica+forearm,gel,ecg/3RFH_w0082.npy,acc_chest/3RFH_w0082.npy,ppg_wrist/3RFH_w0082.npy,0.421,11.903,False,0.0,0.0,0.0
3RFH_w0083,3RFH,83,1658.0,1668.0,1658.0,1668.0,gesticulate,chest+empatica,chest+empatica+forearm,gel,ecg/3RFH_w0083.npy,acc_chest/3RFH_w0083.npy,ppg_wrist/3RFH_w0083.npy,0.304,11.324,False,0.0,0.0,0.0
3RFH_w0084,3RFH,84,1668.0,1678.0,1668.0,1678.0,gesticulate,chest+empatica,chest+empatica+forearm,gel,ecg/3RFH_w0084.npy,acc_chest/3RFH_w0084.npy,ppg_wrist/3RFH_w0084.npy,0.304,11.324,False,0.0,0.0,0.0
3RFH_w0085,3RFH,85,1678.0,1688.0,1678.0,1688.0,gesticulate,chest+empatica,chest+empatica+forearm,gel,ecg/3RFH_w0085.npy,acc_chest/3RFH_w0085.npy,ppg_wrist/3RFH_w0085.npy,0.304,11.324,False,0.0,0.0,0.0
3RFH_w0086,3RFH,86,1688.0,1698.0,1688.0,1698.0,gesticulate,chest+empatica,chest+empatica+forearm,gel,ecg/3RFH_w0086.npy,acc_chest/3RFH_w0086.npy,ppg_wrist/3RFH_w0086.npy,0.304,11.324,False,0.0,0.0,0.0
3RFH_w0087,3RFH,87,1698.0,1708.0,1698.0,1708.0,gesticulate,chest+empatica,chest+empatica+forearm,gel,ecg/3RFH_w0087.npy,acc_chest/3RFH_w0087.npy,ppg_wrist/3RFH_w0087.npy,0.304,11.324,False,0.0,0.0,0.0
3RFH_w0088,3RFH,88,1708.0,1718.0,1708.0,1718.0,gesticulate,chest+empatica,chest+empatica+forearm,gel,ecg/3RFH_w0088.npy,acc_chest/3RFH_w0088.npy,ppg_wrist/3RFH_w0088.npy,0.304,11.324,False,0.0,0.0,0.0
3RFH_w0089,3RFH,89,1718.0,1728.0,1718.0,1728.0,gesticulate,chest+empatica,chest+empatica+forearm,gel,ecg/3RFH_w0089.npy,acc_chest/3RFH_w0089.npy,ppg_wrist/3RFH_w0089.npy,0.304,11.324,False,0.0,0.0,0.0
3RFH_w0090,3RFH,90,1728.0,1738.0,1728.0,1738.0,gesticulate,chest+empatica,chest+empatica+forearm,gel,ecg/3RFH_w0090.npy,acc_chest/3RFH_w0090.npy,ppg_wrist/3RFH_w0090.npy,0.304,11.324,False,0.0,0.0,0.0
3RFH_w0091,3RFH,91,1738.0,1748.0,1738.0,1748.0,gesticulate,chest+empatica,chest+empatica+forearm,gel,ecg/3RFH_w0091.npy,acc_chest/3RFH_w0091.npy,ppg_wrist/3RFH_w0091.npy,0.304,11.324,False,0.0,0.0,0.0
3RFH_w0092,3RFH,92,1748.0,1758.0,1748.0,1758.0,gesticulate,chest+empatica,chest+empatica+forearm,gel,ecg/3RFH_w0092.npy,acc_chest/3RFH_w0092.npy,ppg_wrist/3RFH_w0092.npy,0.304,11.324,False,0.0,0.0,0.0
3RFH_w0093,3RFH,93,1758.0,1768.0,1758.0,1768.0,gesticulate,chest+empatica,chest+empatica+forearm,gel,ecg/3RFH_w0093.npy,acc_chest/3RFH_w0093.npy,ppg_wrist/3RFH_w0093.npy,0.304,11.324,False,0.0,0.0,0.0
3RFH_w0094,3RFH,94,1768.0,1778.0,1768.0,1778.0,gesticulate,chest+empatica,chest+empatica+forearm,gel,ecg/3RFH_w0094.npy,acc_chest/3RFH_w0094.npy,ppg_wrist/3RFH_w0094.npy,0.304,11.324,False,0.0,0.0,0.0
3RFH_w0095,3RFH,95,1778.0,1788.0,1778.0,1788.0,gesticulate,chest+empatica,chest+empatica+forearm,gel,ecg/3RFH_w0095.npy,acc_chest/3RFH_w0095.npy,ppg_wrist/3RFH_w0095.npy,0.304,11.324,False,0.0,0.0,0.0
3RFH_w0096,3RFH,96,1788.0,1798.0,1788.0,1798.0,gesticulate,chest+empatica,chest+empatica+forearm,gel,ecg/3RFH_w0096.npy,acc_chest/3RFH_w0096.npy,ppg_wrist/3RFH_w0096.npy,0.304,11.324,False,0.0,0.0,0.0
3RFH_w0097,3RFH,97,1798.0,1808.0,1798.0,1808.0,gesticulate,chest+empatica,chest+empatica+forearm,gel,ecg/3RFH_w0097.npy,acc_chest/3RFH_w0097.npy,ppg_wrist/3RFH_w0097.npy,0.304,11.324,False,0.0,0.0,0.0
3RFH_w0098,3RFH,98,1808.0,1818.0,1808.0,1818.0,gesticulate,chest+empatica,chest+empatica+forearm,gel,ecg/3RFH_w0098.npy,acc_chest/3RFH_w0098.npy,ppg_wrist/3RFH_w0098.npy,0.304,11.324,False,0.0,0.0,0.0
3RFH_w0099,3RFH,99,1818.0,1828.0,1818.0,1828.0,gesticulate,chest+empatica,chest+empatica+forearm,gel,ecg/3RFH_w0099.npy,acc_chest/3RFH_w0099.npy,ppg_wrist/3RFH_w0099.npy,0.304,11.324,False,0.0,0.0,0.0
3RFH_w0100,3RFH,100,1828.0,1838.0,1828.0,1838.0,gesticulate,chest+empatica,chest+empatica+forearm,gel,ecg/3RFH_w0100.npy,acc_chest/3RFH_w0100.npy,ppg_wrist/3RFH_w0100.npy,0.304,11.324,False,0.0,0.0,0.0
3RFH_w0101,3RFH,101,1838.0,1848.0,1838.0,1848.0,gesticulate,chest+empatica,chest+empatica+forearm,gel,ecg/3RFH_w0101.npy,acc_chest/3RFH_w0101.npy,ppg_wrist/3RFH_w0101.npy,0.304,11.324,False,0.0,0.0,0.0
3RFH_w0102,3RFH,102,1848.0,1858.0,1848.0,1858.0,gesticulate,chest+empatica,chest+empatica+forearm,gel,ecg/3RFH_w0102.npy,acc_chest/3RFH_w0102.npy,ppg_wrist/3RFH_w0102.npy,0.304,11.324,False,0.0,0.0,0.0
3RFH_w0103,3RFH,103,1858.0,1868.0,1858.0,1868.0,gesticulate,chest+empatica,chest+empatica+forearm,gel,ecg/3RFH_w0103.npy,acc_chest/3RFH_w0103.npy,ppg_wrist/3RFH_w0103.npy,0.304,11.324,False,0.0,0.0,0.0
3RFH_w0104,3RFH,104,1868.0,1878.0,1868.0,1878.0,gesticulate,chest+empatica,chest+empatica+forearm,gel,ecg/3RFH_w0104.npy,acc_chest/3RFH_w0104.npy,ppg_wrist/3RFH_w0104.npy,0.304,11.324,False,0.0,0.0,0.0
3RFH_w0105,3RFH,105,1878.0,1888.0,1878.0,1888.0,gesticulate,chest+empatica,chest+empatica+forearm,gel,ecg/3RFH_w0105.npy,acc_chest/3RFH_w0105.npy,ppg_wrist/3RFH_w0105.npy,0.304,11.324,False,0.0,0.0,0.0
3RFH_w0106,3RFH,106,1888.0,1898.0,1888.0,1898.0,gesticulate,chest+empatica,chest+empatica+forearm,gel,ecg/3RFH_w0106.npy,acc_chest/3RFH_w0106.npy,ppg_wrist/3RFH_w0106.npy,0.304,11.324,False,0.0,0.0,0.0
3RFH_w0107,3RFH,107,1898.0,1908.0,1898.0,1908.0,gesticulate,chest+empatica,chest+empatica+forearm,gel,ecg/3RFH_w0107.npy,acc_chest/3RFH_w0107.npy,ppg_wrist/3RFH_w0107.npy,0.304,11.324,False,0.0,0.0,0.0
3RFH_w0108,3RFH,108,1908.0,1918.0,1908.0,1918.0,gesticulate,chest+empatica,chest+empatica+forearm,gel,ecg/3RFH_w0108.npy,acc_chest/3RFH_w0108.npy,ppg_wrist/3RFH_w0108.npy,0.304,11.324,False,0.0,0.0,0.0
3RFH_w0109,3RFH,109,1918.0,1928.0,1918.0,1928.0,gesticulate,chest+empatica,chest+empatica+forearm,gel,ecg/3RFH_w0109.npy,acc_chest/3RFH_w0109.npy,ppg_wrist/3RFH_w0109.npy,0.304,11.324,False,0.0,0.0,0.0
3RFH_w0110,3RFH,110,1928.0,1938.0,1928.0,1938.0,gesticulate,chest+empatica,chest+empatica+forearm,gel,ecg/3RFH_w0110.npy,acc_chest/3RFH_w0110.npy,ppg_wrist/3RFH_w0110.npy,0.304,11.324,False,0.0,0.0,0.0
3RFH_w0111,3RFH,111,1938.0,1948.0,1938.0,1948.0,gesticulate,chest+empatica,chest+empatica+forearm,gel,ecg/3RFH_w0111.npy,acc_chest/3RFH_w0111.npy,ppg_wrist/3RFH_w0111.npy,0.304,11.324,False,0.0,0.0,0.0
3RFH_w0112,3RFH,112,1948.0,1958.0,1948.0,1958.0,gesticulate,chest+empatica,chest+empatica+forearm,gel,ecg/3RFH_w0112.npy,acc_chest/3RFH_w0112.npy,ppg_wrist/3RFH_w0112.npy,0.304,11.324,False,0.0,0.0,0.0
3RFH_w0113,3RFH,113,1958.0,1968.0,1958.0,1968.0,gesticulate,chest+empatica,chest+empatica+forearm,gel,ecg/3RFH_w0113.npy,acc_chest/3RFH_w0113.npy,ppg_wrist/3RFH_w0113.npy,0.304,11.324,False,0.0,0.0,0.0
3RFH_w0114,3RFH,114,1968.0,1978.0,1968.0,1978.0,gesticulate,chest+empatica,chest+empatica+forearm,gel,ecg/3RFH_w0114.npy,acc_chest/3RFH_w0114.npy,ppg_wrist/3RFH_w0114.npy,0.304,11.324,False,0.0,0.0,0.0
3RFH_w0115,3RFH,115,1978.0,1988.0,1978.0,1988.0,gesticulate,chest+empatica,chest+empatica+forearm,gel,ecg/3RFH_w0115.npy,acc_chest/3RFH_w0115.npy,ppg_wrist/3RFH_w0115.npy,0.304,11.324,False,0.0,0.0,0.0
3RFH_w0116,3RFH,116,1988.0,1998.0,1988.0,1998.0,gesticulate,chest+empatica,chest+empatica+forearm,gel,ecg/3RFH_w0116.npy,acc_chest/3RFH_w0116.npy,ppg_wrist/3RFH_w0116.npy,0.304,11.324,False,0.0,0.0,0.0
3RFH_w0117,3RFH,117,1998.0,2008.0,1998.0,2008.0,gesticulate,chest+empatica,chest+empatica+forearm,gel,ecg/3RFH_w0117.npy,acc_chest/3RFH_w0117.npy,ppg_wrist/3RFH_w0117.npy,0.866,11.865,False,0.0,0.0,0.0
3RFH_w0118,3RFH,118,2008.0,2018.0,2008.0,2018.0,gesticulate,chest+empatica,chest+empatica+forearm,gel,ecg/3RFH_w0118.npy,acc_chest/3RFH_w0118.npy,ppg_wrist/3RFH_w0118.npy,1.446,4.945,False,0.0,0.0,0.0
3RFH_w0119,3RFH,119,2018.0,2028.0,2018.0,2028.0,gesticulate,chest+empatica,chest+empatica+forearm,gel,ecg/3RFH_w0119.npy,acc_chest/3RFH_w0119.npy,ppg_wrist/3RFH_w0119.npy,1.737,4.977,False,0.0,0.0,0.0
3RFH_w0120,3RFH,120,2028.0,2038.0,2028.0,2038.0,gesticulate,chest+empatica,chest+empatica+forearm,gel,ecg/3RFH_w0120.npy,acc_chest/3RFH_w0120.npy,ppg_wrist/3RFH_w0120.npy,2.039,6.406,False,0.0,0.0,0.0
3RFH_w0121,3RFH,121,2038.0,2048.0,2038.0,2048.0,gesticulate,chest+empatica,chest+empatica+forearm,gel,ecg/3RFH_w0121.npy,acc_chest/3RFH_w0121.npy,ppg_wrist/3RFH_w0121.npy,1.562,4.381,False,0.0,0.0,0.0
3RFH_w0122,3RFH,122,2048.0,2058.0,2048.0,2058.0,gesticulate,chest+empatica,chest+empatica+forearm,gel,ecg/3RFH_w0122.npy,acc_chest/3RFH_w0122.npy,ppg_wrist/3RFH_w0122.npy,1.376,3.614,False,0.0,0.0,0.0
3RFH_w0123,3RFH,123,2058.0,2068.0,2058.0,2068.0,gesticulate,chest+empatica,chest+empatica+forearm,gel,ecg/3RFH_w0123.npy,acc_chest/3RFH_w0123.npy,ppg_wrist/3RFH_w0123.npy,1.47,5.322,False,0.0,0.0,0.0
3RFH_w0124,3RFH,124,2068.0,2078.0,2068.0,2078.0,gesticulate,chest+empatica,chest+empatica+forearm,gel,ecg/3RFH_w0124.npy,acc_chest/3RFH_w0124.npy,ppg_wrist/3RFH_w0124.npy,0.46,11.634,False,0.0,0.0,0.0
3RFH_w0125,3RFH,125,2078.0,2088.0,2078.0,2088.0,gesticulate,chest+empatica,chest+empatica+forearm,gel,ecg/3RFH_w0125.npy,acc_chest/3RFH_w0125.npy,ppg_wrist/3RFH_w0125.npy,0.304,11.324,False,0.0,0.0,0.0
3RFH_w0126,3RFH,126,2088.0,2098.0,2088.0,2098.0,gesticulate,chest+empatica,chest+empatica+forearm,gel,ecg/3RFH_w0126.npy,acc_chest/3RFH_w0126.npy,ppg_wrist/3RFH_w0126.npy,0.304,11.324,False,0.0,0.0,0.0
3RFH_w0127,3RFH,127,2098.0,2108.0,2098.0,2108.0,gesticulate,chest+empatica,chest+empatica+forearm,gel,ecg/3RFH_w0127.npy,acc_chest/3RFH_w0127.npy,ppg_wrist/3RFH_w0127.npy,0.304,11.324,False,0.0,0.0,0.0
3RFH_w0128,3RFH,128,2108.0,2118.0,2108.0,2118.0,gesticulate,chest+empatica,chest+empatica+forearm,gel,ecg/3RFH_w0128.npy,acc_chest/3RFH_w0128.npy,ppg_wrist/3RFH_w0128.npy,0.304,11.324,False,0.0,0.0,0.0
3RFH_w0129,3RFH,129,2118.0,2128.0,2118.0,2128.0,gesticulate,chest+empatica,chest+empatica+forearm,gel,ecg/3RFH_w0129.npy,acc_chest/3RFH_w0129.npy,ppg_wrist/3RFH_w0129.npy,0.304,11.324,False,0.0,0.0,0.0
3RFH_w0130,3RFH,130,2128.0,2138.0,2128.0,2138.0,gesticulate,chest+empatica,chest+empatica+forearm,gel,ecg/3RFH_w0130.npy,acc_chest/3RFH_w0130.npy,ppg_wrist/3RFH_w0130.npy,0.304,11.324,False,0.0,0.0,0.0
3RFH_w0131,3RFH,131,2138.0,2148.0,2138.0,2148.0,gesticulate,chest+empatica,chest+empatica+forearm,gel,ecg/3RFH_w0131.npy,acc_chest/3RFH_w0131.npy,ppg_wrist/3RFH_w0131.npy,0.304,11.324,False,0.0,0.0,0.0
3RFH_w0132,3RFH,132,2148.0,2158.0,2148.0,2158.0,gesticulate,chest+empatica,chest+empatica+forearm,gel,ecg/3RFH_w0132.npy,acc_chest/3RFH_w0132.npy,ppg_wrist/3RFH_w0132.npy,0.304,11.324,False,0.0,0.0,0.0
3RFH_w0133,3RFH,133,2158.0,2168.0,2158.0,2168.0,gesticulate,chest+empatica,chest+empatica+forearm,gel,ecg/3RFH_w0133.npy,acc_chest/3RFH_w0133.npy,ppg_wrist/3RFH_w0133.npy,0.304,11.324,False,0.0,0.0,0.0
3RFH_w0134,3RFH,134,2168.0,2178.0,2168.0,2178.0,gesticulate,chest+empatica,chest+empatica+forearm,gel,ecg/3RFH_w0134.npy,acc_chest/3RFH_w0134.npy,ppg_wrist/3RFH_w0134.npy,0.304,11.324,False,0.0,0.0,0.0
3RFH_w0135,3RFH,135,2178.0,2188.0,2178.0,2188.0,gesticulate,chest+empatica,chest+empatica+forearm,gel,ecg/3RFH_w0135.npy,acc_chest/3RFH_w0135.npy,ppg_wrist/3RFH_w0135.npy,0.304,11.324,False,0.0,0.0,0.0
3RFH_w0136,3RFH,136,2188.0,2198.0,2188.0,2198.0,gesticulate,chest+empatica,chest+empatica+forearm,gel,ecg/3RFH_w0136.npy,acc_chest/3RFH_w0136.npy,ppg_wrist/3RFH_w0136.npy,0.304,11.324,False,0.0,0.0,0.0
3RFH_w0137,3RFH,137,2198.0,2208.0,2198.0,2208.0,gesticulate,chest+empatica,chest+empatica+forearm,gel,ecg/3RFH_w0137.npy,acc_chest/3RFH_w0137.npy,ppg_wrist/3RFH_w0137.npy,0.304,11.324,False,0.0,0.0,0.0
3RFH_w0138,3RFH,138,2208.0,2218.0,2208.0,2218.0,gesticulate,chest+empatica,chest+empatica+forearm,gel,ecg/3RFH_w0138.npy,acc_chest/3RFH_w0138.npy,ppg_wrist/3RFH_w0138.npy,0.304,11.324,False,0.0,0.0,0.0
3RFH_w0139,3RFH,139,2218.0,2228.0,2218.0,2228.0,gesticulate,chest+empatica,chest+empatica+forearm,gel,ecg/3RFH_w0139.npy,acc_chest/3RFH_w0139.npy,ppg_wrist/3RFH_w0139.npy,0.304,11.324,False,0.0,0.0,0.0
3RFH_w0140,3RFH,140,2228.0,2238.0,2228.0,2238.0,gesticulate,chest+empatica,chest+empatica+forearm,gel,ecg/3RFH_w0140.npy,acc_chest/3RFH_w0140.npy,ppg_wrist/3RFH_w0140.npy,0.304,11.324,False,0.0,0.0,0.0
3RFH_w0141,3RFH,141,2238.0,2248.0,2238.0,2248.0,gesticulate,chest+empatica,chest+empatica+forearm,gel,ecg/3RFH_w0141.npy,acc_chest/3RFH_w0141.npy,ppg_wrist/3RFH_w0141.npy,0.304,11.324,False,0.0,0.0,0.0
3RFH_w0142,3RFH,142,2248.0,2258.0,2248.0,2258.0,gesticulate,chest+empatica,chest+empatica+forearm,gel,ecg/3RFH_w0142.npy,acc_chest/3RFH_w0142.npy,ppg_wrist/3RFH_w0142.npy,0.304,11.324,False,0.0,0.0,0.0
3RFH_w0143,3RFH,143,2258.0,2268.0,2258.0,2268.0,gesticulate,chest+empatica,chest+empatica+forearm,gel,ecg/3RFH_w0143.npy,acc_chest/3RFH_w0143.npy,ppg_wrist/3RFH_w0143.npy,0.304,11.324,False,0.0,0.0,0.0
3RFH_w0144,3RFH,144,2268.0,2278.0,2268.0,2278.0,gesticulate,chest+empatica,chest+empatica+forearm,gel,ecg/3RFH_w0144.npy,acc_chest/3RFH_w0144.npy,ppg_wrist/3RFH_w0144.npy,0.304,11.324,False,0.0,0.0,0.0
3RFH_w0145,3RFH,145,2278.0,2288.0,2278.0,2288.0,walk_before,chest+empatica,chest+empatica+forearm,gel,ecg/3RFH_w0145.npy,acc_chest/3RFH_w0145.npy,ppg_wrist/3RFH_w0145.npy,0.304,11.324,False,0.0,0.0,0.0
3RFH_w0146,3RFH,146,2288.0,2298.0,2288.0,2298.0,walk_before,chest+empatica,chest+empatica+forearm,gel,ecg/3RFH_w0146.npy,acc_chest/3RFH_w0146.npy,ppg_wrist/3RFH_w0146.npy,0.304,11.324,False,0.0,0.0,0.0
3RFH_w0147,3RFH,147,2298.0,2308.0,2298.0,2308.0,walk_before,chest+empatica,chest+empatica+forearm,gel,ecg/3RFH_w0147.npy,acc_chest/3RFH_w0147.npy,ppg_wrist/3RFH_w0147.npy,0.304,11.324,False,0.0,0.0,0.0
3RFH_w0148,3RFH,148,2308.0,2318.0,2308.0,2318.0,walk_before,chest+empatica,chest+empatica+forearm,gel,ecg/3RFH_w0148.npy,acc_chest/3RFH_w0148.npy,ppg_wrist/3RFH_w0148.npy,0.304,11.324,False,0.0,0.0,0.0
3RFH_w0149,3RFH,149,2318.0,2328.0,2318.0,2328.0,walk_before,chest+empatica,chest+empatica+forearm,gel,ecg/3RFH_w0149.npy,acc_chest/3RFH_w0149.npy,ppg_wrist/3RFH_w0149.npy,0.304,11.324,False,0.0,0.0,0.0
3RFH_w0150,3RFH,150,2328.0,2338.0,2328.0,2338.0,walk_before,chest+empatica,chest+empatica+forearm,gel,ecg/3RFH_w0150.npy,acc_chest/3RFH_w0150.npy,ppg_wrist/3RFH_w0150.npy,0.304,11.324,False,0.0,0.0,0.0
3RFH_w0151,3RFH,151,2338.0,2348.0,2338.0,2348.0,walk_before,chest+empatica,chest+empatica+forearm,gel,ecg/3RFH_w0151.npy,acc_chest/3RFH_w0151.npy,ppg_wrist/3RFH_w0151.npy,0.304,11.324,False,0.0,0.0,0.0
3RFH_w0152,3RFH,152,2348.0,2358.0,2348.0,2358.0,walk_before,chest+empatica,chest+empatica+forearm,gel,ecg/3RFH_w0152.npy,acc_chest/3RFH_w0152.npy,ppg_wrist/3RFH_w0152.npy,0.304,11.324,False,0.0,0.0,0.0
3RFH_w0153,3RFH,153,2358.0,2368.0,2358.0,2368.0,walk_before,chest+empatica,chest+empatica+forearm,gel,ecg/3RFH_w0153.npy,acc_chest/3RFH_w0153.npy,ppg_wrist/3RFH_w0153.npy,0.304,11.324,False,0.0,0.0,0.0
3RFH_w0154,3RFH,154,2368.0,2378.0,2368.0,2378.0,walk_before,chest+empatica,chest+empatica+forearm,gel,ecg/3RFH_w0154.npy,acc_chest/3RFH_w0154.npy,ppg_wrist/3RFH_w0154.npy,0.877,11.521,False,0.0,0.0,0.0
3RFH_w0155,3RFH,155,2378.0,2388.0,2378.0,2388.0,walk_before,chest+empatica,chest+empatica+forearm,gel,ecg/3RFH_w0155.npy,acc_chest/3RFH_w0155.npy,ppg_wrist/3RFH_w0155.npy,0.81,4.551,False,0.0,0.0,0.0
3RFH_w0156,3RFH,156,2388.0,2398.0,2388.0,2398.0,walk_before,chest+empatica,chest+empatica+forearm,gel,ecg/3RFH_w0156.npy,acc_chest/3RFH_w0156.npy,ppg_wrist/3RFH_w0156.npy,0.795,3.993,False,0.0,0.0,0.0
3RFH_w0157,3RFH,157,2398.0,2408.0,2398.0,2408.0,walk_before,chest+empatica,chest+empatica+forearm,gel,ecg/3RFH_w0157.npy,acc_chest/3RFH_w0157.npy,ppg_wrist/3RFH_w0157.npy,0.803,3.589,False,0.0,0.0,0.0
3RFH_w0158,3RFH,158,2408.0,2418.0,2408.0,2418.0,walk_before,chest+empatica,chest+empatica+forearm,gel,ecg/3RFH_w0158.npy,acc_chest/3RFH_w0158.npy,ppg_wrist/3RFH_w0158.npy,0.786,3.64,False,0.0,0.0,0.0
3RFH_w0159,3RFH,159,2418.0,2428.0,2418.0,2428.0,walk_before,chest+empatica,chest+empatica+forearm,gel,ecg/3RFH_w0159.npy,acc_chest/3RFH_w0159.npy,ppg_wrist/3RFH_w0159.npy,0.894,3.484,False,0.0,0.0,0.0
3RFH_w0160,3RFH,160,2428.0,2438.0,2428.0,2438.0,walk_before,chest+empatica,chest+empatica+forearm,gel,ecg/3RFH_w0160.npy,acc_chest/3RFH_w0160.npy,ppg_wrist/3RFH_w0160.npy,0.87,3.407,False,0.0,0.0,0.0
3RFH_w0161,3RFH,161,2438.0,2448.0,2438.0,2448.0,walk_before,chest+empatica,chest+empatica+forearm,gel,ecg/3RFH_w0161.npy,acc_chest/3RFH_w0161.npy,ppg_wrist/3RFH_w0161.npy,0.888,3.02,False,0.0,0.0,0.0
3RFH_w0162,3RFH,162,2448.0,2458.0,2448.0,2458.0,walk_before,chest+empatica,chest+empatica+forearm,gel,ecg/3RFH_w0162.npy,acc_chest/3RFH_w0162.npy,ppg_wrist/3RFH_w0162.npy,0.892,3.71,False,0.0,0.0,0.0
3RFH_w0163,3RFH,163,2458.0,2468.0,2458.0,2468.0,walk_before,chest+empatica,chest+empatica+forearm,gel,ecg/3RFH_w0163.npy,acc_chest/3RFH_w0163.npy,ppg_wrist/3RFH_w0163.npy,0.858,3.645,False,0.0,0.0,0.0
3RFH_w0164,3RFH,164,2468.0,2478.0,2468.0,2478.0,walk_before,chest+empatica,chest+empatica+forearm,gel,ecg/3RFH_w0164.npy,acc_chest/3RFH_w0164.npy,ppg_wrist/3RFH_w0164.npy,0.884,2.604,False,0.0,0.0,0.0
3RFH_w0165,3RFH,165,2478.0,2488.0,2478.0,2488.0,walk_before,chest+empatica,chest+empatica+forearm,gel,ecg/3RFH_w0165.npy,acc_chest/3RFH_w0165.npy,ppg_wrist/3RFH_w0165.npy,1.054,10.613,False,0.0,0.0,0.0
3RFH_w0166,3RFH,166,2488.0,2498.0,2488.0,2498.0,walk_before,chest+empatica,chest+empatica+forearm,gel,ecg/3RFH_w0166.npy,acc_chest/3RFH_w0166.npy,ppg_wrist/3RFH_w0166.npy,0.304,11.324,False,0.0,0.0,0.0
3RFH_w0167,3RFH,167,2498.0,2508.0,2498.0,2508.0,walk_before,chest+empatica,chest+empatica+forearm,gel,ecg/3RFH_w0167.npy,acc_chest/3RFH_w0167.npy,ppg_wrist/3RFH_w0167.npy,0.304,11.324,False,0.0,0.0,0.0
3RFH_w0168,3RFH,168,2508.0,2518.0,2508.0,2518.0,walk_before,chest+empatica,chest+empatica+forearm,gel,ecg/3RFH_w0168.npy,acc_chest/3RFH_w0168.npy,ppg_wrist/3RFH_w0168.npy,0.304,11.324,False,0.0,0.0,0.0
3RFH_w0169,3RFH,169,2518.0,2528.0,2518.0,2528.0,walk_before,chest+empatica,chest+empatica+forearm,gel,ecg/3RFH_w0169.npy,acc_chest/3RFH_w0169.npy,ppg_wrist/3RFH_w0169.npy,0.304,11.324,False,0.0,0.0,0.0
3RFH_w0170,3RFH,170,2528.0,2538.0,2528.0,2538.0,walk_before,chest+empatica,chest+empatica+forearm,gel,ecg/3RFH_w0170.npy,acc_chest/3RFH_w0170.npy,ppg_wrist/3RFH_w0170.npy,0.304,11.324,False,0.0,0.0,0.0
3RFH_w0171,3RFH,171,2538.0,2548.0,2538.0,2548.0,walk_before,chest+empatica,chest+empatica+forearm,gel,ecg/3RFH_w0171.npy,acc_chest/3RFH_w0171.npy,ppg_wrist/3RFH_w0171.npy,0.304,11.324,False,0.0,0.0,0.0
3RFH_w0172,3RFH,172,2548.0,2558.0,2548.0,2558.0,walk_before,chest+empatica,chest+empatica+forearm,gel,ecg/3RFH_w0172.npy,acc_chest/3RFH_w0172.npy,ppg_wrist/3RFH_w0172.npy,0.304,11.324,False,0.0,0.0,0.0
3RFH_w0173,3RFH,173,2558.0,2568.0,2558.0,2568.0,walk_before,chest+empatica,chest+empatica+forearm,gel,ecg/3RFH_w0173.npy,acc_chest/3RFH_w0173.npy,ppg_wrist/3RFH_w0173.npy,0.304,11.324,False,0.0,0.0,0.0
3RFH_w0174,3RFH,174,2568.0,2578.0,2568.0,2578.0,walk_before,chest+empatica,chest+empatica+forearm,gel,ecg/3RFH_w0174.npy,acc_chest/3RFH_w0174.npy,ppg_wrist/3RFH_w0174.npy,0.304,11.324,False,0.0,0.0,0.0
3RFH_w0175,3RFH,175,2578.0,2588.0,2578.0,2588.0,walk_before,chest+empatica,chest+empatica+forearm,gel,ecg/3RFH_w0175.npy,acc_chest/3RFH_w0175.npy,ppg_wrist/3RFH_w0175.npy,0.304,11.324,False,0.0,0.0,0.0
3RFH_w0176,3RFH,176,2588.0,2598.0,2588.0,2598.0,walk_before,chest+empatica,chest+empatica+forearm,gel,ecg/3RFH_w0176.npy,acc_chest/3RFH_w0176.npy,ppg_wrist/3RFH_w0176.npy,0.646,11.841,False,0.0,0.0,0.0
3RFH_w0177,3RFH,177,2598.0,2608.0,2598.0,2608.0,run,chest+empatica,chest+empatica+forearm,gel,ecg/3RFH_w0177.npy,acc_chest/3RFH_w0177.npy,ppg_wrist/3RFH_w0177.npy,1.405,3.848,False,0.0,0.0,0.0
3RFH_w0178,3RFH,178,2608.0,2618.0,2608.0,2618.0,run,chest+empatica,chest+empatica+forearm,gel,ecg/3RFH_w0178.npy,acc_chest/3RFH_w0178.npy,ppg_wrist/3RFH_w0178.npy,1.603,4.424,False,0.0,0.0,0.0
3RFH_w0179,3RFH,179,2618.0,2628.0,2618.0,2628.0,run,chest+empatica,chest+empatica+forearm,gel,ecg/3RFH_w0179.npy,acc_chest/3RFH_w0179.npy,ppg_wrist/3RFH_w0179.npy,1.014,3.323,False,0.0,0.0,0.0
3RFH_w0180,3RFH,180,2628.0,2638.0,2628.0,2638.0,run,chest+empatica,chest+empatica+forearm,gel,ecg/3RFH_w0180.npy,acc_chest/3RFH_w0180.npy,ppg_wrist/3RFH_w0180.npy,0.741,2.774,False,0.0,0.0,0.0
3RFH_w0181,3RFH,181,2638.0,2648.0,2638.0,2648.0,run,chest+empatica,chest+empatica+forearm,gel,ecg/3RFH_w0181.npy,acc_chest/3RFH_w0181.npy,ppg_wrist/3RFH_w0181.npy,1.069,3.127,False,0.0,0.0,0.0
3RFH_w0182,3RFH,182,2648.0,2658.0,2648.0,2658.0,run,chest+empatica,chest+empatica+forearm,gel,ecg/3RFH_w0182.npy,acc_chest/3RFH_w0182.npy,ppg_wrist/3RFH_w0182.npy,0.983,3.687,False,0.0,0.0,0.0
3RFH_w0183,3RFH,183,2658.0,2668.0,2658.0,2668.0,run,chest+empatica,chest+empatica+forearm,gel,ecg/3RFH_w0183.npy,acc_chest/3RFH_w0183.npy,ppg_wrist/3RFH_w0183.npy,1.068,4.819,False,0.0,0.0,0.0
3RFH_w0184,3RFH,184,2668.0,2678.0,2668.0,2678.0,run,chest+empatica,chest+empatica+forearm,gel,ecg/3RFH_w0184.npy,acc_chest/3RFH_w0184.npy,ppg_wrist/3RFH_w0184.npy,1.287,3.117,False,0.0,0.0,0.0
3RFH_w0185,3RFH,185,2678.0,2688.0,2678.0,2688.0,run,chest+empatica,chest+empatica+forearm,gel,ecg/3RFH_w0185.npy,acc_chest/3RFH_w0185.npy,ppg_wrist/3RFH_w0185.npy,1.18,4.954,False,0.0,0.0,0.0
3RFH_w0186,3RFH,186,2688.0,2698.0,2688.0,2698.0,run,chest+empatica,chest+empatica+forearm,gel,ecg/3RFH_w0186.npy,acc_chest/3RFH_w0186.npy,ppg_wrist/3RFH_w0186.npy,1.343,6.769,False,0.0,0.0,0.0
3RFH_w0187,3RFH,187,2698.0,2708.0,2698.0,2708.0,run,chest+empatica,chest+empatica+forearm,gel,ecg/3RFH_w0187.npy,acc_chest/3RFH_w0187.npy,ppg_wrist/3RFH_w0187.npy,1.323,5.432,False,0.0,0.0,0.0
3RFH_w0188,3RFH,188,2708.0,2718.0,2708.0,2718.0,run,chest+empatica,chest+empatica+forearm,gel,ecg/3RFH_w0188.npy,acc_chest/3RFH_w0188.npy,ppg_wrist/3RFH_w0188.npy,1.385,5.13,False,0.0,0.0,0.0
3RFH_w0189,3RFH,189,2718.0,2728.0,2718.0,2728.0,run,chest+empatica,chest+empatica+forearm,gel,ecg/3RFH_w0189.npy,acc_chest/3RFH_w0189.npy,ppg_wrist/3RFH_w0189.npy,1.363,5.674,False,0.0,0.0,0.0
3RFH_w0190,3RFH,190,2728.0,2738.0,2728.0,2738.0,run,chest+empatica,chest+empatica+forearm,gel,ecg/3RFH_w0190.npy,acc_chest/3RFH_w0190.npy,ppg_wrist/3RFH_w0190.npy,1.298,3.702,False,0.0,0.0,0.0
3RFH_w0191,3RFH,191,2738.0,2748.0,2738.0,2748.0,run,chest+empatica,chest+empatica+forearm,gel,ecg/3RFH_w0191.npy,acc_chest/3RFH_w0191.npy,ppg_wrist/3RFH_w0191.npy,1.214,3.515,False,0.0,0.0,0.0
3RFH_w0192,3RFH,192,2748.0,2758.0,2748.0,2758.0,run,chest+empatica,chest+empatica+forearm,gel,ecg/3RFH_w0192.npy,acc_chest/3RFH_w0192.npy,ppg_wrist/3RFH_w0192.npy,1.24,3.623,False,0.0,0.0,0.0
3RFH_w0193,3RFH,193,2758.0,2768.0,2758.0,2768.0,run,chest+empatica,chest+empatica+forearm,gel,ecg/3RFH_w0193.npy,acc_chest/3RFH_w0193.npy,ppg_wrist/3RFH_w0193.npy,1.323,4.918,False,0.0,0.0,0.0
3RFH_w0194,3RFH,194,2768.0,2778.0,2768.0,2778.0,run,chest+empatica,chest+empatica+forearm,gel,ecg/3RFH_w0194.npy,acc_chest/3RFH_w0194.npy,ppg_wrist/3RFH_w0194.npy,1.205,4.94,False,0.0,0.0,0.0
3RFH_w0195,3RFH,195,2778.0,2788.0,2778.0,2788.0,run,chest+empatica,chest+empatica+forearm,gel,ecg/3RFH_w0195.npy,acc_chest/3RFH_w0195.npy,ppg_wrist/3RFH_w0195.npy,1.128,3.733,False,0.0,0.0,0.0
3RFH_w0196,3RFH,196,2788.0,2798.0,2788.0,2798.0,run,chest+empatica,chest+empatica+forearm,gel,ecg/3RFH_w0196.npy,acc_chest/3RFH_w0196.npy,ppg_wrist/3RFH_w0196.npy,1.217,3.435,False,0.0,0.0,0.0
3RFH_w0197,3RFH,197,2798.0,2808.0,2798.0,2808.0,run,chest+empatica,chest+empatica+forearm,gel,ecg/3RFH_w0197.npy,acc_chest/3RFH_w0197.npy,ppg_wrist/3RFH_w0197.npy,1.265,4.098,False,0.0,0.0,0.0
3RFH_w0198,3RFH,198,2808.0,2818.0,2808.0,2818.0,run,chest+empatica,chest+empatica+forearm,gel,ecg/3RFH_w0198.npy,acc_chest/3RFH_w0198.npy,ppg_wrist/3RFH_w0198.npy,1.163,3.902,False,0.0,0.0,0.0
3RFH_w0199,3RFH,199,2818.0,2828.0,2818.0,2828.0,run,chest+empatica,chest+empatica+forearm,gel,ecg/3RFH_w0199.npy,acc_chest/3RFH_w0199.npy,ppg_wrist/3RFH_w0199.npy,1.181,3.526,False,0.0,0.0,0.0
3RFH_w0200,3RFH,200,2828.0,2838.0,2828.0,2838.0,run,chest+empatica,chest+empatica+forearm,gel,ecg/3RFH_w0200.npy,acc_chest/3RFH_w0200.npy,ppg_wrist/3RFH_w0200.npy,1.184,4.041,False,0.0,0.0,0.0
3RFH_w0201,3RFH,201,2838.0,2848.0,2838.0,2848.0,run,chest+empatica,chest+empatica+forearm,gel,ecg/3RFH_w0201.npy,acc_chest/3RFH_w0201.npy,ppg_wrist/3RFH_w0201.npy,1.155,3.263,False,0.0,0.0,0.0
3RFH_w0202,3RFH,202,2848.0,2858.0,2848.0,2858.0,run,chest+empatica,chest+empatica+forearm,gel,ecg/3RFH_w0202.npy,acc_chest/3RFH_w0202.npy,ppg_wrist/3RFH_w0202.npy,1.247,3.501,False,0.0,0.0,0.0
3RFH_w0203,3RFH,203,2858.0,2868.0,2858.0,2868.0,run,chest+empatica,chest+empatica+forearm,gel,ecg/3RFH_w0203.npy,acc_chest/3RFH_w0203.npy,ppg_wrist/3RFH_w0203.npy,1.195,3.513,False,0.0,0.0,0.0
3RFH_w0204,3RFH,204,2868.0,2878.0,2868.0,2878.0,run,chest+empatica,chest+empatica+forearm,gel,ecg/3RFH_w0204.npy,acc_chest/3RFH_w0204.npy,ppg_wrist/3RFH_w0204.npy,1.085,2.361,False,0.0,0.0,0.0
3RFH_w0205,3RFH,205,2878.0,2888.0,2878.0,2888.0,run,chest+empatica,chest+empatica+forearm,gel,ecg/3RFH_w0205.npy,acc_chest/3RFH_w0205.npy,ppg_wrist/3RFH_w0205.npy,1.155,4.618,False,0.0,0.0,0.0
3RFH_w0206,3RFH,206,2888.0,2898.0,2888.0,2898.0,run,chest+empatica,chest+empatica+forearm,gel,ecg/3RFH_w0206.npy,acc_chest/3RFH_w0206.npy,ppg_wrist/3RFH_w0206.npy,1.404,5.005,False,0.0,0.0,0.0
3RFH_w0207,3RFH,207,2898.0,2908.0,2898.0,2908.0,run,chest+empatica,chest+empatica+forearm,gel,ecg/3RFH_w0207.npy,acc_chest/3RFH_w0207.npy,ppg_wrist/3RFH_w0207.npy,1.358,4.346,False,0.0,0.0,0.0
3RFH_w0208,3RFH,208,2908.0,2918.0,2908.0,2918.0,run,chest+empatica,chest+empatica+forearm,gel,ecg/3RFH_w0208.npy,acc_chest/3RFH_w0208.npy,ppg_wrist/3RFH_w0208.npy,1.271,4.167,False,0.0,0.0,0.0
3RFH_w0209,3RFH,209,2918.0,2928.0,2918.0,2928.0,run,chest+empatica,chest+empatica+forearm,gel,ecg/3RFH_w0209.npy,acc_chest/3RFH_w0209.npy,ppg_wrist/3RFH_w0209.npy,1.405,3.108,False,0.0,0.0,0.0
3RFH_w0210,3RFH,210,2928.0,2938.0,2928.0,2938.0,run,chest+empatica,chest+empatica+forearm,gel,ecg/3RFH_w0210.npy,acc_chest/3RFH_w0210.npy,ppg_wrist/3RFH_w0210.npy,1.314,3.155,False,0.0,0.0,0.0
3RFH_w0211,3RFH,211,2938.0,2948.0,2938.0,2948.0,run,chest+empatica,chest+empatica+forearm,gel,ecg/3RFH_w0211.npy,acc_chest/3RFH_w0211.npy,ppg_wrist/3RFH_w0211.npy,1.295,3.819,False,0.0,0.0,0.0
3RFH_w0212,3RFH,212,2948.0,2958.0,2948.0,2958.0,run,chest+empatica,chest+empatica+forearm,gel,ecg/3RFH_w0212.npy,acc_chest/3RFH_w0212.npy,ppg_wrist/3RFH_w0212.npy,1.169,3.94,False,0.0,0.0,0.0
3RFH_w0213,3RFH,213,2958.0,2968.0,2958.0,2968.0,run,chest+empatica,chest+empatica+forearm,gel,ecg/3RFH_w0213.npy,acc_chest/3RFH_w0213.npy,ppg_wrist/3RFH_w0213.npy,1.251,2.595,False,0.0,0.0,0.0
3RFH_w0214,3RFH,214,2968.0,2978.0,2968.0,2978.0,run,chest+empatica,chest+empatica+forearm,gel,ecg/3RFH_w0214.npy,acc_chest/3RFH_w0214.npy,ppg_wrist/3RFH_w0214.npy,1.222,2.827,False,0.0,0.0,0.0
3RFH_w0215,3RFH,215,2978.0,2988.0,2978.0,2988.0,run,chest+empatica,chest+empatica+forearm,gel,ecg/3RFH_w0215.npy,acc_chest/3RFH_w0215.npy,ppg_wrist/3RFH_w0215.npy,1.208,2.853,False,0.0,0.0,0.0
3RFH_w0216,3RFH,216,2988.0,2998.0,2988.0,2998.0,run,chest+empatica,chest+empatica+forearm,gel,ecg/3RFH_w0216.npy,acc_chest/3RFH_w0216.npy,ppg_wrist/3RFH_w0216.npy,1.295,3.02,False,0.0,0.0,0.0
3RFH_w0217,3RFH,217,2998.0,3008.0,2998.0,3008.0,run,chest+empatica,chest+empatica+forearm,gel,ecg/3RFH_w0217.npy,acc_chest/3RFH_w0217.npy,ppg_wrist/3RFH_w0217.npy,1.314,3.077,False,0.0,0.0,0.0
3RFH_w0218,3RFH,218,3008.0,3018.0,3008.0,3018.0,run,chest+empatica,chest+empatica+forearm,gel,ecg/3RFH_w0218.npy,acc_chest/3RFH_w0218.npy,ppg_wrist/3RFH_w0218.npy,0.758,11.717,False,0.0,0.0,0.0
3RFH_w0219,3RFH,219,3018.0,3028.0,3018.0,3028.0,run,chest+empatica,chest+empatica+forearm,gel,ecg/3RFH_w0219.npy,acc_chest/3RFH_w0219.npy,ppg_wrist/3RFH_w0219.npy,0.304,11.324,False,0.0,0.0,0.0
3RFH_w0220,3RFH,220,3028.0,3038.0,3028.0,3038.0,run,chest+empatica,chest+empatica+forearm,gel,ecg/3RFH_w0220.npy,acc_chest/3RFH_w0220.npy,ppg_wrist/3RFH_w0220.npy,0.304,11.324,False,0.0,0.0,0.0
3RFH_w0221,3RFH,221,3038.0,3048.0,3038.0,3048.0,run,chest+empatica,chest+empatica+forearm,gel,ecg/3RFH_w0221.npy,acc_chest/3RFH_w0221.npy,ppg_wrist/3RFH_w0221.npy,0.304,11.324,False,0.0,0.0,0.0
3RFH_w0222,3RFH,222,3048.0,3058.0,3048.0,3058.0,run,chest+empatica,chest+empatica+forearm,gel,ecg/3RFH_w0222.npy,acc_chest/3RFH_w0222.npy,ppg_wrist/3RFH_w0222.npy,0.304,11.324,False,0.0,0.0,0.0
3RFH_w0223,3RFH,223,3058.0,3068.0,3058.0,3068.0,run,chest+empatica,chest+empatica+forearm,gel,ecg/3RFH_w0223.npy,acc_chest/3RFH_w0223.npy,ppg_wrist/3RFH_w0223.npy,0.304,11.324,False,0.0,0.0,0.0
3RFH_w0224,3RFH,224,3068.0,3078.0,3068.0,3078.0,run,chest+empatica,chest+empatica+forearm,gel,ecg/3RFH_w0224.npy,acc_chest/3RFH_w0224.npy,ppg_wrist/3RFH_w0224.npy,0.777,11.6,False,0.0,0.0,0.0
3RFH_w0225,3RFH,225,3078.0,3088.0,3078.0,3088.0,run,chest+empatica,chest+empatica+forearm,gel,ecg/3RFH_w0225.npy,acc_chest/3RFH_w0225.npy,ppg_wrist/3RFH_w0225.npy,1.331,4.527,False,0.0,0.0,0.0
3RFH_w0226,3RFH,226,3088.0,3098.0,3088.0,3098.0,run,chest+empatica,chest+empatica+forearm,gel,ecg/3RFH_w0226.npy,acc_chest/3RFH_w0226.npy,ppg_wrist/3RFH_w0226.npy,1.227,3.393,False,0.0,0.0,0.0
3RFH_w0227,3RFH,227,3098.0,3108.0,3098.0,3108.0,run,chest+empatica,chest+empatica+forearm,gel,ecg/3RFH_w0227.npy,acc_chest/3RFH_w0227.npy,ppg_wrist/3RFH_w0227.npy,1.351,3.78,False,0.0,0.0,0.0
3RFH_w0228,3RFH,228,3108.0,3118.0,3108.0,3118.0,run,chest+empatica,chest+empatica+forearm,gel,ecg/3RFH_w0228.npy,acc_chest/3RFH_w0228.npy,ppg_wrist/3RFH_w0228.npy,1.225,2.861,False,0.0,0.0,0.0
3RFH_w0229,3RFH,229,3118.0,3128.0,3118.0,3128.0,run,chest+empatica,chest+empatica+forearm,gel,ecg/3RFH_w0229.npy,acc_chest/3RFH_w0229.npy,ppg_wrist/3RFH_w0229.npy,1.22,3.554,False,0.0,0.0,0.0
3RFH_w0230,3RFH,230,3128.0,3138.0,3128.0,3138.0,run,chest+empatica,chest+empatica+forearm,gel,ecg/3RFH_w0230.npy,acc_chest/3RFH_w0230.npy,ppg_wrist/3RFH_w0230.npy,1.237,3.693,False,0.0,0.0,0.0
3RFH_w0231,3RFH,231,3138.0,3148.0,3138.0,3148.0,run,chest+empatica,chest+empatica+forearm,gel,ecg/3RFH_w0231.npy,acc_chest/3RFH_w0231.npy,ppg_wrist/3RFH_w0231.npy,1.187,3.849,False,0.0,0.0,0.0
3RFH_w0232,3RFH,232,3148.0,3158.0,3148.0,3158.0,run,chest+empatica,chest+empatica+forearm,gel,ecg/3RFH_w0232.npy,acc_chest/3RFH_w0232.npy,ppg_wrist/3RFH_w0232.npy,1.213,4.158,False,0.0,0.0,0.0
3RFH_w0233,3RFH,233,3158.0,3168.0,3158.0,3168.0,run,chest+empatica,chest+empatica+forearm,gel,ecg/3RFH_w0233.npy,acc_chest/3RFH_w0233.npy,ppg_wrist/3RFH_w0233.npy,1.182,3.831,False,0.0,0.0,0.0
3RFH_w0234,3RFH,234,3168.0,3178.0,3168.0,3178.0,run,chest+empatica,chest+empatica+forearm,gel,ecg/3RFH_w0234.npy,acc_chest/3RFH_w0234.npy,ppg_wrist/3RFH_w0234.npy,1.187,3.649,False,0.0,0.0,0.0
3RFH_w0235,3RFH,235,3178.0,3188.0,3178.0,3188.0,run,chest+empatica,chest+empatica+forearm,gel,ecg/3RFH_w0235.npy,acc_chest/3RFH_w0235.npy,ppg_wrist/3RFH_w0235.npy,1.195,2.777,False,0.0,0.0,0.0
3RFH_w0236,3RFH,236,3188.0,3198.0,3188.0,3198.0,run,chest+empatica,chest+empatica+forearm,gel,ecg/3RFH_w0236.npy,acc_chest/3RFH_w0236.npy,ppg_wrist/3RFH_w0236.npy,1.217,3.588,False,0.0,0.0,0.0
3RFH_w0237,3RFH,237,3198.0,3208.0,3198.0,3208.0,run,chest+empatica,chest+empatica+forearm,gel,ecg/3RFH_w0237.npy,acc_chest/3RFH_w0237.npy,ppg_wrist/3RFH_w0237.npy,1.105,3.584,False,0.0,0.0,0.0
3RFH_w0238,3RFH,238,3208.0,3218.0,3208.0,3218.0,run,chest+empatica,chest+empatica+forearm,gel,ecg/3RFH_w0238.npy,acc_chest/3RFH_w0238.npy,ppg_wrist/3RFH_w0238.npy,1.085,2.175,False,0.0,0.0,0.0
3RFH_w0239,3RFH,239,3218.0,3228.0,3218.0,3228.0,run,chest+empatica,chest+empatica+forearm,gel,ecg/3RFH_w0239.npy,acc_chest/3RFH_w0239.npy,ppg_wrist/3RFH_w0239.npy,1.134,2.416,False,0.0,0.0,0.0
3RFH_w0240,3RFH,240,3228.0,3238.0,3228.0,3238.0,run,chest+empatica,chest+empatica+forearm,gel,ecg/3RFH_w0240.npy,acc_chest/3RFH_w0240.npy,ppg_wrist/3RFH_w0240.npy,1.308,2.992,False,0.0,0.0,0.0
3RFH_w0241,3RFH,241,3238.0,3248.0,3238.0,3248.0,run,chest+empatica,chest+empatica+forearm,gel,ecg/3RFH_w0241.npy,acc_chest/3RFH_w0241.npy,ppg_wrist/3RFH_w0241.npy,1.293,3.665,False,0.0,0.0,0.0
3RFH_w0242,3RFH,242,3248.0,3258.0,3248.0,3258.0,run,chest+empatica,chest+empatica+forearm,gel,ecg/3RFH_w0242.npy,acc_chest/3RFH_w0242.npy,ppg_wrist/3RFH_w0242.npy,1.274,4.16,False,0.0,0.0,0.0
3RFH_w0243,3RFH,243,3258.0,3268.0,3258.0,3268.0,run,chest+empatica,chest+empatica+forearm,gel,ecg/3RFH_w0243.npy,acc_chest/3RFH_w0243.npy,ppg_wrist/3RFH_w0243.npy,1.233,3.358,False,0.0,0.0,0.0
3RFH_w0244,3RFH,244,3268.0,3278.0,3268.0,3278.0,run,chest+empatica,chest+empatica+forearm,gel,ecg/3RFH_w0244.npy,acc_chest/3RFH_w0244.npy,ppg_wrist/3RFH_w0244.npy,1.285,3.736,False,0.0,0.0,0.0
3RFH_w0245,3RFH,245,3278.0,3288.0,3278.0,3288.0,run,chest+empatica,chest+empatica+forearm,gel,ecg/3RFH_w0245.npy,acc_chest/3RFH_w0245.npy,ppg_wrist/3RFH_w0245.npy,1.369,3.783,False,0.0,0.0,0.0
3RFH_w0246,3RFH,246,3288.0,3298.0,3288.0,3298.0,run,chest+empatica,chest+empatica+forearm,gel,ecg/3RFH_w0246.npy,acc_chest/3RFH_w0246.npy,ppg_wrist/3RFH_w0246.npy,1.235,2.754,False,0.0,0.0,0.0
3RFH_w0247,3RFH,247,3298.0,3308.0,3298.0,3308.0,run,chest+empatica,chest+empatica+forearm,gel,ecg/3RFH_w0247.npy,acc_chest/3RFH_w0247.npy,ppg_wrist/3RFH_w0247.npy,1.393,3.361,False,0.0,0.0,0.0
3RFH_w0248,3RFH,248,3308.0,3318.0,3308.0,3318.0,run,chest+empatica,chest+empatica+forearm,gel,ecg/3RFH_w0248.npy,acc_chest/3RFH_w0248.npy,ppg_wrist/3RFH_w0248.npy,1.449,4.33,False,0.0,0.0,0.0
3RFH_w0249,3RFH,249,3318.0,3328.0,3318.0,3328.0,run,chest+empatica,chest+empatica+forearm,gel,ecg/3RFH_w0249.npy,acc_chest/3RFH_w0249.npy,ppg_wrist/3RFH_w0249.npy,1.31,3.837,False,0.0,0.0,0.0
3RFH_w0250,3RFH,250,3328.0,3338.0,3328.0,3338.0,run,chest+empatica,chest+empatica+forearm,gel,ecg/3RFH_w0250.npy,acc_chest/3RFH_w0250.npy,ppg_wrist/3RFH_w0250.npy,1.275,2.964,False,0.0,0.0,0.0
3RFH_w0251,3RFH,251,3338.0,3348.0,3338.0,3348.0,run,chest+empatica,chest+empatica+forearm,gel,ecg/3RFH_w0251.npy,acc_chest/3RFH_w0251.npy,ppg_wrist/3RFH_w0251.npy,1.398,3.555,False,0.0,0.0,0.0
3RFH_w0252,3RFH,252,3348.0,3358.0,3348.0,3358.0,run,chest+empatica,chest+empatica+forearm,gel,ecg/3RFH_w0252.npy,acc_chest/3RFH_w0252.npy,ppg_wrist/3RFH_w0252.npy,1.437,3.602,False,0.0,0.0,0.0
3RFH_w0253,3RFH,253,3358.0,3368.0,3358.0,3368.0,run,chest+empatica,chest+empatica+forearm,gel,ecg/3RFH_w0253.npy,acc_chest/3RFH_w0253.npy,ppg_wrist/3RFH_w0253.npy,1.44,2.793,False,0.0,0.0,0.0
3RFH_w0254,3RFH,254,3368.0,3378.0,3368.0,3378.0,run,chest+empatica,chest+empatica+forearm,gel,ecg/3RFH_w0254.npy,acc_chest/3RFH_w0254.npy,ppg_wrist/3RFH_w0254.npy,1.409,2.991,False,0.0,0.0,0.0
3RFH_w0255,3RFH,255,3378.0,3388.0,3378.0,3388.0,run,chest+empatica,chest+empatica+forearm,gel,ecg/3RFH_w0255.npy,acc_chest/3RFH_w0255.npy,ppg_wrist/3RFH_w0255.npy,1.406,2.644,False,0.0,0.0,0.0
3RFH_w0256,3RFH,256,3388.0,3398.0,3388.0,3398.0,run,chest+empatica,chest+empatica+forearm,gel,ecg/3RFH_w0256.npy,acc_chest/3RFH_w0256.npy,ppg_wrist/3RFH_w0256.npy,1.311,2.393,False,0.0,0.0,0.0
3RFH_w0257,3RFH,257,3398.0,3408.0,3398.0,3408.0,run,chest+empatica,chest+empatica+forearm,gel,ecg/3RFH_w0257.npy,acc_chest/3RFH_w0257.npy,ppg_wrist/3RFH_w0257.npy,1.379,4.198,False,0.0,0.0,0.0
3RFH_w0258,3RFH,258,3408.0,3418.0,3408.0,3418.0,run,chest+empatica,chest+empatica+forearm,gel,ecg/3RFH_w0258.npy,acc_chest/3RFH_w0258.npy,ppg_wrist/3RFH_w0258.npy,1.27,4.404,False,0.0,0.0,0.0
3RFH_w0259,3RFH,259,3418.0,3428.0,3418.0,3428.0,run,chest+empatica,chest+empatica+forearm,gel,ecg/3RFH_w0259.npy,acc_chest/3RFH_w0259.npy,ppg_wrist/3RFH_w0259.npy,1.168,2.439,False,0.0,0.0,0.0
3RFH_w0260,3RFH,260,3428.0,3438.0,3428.0,3438.0,run,chest+empatica,chest+empatica+forearm,gel,ecg/3RFH_w0260.npy,acc_chest/3RFH_w0260.npy,ppg_wrist/3RFH_w0260.npy,1.234,1.993,False,0.0,0.0,0.0
3RFH_w0261,3RFH,261,3438.0,3448.0,3438.0,3448.0,run,chest+empatica,chest+empatica+forearm,gel,ecg/3RFH_w0261.npy,acc_chest/3RFH_w0261.npy,ppg_wrist/3RFH_w0261.npy,1.231,3.734,False,0.0,0.0,0.0
3RFH_w0262,3RFH,262,3448.0,3458.0,3448.0,3458.0,run,chest+empatica,chest+empatica+forearm,gel,ecg/3RFH_w0262.npy,acc_chest/3RFH_w0262.npy,ppg_wrist/3RFH_w0262.npy,1.198,4.09,False,0.0,0.0,0.0
3RFH_w0263,3RFH,263,3458.0,3468.0,3458.0,3468.0,run,chest+empatica,chest+empatica+forearm,gel,ecg/3RFH_w0263.npy,acc_chest/3RFH_w0263.npy,ppg_wrist/3RFH_w0263.npy,1.223,2.545,False,0.0,0.0,0.0
3RFH_w0264,3RFH,264,3468.0,3478.0,3468.0,3478.0,run,chest+empatica,chest+empatica+forearm,gel,ecg/3RFH_w0264.npy,acc_chest/3RFH_w0264.npy,ppg_wrist/3RFH_w0264.npy,1.288,2.706,False,0.0,0.0,0.0
3RFH_w0265,3RFH,265,3478.0,3488.0,3478.0,3488.0,run,chest+empatica,chest+empatica+forearm,gel,ecg/3RFH_w0265.npy,acc_chest/3RFH_w0265.npy,ppg_wrist/3RFH_w0265.npy,1.259,3.297,False,0.0,0.0,0.0
3RFH_w0266,3RFH,266,3488.0,3498.0,3488.0,3498.0,run,chest+empatica,chest+empatica+forearm,gel,ecg/3RFH_w0266.npy,acc_chest/3RFH_w0266.npy,ppg_wrist/3RFH_w0266.npy,1.314,3.063,False,0.0,0.0,0.0
3RFH_w0267,3RFH,267,3498.0,3508.0,3498.0,3508.0,run,chest+empatica,chest+empatica+forearm,gel,ecg/3RFH_w0267.npy,acc_chest/3RFH_w0267.npy,ppg_wrist/3RFH_w0267.npy,1.321,3.471,False,0.0,0.0,0.0
3RFH_w0268,3RFH,268,3508.0,3518.0,3508.0,3518.0,run,chest+empatica,chest+empatica+forearm,gel,ecg/3RFH_w0268.npy,acc_chest/3RFH_w0268.npy,ppg_wrist/3RFH_w0268.npy,1.483,10.747,False,0.0,0.0,0.0
3RFH_w0269,3RFH,269,3518.0,3528.0,3518.0,3528.0,run,chest+empatica,chest+empatica+forearm,gel,ecg/3RFH_w0269.npy,acc_chest/3RFH_w0269.npy,ppg_wrist/3RFH_w0269.npy,0.304,11.324,False,0.0,0.0,0.0
3RFH_w0270,3RFH,270,3528.0,3538.0,3528.0,3538.0,run,chest+empatica,chest+empatica+forearm,gel,ecg/3RFH_w0270.npy,acc_chest/3RFH_w0270.npy,ppg_wrist/3RFH_w0270.npy,0.304,11.324,False,0.0,0.0,0.0
3RFH_w0271,3RFH,271,3538.0,3548.0,3538.0,3548.0,run,chest+empatica,chest+empatica+forearm,gel,ecg/3RFH_w0271.npy,acc_chest/3RFH_w0271.npy,ppg_wrist/3RFH_w0271.npy,0.304,11.324,False,0.0,0.0,0.0
3RFH_w0272,3RFH,272,3548.0,3558.0,3548.0,3558.0,run,chest+empatica,chest+empatica+forearm,gel,ecg/3RFH_w0272.npy,acc_chest/3RFH_w0272.npy,ppg_wrist/3RFH_w0272.npy,0.304,11.324,False,0.0,0.0,0.0
3RFH_w0273,3RFH,273,3558.0,3568.0,3558.0,3568.0,run,chest+empatica,chest+empatica+forearm,gel,ecg/3RFH_w0273.npy,acc_chest/3RFH_w0273.npy,ppg_wrist/3RFH_w0273.npy,0.304,11.324,False,0.0,0.0,0.0
3RFH_w0274,3RFH,274,3568.0,3578.0,3568.0,3578.0,run,chest+empatica,chest+empatica+forearm,gel,ecg/3RFH_w0274.npy,acc_chest/3RFH_w0274.npy,ppg_wrist/3RFH_w0274.npy,0.304,11.324,False,0.0,0.0,0.0
3RFH_w0275,3RFH,275,3578.0,3588.0,3578.0,3588.0,run,chest+empatica,chest+empatica+forearm,gel,ecg/3RFH_w0275.npy,acc_chest/3RFH_w0275.npy,ppg_wrist/3RFH_w0275.npy,0.304,11.324,False,0.0,0.0,0.0
3RFH_w0276,3RFH,276,3588.0,3598.0,3588.0,3598.0,run,chest+empatica,chest+empatica+forearm,gel,ecg/3RFH_w0276.npy,acc_chest/3RFH_w0276.npy,ppg_wrist/3RFH_w0276.npy,1.046,11.973,False,0.0,0.0,0.0
3RFH_w0277,3RFH,277,3598.0,3608.0,3598.0,3608.0,run,chest+empatica,chest+empatica+forearm,gel,ecg/3RFH_w0277.npy,acc_chest/3RFH_w0277.npy,ppg_wrist/3RFH_w0277.npy,0.808,3.202,False,0.0,0.0,0.0
3RFH_w0278,3RFH,278,3608.0,3618.0,3608.0,3618.0,run,chest+empatica,chest+empatica+forearm,gel,ecg/3RFH_w0278.npy,acc_chest/3RFH_w0278.npy,ppg_wrist/3RFH_w0278.npy,0.872,2.997,False,0.0,0.0,0.0
3RFH_w0279,3RFH,279,3618.0,3628.0,3618.0,3628.0,run,chest+empatica,chest+empatica+forearm,gel,ecg/3RFH_w0279.npy,acc_chest/3RFH_w0279.npy,ppg_wrist/3RFH_w0279.npy,1.447,3.696,False,0.0,0.0,0.0
3RFH_w0280,3RFH,280,3628.0,3638.0,3628.0,3638.0,run,chest+empatica,chest+empatica+forearm,gel,ecg/3RFH_w0280.npy,acc_chest/3RFH_w0280.npy,ppg_wrist/3RFH_w0280.npy,1.513,3.633,False,0.0,0.0,0.0
3RFH_w0281,3RFH,281,3638.0,3648.0,3638.0,3648.0,run,chest+empatica,chest+empatica+forearm,gel,ecg/3RFH_w0281.npy,acc_chest/3RFH_w0281.npy,ppg_wrist/3RFH_w0281.npy,1.577,4.217,False,0.0,0.0,0.0
3RFH_w0282,3RFH,282,3648.0,3658.0,3648.0,3658.0,run,chest+empatica,chest+empatica+forearm,gel,ecg/3RFH_w0282.npy,acc_chest/3RFH_w0282.npy,ppg_wrist/3RFH_w0282.npy,1.464,4.275,False,0.0,0.0,0.0
3RFH_w0283,3RFH,283,3658.0,3668.0,3658.0,3668.0,run,chest+empatica,chest+empatica+forearm,gel,ecg/3RFH_w0283.npy,acc_chest/3RFH_w0283.npy,ppg_wrist/3RFH_w0283.npy,1.563,3.608,False,0.0,0.0,0.0
3RFH_w0284,3RFH,284,3668.0,3678.0,3668.0,3678.0,run,chest+empatica,chest+empatica+forearm,gel,ecg/3RFH_w0284.npy,acc_chest/3RFH_w0284.npy,ppg_wrist/3RFH_w0284.npy,1.464,3.795,False,0.0,0.0,0.0
3RFH_w0285,3RFH,285,3678.0,3688.0,3678.0,3688.0,run,chest+empatica,chest+empatica+forearm,gel,ecg/3RFH_w0285.npy,acc_chest/3RFH_w0285.npy,ppg_wrist/3RFH_w0285.npy,1.306,3.167,False,0.0,0.0,0.0
3RFH_w0286,3RFH,286,3688.0,3698.0,3688.0,3698.0,run,chest+empatica,chest+empatica+forearm,gel,ecg/3RFH_w0286.npy,acc_chest/3RFH_w0286.npy,ppg_wrist/3RFH_w0286.npy,1.242,4.199,False,0.0,0.0,0.0
3RFH_w0287,3RFH,287,3698.0,3708.0,3698.0,3708.0,run,chest+empatica,chest+empatica+forearm,gel,ecg/3RFH_w0287.npy,acc_chest/3RFH_w0287.npy,ppg_wrist/3RFH_w0287.npy,1.319,4.651,False,0.0,0.0,0.0
3RFH_w0288,3RFH,288,3708.0,3718.0,3708.0,3718.0,run,chest+empatica,chest+empatica+forearm,gel,ecg/3RFH_w0288.npy,acc_chest/3RFH_w0288.npy,ppg_wrist/3RFH_w0288.npy,1.257,3.595,False,0.0,0.0,0.0
3RFH_w0289,3RFH,289,3718.0,3728.0,3718.0,3728.0,run,chest+empatica,chest+empatica+forearm,gel,ecg/3RFH_w0289.npy,acc_chest/3RFH_w0289.npy,ppg_wrist/3RFH_w0289.npy,1.255,2.868,False,0.0,0.0,0.0
3RFH_w0290,3RFH,290,3728.0,3738.0,3728.0,3738.0,run,chest+empatica,chest+empatica+forearm,gel,ecg/3RFH_w0290.npy,acc_chest/3RFH_w0290.npy,ppg_wrist/3RFH_w0290.npy,1.404,3.521,False,0.0,0.0,0.0
3RFH_w0291,3RFH,291,3738.0,3748.0,3738.0,3748.0,run,chest+empatica,chest+empatica+forearm,gel,ecg/3RFH_w0291.npy,acc_chest/3RFH_w0291.npy,ppg_wrist/3RFH_w0291.npy,1.274,3.47,False,0.0,0.0,0.0
3RFH_w0292,3RFH,292,3748.0,3758.0,3748.0,3758.0,run,chest+empatica,chest+empatica+forearm,gel,ecg/3RFH_w0292.npy,acc_chest/3RFH_w0292.npy,ppg_wrist/3RFH_w0292.npy,1.295,4.158,False,0.0,0.0,0.0
3RFH_w0293,3RFH,293,3758.0,3768.0,3758.0,3768.0,run,chest+empatica,chest+empatica+forearm,gel,ecg/3RFH_w0293.npy,acc_chest/3RFH_w0293.npy,ppg_wrist/3RFH_w0293.npy,1.005,4.77,False,0.0,0.0,0.0
3RFH_w0294,3RFH,294,3768.0,3778.0,3768.0,3778.0,run,chest+empatica,chest+empatica+forearm,gel,ecg/3RFH_w0294.npy,acc_chest/3RFH_w0294.npy,ppg_wrist/3RFH_w0294.npy,0.945,3.598,False,0.0,0.0,0.0
3RFH_w0295,3RFH,295,3778.0,3788.0,3778.0,3788.0,run,chest+empatica,chest+empatica+forearm,gel,ecg/3RFH_w0295.npy,acc_chest/3RFH_w0295.npy,ppg_wrist/3RFH_w0295.npy,0.72,2.947,False,0.0,0.0,0.0
3RFH_w0296,3RFH,296,3788.0,3798.0,3788.0,3798.0,run,chest+empatica,chest+empatica+forearm,gel,ecg/3RFH_w0296.npy,acc_chest/3RFH_w0296.npy,ppg_wrist/3RFH_w0296.npy,0.673,3.098,False,0.0,0.0,0.0
3RFH_w0297,3RFH,297,3798.0,3808.0,3798.0,3808.0,run,chest+empatica,chest+empatica+forearm,gel,ecg/3RFH_w0297.npy,acc_chest/3RFH_w0297.npy,ppg_wrist/3RFH_w0297.npy,0.855,2.93,False,0.0,0.0,0.0
3RFH_w0298,3RFH,298,3808.0,3818.0,3808.0,3818.0,run,chest+empatica,chest+empatica+forearm,gel,ecg/3RFH_w0298.npy,acc_chest/3RFH_w0298.npy,ppg_wrist/3RFH_w0298.npy,1.234,3.205,False,0.0,0.0,0.0
3RFH_w0299,3RFH,299,3818.0,3828.0,3818.0,3828.0,run,chest+empatica,chest+empatica+forearm,gel,ecg/3RFH_w0299.npy,acc_chest/3RFH_w0299.npy,ppg_wrist/3RFH_w0299.npy,1.351,3.296,False,0.0,0.0,0.0
3RFH_w0300,3RFH,300,3828.0,3838.0,3828.0,3838.0,run,chest+empatica,chest+empatica+forearm,gel,ecg/3RFH_w0300.npy,acc_chest/3RFH_w0300.npy,ppg_wrist/3RFH_w0300.npy,1.399,4.033,False,0.0,0.0,0.0
3RFH_w0301,3RFH,301,3838.0,3848.0,3838.0,3848.0,run,chest+empatica,chest+empatica+forearm,gel,ecg/3RFH_w0301.npy,acc_chest/3RFH_w0301.npy,ppg_wrist/3RFH_w0301.npy,1.371,4.747,False,0.0,0.0,0.0
3RFH_w0302,3RFH,302,3848.0,3858.0,3848.0,3858.0,run,chest+empatica,chest+empatica+forearm,gel,ecg/3RFH_w0302.npy,acc_chest/3RFH_w0302.npy,ppg_wrist/3RFH_w0302.npy,1.475,4.529,False,0.0,0.0,0.0
3RFH_w0303,3RFH,303,3858.0,3868.0,3858.0,3868.0,run,chest+empatica,chest+empatica+forearm,gel,ecg/3RFH_w0303.npy,acc_chest/3RFH_w0303.npy,ppg_wrist/3RFH_w0303.npy,1.295,3.757,False,0.0,0.0,0.0
3RFH_w0304,3RFH,304,3868.0,3878.0,3868.0,3878.0,run,chest+empatica,chest+empatica+forearm,gel,ecg/3RFH_w0304.npy,acc_chest/3RFH_w0304.npy,ppg_wrist/3RFH_w0304.npy,1.386,3.54,False,0.0,0.0,0.0
3RFH_w0305,3RFH,305,3878.0,3888.0,3878.0,3888.0,run,chest+empatica,chest+empatica+forearm,gel,ecg/3RFH_w0305.npy,acc_chest/3RFH_w0305.npy,ppg_wrist/3RFH_w0305.npy,1.529,3.771,False,0.0,0.0,0.0
3RFH_w0306,3RFH,306,3888.0,3898.0,3888.0,3898.0,run,chest+empatica,chest+empatica+forearm,gel,ecg/3RFH_w0306.npy,acc_chest/3RFH_w0306.npy,ppg_wrist/3RFH_w0306.npy,1.408,2.868,False,0.0,0.0,0.0
3RFH_w0307,3RFH,307,3898.0,3908.0,3898.0,3908.0,run,chest+empatica,chest+empatica+forearm,gel,ecg/3RFH_w0307.npy,acc_chest/3RFH_w0307.npy,ppg_wrist/3RFH_w0307.npy,1.285,2.571,False,0.0,0.0,0.0
3RFH_w0308,3RFH,308,3908.0,3918.0,3908.0,3918.0,run,chest+empatica,chest+empatica+forearm,gel,ecg/3RFH_w0308.npy,acc_chest/3RFH_w0308.npy,ppg_wrist/3RFH_w0308.npy,1.238,2.319,False,0.0,0.0,0.0
3RFH_w0309,3RFH,309,3918.0,3928.0,3918.0,3928.0,run,chest+empatica,chest+empatica+forearm,gel,ecg/3RFH_w0309.npy,acc_chest/3RFH_w0309.npy,ppg_wrist/3RFH_w0309.npy,1.436,2.722,False,0.0,0.0,0.0
3RFH_w0310,3RFH,310,3928.0,3938.0,3928.0,3938.0,run,chest+empatica,chest+empatica+forearm,gel,ecg/3RFH_w0310.npy,acc_chest/3RFH_w0310.npy,ppg_wrist/3RFH_w0310.npy,1.569,2.928,False,0.0,0.0,0.0
3RFH_w0311,3RFH,311,3938.0,3948.0,3938.0,3948.0,run,chest+empatica,chest+empatica+forearm,gel,ecg/3RFH_w0311.npy,acc_chest/3RFH_w0311.npy,ppg_wrist/3RFH_w0311.npy,1.543,2.747,False,0.0,0.0,0.0
3RFH_w0312,3RFH,312,3948.0,3958.0,3948.0,3958.0,run,chest+empatica,chest+empatica+forearm,gel,ecg/3RFH_w0312.npy,acc_chest/3RFH_w0312.npy,ppg_wrist/3RFH_w0312.npy,1.379,4.763,False,0.0,0.0,0.0
3RFH_w0313,3RFH,313,3958.0,3968.0,3958.0,3968.0,run,chest+empatica,chest+empatica+forearm,gel,ecg/3RFH_w0313.npy,acc_chest/3RFH_w0313.npy,ppg_wrist/3RFH_w0313.npy,1.352,5.194,False,0.0,0.0,0.0
3RFH_w0314,3RFH,314,3968.0,3978.0,3968.0,3978.0,run,chest+empatica,chest+empatica+forearm,gel,ecg/3RFH_w0314.npy,acc_chest/3RFH_w0314.npy,ppg_wrist/3RFH_w0314.npy,1.296,3.403,False,0.0,0.0,0.0
3RFH_w0315,3RFH,315,3978.0,3988.0,3978.0,3988.0,run,chest+empatica,chest+empatica+forearm,gel,ecg/3RFH_w0315.npy,acc_chest/3RFH_w0315.npy,ppg_wrist/3RFH_w0315.npy,1.259,2.813,False,0.0,0.0,0.0
3RFH_w0316,3RFH,316,3988.0,3998.0,3988.0,3998.0,run,chest+empatica,chest+empatica+forearm,gel,ecg/3RFH_w0316.npy,acc_chest/3RFH_w0316.npy,ppg_wrist/3RFH_w0316.npy,1.177,3.089,False,0.0,0.0,0.0
3RFH_w0317,3RFH,317,3998.0,4008.0,3998.0,4008.0,run,chest+empatica,chest+empatica+forearm,gel,ecg/3RFH_w0317.npy,acc_chest/3RFH_w0317.npy,ppg_wrist/3RFH_w0317.npy,1.209,4.561,False,0.0,0.0,0.0
3RFH_w0318,3RFH,318,4008.0,4018.0,4008.0,4018.0,run,chest+empatica,chest+empatica+forearm,gel,ecg/3RFH_w0318.npy,acc_chest/3RFH_w0318.npy,ppg_wrist/3RFH_w0318.npy,1.325,4.78,False,0.0,0.0,0.0
3RFH_w0319,3RFH,319,4018.0,4028.0,4018.0,4028.0,run,chest+empatica,chest+empatica+forearm,gel,ecg/3RFH_w0319.npy,acc_chest/3RFH_w0319.npy,ppg_wrist/3RFH_w0319.npy,1.358,3.416,False,0.0,0.0,0.0
3RFH_w0320,3RFH,320,4028.0,4038.0,4028.0,4038.0,run,chest+empatica,chest+empatica+forearm,gel,ecg/3RFH_w0320.npy,acc_chest/3RFH_w0320.npy,ppg_wrist/3RFH_w0320.npy,1.262,3.943,False,0.0,0.0,0.0
3RFH_w0321,3RFH,321,4038.0,4048.0,4038.0,4048.0,run,chest+empatica,chest+empatica+forearm,gel,ecg/3RFH_w0321.npy,acc_chest/3RFH_w0321.npy,ppg_wrist/3RFH_w0321.npy,1.342,3.535,False,0.0,0.0,0.0
3RFH_w0322,3RFH,322,4048.0,4058.0,4048.0,4058.0,run,chest+empatica,chest+empatica+forearm,gel,ecg/3RFH_w0322.npy,acc_chest/3RFH_w0322.npy,ppg_wrist/3RFH_w0322.npy,1.343,2.416,False,0.0,0.0,0.0
3RFH_w0323,3RFH,323,4058.0,4068.0,4058.0,4068.0,run,chest+empatica,chest+empatica+forearm,gel,ecg/3RFH_w0323.npy,acc_chest/3RFH_w0323.npy,ppg_wrist/3RFH_w0323.npy,1.312,3.109,False,0.0,0.0,0.0
3RFH_w0324,3RFH,324,4068.0,4078.0,4068.0,4078.0,run,chest+empatica,chest+empatica+forearm,gel,ecg/3RFH_w0324.npy,acc_chest/3RFH_w0324.npy,ppg_wrist/3RFH_w0324.npy,1.467,3.86,False,0.0,0.0,0.0
3RFH_w0325,3RFH,325,4078.0,4088.0,4078.0,4088.0,run,chest+empatica,chest+empatica+forearm,gel,ecg/3RFH_w0325.npy,acc_chest/3RFH_w0325.npy,ppg_wrist/3RFH_w0325.npy,1.246,3.245,False,0.0,0.0,0.0
3RFH_w0326,3RFH,326,4088.0,4098.0,4088.0,4098.0,run,chest+empatica,chest+empatica+forearm,gel,ecg/3RFH_w0326.npy,acc_chest/3RFH_w0326.npy,ppg_wrist/3RFH_w0326.npy,1.289,2.577,False,0.0,0.0,0.0
3RFH_w0327,3RFH,327,4098.0,4108.0,4098.0,4108.0,run,chest+empatica,chest+empatica+forearm,gel,ecg/3RFH_w0327.npy,acc_chest/3RFH_w0327.npy,ppg_wrist/3RFH_w0327.npy,1.478,3.302,False,0.0,0.0,0.0
3RFH_w0328,3RFH,328,4108.0,4118.0,4108.0,4118.0,run,chest+empatica,chest+empatica+forearm,gel,ecg/3RFH_w0328.npy,acc_chest/3RFH_w0328.npy,ppg_wrist/3RFH_w0328.npy,1.43,4.215,False,0.0,0.0,0.0
3RFH_w0329,3RFH,329,4118.0,4128.0,4118.0,4128.0,run,chest+empatica,chest+empatica+forearm,gel,ecg/3RFH_w0329.npy,acc_chest/3RFH_w0329.npy,ppg_wrist/3RFH_w0329.npy,1.314,3.364,False,0.0,0.0,0.0
3RFH_w0330,3RFH,330,4128.0,4138.0,4128.0,4138.0,run,chest+empatica,chest+empatica+forearm,gel,ecg/3RFH_w0330.npy,acc_chest/3RFH_w0330.npy,ppg_wrist/3RFH_w0330.npy,1.33,2.73,False,0.0,0.0,0.0
3RFH_w0331,3RFH,331,4138.0,4148.0,4138.0,4148.0,run,chest+empatica,chest+empatica+forearm,gel,ecg/3RFH_w0331.npy,acc_chest/3RFH_w0331.npy,ppg_wrist/3RFH_w0331.npy,1.485,4.683,False,0.0,0.0,0.0
3RFH_w0332,3RFH,332,4148.0,4158.0,4148.0,4158.0,run,chest+empatica,chest+empatica+forearm,gel,ecg/3RFH_w0332.npy,acc_chest/3RFH_w0332.npy,ppg_wrist/3RFH_w0332.npy,1.264,5.012,False,0.0,0.0,0.0
3RFH_w0333,3RFH,333,4158.0,4168.0,4158.0,4168.0,run,chest+empatica,chest+empatica+forearm,gel,ecg/3RFH_w0333.npy,acc_chest/3RFH_w0333.npy,ppg_wrist/3RFH_w0333.npy,1.182,4.579,False,0.0,0.0,0.0
3RFH_w0334,3RFH,334,4168.0,4178.0,4168.0,4178.0,run,chest+empatica,chest+empatica+forearm,gel,ecg/3RFH_w0334.npy,acc_chest/3RFH_w0334.npy,ppg_wrist/3RFH_w0334.npy,1.262,5.49,False,0.0,0.0,0.0
3RFH_w0335,3RFH,335,4178.0,4188.0,4178.0,4188.0,run,chest+empatica,chest+empatica+forearm,gel,ecg/3RFH_w0335.npy,acc_chest/3RFH_w0335.npy,ppg_wrist/3RFH_w0335.npy,1.297,4.775,False,0.0,0.0,0.0
3RFH_w0336,3RFH,336,4188.0,4198.0,4188.0,4198.0,run,chest+empatica,chest+empatica+forearm,gel,ecg/3RFH_w0336.npy,acc_chest/3RFH_w0336.npy,ppg_wrist/3RFH_w0336.npy,1.205,3.805,False,0.0,0.0,0.0
3RFH_w0337,3RFH,337,4198.0,4208.0,4198.0,4208.0,run,chest+empatica,chest+empatica+forearm,gel,ecg/3RFH_w0337.npy,acc_chest/3RFH_w0337.npy,ppg_wrist/3RFH_w0337.npy,1.361,4.634,False,0.0,0.0,0.0
3RFH_w0338,3RFH,338,4208.0,4218.0,4208.0,4218.0,run,chest+empatica,chest+empatica+forearm,gel,ecg/3RFH_w0338.npy,acc_chest/3RFH_w0338.npy,ppg_wrist/3RFH_w0338.npy,1.574,4.089,False,0.0,0.0,0.0
3RFH_w0339,3RFH,339,4218.0,4228.0,4218.0,4228.0,run,chest+empatica,chest+empatica+forearm,gel,ecg/3RFH_w0339.npy,acc_chest/3RFH_w0339.npy,ppg_wrist/3RFH_w0339.npy,1.942,4.315,False,0.0,0.0,0.0
3RFH_w0340,3RFH,340,4228.0,4238.0,4228.0,4238.0,run,chest+empatica,chest+empatica+forearm,gel,ecg/3RFH_w0340.npy,acc_chest/3RFH_w0340.npy,ppg_wrist/3RFH_w0340.npy,1.48,4.749,False,0.0,0.0,0.0
3RFH_w0341,3RFH,341,4238.0,4248.0,4238.0,4248.0,run,chest+empatica,chest+empatica+forearm,gel,ecg/3RFH_w0341.npy,acc_chest/3RFH_w0341.npy,ppg_wrist/3RFH_w0341.npy,1.572,4.308,False,0.0,0.0,0.0
3RFH_w0342,3RFH,342,4248.0,4258.0,4248.0,4258.0,run,chest+empatica,chest+empatica+forearm,gel,ecg/3RFH_w0342.npy,acc_chest/3RFH_w0342.npy,ppg_wrist/3RFH_w0342.npy,1.353,3.923,False,0.0,0.0,0.0
3RFH_w0343,3RFH,343,4258.0,4268.0,4258.0,4268.0,run,chest+empatica,chest+empatica+forearm,gel,ecg/3RFH_w0343.npy,acc_chest/3RFH_w0343.npy,ppg_wrist/3RFH_w0343.npy,1.503,3.795,False,0.0,0.0,0.0
3RFH_w0344,3RFH,344,4268.0,4278.0,4268.0,4278.0,run,chest+empatica,chest+empatica+forearm,gel,ecg/3RFH_w0344.npy,acc_chest/3RFH_w0344.npy,ppg_wrist/3RFH_w0344.npy,1.391,4.795,False,0.0,0.0,0.0
3RFH_w0345,3RFH,345,4278.0,4288.0,4278.0,4288.0,run,chest+empatica,chest+empatica+forearm,gel,ecg/3RFH_w0345.npy,acc_chest/3RFH_w0345.npy,ppg_wrist/3RFH_w0345.npy,1.321,4.712,False,0.0,0.0,0.0
3RFH_w0346,3RFH,346,4288.0,4298.0,4288.0,4298.0,run,chest+empatica,chest+empatica+forearm,gel,ecg/3RFH_w0346.npy,acc_chest/3RFH_w0346.npy,ppg_wrist/3RFH_w0346.npy,1.529,3.391,False,0.0,0.0,0.0
3RFH_w0347,3RFH,347,4298.0,4308.0,4298.0,4308.0,run,chest+empatica,chest+empatica+forearm,gel,ecg/3RFH_w0347.npy,acc_chest/3RFH_w0347.npy,ppg_wrist/3RFH_w0347.npy,1.401,3.556,False,0.0,0.0,0.0
3RFH_w0348,3RFH,348,4308.0,4318.0,4308.0,4318.0,run,chest+empatica,chest+empatica+forearm,gel,ecg/3RFH_w0348.npy,acc_chest/3RFH_w0348.npy,ppg_wrist/3RFH_w0348.npy,1.465,3.574,False,0.0,0.0,0.0
3RFH_w0349,3RFH,349,4318.0,4328.0,4318.0,4328.0,run,chest+empatica,chest+empatica+forearm,gel,ecg/3RFH_w0349.npy,acc_chest/3RFH_w0349.npy,ppg_wrist/3RFH_w0349.npy,1.391,3.922,False,0.0,0.0,0.0
3RFH_w0350,3RFH,350,4328.0,4338.0,4328.0,4338.0,run,chest+empatica,chest+empatica+forearm,gel,ecg/3RFH_w0350.npy,acc_chest/3RFH_w0350.npy,ppg_wrist/3RFH_w0350.npy,1.371,3.94,False,0.0,0.0,0.0
3RFH_w0351,3RFH,351,4338.0,4348.0,4338.0,4348.0,run,chest+empatica,chest+empatica+forearm,gel,ecg/3RFH_w0351.npy,acc_chest/3RFH_w0351.npy,ppg_wrist/3RFH_w0351.npy,1.494,5.328,False,0.0,0.0,0.0
3RFH_w0352,3RFH,352,4348.0,4358.0,4348.0,4358.0,run,chest+empatica,chest+empatica+forearm,gel,ecg/3RFH_w0352.npy,acc_chest/3RFH_w0352.npy,ppg_wrist/3RFH_w0352.npy,1.476,4.745,False,0.0,0.0,0.0
3RFH_w0353,3RFH,353,4358.0,4368.0,4358.0,4368.0,run,chest+empatica,chest+empatica+forearm,gel,ecg/3RFH_w0353.npy,acc_chest/3RFH_w0353.npy,ppg_wrist/3RFH_w0353.npy,1.656,3.114,False,0.0,0.0,0.0
3RFH_w0354,3RFH,354,4368.0,4378.0,4368.0,4378.0,run,chest+empatica,chest+empatica+forearm,gel,ecg/3RFH_w0354.npy,acc_chest/3RFH_w0354.npy,ppg_wrist/3RFH_w0354.npy,1.387,5.391,False,0.0,0.0,0.0
3RFH_w0355,3RFH,355,4378.0,4388.0,4378.0,4388.0,run,chest+empatica,chest+empatica+forearm,gel,ecg/3RFH_w0355.npy,acc_chest/3RFH_w0355.npy,ppg_wrist/3RFH_w0355.npy,1.341,5.162,False,0.0,0.0,0.0
3RFH_w0356,3RFH,356,4388.0,4398.0,4388.0,4398.0,run,chest+empatica,chest+empatica+forearm,gel,ecg/3RFH_w0356.npy,acc_chest/3RFH_w0356.npy,ppg_wrist/3RFH_w0356.npy,1.419,2.503,False,0.0,0.0,0.0
3RFH_w0357,3RFH,357,4398.0,4408.0,4398.0,4408.0,run,chest+empatica,chest+empatica+forearm,gel,ecg/3RFH_w0357.npy,acc_chest/3RFH_w0357.npy,ppg_wrist/3RFH_w0357.npy,1.504,10.662,False,0.0,0.0,0.0
3RFH_w0358,3RFH,358,4408.0,4418.0,4408.0,4418.0,run,chest+empatica,chest+empatica+forearm,gel,ecg/3RFH_w0358.npy,acc_chest/3RFH_w0358.npy,ppg_wrist/3RFH_w0358.npy,0.304,11.324,False,0.0,0.0,0.0
3RFH_w0359,3RFH,359,4418.0,4428.0,4418.0,4428.0,run,chest+empatica,chest+empatica+forearm,gel,ecg/3RFH_w0359.npy,acc_chest/3RFH_w0359.npy,ppg_wrist/3RFH_w0359.npy,0.304,11.324,False,0.0,0.0,0.0
3RFH_w0360,3RFH,360,4428.0,4438.0,4428.0,4438.0,run,chest+empatica,chest+empatica+forearm,gel,ecg/3RFH_w0360.npy,acc_chest/3RFH_w0360.npy,ppg_wrist/3RFH_w0360.npy,0.304,11.324,False,0.0,0.0,0.0
3RFH_w0361,3RFH,361,4438.0,4448.0,4438.0,4448.0,run,chest+empatica,chest+empatica+forearm,gel,ecg/3RFH_w0361.npy,acc_chest/3RFH_w0361.npy,ppg_wrist/3RFH_w0361.npy,0.437,12.591,False,0.0,0.0,0.0
3RFH_w0362,3RFH,362,4448.0,4458.0,4448.0,4458.0,run,chest+empatica,chest+empatica+forearm,gel,ecg/3RFH_w0362.npy,acc_chest/3RFH_w0362.npy,ppg_wrist/3RFH_w0362.npy,1.194,1.898,False,0.0,0.0,0.0
3RFH_w0363,3RFH,363,4458.0,4468.0,4458.0,4468.0,run,chest+empatica,chest+empatica+forearm,gel,ecg/3RFH_w0363.npy,acc_chest/3RFH_w0363.npy,ppg_wrist/3RFH_w0363.npy,1.252,1.611,False,0.0,0.0,0.0
3RFH_w0364,3RFH,364,4468.0,4478.0,4468.0,4478.0,run,chest+empatica,chest+empatica+forearm,gel,ecg/3RFH_w0364.npy,acc_chest/3RFH_w0364.npy,ppg_wrist/3RFH_w0364.npy,1.23,1.945,False,0.0,0.0,0.0
3RFH_w0365,3RFH,365,4478.0,4488.0,4478.0,4488.0,run,chest+empatica,chest+empatica+forearm,gel,ecg/3RFH_w0365.npy,acc_chest/3RFH_w0365.npy,ppg_wrist/3RFH_w0365.npy,1.25,2.251,False,0.0,0.0,0.0
3RFH_w0366,3RFH,366,4488.0,4498.0,4488.0,4498.0,run,chest+empatica,chest+empatica+forearm,gel,ecg/3RFH_w0366.npy,acc_chest/3RFH_w0366.npy,ppg_wrist/3RFH_w0366.npy,1.216,2.272,False,0.0,0.0,0.0
3RFH_w0367,3RFH,367,4498.0,4508.0,4498.0,4508.0,run,chest+empatica,chest+empatica+forearm,gel,ecg/3RFH_w0367.npy,acc_chest/3RFH_w0367.npy,ppg_wrist/3RFH_w0367.npy,1.199,1.942,False,0.0,0.0,0.0
3RFH_w0368,3RFH,368,4508.0,4518.0,4508.0,4518.0,run,chest+empatica,chest+empatica+forearm,gel,ecg/3RFH_w0368.npy,acc_chest/3RFH_w0368.npy,ppg_wrist/3RFH_w0368.npy,1.18,1.955,False,0.0,0.0,0.0
3RFH_w0369,3RFH,369,4518.0,4528.0,4518.0,4528.0,run,chest+empatica,chest+empatica+forearm,gel,ecg/3RFH_w0369.npy,acc_chest/3RFH_w0369.npy,ppg_wrist/3RFH_w0369.npy,1.28,3.111,False,0.0,0.0,0.0
3RFH_w0370,3RFH,370,4528.0,4538.0,4528.0,4538.0,run,chest+empatica,chest+empatica+forearm,gel,ecg/3RFH_w0370.npy,acc_chest/3RFH_w0370.npy,ppg_wrist/3RFH_w0370.npy,1.192,4.501,False,0.0,0.0,0.0
3RFH_w0371,3RFH,371,4538.0,4548.0,4538.0,4548.0,run,chest+empatica,chest+empatica+forearm,gel,ecg/3RFH_w0371.npy,acc_chest/3RFH_w0371.npy,ppg_wrist/3RFH_w0371.npy,1.214,4.128,False,0.0,0.0,0.0
3RFH_w0372,3RFH,372,4548.0,4558.0,4548.0,4558.0,run,chest+empatica,chest+empatica+forearm,gel,ecg/3RFH_w0372.npy,acc_chest/3RFH_w0372.npy,ppg_wrist/3RFH_w0372.npy,0.906,3.49,False,0.0,0.0,0.0
3RFH_w0373,3RFH,373,4558.0,4568.0,4558.0,4568.0,walk_after,chest+empatica,chest+empatica+forearm,gel,ecg/3RFH_w0373.npy,acc_chest/3RFH_w0373.npy,ppg_wrist/3RFH_w0373.npy,0.815,3.384,False,0.0,0.0,0.0
3RFH_w0374,3RFH,374,4568.0,4578.0,4568.0,4578.0,walk_after,chest+empatica,chest+empatica+forearm,gel,ecg/3RFH_w0374.npy,acc_chest/3RFH_w0374.npy,ppg_wrist/3RFH_w0374.npy,0.88,3.56,False,0.0,0.0,0.0
3RFH_w0375,3RFH,375,4578.0,4588.0,4578.0,4588.0,walk_after,chest+empatica,chest+empatica+forearm,gel,ecg/3RFH_w0375.npy,acc_chest/3RFH_w0375.npy,ppg_wrist/3RFH_w0375.npy,0.884,4.038,False,0.0,0.0,0.0
3RFH_w0376,3RFH,376,4588.0,4598.0,4588.0,4598.0,walk_after,chest+empatica,chest+empatica+forearm,gel,ecg/3RFH_w0376.npy,acc_chest/3RFH_w0376.npy,ppg_wrist/3RFH_w0376.npy,0.806,3.581,False,0.0,0.0,0.0
3RFH_w0377,3RFH,377,4598.0,4608.0,4598.0,4608.0,walk_after,chest+empatica,chest+empatica+forearm,gel,ecg/3RFH_w0377.npy,acc_chest/3RFH_w0377.npy,ppg_wrist/3RFH_w0377.npy,0.795,3.179,False,0.0,0.0,0.0
3RFH_w0378,3RFH,378,4608.0,4618.0,4608.0,4618.0,walk_after,chest+empatica,chest+empatica+forearm,gel,ecg/3RFH_w0378.npy,acc_chest/3RFH_w0378.npy,ppg_wrist/3RFH_w0378.npy,0.814,3.12,False,0.0,0.0,0.0
3RFH_w0379,3RFH,379,4618.0,4628.0,4618.0,4628.0,walk_after,chest+empatica,chest+empatica+forearm,gel,ecg/3RFH_w0379.npy,acc_chest/3RFH_w0379.npy,ppg_wrist/3RFH_w0379.npy,0.812,3.169,False,0.0,0.0,0.0
3RFH_w0380,3RFH,380,4628.0,4638.0,4628.0,4638.0,walk_after,chest+empatica,chest+empatica+forearm,gel,ecg/3RFH_w0380.npy,acc_chest/3RFH_w0380.npy,ppg_wrist/3RFH_w0380.npy,0.856,3.289,False,0.0,0.0,0.0
3RFH_w0381,3RFH,381,4638.0,4648.0,4638.0,4648.0,walk_after,chest+empatica,chest+empatica+forearm,gel,ecg/3RFH_w0381.npy,acc_chest/3RFH_w0381.npy,ppg_wrist/3RFH_w0381.npy,0.868,3.344,False,0.0,0.0,0.0
3RFH_w0382,3RFH,382,4648.0,4658.0,4648.0,4658.0,walk_after,chest+empatica,chest+empatica+forearm,gel,ecg/3RFH_w0382.npy,acc_chest/3RFH_w0382.npy,ppg_wrist/3RFH_w0382.npy,0.821,3.431,False,0.0,0.0,0.0
3RFH_w0383,3RFH,383,4658.0,4668.0,4658.0,4668.0,walk_after,chest+empatica,chest+empatica+forearm,gel,ecg/3RFH_w0383.npy,acc_chest/3RFH_w0383.npy,ppg_wrist/3RFH_w0383.npy,0.845,3.609,False,0.0,0.0,0.0
3RFH_w0384,3RFH,384,4668.0,4678.0,4668.0,4678.0,walk_after,chest+empatica,chest+empatica+forearm,gel,ecg/3RFH_w0384.npy,acc_chest/3RFH_w0384.npy,ppg_wrist/3RFH_w0384.npy,0.862,3.499,False,0.0,0.0,0.0
3RFH_w0385,3RFH,385,4678.0,4688.0,4678.0,4688.0,walk_after,chest+empatica,chest+empatica+forearm,gel,ecg/3RFH_w0385.npy,acc_chest/3RFH_w0385.npy,ppg_wrist/3RFH_w0385.npy,0.915,3.458,False,0.0,0.0,0.0
3RFH_w0386,3RFH,386,4688.0,4698.0,4688.0,4698.0,walk_after,chest+empatica,chest+empatica+forearm,gel,ecg/3RFH_w0386.npy,acc_chest/3RFH_w0386.npy,ppg_wrist/3RFH_w0386.npy,0.888,3.589,False,0.0,0.0,0.0
3RFH_w0387,3RFH,387,4698.0,4708.0,4698.0,4708.0,walk_after,chest+empatica,chest+empatica+forearm,gel,ecg/3RFH_w0387.npy,acc_chest/3RFH_w0387.npy,ppg_wrist/3RFH_w0387.npy,0.812,3.617,False,0.0,0.0,0.0
3RFH_w0388,3RFH,388,4708.0,4718.0,4708.0,4718.0,walk_after,chest+empatica,chest+empatica+forearm,gel,ecg/3RFH_w0388.npy,acc_chest/3RFH_w0388.npy,ppg_wrist/3RFH_w0388.npy,0.836,3.307,False,0.0,0.0,0.0
3RFH_w0389,3RFH,389,4718.0,4728.0,4718.0,4728.0,walk_after,chest+empatica,chest+empatica+forearm,gel,ecg/3RFH_w0389.npy,acc_chest/3RFH_w0389.npy,ppg_wrist/3RFH_w0389.npy,0.843,3.407,False,0.0,0.0,0.0
3RFH_w0390,3RFH,390,4728.0,4738.0,4728.0,4738.0,walk_after,chest+empatica,chest+empatica+forearm,gel,ecg/3RFH_w0390.npy,acc_chest/3RFH_w0390.npy,ppg_wrist/3RFH_w0390.npy,0.856,3.941,False,0.0,0.0,0.0
3RFH_w0391,3RFH,391,4738.0,4748.0,4738.0,4748.0,walk_after,chest+empatica,chest+empatica+forearm,gel,ecg/3RFH_w0391.npy,acc_chest/3RFH_w0391.npy,ppg_wrist/3RFH_w0391.npy,0.916,3.781,False,0.0,0.0,0.0
3RFH_w0392,3RFH,392,4748.0,4758.0,4748.0,4758.0,walk_after,chest+empatica,chest+empatica+forearm,gel,ecg/3RFH_w0392.npy,acc_chest/3RFH_w0392.npy,ppg_wrist/3RFH_w0392.npy,1.046,3.532,False,0.0,0.0,0.0
3RFH_w0393,3RFH,393,4758.0,4768.0,4758.0,4768.0,walk_after,chest+empatica,chest+empatica+forearm,gel,ecg/3RFH_w0393.npy,acc_chest/3RFH_w0393.npy,ppg_wrist/3RFH_w0393.npy,0.891,4.036,False,0.0,0.0,0.0
4JF9_w0000,4JF9,0,212.0,222.0,212.0,222.0,baseline,chest+empatica,chest+empatica+forearm,gel,ecg/4JF9_w0000.npy,acc_chest/4JF9_w0000.npy,ppg_wrist/4JF9_w0000.npy,0.416,15.486,False,0.0,0.0,0.0
4JF9_w0001,4JF9,1,222.0,232.0,222.0,232.0,baseline,chest+empatica,chest+empatica+forearm,gel,ecg/4JF9_w0001.npy,acc_chest/4JF9_w0001.npy,ppg_wrist/4JF9_w0001.npy,0.416,15.486,False,0.0,0.0,0.0
4JF9_w0002,4JF9,2,232.0,242.0,232.0,242.0,baseline,chest+empatica,chest+empatica+forearm,gel,ecg/4JF9_w0002.npy,acc_chest/4JF9_w0002.npy,ppg_wrist/4JF9_w0002.npy,0.416,15.486,False,0.0,0.0,0.0
4JF9_w0003,4JF9,3,242.0,252.0,242.0,252.0,baseline,chest+empatica,chest+empatica+forearm,gel,ecg/4JF9_w0003.npy,acc_chest/4JF9_w0003.npy,ppg_wrist/4JF9_w0003.npy,1.048,17.204,False,0.0,0.0,0.0
4JF9_w0004,4JF9,4,252.0,262.0,252.0,262.0,lift,chest+empatica,chest+empatica+forearm,gel,ecg/4JF9_w0004.npy,acc_chest/4JF9_w0004.npy,ppg_wrist/4JF9_w0004.npy,0.693,2.337,False,0.0,0.0,0.0
4JF9_w0005,4JF9,5,262.0,272.0,262.0,272.0,lift,chest+empatica,chest+empatica+forearm,gel,ecg/4JF9_w0005.npy,acc_chest/4JF9_w0005.npy,ppg_wrist/4JF9_w0005.npy,0.708,1.74,False,0.0,0.0,0.0
4JF9_w0006,4JF9,6,272.0,282.0,272.0,282.0,lift,chest+empatica,chest+empatica+forearm,gel,ecg/4JF9_w0006.npy,acc_chest/4JF9_w0006.npy,ppg_wrist/4JF9_w0006.npy,0.691,2.089,False,0.0,0.0,0.0
4JF9_w0007,4JF9,7,282.0,292.0,282.0,292.0,lift,chest+empatica,chest+empatica+forearm,gel,ecg/4JF9_w0007.npy,acc_chest/4JF9_w0007.npy,ppg_wrist/4JF9_w0007.npy,0.699,2.373,False,0.0,0.0,0.0
4JF9_w0008,4JF9,8,292.0,302.0,292.0,302.0,lift,chest+empatica,chest+empatica+forearm,gel,ecg/4JF9_w0008.npy,acc_chest/4JF9_w0008.npy,ppg_wrist/4JF9_w0008.npy,0.7,2.49,False,0.0,0.0,0.0
4JF9_w0009,4JF9,9,302.0,312.0,302.0,312.0,lift,chest+empatica,chest+empatica+forearm,gel,ecg/4JF9_w0009.npy,acc_chest/4JF9_w0009.npy,ppg_wrist/4JF9_w0009.npy,0.699,2.798,False,0.0,0.0,0.0
4JF9_w0010,4JF9,10,312.0,322.0,312.0,322.0,lift,chest+empatica,chest+empatica+forearm,gel,ecg/4JF9_w0010.npy,acc_chest/4JF9_w0010.npy,ppg_wrist/4JF9_w0010.npy,0.655,17.401,False,0.0,0.0,0.0
4JF9_w0011,4JF9,11,322.0,332.0,322.0,332.0,lift,chest+empatica,chest+empatica+forearm,gel,ecg/4JF9_w0011.npy,acc_chest/4JF9_w0011.npy,ppg_wrist/4JF9_w0011.npy,0.416,15.486,False,0.0,0.0,0.0
4JF9_w0012,4JF9,12,332.0,342.0,332.0,342.0,lift,chest+empatica,chest+empatica+forearm,gel,ecg/4JF9_w0012.npy,acc_chest/4JF9_w0012.npy,ppg_wrist/4JF9_w0012.npy,0.416,15.486,False,0.0,0.0,0.0
4JF9_w0013,4JF9,13,342.0,352.0,342.0,352.0,lift,chest+empatica,chest+empatica+forearm,gel,ecg/4JF9_w0013.npy,acc_chest/4JF9_w0013.npy,ppg_wrist/4JF9_w0013.npy,0.416,15.486,False,0.0,0.0,0.0
4JF9_w0014,4JF9,14,352.0,362.0,352.0,362.0,lift,chest+empatica,chest+empatica+forearm,gel,ecg/4JF9_w0014.npy,acc_chest/4JF9_w0014.npy,ppg_wrist/4JF9_w0014.npy,0.416,15.486,False,0.0,0.0,0.0
4JF9_w0015,4JF9,15,362.0,372.0,362.0,372.0,lift,chest+empatica,chest+empatica+forearm,gel,ecg/4JF9_w0015.npy,acc_chest/4JF9_w0015.npy,ppg_wrist/4JF9_w0015.npy,0.416,15.486,False,0.0,0.0,0.0
4JF9_w0016,4JF9,16,372.0,382.0,372.0,382.0,lift,chest+empatica,chest+empatica+forearm,gel,ecg/4JF9_w0016.npy,acc_chest/4JF9_w0016.npy,ppg_wrist/4JF9_w0016.npy,0.734,16.998,False,0.0,0.0,0.0
4JF9_w0017,4JF9,17,382.0,392.0,382.0,392.0,lift,chest+empatica,chest+empatica+forearm,gel,ecg/4JF9_w0017.npy,acc_chest/4JF9_w0017.npy,ppg_wrist/4JF9_w0017.npy,0.67,2.621,False,0.0,0.0,0.0
4JF9_w0018,4JF9,18,392.0,402.0,392.0,402.0,lift,chest+empatica,chest+empatica+forearm,gel,ecg/4JF9_w0018.npy,acc_chest/4JF9_w0018.npy,ppg_wrist/4JF9_w0018.npy,0.701,2.447,False,0.0,0.0,0.0
4JF9_w0019,4JF9,19,402.0,412.0,402.0,412.0,lift,chest+empatica,chest+empatica+forearm,gel,ecg/4JF9_w0019.npy,acc_chest/4JF9_w0019.npy,ppg_wrist/4JF9_w0019.npy,0.711,2.471,False,0.0,0.0,0.0
4JF9_w0020,4JF9,20,412.0,422.0,412.0,422.0,greetings,chest+empatica,chest+empatica+forearm,gel,ecg/4JF9_w0020.npy,acc_chest/4JF9_w0020.npy,ppg_wrist/4JF9_w0020.npy,0.731,2.778,False,0.0,0.0,0.0
4JF9_w0021,4JF9,21,422.0,432.0,422.0,432.0,greetings,chest+empatica,chest+empatica+forearm,gel,ecg/4JF9_w0021.npy,acc_chest/4JF9_w0021.npy,ppg_wrist/4JF9_w0021.npy,0.689,2.731,False,0.0,0.0,0.0
4JF9_w0022,4JF9,22,432.0,442.0,432.0,442.0,greetings,chest+empatica,chest+empatica+forearm,gel,ecg/4JF9_w0022.npy,acc_chest/4JF9_w0022.npy,ppg_wrist/4JF9_w0022.npy,0.703,2.641,False,0.0,0.0,0.0
4JF9_w0023,4JF9,23,442.0,452.0,442.0,452.0,greetings,chest+empatica,chest+empatica+forearm,gel,ecg/4JF9_w0023.npy,acc_chest/4JF9_w0023.npy,ppg_wrist/4JF9_w0023.npy,0.696,2.985,False,0.0,0.0,0.0
4JF9_w0024,4JF9,24,452.0,462.0,452.0,462.0,greetings,chest+empatica,chest+empatica+forearm,gel,ecg/4JF9_w0024.npy,acc_chest/4JF9_w0024.npy,ppg_wrist/4JF9_w0024.npy,0.685,2.951,False,0.0,0.0,0.0
4JF9_w0025,4JF9,25,462.0,472.0,462.0,472.0,greetings,chest+empatica,chest+empatica+forearm,gel,ecg/4JF9_w0025.npy,acc_chest/4JF9_w0025.npy,ppg_wrist/4JF9_w0025.npy,0.695,2.851,False,0.0,0.0,0.0
4JF9_w0026,4JF9,26,472.0,482.0,472.0,482.0,greetings,chest+empatica,chest+empatica+forearm,gel,ecg/4JF9_w0026.npy,acc_chest/4JF9_w0026.npy,ppg_wrist/4JF9_w0026.npy,1.051,16.889,False,0.0,0.0,0.0
4JF9_w0027,4JF9,27,482.0,492.0,482.0,492.0,greetings,chest+empatica,chest+empatica+forearm,gel,ecg/4JF9_w0027.npy,acc_chest/4JF9_w0027.npy,ppg_wrist/4JF9_w0027.npy,0.416,15.486,False,0.0,0.0,0.0
4JF9_w0028,4JF9,28,492.0,502.0,492.0,502.0,greetings,chest+empatica,chest+empatica+forearm,gel,ecg/4JF9_w0028.npy,acc_chest/4JF9_w0028.npy,ppg_wrist/4JF9_w0028.npy,0.416,15.486,False,0.0,0.0,0.0
4JF9_w0029,4JF9,29,502.0,512.0,502.0,512.0,greetings,chest+empatica,chest+empatica+forearm,gel,ecg/4JF9_w0029.npy,acc_chest/4JF9_w0029.npy,ppg_wrist/4JF9_w0029.npy,0.416,15.486,False,0.0,0.0,0.0
4JF9_w0030,4JF9,30,512.0,522.0,512.0,522.0,greetings,chest+empatica,chest+empatica+forearm,gel,ecg/4JF9_w0030.npy,acc_chest/4JF9_w0030.npy,ppg_wrist/4JF9_w0030.npy,0.416,15.486,False,0.0,0.0,0.0
4JF9_w0031,4JF9,31,522.0,532.0,522.0,532.0,greetings,chest+empatica,chest+empatica+forearm,gel,ecg/4JF9_w0031.npy,acc_chest/4JF9_w0031.npy,ppg_wrist/4JF9_w0031.npy,0.416,15.486,False,0.0,0.0,0.0
4JF9_w0032,4JF9,32,532.0,542.0,532.0,542.0,greetings,chest+empatica,chest+empatica+forearm,gel,ecg/4JF9_w0032.npy,acc_chest/4JF9_w0032.npy,ppg_wrist/4JF9_w0032.npy,0.416,15.486,False,0.0,0.0,0.0
4JF9_w0033,4JF9,33,542.0,552.0,542.0,552.0,greetings,chest+empatica,chest+empatica+forearm,gel,ecg/4JF9_w0033.npy,acc_chest/4JF9_w0033.npy,ppg_wrist/4JF9_w0033.npy,0.416,15.486,False,0.0,0.0,0.0
4JF9_w0034,4JF9,34,552.0,562.0,552.0,562.0,greetings,chest+empatica,chest+empatica+forearm,gel,ecg/4JF9_w0034.npy,acc_chest/4JF9_w0034.npy,ppg_wrist/4JF9_w0034.npy,0.416,15.486,False,0.0,0.0,0.0
4JF9_w0035,4JF9,35,562.0,572.0,562.0,572.0,greetings,chest+empatica,chest+empatica+forearm,gel,ecg/4JF9_w0035.npy,acc_chest/4JF9_w0035.npy,ppg_wrist/4JF9_w0035.npy,0.416,15.486,False,0.0,0.0,0.0
4JF9_w0036,4JF9,36,572.0,582.0,572.0,582.0,greetings,chest+empatica,chest+empatica+forearm,gel,ecg/4JF9_w0036.npy,acc_chest/4JF9_w0036.npy,ppg_wrist/4JF9_w0036.npy,0.416,15.486,False,0.0,0.0,0.0
4JF9_w0037,4JF9,37,582.0,592.0,582.0,592.0,greetings,chest+empatica,chest+empatica+forearm,gel,ecg/4JF9_w0037.npy,acc_chest/4JF9_w0037.npy,ppg_wrist/4JF9_w0037.npy,0.416,15.486,False,0.0,0.0,0.0
4JF9_w0038,4JF9,38,592.0,602.0,592.0,602.0,greetings,chest+empatica,chest+empatica+forearm,gel,ecg/4JF9_w0038.npy,acc_chest/4JF9_w0038.npy,ppg_wrist/4JF9_w0038.npy,0.416,15.486,False,0.0,0.0,0.0
4JF9_w0039,4JF9,39,602.0,612.0,602.0,612.0,greetings,chest+empatica,chest+empatica+forearm,gel,ecg/4JF9_w0039.npy,acc_chest/4JF9_w0039.npy,ppg_wrist/4JF9_w0039.npy,0.632,16.83,False,0.0,0.0,0.0
4JF9_w0040,4JF9,40,612.0,622.0,612.0,622.0,greetings,chest+empatica,chest+empatica+forearm,gel,ecg/4JF9_w0040.npy,acc_chest/4JF9_w0040.npy,ppg_wrist/4JF9_w0040.npy,0.701,2.925,False,0.0,0.0,0.0
4JF9_w0041,4JF9,41,622.0,632.0,622.0,632.0,gesticulate,chest+empatica,chest+empatica+forearm,gel,ecg/4JF9_w0041.npy,acc_chest/4JF9_w0041.npy,ppg_wrist/4JF9_w0041.npy,0.724,2.697,False,0.0,0.0,0.0
4JF9_w0042,4JF9,42,632.0,642.0,632.0,642.0,gesticulate,chest+empatica,chest+empatica+forearm,gel,ecg/4JF9_w0042.npy,acc_chest/4JF9_w0042.npy,ppg_wrist/4JF9_w0042.npy,0.668,2.547,False,0.0,0.0,0.0
4JF9_w0043,4JF9,43,642.0,652.0,642.0,652.0,gesticulate,chest+empatica,chest+empatica+forearm,gel,ecg/4JF9_w0043.npy,acc_chest/4JF9_w0043.npy,ppg_wrist/4JF9_w0043.npy,0.676,2.596,False,0.0,0.0,0.0
4JF9_w0044,4JF9,44,652.0,662.0,652.0,662.0,gesticulate,chest+empatica,chest+empatica+forearm,gel,ecg/4JF9_w0044.npy,acc_chest/4JF9_w0044.npy,ppg_wrist/4JF9_w0044.npy,0.67,2.719,False,0.0,0.0,0.0
4JF9_w0045,4JF9,45,662.0,672.0,662.0,672.0,gesticulate,chest+empatica,chest+empatica+forearm,gel,ecg/4JF9_w0045.npy,acc_chest/4JF9_w0045.npy,ppg_wrist/4JF9_w0045.npy,0.696,2.881,False,0.0,0.0,0.0
4JF9_w0046,4JF9,46,672.0,682.0,672.0,682.0,gesticulate,chest+empatica,chest+empatica+forearm,gel,ecg/4JF9_w0046.npy,acc_chest/4JF9_w0046.npy,ppg_wrist/4JF9_w0046.npy,0.71,2.764,False,0.0,0.0,0.0
4JF9_w0047,4JF9,47,682.0,692.0,682.0,692.0,gesticulate,chest+empatica,chest+empatica+forearm,gel,ecg/4JF9_w0047.npy,acc_chest/4JF9_w0047.npy,ppg_wrist/4JF9_w0047.npy,0.702,2.884,False,0.0,0.0,0.0
4JF9_w0048,4JF9,48,692.0,702.0,692.0,702.0,gesticulate,chest+empatica,chest+empatica+forearm,gel,ecg/4JF9_w0048.npy,acc_chest/4JF9_w0048.npy,ppg_wrist/4JF9_w0048.npy,0.692,2.948,False,0.0,0.0,0.0
4JF9_w0049,4JF9,49,702.0,712.0,702.0,712.0,gesticulate,chest+empatica,chest+empatica+forearm,gel,ecg/4JF9_w0049.npy,acc_chest/4JF9_w0049.npy,ppg_wrist/4JF9_w0049.npy,0.693,2.9,False,0.0,0.0,0.0
4JF9_w0050,4JF9,50,712.0,722.0,712.0,722.0,gesticulate,chest+empatica,chest+empatica+forearm,gel,ecg/4JF9_w0050.npy,acc_chest/4JF9_w0050.npy,ppg_wrist/4JF9_w0050.npy,0.685,3.034,False,0.0,0.0,0.0
4JF9_w0051,4JF9,51,722.0,732.0,722.0,732.0,gesticulate,chest+empatica,chest+empatica+forearm,gel,ecg/4JF9_w0051.npy,acc_chest/4JF9_w0051.npy,ppg_wrist/4JF9_w0051.npy,0.91,16.461,False,0.0,0.0,0.0
4JF9_w0052,4JF9,52,732.0,742.0,732.0,742.0,gesticulate,chest+empatica,chest+empatica+forearm,gel,ecg/4JF9_w0052.npy,acc_chest/4JF9_w0052.npy,ppg_wrist/4JF9_w0052.npy,0.416,15.486,False,0.0,0.0,0.0
4JF9_w0053,4JF9,53,742.0,752.0,742.0,752.0,gesticulate,chest+empatica,chest+empatica+forearm,gel,ecg/4JF9_w0053.npy,acc_chest/4JF9_w0053.npy,ppg_wrist/4JF9_w0053.npy,0.416,15.486,False,0.0,0.0,0.0
4JF9_w0054,4JF9,54,752.0,762.0,752.0,762.0,gesticulate,chest+empatica,chest+empatica+forearm,gel,ecg/4JF9_w0054.npy,acc_chest/4JF9_w0054.npy,ppg_wrist/4JF9_w0054.npy,0.416,15.486,False,0.0,0.0,0.0
4JF9_w0055,4JF9,55,762.0,772.0,762.0,772.0,gesticulate,chest+empatica,chest+empatica+forearm,gel,ecg/4JF9_w0055.npy,acc_chest/4JF9_w0055.npy,ppg_wrist/4JF9_w0055.npy,0.416,15.486,False,0.0,0.0,0.0
4JF9_w0056,4JF9,56,772.0,782.0,772.0,782.0,gesticulate,chest+empatica,chest+empatica+forearm,gel,ecg/4JF9_w0056.npy,acc_chest/4JF9_w0056.npy,ppg_wrist/4JF9_w0056.npy,0.416,15.486,False,0.0,0.0,0.0
4JF9_w0057,4JF9,57,782.0,792.0,782.0,792.0,gesticulate,chest+empatica,chest+empatica+forearm,gel,ecg/4JF9_w0057.npy,acc_chest/4JF9_w0057.npy,ppg_wrist/4JF9_w0057.npy,0.416,15.486,False,0.0,0.0,0.0
4JF9_w0058,4JF9,58,792.0,802.0,792.0,802.0,gesticulate,chest+empatica,chest+empatica+forearm,gel,ecg/4JF9_w0058.npy,acc_chest/4JF9_w0058.npy,ppg_wrist/4JF9_w0058.npy,0.416,15.486,False,0.0,0.0,0.0
4JF9_w0059,4JF9,59,802.0,812.0,802.0,812.0,gesticulate,chest+empatica,chest+empatica+forearm,gel,ecg/4JF9_w0059.npy,acc_chest/4JF9_w0059.npy,ppg_wrist/4JF9_w0059.npy,0.416,15.486,False,0.0,0.0,0.0
4JF9_w0060,4JF9,60,812.0,822.0,812.0,822.0,gesticulate,chest+empatica,chest+empatica+forearm,gel,ecg/4JF9_w0060.npy,acc_chest/4JF9_w0060.npy,ppg_wrist/4JF9_w0060.npy,0.912,16.682,False,0.0,0.0,0.0
4JF9_w0061,4JF9,61,822.0,832.0,822.0,832.0,walk_before,chest+empatica,chest+empatica+forearm,gel,ecg/4JF9_w0061.npy,acc_chest/4JF9_w0061.npy,ppg_wrist/4JF9_w0061.npy,0.71,2.754,False,0.0,0.0,0.0
4JF9_w0062,4JF9,62,832.0,842.0,832.0,842.0,walk_before,chest+empatica,chest+empatica+forearm,gel,ecg/4JF9_w0062.npy,acc_chest/4JF9_w0062.npy,ppg_wrist/4JF9_w0062.npy,0.727,2.793,False,0.0,0.0,0.0
4JF9_w0063,4JF9,63,842.0,852.0,842.0,852.0,walk_before,chest+empatica,chest+empatica+forearm,gel,ecg/4JF9_w0063.npy,acc_chest/4JF9_w0063.npy,ppg_wrist/4JF9_w0063.npy,0.686,2.958,False,0.0,0.0,0.0
4JF9_w0064,4JF9,64,852.0,862.0,852.0,862.0,walk_before,chest+empatica,chest+empatica+forearm,gel,ecg/4JF9_w0064.npy,acc_chest/4JF9_w0064.npy,ppg_wrist/4JF9_w0064.npy,0.688,3.09,False,0.0,0.0,0.0
4JF9_w0065,4JF9,65,862.0,872.0,862.0,872.0,walk_before,chest+empatica,chest+empatica+forearm,gel,ecg/4JF9_w0065.npy,acc_chest/4JF9_w0065.npy,ppg_wrist/4JF9_w0065.npy,0.678,3.226,False,0.0,0.0,0.0
4JF9_w0066,4JF9,66,872.0,882.0,872.0,882.0,walk_before,chest+empatica,chest+empatica+forearm,gel,ecg/4JF9_w0066.npy,acc_chest/4JF9_w0066.npy,ppg_wrist/4JF9_w0066.npy,0.702,3.345,False,0.0,0.0,0.0
4JF9_w0067,4JF9,67,882.0,892.0,882.0,892.0,walk_before,chest+empatica,chest+empatica+forearm,gel,ecg/4JF9_w0067.npy,acc_chest/4JF9_w0067.npy,ppg_wrist/4JF9_w0067.npy,0.738,3.042,False,0.0,0.0,0.0
4JF9_w0068,4JF9,68,892.0,902.0,892.0,902.0,walk_before,chest+empatica,chest+empatica+forearm,gel,ecg/4JF9_w0068.npy,acc_chest/4JF9_w0068.npy,ppg_wrist/4JF9_w0068.npy,0.706,2.524,False,0.0,0.0,0.0
4JF9_w0069,4JF9,69,902.0,912.0,902.0,912.0,walk_before,chest+empatica,chest+empatica+forearm,gel,ecg/4JF9_w0069.npy,acc_chest/4JF9_w0069.npy,ppg_wrist/4JF9_w0069.npy,0.715,2.983,False,0.0,0.0,0.0
4JF9_w0070,4JF9,70,912.0,922.0,912.0,922.0,walk_before,chest+empatica,chest+empatica+forearm,gel,ecg/4JF9_w0070.npy,acc_chest/4JF9_w0070.npy,ppg_wrist/4JF9_w0070.npy,0.753,3.228,False,0.0,0.0,0.0
4JF9_w0071,4JF9,71,922.0,932.0,922.0,932.0,walk_before,chest+empatica,chest+empatica+forearm,gel,ecg/4JF9_w0071.npy,acc_chest/4JF9_w0071.npy,ppg_wrist/4JF9_w0071.npy,0.703,2.915,False,0.0,0.0,0.0
4JF9_w0072,4JF9,72,932.0,942.0,932.0,942.0,walk_before,chest+empatica,chest+empatica+forearm,gel,ecg/4JF9_w0072.npy,acc_chest/4JF9_w0072.npy,ppg_wrist/4JF9_w0072.npy,0.69,2.703,False,0.0,0.0,0.0
4JF9_w0073,4JF9,73,942.0,952.0,942.0,952.0,walk_before,chest+empatica,chest+empatica+forearm,gel,ecg/4JF9_w0073.npy,acc_chest/4JF9_w0073.npy,ppg_wrist/4JF9_w0073.npy,0.601,16.912,False,0.0,0.0,0.0
4JF9_w0074,4JF9,74,952.0,962.0,952.0,962.0,walk_before,chest+empatica,chest+empatica+forearm,gel,ecg/4JF9_w0074.npy,acc_chest/4JF9_w0074.npy,ppg_wrist/4JF9_w0074.npy,0.416,15.486,False,0.0,0.0,0.0
4JF9_w0075,4JF9,75,962.0,972.0,962.0,972.0,walk_before,chest+empatica,chest+empatica+forearm,gel,ecg/4JF9_w0075.npy,acc_chest/4JF9_w0075.npy,ppg_wrist/4JF9_w0075.npy,0.416,15.486,False,0.0,0.0,0.0
4JF9_w0076,4JF9,76,972.0,982.0,972.0,982.0,walk_before,chest+empatica,chest+empatica+forearm,gel,ecg/4JF9_w0076.npy,acc_chest/4JF9_w0076.npy,ppg_wrist/4JF9_w0076.npy,0.416,15.486,False,0.0,0.0,0.0
4JF9_w0077,4JF9,77,982.0,992.0,982.0,992.0,walk_before,chest+empatica,chest+empatica+forearm,gel,ecg/4JF9_w0077.npy,acc_chest/4JF9_w0077.npy,ppg_wrist/4JF9_w0077.npy,0.416,15.486,False,0.0,0.0,0.0
4JF9_w0078,4JF9,78,992.0,1002.0,992.0,1002.0,walk_before,chest+empatica,chest+empatica+forearm,gel,ecg/4JF9_w0078.npy,acc_chest/4JF9_w0078.npy,ppg_wrist/4JF9_w0078.npy,0.416,15.486,False,0.0,0.0,0.0
4JF9_w0079,4JF9,79,1002.0,1012.0,1002.0,1012.0,walk_before,chest+empatica,chest+empatica+forearm,gel,ecg/4JF9_w0079.npy,acc_chest/4JF9_w0079.npy,ppg_wrist/4JF9_w0079.npy,0.416,15.486,False,0.0,0.0,0.0
4JF9_w0080,4JF9,80,1012.0,1022.0,1012.0,1022.0,walk_before,chest+empatica,chest+empatica+forearm,gel,ecg/4JF9_w0080.npy,acc_chest/4JF9_w0080.npy,ppg_wrist/4JF9_w0080.npy,0.416,15.486,False,0.0,0.0,0.0
4JF9_w0081,4JF9,81,1022.0,1032.0,1022.0,1032.0,walk_before,chest+empatica,chest+empatica+forearm,gel,ecg/4JF9_w0081.npy,acc_chest/4JF9_w0081.npy,ppg_wrist/4JF9_w0081.npy,0.416,15.486,False,0.0,0.0,0.0
4JF9_w0082,4JF9,82,1032.0,1042.0,1032.0,1042.0,walk_before,chest+empatica,chest+empatica+forearm,gel,ecg/4JF9_w0082.npy,acc_chest/4JF9_w0082.npy,ppg_wrist/4JF9_w0082.npy,0.416,15.486,False,0.0,0.0,0.0
4JF9_w0083,4JF9,83,1042.0,1052.0,1042.0,1052.0,walk_before,chest+empatica,chest+empatica+forearm,gel,ecg/4JF9_w0083.npy,acc_chest/4JF9_w0083.npy,ppg_wrist/4JF9_w0083.npy,0.416,15.486,False,0.0,0.0,0.0
4JF9_w0084,4JF9,84,1052.0,1062.0,1052.0,1062.0,walk_before,chest+empatica,chest+empatica+forearm,gel,ecg/4JF9_w0084.npy,acc_chest/4JF9_w0084.npy,ppg_wrist/4JF9_w0084.npy,0.416,15.486,False,0.0,0.0,0.0
4JF9_w0085,4JF9,85,1062.0,1072.0,1062.0,1072.0,walk_before,chest+empatica,chest+empatica+forearm,gel,ecg/4JF9_w0085.npy,acc_chest/4JF9_w0085.npy,ppg_wrist/4JF9_w0085.npy,0.416,15.486,False,0.0,0.0,0.0
4JF9_w0086,4JF9,86,1072.0,1082.0,1072.0,1082.0,walk_before,chest+empatica,chest+empatica+forearm,gel,ecg/4JF9_w0086.npy,acc_chest/4JF9_w0086.npy,ppg_wrist/4JF9_w0086.npy,0.416,15.486,False,0.0,0.0,0.0
4JF9_w0087,4JF9,87,1082.0,1092.0,1082.0,1092.0,walk_before,chest+empatica,chest+empatica+forearm,gel,ecg/4JF9_w0087.npy,acc_chest/4JF9_w0087.npy,ppg_wrist/4JF9_w0087.npy,0.723,16.426,False,0.0,0.0,0.0
4JF9_w0088,4JF9,88,1092.0,1102.0,1092.0,1102.0,walk_before,chest+empatica,chest+empatica+forearm,gel,ecg/4JF9_w0088.npy,acc_chest/4JF9_w0088.npy,ppg_wrist/4JF9_w0088.npy,0.728,3.426,False,0.0,0.0,0.0
4JF9_w0089,4JF9,89,1102.0,1112.0,1102.0,1112.0,walk_before,chest+empatica,chest+empatica+forearm,gel,ecg/4JF9_w0089.npy,acc_chest/4JF9_w0089.npy,ppg_wrist/4JF9_w0089.npy,0.672,2.875,False,0.0,0.0,0.0
4JF9_w0090,4JF9,90,1112.0,1122.0,1112.0,1122.0,walk_before,chest+empatica,chest+empatica+forearm,gel,ecg/4JF9_w0090.npy,acc_chest/4JF9_w0090.npy,ppg_wrist/4JF9_w0090.npy,0.746,3.809,False,0.0,0.0,0.0
4JF9_w0091,4JF9,91,1122.0,1132.0,1122.0,1132.0,run,chest+empatica,chest+empatica+forearm,gel,ecg/4JF9_w0091.npy,acc_chest/4JF9_w0091.npy,ppg_wrist/4JF9_w0091.npy,1.244,4.859,False,0.0,0.0,0.0
4JF9_w0092,4JF9,92,1132.0,1142.0,1132.0,1142.0,run,chest+empatica,chest+empatica+forearm,gel,ecg/4JF9_w0092.npy,acc_chest/4JF9_w0092.npy,ppg_wrist/4JF9_w0092.npy,2.165,5.948,False,0.0,0.0,0.0
4JF9_w0093,4JF9,93,1142.0,1152.0,1142.0,1152.0,run,chest+empatica,chest+empatica+forearm,gel,ecg/4JF9_w0093.npy,acc_chest/4JF9_w0093.npy,ppg_wrist/4JF9_w0093.npy,1.978,5.181,False,0.0,0.0,0.0
4JF9_w0094,4JF9,94,1152.0,1162.0,1152.0,1162.0,run,chest+empatica,chest+empatica+forearm,gel,ecg/4JF9_w0094.npy,acc_chest/4JF9_w0094.npy,ppg_wrist/4JF9_w0094.npy,1.995,3.898,False,0.0,0.0,0.0
4JF9_w0095,4JF9,95,1162.0,1172.0,1162.0,1172.0,run,chest+empatica,chest+empatica+forearm,gel,ecg/4JF9_w0095.npy,acc_chest/4JF9_w0095.npy,ppg_wrist/4JF9_w0095.npy,2.293,5.264,False,0.0,0.0,0.0
4JF9_w0096,4JF9,96,1172.0,1182.0,1172.0,1182.0,run,chest+empatica,chest+empatica+forearm,gel,ecg/4JF9_w0096.npy,acc_chest/4JF9_w0096.npy,ppg_wrist/4JF9_w0096.npy,2.472,5.823,False,0.0,0.0,0.0
4JF9_w0097,4JF9,97,1182.0,1192.0,1182.0,1192.0,run,chest+empatica,chest+empatica+forearm,gel,ecg/4JF9_w0097.npy,acc_chest/4JF9_w0097.npy,ppg_wrist/4JF9_w0097.npy,2.392,4.973,False,0.0,0.0,0.0
4JF9_w0098,4JF9,98,1192.0,1202.0,1192.0,1202.0,run,chest+empatica,chest+empatica+forearm,gel,ecg/4JF9_w0098.npy,acc_chest/4JF9_w0098.npy,ppg_wrist/4JF9_w0098.npy,2.244,4.227,False,0.0,0.0,0.0
4JF9_w0099,4JF9,99,1202.0,1212.0,1202.0,1212.0,run,chest+empatica,chest+empatica+forearm,gel,ecg/4JF9_w0099.npy,acc_chest/4JF9_w0099.npy,ppg_wrist/4JF9_w0099.npy,1.941,3.732,False,0.0,0.0,0.0
4JF9_w0100,4JF9,100,1212.0,1222.0,1212.0,1222.0,run,chest+empatica,chest+empatica+forearm,gel,ecg/4JF9_w0100.npy,acc_chest/4JF9_w0100.npy,ppg_wrist/4JF9_w0100.npy,2.6,5.657,False,0.0,0.0,0.0
4JF9_w0101,4JF9,101,1222.0,1232.0,1222.0,1232.0,run,chest+empatica,chest+empatica+forearm,gel,ecg/4JF9_w0101.npy,acc_chest/4JF9_w0101.npy,ppg_wrist/4JF9_w0101.npy,2.469,5.505,False,0.0,0.0,0.0
4JF9_w0102,4JF9,102,1232.0,1242.0,1232.0,1242.0,run,chest+empatica,chest+empatica+forearm,gel,ecg/4JF9_w0102.npy,acc_chest/4JF9_w0102.npy,ppg_wrist/4JF9_w0102.npy,2.267,4.741,False,0.0,0.0,0.0
4JF9_w0103,4JF9,103,1242.0,1252.0,1242.0,1252.0,run,chest+empatica,chest+empatica+forearm,gel,ecg/4JF9_w0103.npy,acc_chest/4JF9_w0103.npy,ppg_wrist/4JF9_w0103.npy,2.732,6.349,False,0.0,0.0,0.0
4JF9_w0104,4JF9,104,1252.0,1262.0,1252.0,1262.0,run,chest+empatica,chest+empatica+forearm,gel,ecg/4JF9_w0104.npy,acc_chest/4JF9_w0104.npy,ppg_wrist/4JF9_w0104.npy,2.579,5.77,False,0.0,0.0,0.0
4JF9_w0105,4JF9,105,1262.0,1272.0,1262.0,1272.0,run,chest+empatica,chest+empatica+forearm,gel,ecg/4JF9_w0105.npy,acc_chest/4JF9_w0105.npy,ppg_wrist/4JF9_w0105.npy,2.365,4.663,False,0.0,0.0,0.0
4JF9_w0106,4JF9,106,1272.0,1282.0,1272.0,1282.0,run,chest+empatica,chest+empatica+forearm,gel,ecg/4JF9_w0106.npy,acc_chest/4JF9_w0106.npy,ppg_wrist/4JF9_w0106.npy,2.62,6.503,False,0.0,0.0,0.0
4JF9_w0107,4JF9,107,1282.0,1292.0,1282.0,1292.0,run,chest+empatica,chest+empatica+forearm,gel,ecg/4JF9_w0107.npy,acc_chest/4JF9_w0107.npy,ppg_wrist/4JF9_w0107.npy,2.039,6.482,False,0.0,0.0,0.0
4JF9_w0108,4JF9,108,1292.0,1302.0,1292.0,1302.0,run,chest+empatica,chest+empatica+forearm,gel,ecg/4JF9_w0108.npy,acc_chest/4JF9_w0108.npy,ppg_wrist/4JF9_w0108.npy,2.323,6.666,False,0.0,0.0,0.0
4JF9_w0109,4JF9,109,1302.0,1312.0,1302.0,1312.0,run,chest+empatica,chest+empatica+forearm,gel,ecg/4JF9_w0109.npy,acc_chest/4JF9_w0109.npy,ppg_wrist/4JF9_w0109.npy,2.488,5.698,False,0.0,0.0,0.0
4JF9_w0110,4JF9,110,1312.0,1322.0,1312.0,1322.0,run,chest+empatica,chest+empatica+forearm,gel,ecg/4JF9_w0110.npy,acc_chest/4JF9_w0110.npy,ppg_wrist/4JF9_w0110.npy,2.339,5.11,False,0.0,0.0,0.0
4JF9_w0111,4JF9,111,1322.0,1332.0,1322.0,1332.0,run,chest+empatica,chest+empatica+forearm,gel,ecg/4JF9_w0111.npy,acc_chest/4JF9_w0111.npy,ppg_wrist/4JF9_w0111.npy,2.406,5.826,False,0.0,0.0,0.0
4JF9_w0112,4JF9,112,1332.0,1342.0,1332.0,1342.0,run,chest+empatica,chest+empatica+forearm,gel,ecg/4JF9_w0112.npy,acc_chest/4JF9_w0112.npy,ppg_wrist/4JF9_w0112.npy,2.49,6.1,False,0.0,0.0,0.0
4JF9_w0113,4JF9,113,1342.0,1352.0,1342.0,1352.0,run,chest+empatica,chest+empatica+forearm,gel,ecg/4JF9_w0113.npy,acc_chest/4JF9_w0113.npy,ppg_wrist/4JF9_w0113.npy,2.596,6.639,False,0.0,0.0,0.0
4JF9_w0114,4JF9,114,1352.0,1362.0,1352.0,1362.0,run,chest+empatica,chest+empatica+forearm,gel,ecg/4JF9_w0114.npy,acc_chest/4JF9_w0114.npy,ppg_wrist/4JF9_w0114.npy,2.269,6.884,False,0.0,0.0,0.0
4JF9_w0115,4JF9,115,1362.0,1372.0,1362.0,1372.0,run,chest+empatica,chest+empatica+forearm,gel,ecg/4JF9_w0115.npy,acc_chest/4JF9_w0115.npy,ppg_wrist/4JF9_w0115.npy,2.33,6.022,False,0.0,0.0,0.0
4JF9_w0116,4JF9,116,1372.0,1382.0,1372.0,1382.0,run,chest+empatica,chest+empatica+forearm,gel,ecg/4JF9_w0116.npy,acc_chest/4JF9_w0116.npy,ppg_wrist/4JF9_w0116.npy,2.738,5.991,False,0.0,0.0,0.0
4JF9_w0117,4JF9,117,1382.0,1392.0,1382.0,1392.0,run,chest+empatica,chest+empatica+forearm,gel,ecg/4JF9_w0117.npy,acc_chest/4JF9_w0117.npy,ppg_wrist/4JF9_w0117.npy,2.83,6.149,False,0.0,0.0,0.0
4JF9_w0118,4JF9,118,1392.0,1402.0,1392.0,1402.0,run,chest+empatica,chest+empatica+forearm,gel,ecg/4JF9_w0118.npy,acc_chest/4JF9_w0118.npy,ppg_wrist/4JF9_w0118.npy,3.152,6.642,False,0.0,0.0,0.0
4JF9_w0119,4JF9,119,1402.0,1412.0,1402.0,1412.0,run,chest+empatica,chest+empatica+forearm,gel,ecg/4JF9_w0119.npy,acc_chest/4JF9_w0119.npy,ppg_wrist/4JF9_w0119.npy,2.752,5.92,False,0.0,0.0,0.0
4JF9_w0120,4JF9,120,1412.0,1422.0,1412.0,1422.0,run,chest+empatica,chest+empatica+forearm,gel,ecg/4JF9_w0120.npy,acc_chest/4JF9_w0120.npy,ppg_wrist/4JF9_w0120.npy,3.029,7.297,False,0.0,0.0,0.0
4JF9_w0121,4JF9,121,1422.0,1432.0,1422.0,1432.0,run,chest+empatica,chest+empatica+forearm,gel,ecg/4JF9_w0121.npy,acc_chest/4JF9_w0121.npy,ppg_wrist/4JF9_w0121.npy,2.947,7.432,False,0.0,0.0,0.0
4JF9_w0122,4JF9,122,1432.0,1442.0,1432.0,1442.0,run,chest+empatica,chest+empatica+forearm,gel,ecg/4JF9_w0122.npy,acc_chest/4JF9_w0122.npy,ppg_wrist/4JF9_w0122.npy,2.909,6.323,False,0.0,0.0,0.0
4JF9_w0123,4JF9,123,1442.0,1452.0,1442.0,1452.0,run,chest+empatica,chest+empatica+forearm,gel,ecg/4JF9_w0123.npy,acc_chest/4JF9_w0123.npy,ppg_wrist/4JF9_w0123.npy,2.43,4.715,False,0.0,0.0,0.0
4JF9_w0124,4JF9,124,1452.0,1462.0,1452.0,1462.0,run,chest+empatica,chest+empatica+forearm,gel,ecg/4JF9_w0124.npy,acc_chest/4JF9_w0124.npy,ppg_wrist/4JF9_w0124.npy,2.519,5.601,False,0.0,0.0,0.0
4JF9_w0125,4JF9,125,1462.0,1472.0,1462.0,1472.0,run,chest+empatica,chest+empatica+forearm,gel,ecg/4JF9_w0125.npy,acc_chest/4JF9_w0125.npy,ppg_wrist/4JF9_w0125.npy,2.56,6.511,False,0.0,0.0,0.0
4JF9_w0126,4JF9,126,1472.0,1482.0,1472.0,1482.0,run,chest+empatica,chest+empatica+forearm,gel,ecg/4JF9_w0126.npy,acc_chest/4JF9_w0126.npy,ppg_wrist/4JF9_w0126.npy,2.437,5.689,False,0.0,0.0,0.0
4JF9_w0127,4JF9,127,1482.0,1492.0,1482.0,1492.0,run,chest+empatica,chest+empatica+forearm,gel,ecg/4JF9_w0127.npy,acc_chest/4JF9_w0127.npy,ppg_wrist/4JF9_w0127.npy,2.774,17.584,False,0.0,0.0,0.0
4JF9_w0128,4JF9,128,1492.0,1502.0,1492.0,1502.0,run,chest+empatica,chest+empatica+forearm,gel,ecg/4JF9_w0128.npy,acc_chest/4JF9_w0128.npy,ppg_wrist/4JF9_w0128.npy,0.416,15.486,False,0.0,0.0,0.0
4JF9_w0129,4JF9,129,1502.0,1512.0,1502.0,1512.0,run,chest+empatica,chest+empatica+forearm,gel,ecg/4JF9_w0129.npy,acc_chest/4JF9_w0129.npy,ppg_wrist/4JF9_w0129.npy,0.416,15.486,False,0.0,0.0,0.0
4JF9_w0130,4JF9,130,1512.0,1522.0,1512.0,1522.0,run,chest+empatica,chest+empatica+forearm,gel,ecg/4JF9_w0130.npy,acc_chest/4JF9_w0130.npy,ppg_wrist/4JF9_w0130.npy,0.873,16.736,False,0.0,0.0,0.0
4JF9_w0131,4JF9,131,1522.0,1532.0,1522.0,1532.0,run,chest+empatica,chest+empatica+forearm,gel,ecg/4JF9_w0131.npy,acc_chest/4JF9_w0131.npy,ppg_wrist/4JF9_w0131.npy,2.116,4.644,False,0.0,0.0,0.0
4JF9_w0132,4JF9,132,1532.0,1542.0,1532.0,1542.0,run,chest+empatica,chest+empatica+forearm,gel,ecg/4JF9_w0132.npy,acc_chest/4JF9_w0132.npy,ppg_wrist/4JF9_w0132.npy,2.018,5.151,False,0.0,0.0,0.0
4JF9_w0133,4JF9,133,1542.0,1552.0,1542.0,1552.0,run,chest+empatica,chest+empatica+forearm,gel,ecg/4JF9_w0133.npy,acc_chest/4JF9_w0133.npy,ppg_wrist/4JF9_w0133.npy,2.253,5.322,False,0.0,0.0,0.0
4JF9_w0134,4JF9,134,1552.0,1562.0,1552.0,1562.0,run,chest+empatica,chest+empatica+forearm,gel,ecg/4JF9_w0134.npy,acc_chest/4JF9_w0134.npy,ppg_wrist/4JF9_w0134.npy,2.296,4.763,False,0.0,0.0,0.0
4JF9_w0135,4JF9,135,1562.0,1572.0,1562.0,1572.0,run,chest+empatica,chest+empatica+forearm,gel,ecg/4JF9_w0135.npy,acc_chest/4JF9_w0135.npy,ppg_wrist/4JF9_w0135.npy,2.24,4.23,False,0.0,0.0,0.0
4JF9_w0136,4JF9,136,1572.0,1582.0,1572.0,1582.0,run,chest+empatica,chest+empatica+forearm,gel,ecg/4JF9_w0136.npy,acc_chest/4JF9_w0136.npy,ppg_wrist/4JF9_w0136.npy,2.293,4.76,False,0.0,0.0,0.0
4JF9_w0137,4JF9,137,1582.0,1592.0,1582.0,1592.0,run,chest+empatica,chest+empatica+forearm,gel,ecg/4JF9_w0137.npy,acc_chest/4JF9_w0137.npy,ppg_wrist/4JF9_w0137.npy,2.216,4.605,False,0.0,0.0,0.0
4JF9_w0138,4JF9,138,1592.0,1602.0,1592.0,1602.0,run,chest+empatica,chest+empatica+forearm,gel,ecg/4JF9_w0138.npy,acc_chest/4JF9_w0138.npy,ppg_wrist/4JF9_w0138.npy,2.101,4.119,False,0.0,0.0,0.0
4JF9_w0139,4JF9,139,1602.0,1612.0,1602.0,1612.0,run,chest+empatica,chest+empatica+forearm,gel,ecg/4JF9_w0139.npy,acc_chest/4JF9_w0139.npy,ppg_wrist/4JF9_w0139.npy,2.404,5.31,False,0.0,0.0,0.0
4JF9_w0140,4JF9,140,1612.0,1622.0,1612.0,1622.0,run,chest+empatica,chest+empatica+forearm,gel,ecg/4JF9_w0140.npy,acc_chest/4JF9_w0140.npy,ppg_wrist/4JF9_w0140.npy,2.173,5.282,False,0.0,0.0,0.0
4JF9_w0141,4JF9,141,1622.0,1632.0,1622.0,1632.0,run,chest+empatica,chest+empatica+forearm,gel,ecg/4JF9_w0141.npy,acc_chest/4JF9_w0141.npy,ppg_wrist/4JF9_w0141.npy,2.371,5.529,False,0.0,0.0,0.0
4JF9_w0142,4JF9,142,1632.0,1642.0,1632.0,1642.0,run,chest+empatica,chest+empatica+forearm,gel,ecg/4JF9_w0142.npy,acc_chest/4JF9_w0142.npy,ppg_wrist/4JF9_w0142.npy,2.201,4.552,False,0.0,0.0,0.0
4JF9_w0143,4JF9,143,1642.0,1652.0,1642.0,1652.0,run,chest+empatica,chest+empatica+forearm,gel,ecg/4JF9_w0143.npy,acc_chest/4JF9_w0143.npy,ppg_wrist/4JF9_w0143.npy,2.241,4.646,False,0.0,0.0,0.0
4JF9_w0144,4JF9,144,1652.0,1662.0,1652.0,1662.0,run,chest+empatica,chest+empatica+forearm,gel,ecg/4JF9_w0144.npy,acc_chest/4JF9_w0144.npy,ppg_wrist/4JF9_w0144.npy,2.096,4.717,False,0.0,0.0,0.0
4JF9_w0145,4JF9,145,1662.0,1672.0,1662.0,1672.0,run,chest+empatica,chest+empatica+forearm,gel,ecg/4JF9_w0145.npy,acc_chest/4JF9_w0145.npy,ppg_wrist/4JF9_w0145.npy,2.353,6.214,False,0.0,0.0,0.0
4JF9_w0146,4JF9,146,1672.0,1682.0,1672.0,1682.0,run,chest+empatica,chest+empatica+forearm,gel,ecg/4JF9_w0146.npy,acc_chest/4JF9_w0146.npy,ppg_wrist/4JF9_w0146.npy,2.21,5.418,False,0.0,0.0,0.0
4JF9_w0147,4JF9,147,1682.0,1692.0,1682.0,1692.0,run,chest+empatica,chest+empatica+forearm,gel,ecg/4JF9_w0147.npy,acc_chest/4JF9_w0147.npy,ppg_wrist/4JF9_w0147.npy,2.17,4.047,False,0.0,0.0,0.0
4JF9_w0148,4JF9,148,1692.0,1702.0,1692.0,1702.0,run,chest+empatica,chest+empatica+forearm,gel,ecg/4JF9_w0148.npy,acc_chest/4JF9_w0148.npy,ppg_wrist/4JF9_w0148.npy,2.222,4.728,False,0.0,0.0,0.0
4JF9_w0149,4JF9,149,1702.0,1712.0,1702.0,1712.0,run,chest+empatica,chest+empatica+forearm,gel,ecg/4JF9_w0149.npy,acc_chest/4JF9_w0149.npy,ppg_wrist/4JF9_w0149.npy,2.041,4.469,False,0.0,0.0,0.0
4JF9_w0150,4JF9,150,1712.0,1722.0,1712.0,1722.0,run,chest+empatica,chest+empatica+forearm,gel,ecg/4JF9_w0150.npy,acc_chest/4JF9_w0150.npy,ppg_wrist/4JF9_w0150.npy,2.109,4.405,False,0.0,0.0,0.0
4JF9_w0151,4JF9,151,1722.0,1732.0,1722.0,1732.0,run,chest+empatica,chest+empatica+forearm,gel,ecg/4JF9_w0151.npy,acc_chest/4JF9_w0151.npy,ppg_wrist/4JF9_w0151.npy,2.183,5.004,False,0.0,0.0,0.0
4JF9_w0152,4JF9,152,1732.0,1742.0,1732.0,1742.0,run,chest+empatica,chest+empatica+forearm,gel,ecg/4JF9_w0152.npy,acc_chest/4JF9_w0152.npy,ppg_wrist/4JF9_w0152.npy,2.097,4.903,False,0.0,0.0,0.0
4JF9_w0153,4JF9,153,1742.0,1752.0,1742.0,1752.0,run,chest+empatica,chest+empatica+forearm,gel,ecg/4JF9_w0153.npy,acc_chest/4JF9_w0153.npy,ppg_wrist/4JF9_w0153.npy,2.287,5.086,False,0.0,0.0,0.0
4JF9_w0154,4JF9,154,1752.0,1762.0,1752.0,1762.0,run,chest+empatica,chest+empatica+forearm,gel,ecg/4JF9_w0154.npy,acc_chest/4JF9_w0154.npy,ppg_wrist/4JF9_w0154.npy,1.887,4.856,False,0.0,0.0,0.0
4JF9_w0155,4JF9,155,1762.0,1772.0,1762.0,1772.0,run,chest+empatica,chest+empatica+forearm,gel,ecg/4JF9_w0155.npy,acc_chest/4JF9_w0155.npy,ppg_wrist/4JF9_w0155.npy,1.015,3.423,False,0.0,0.0,0.0
4JF9_w0156,4JF9,156,1772.0,1782.0,1772.0,1782.0,run,chest+empatica,chest+empatica+forearm,gel,ecg/4JF9_w0156.npy,acc_chest/4JF9_w0156.npy,ppg_wrist/4JF9_w0156.npy,1.52,3.445,False,0.0,0.0,0.0
4JF9_w0157,4JF9,157,1782.0,1792.0,1782.0,1792.0,run,chest+empatica,chest+empatica+forearm,gel,ecg/4JF9_w0157.npy,acc_chest/4JF9_w0157.npy,ppg_wrist/4JF9_w0157.npy,1.688,4.607,False,0.0,0.0,0.0
4JF9_w0158,4JF9,158,1792.0,1802.0,1792.0,1802.0,run,chest+empatica,chest+empatica+forearm,gel,ecg/4JF9_w0158.npy,acc_chest/4JF9_w0158.npy,ppg_wrist/4JF9_w0158.npy,1.007,3.273,False,0.0,0.0,0.0
4JF9_w0159,4JF9,159,1802.0,1812.0,1802.0,1812.0,run,chest+empatica,chest+empatica+forearm,gel,ecg/4JF9_w0159.npy,acc_chest/4JF9_w0159.npy,ppg_wrist/4JF9_w0159.npy,1.293,3.093,False,0.0,0.0,0.0
4JF9_w0160,4JF9,160,1812.0,1822.0,1812.0,1822.0,run,chest+empatica,chest+empatica+forearm,gel,ecg/4JF9_w0160.npy,acc_chest/4JF9_w0160.npy,ppg_wrist/4JF9_w0160.npy,1.713,3.909,False,0.0,0.0,0.0
4JF9_w0161,4JF9,161,1822.0,1832.0,1822.0,1832.0,run,chest+empatica,chest+empatica+forearm,gel,ecg/4JF9_w0161.npy,acc_chest/4JF9_w0161.npy,ppg_wrist/4JF9_w0161.npy,1.561,4.069,False,0.0,0.0,0.0
4JF9_w0162,4JF9,162,1832.0,1842.0,1832.0,1842.0,run,chest+empatica,chest+empatica+forearm,gel,ecg/4JF9_w0162.npy,acc_chest/4JF9_w0162.npy,ppg_wrist/4JF9_w0162.npy,0.965,3.647,False,0.0,0.0,0.0
4JF9_w0163,4JF9,163,1842.0,1852.0,1842.0,1852.0,run,chest+empatica,chest+empatica+forearm,gel,ecg/4JF9_w0163.npy,acc_chest/4JF9_w0163.npy,ppg_wrist/4JF9_w0163.npy,2.133,26.585,False,0.0,0.0,0.0
4JF9_w0164,4JF9,164,1852.0,1862.0,1852.0,1862.0,run,chest+empatica,chest+empatica+forearm,gel,ecg/4JF9_w0164.npy,acc_chest/4JF9_w0164.npy,ppg_wrist/4JF9_w0164.npy,1.068,2.727,False,0.0,0.0,0.0
4JF9_w0165,4JF9,165,1862.0,1872.0,1862.0,1872.0,run,chest+empatica,chest+empatica+forearm,gel,ecg/4JF9_w0165.npy,acc_chest/4JF9_w0165.npy,ppg_wrist/4JF9_w0165.npy,1.86,3.842,False,0.0,0.0,0.0
4JF9_w0166,4JF9,166,1872.0,1882.0,1872.0,1882.0,run,chest+empatica,chest+empatica+forearm,gel,ecg/4JF9_w0166.npy,acc_chest/4JF9_w0166.npy,ppg_wrist/4JF9_w0166.npy,1.829,4.093,False,0.0,0.0,0.0
4JF9_w0167,4JF9,167,1882.0,1892.0,1882.0,1892.0,run,chest+empatica,chest+empatica+forearm,gel,ecg/4JF9_w0167.npy,acc_chest/4JF9_w0167.npy,ppg_wrist/4JF9_w0167.npy,1.953,5.175,False,0.0,0.0,0.0
4JF9_w0168,4JF9,168,1892.0,1902.0,1892.0,1902.0,run,chest+empatica,chest+empatica+forearm,gel,ecg/4JF9_w0168.npy,acc_chest/4JF9_w0168.npy,ppg_wrist/4JF9_w0168.npy,1.863,4.009,False,0.0,0.0,0.0
4JF9_w0169,4JF9,169,1902.0,1912.0,1902.0,1912.0,run,chest+empatica,chest+empatica+forearm,gel,ecg/4JF9_w0169.npy,acc_chest/4JF9_w0169.npy,ppg_wrist/4JF9_w0169.npy,1.992,4.884,False,0.0,0.0,0.0
4JF9_w0170,4JF9,170,1912.0,1922.0,1912.0,1922.0,run,chest+empatica,chest+empatica+forearm,gel,ecg/4JF9_w0170.npy,acc_chest/4JF9_w0170.npy,ppg_wrist/4JF9_w0170.npy,2.053,4.984,False,0.0,0.0,0.0
4JF9_w0171,4JF9,171,1922.0,1932.0,1922.0,1932.0,run,chest+empatica,chest+empatica+forearm,gel,ecg/4JF9_w0171.npy,acc_chest/4JF9_w0171.npy,ppg_wrist/4JF9_w0171.npy,2.051,4.708,False,0.0,0.0,0.0
4JF9_w0172,4JF9,172,1932.0,1942.0,1932.0,1942.0,run,chest+empatica,chest+empatica+forearm,gel,ecg/4JF9_w0172.npy,acc_chest/4JF9_w0172.npy,ppg_wrist/4JF9_w0172.npy,2.012,4.312,False,0.0,0.0,0.0
4JF9_w0173,4JF9,173,1942.0,1952.0,1942.0,1952.0,run,chest+empatica,chest+empatica+forearm,gel,ecg/4JF9_w0173.npy,acc_chest/4JF9_w0173.npy,ppg_wrist/4JF9_w0173.npy,2.099,4.507,False,0.0,0.0,0.0
4JF9_w0174,4JF9,174,1952.0,1962.0,1952.0,1962.0,run,chest+empatica,chest+empatica+forearm,gel,ecg/4JF9_w0174.npy,acc_chest/4JF9_w0174.npy,ppg_wrist/4JF9_w0174.npy,2.047,4.308,False,0.0,0.0,0.0
4JF9_w0175,4JF9,175,1962.0,1972.0,1962.0,1972.0,run,chest+empatica,chest+empatica+forearm,gel,ecg/4JF9_w0175.npy,acc_chest/4JF9_w0175.npy,ppg_wrist/4JF9_w0175.npy,2.052,4.208,False,0.0,0.0,0.0
4JF9_w0176,4JF9,176,1972.0,1982.0,1972.0,1982.0,run,chest+empatica,chest+empatica+forearm,gel,ecg/4JF9_w0176.npy,acc_chest/4JF9_w0176.npy,ppg_wrist/4JF9_w0176.npy,2.302,4.852,False,0.0,0.0,0.0
4JF9_w0177,4JF9,177,1982.0,1992.0,1982.0,1992.0,run,chest+empatica,chest+empatica+forearm,gel,ecg/4JF9_w0177.npy,acc_chest/4JF9_w0177.npy,ppg_wrist/4JF9_w0177.npy,2.188,4.522,False,0.0,0.0,0.0
4JF9_w0178,4JF9,178,1992.0,2002.0,1992.0,2002.0,run,chest+empatica,chest+empatica+forearm,gel,ecg/4JF9_w0178.npy,acc_chest/4JF9_w0178.npy,ppg_wrist/4JF9_w0178.npy,2.257,4.57,False,0.0,0.0,0.0
4JF9_w0179,4JF9,179,2002.0,2012.0,2002.0,2012.0,run,chest+empatica,chest+empatica+forearm,gel,ecg/4JF9_w0179.npy,acc_chest/4JF9_w0179.npy,ppg_wrist/4JF9_w0179.npy,2.093,16.627,False,0.0,0.0,0.0
4JF9_w0180,4JF9,180,2012.0,2022.0,2012.0,2022.0,run,chest+empatica,chest+empatica+forearm,gel,ecg/4JF9_w0180.npy,acc_chest/4JF9_w0180.npy,ppg_wrist/4JF9_w0180.npy,0.416,15.486,False,0.0,0.0,0.0
4JF9_w0181,4JF9,181,2022.0,2032.0,2022.0,2032.0,run,chest+empatica,chest+empatica+forearm,gel,ecg/4JF9_w0181.npy,acc_chest/4JF9_w0181.npy,ppg_wrist/4JF9_w0181.npy,0.416,15.486,False,0.0,0.0,0.0
4JF9_w0182,4JF9,182,2032.0,2042.0,2032.0,2042.0,run,chest+empatica,chest+empatica+forearm,gel,ecg/4JF9_w0182.npy,acc_chest/4JF9_w0182.npy,ppg_wrist/4JF9_w0182.npy,0.416,15.486,False,0.0,0.0,0.0
4JF9_w0183,4JF9,183,2042.0,2052.0,2042.0,2052.0,run,chest+empatica,chest+empatica+forearm,gel,ecg/4JF9_w0183.npy,acc_chest/4JF9_w0183.npy,ppg_wrist/4JF9_w0183.npy,0.416,15.486,False,0.0,0.0,0.0
4JF9_w0184,4JF9,184,2052.0,2062.0,2052.0,2062.0,run,chest+empatica,chest+empatica+forearm,gel,ecg/4JF9_w0184.npy,acc_chest/4JF9_w0184.npy,ppg_wrist/4JF9_w0184.npy,0.416,15.486,False,0.0,0.0,0.0
4JF9_w0185,4JF9,185,2062.0,2072.0,2062.0,2072.0,run,chest+empatica,chest+empatica+forearm,gel,ecg/4JF9_w0185.npy,acc_chest/4JF9_w0185.npy,ppg_wrist/4JF9_w0185.npy,0.416,15.486,False,0.0,0.0,0.0
4JF9_w0186,4JF9,186,2072.0,2082.0,2072.0,2082.0,run,chest+empatica,chest+empatica+forearm,gel,ecg/4JF9_w0186.npy,acc_chest/4JF9_w0186.npy,ppg_wrist/4JF9_w0186.npy,0.416,15.486,False,0.0,0.0,0.0
4JF9_w0187,4JF9,187,2082.0,2092.0,2082.0,2092.0,run,chest+empatica,chest+empatica+forearm,gel,ecg/4JF9_w0187.npy,acc_chest/4JF9_w0187.npy,ppg_wrist/4JF9_w0187.npy,0.416,15.486,False,0.0,0.0,0.0
4JF9_w0188,4JF9,188,2092.0,2102.0,2092.0,2102.0,run,chest+empatica,chest+empatica+forearm,gel,ecg/4JF9_w0188.npy,acc_chest/4JF9_w0188.npy,ppg_wrist/4JF9_w0188.npy,0.416,15.486,False,0.0,0.0,0.0
4JF9_w0189,4JF9,189,2102.0,2112.0,2102.0,2112.0,run,chest+empatica,chest+empatica+forearm,gel,ecg/4JF9_w0189.npy,acc_chest/4JF9_w0189.npy,ppg_wrist/4JF9_w0189.npy,0.416,15.486,False,0.0,0.0,0.0
4JF9_w0190,4JF9,190,2112.0,2122.0,2112.0,2122.0,run,chest+empatica,chest+empatica+forearm,gel,ecg/4JF9_w0190.npy,acc_chest/4JF9_w0190.npy,ppg_wrist/4JF9_w0190.npy,0.416,15.486,False,0.0,0.0,0.0
4JF9_w0191,4JF9,191,2122.0,2132.0,2122.0,2132.0,run,chest+empatica,chest+empatica+forearm,gel,ecg/4JF9_w0191.npy,acc_chest/4JF9_w0191.npy,ppg_wrist/4JF9_w0191.npy,0.416,15.486,False,0.0,0.0,0.0
4JF9_w0192,4JF9,192,2132.0,2142.0,2132.0,2142.0,run,chest+empatica,chest+empatica+forearm,gel,ecg/4JF9_w0192.npy,acc_chest/4JF9_w0192.npy,ppg_wrist/4JF9_w0192.npy,0.416,15.486,False,0.0,0.0,0.0
4JF9_w0193,4JF9,193,2142.0,2152.0,2142.0,2152.0,run,chest+empatica,chest+empatica+forearm,gel,ecg/4JF9_w0193.npy,acc_chest/4JF9_w0193.npy,ppg_wrist/4JF9_w0193.npy,0.416,15.486,False,0.0,0.0,0.0
4JF9_w0194,4JF9,194,2152.0,2162.0,2152.0,2162.0,run,chest+empatica,chest+empatica+forearm,gel,ecg/4JF9_w0194.npy,acc_chest/4JF9_w0194.npy,ppg_wrist/4JF9_w0194.npy,0.416,15.486,False,0.0,0.0,0.0
4JF9_w0195,4JF9,195,2162.0,2172.0,2162.0,2172.0,run,chest+empatica,chest+empatica+forearm,gel,ecg/4JF9_w0195.npy,acc_chest/4JF9_w0195.npy,ppg_wrist/4JF9_w0195.npy,0.416,15.486,False,0.0,0.0,0.0
4JF9_w0196,4JF9,196,2172.0,2182.0,2172.0,2182.0,run,chest+empatica,chest+empatica+forearm,gel,ecg/4JF9_w0196.npy,acc_chest/4JF9_w0196.npy,ppg_wrist/4JF9_w0196.npy,0.416,15.486,False,0.0,0.0,0.0
4JF9_w0197,4JF9,197,2182.0,2192.0,2182.0,2192.0,run,chest+empatica,chest+empatica+forearm,gel,ecg/4JF9_w0197.npy,acc_chest/4JF9_w0197.npy,ppg_wrist/4JF9_w0197.npy,0.416,15.486,False,0.0,0.0,0.0
4JF9_w0198,4JF9,198,2192.0,2202.0,2192.0,2202.0,run,chest+empatica,chest+empatica+forearm,gel,ecg/4JF9_w0198.npy,acc_chest/4JF9_w0198.npy,ppg_wrist/4JF9_w0198.npy,0.416,15.486,False,0.0,0.0,0.0
4JF9_w0199,4JF9,199,2202.0,2212.0,2202.0,2212.0,run,chest+empatica,chest+empatica+forearm,gel,ecg/4JF9_w0199.npy,acc_chest/4JF9_w0199.npy,ppg_wrist/4JF9_w0199.npy,0.416,15.486,False,0.0,0.0,0.0
4JF9_w0200,4JF9,200,2212.0,2222.0,2212.0,2222.0,run,chest+empatica,chest+empatica+forearm,gel,ecg/4JF9_w0200.npy,acc_chest/4JF9_w0200.npy,ppg_wrist/4JF9_w0200.npy,0.416,15.486,False,0.0,0.0,0.0
4JF9_w0201,4JF9,201,2222.0,2232.0,2222.0,2232.0,run,chest+empatica,chest+empatica+forearm,gel,ecg/4JF9_w0201.npy,acc_chest/4JF9_w0201.npy,ppg_wrist/4JF9_w0201.npy,0.416,15.486,False,0.0,0.0,0.0
4JF9_w0202,4JF9,202,2232.0,2242.0,2232.0,2242.0,run,chest+empatica,chest+empatica+forearm,gel,ecg/4JF9_w0202.npy,acc_chest/4JF9_w0202.npy,ppg_wrist/4JF9_w0202.npy,0.416,15.486,False,0.0,0.0,0.0
4JF9_w0203,4JF9,203,2242.0,2252.0,2242.0,2252.0,run,chest+empatica,chest+empatica+forearm,gel,ecg/4JF9_w0203.npy,acc_chest/4JF9_w0203.npy,ppg_wrist/4JF9_w0203.npy,0.416,15.486,False,0.0,0.0,0.0
4JF9_w0204,4JF9,204,2252.0,2262.0,2252.0,2262.0,run,chest+empatica,chest+empatica+forearm,gel,ecg/4JF9_w0204.npy,acc_chest/4JF9_w0204.npy,ppg_wrist/4JF9_w0204.npy,0.416,15.486,False,0.0,0.0,0.0
4JF9_w0205,4JF9,205,2262.0,2272.0,2262.0,2272.0,run,chest+empatica,chest+empatica+forearm,gel,ecg/4JF9_w0205.npy,acc_chest/4JF9_w0205.npy,ppg_wrist/4JF9_w0205.npy,0.416,15.486,False,0.0,0.0,0.0
4JF9_w0206,4JF9,206,2272.0,2282.0,2272.0,2282.0,run,chest+empatica,chest+empatica+forearm,gel,ecg/4JF9_w0206.npy,acc_chest/4JF9_w0206.npy,ppg_wrist/4JF9_w0206.npy,0.416,15.486,False,0.0,0.0,0.0
4JF9_w0207,4JF9,207,2282.0,2292.0,2282.0,2292.0,run,chest+empatica,chest+empatica+forearm,gel,ecg/4JF9_w0207.npy,acc_chest/4JF9_w0207.npy,ppg_wrist/4JF9_w0207.npy,0.416,15.486,False,0.0,0.0,0.0
4JF9_w0208,4JF9,208,2292.0,2302.0,2292.0,2302.0,run,chest+empatica,chest+empatica+forearm,gel,ecg/4JF9_w0208.npy,acc_chest/4JF9_w0208.npy,ppg_wrist/4JF9_w0208.npy,0.416,15.486,False,0.0,0.0,0.0
4JF9_w0209,4JF9,209,2302.0,2312.0,2302.0,2312.0,run,chest+empatica,chest+empatica+forearm,gel,ecg/4JF9_w0209.npy,acc_chest/4JF9_w0209.npy,ppg_wrist/4JF9_w0209.npy,0.416,15.486,False,0.0,0.0,0.0
4JF9_w0210,4JF9,210,2312.0,2322.0,2312.0,2322.0,run,chest+empatica,chest+empatica+forearm,gel,ecg/4JF9_w0210.npy,acc_chest/4JF9_w0210.npy,ppg_wrist/4JF9_w0210.npy,0.416,15.486,False,0.0,0.0,0.0
4JF9_w0211,4JF9,211,2322.0,2332.0,2322.0,2332.0,run,chest+empatica,chest+empatica+forearm,gel,ecg/4JF9_w0211.npy,acc_chest/4JF9_w0211.npy,ppg_wrist/4JF9_w0211.npy,0.416,15.486,False,0.0,0.0,0.0
4JF9_w0212,4JF9,212,2332.0,2342.0,2332.0,2342.0,run,chest+empatica,chest+empatica+forearm,gel,ecg/4JF9_w0212.npy,acc_chest/4JF9_w0212.npy,ppg_wrist/4JF9_w0212.npy,0.416,15.486,False,0.0,0.0,0.0
4JF9_w0213,4JF9,213,2342.0,2352.0,2342.0,2352.0,run,chest+empatica,chest+empatica+forearm,gel,ecg/4JF9_w0213.npy,acc_chest/4JF9_w0213.npy,ppg_wrist/4JF9_w0213.npy,0.416,15.486,False,0.0,0.0,0.0
4JF9_w0214,4JF9,214,2352.0,2362.0,2352.0,2362.0,run,chest+empatica,chest+empatica+forearm,gel,ecg/4JF9_w0214.npy,acc_chest/4JF9_w0214.npy,ppg_wrist/4JF9_w0214.npy,0.416,15.486,False,0.0,0.0,0.0
4JF9_w0215,4JF9,215,2362.0,2372.0,2362.0,2372.0,run,chest+empatica,chest+empatica+forearm,gel,ecg/4JF9_w0215.npy,acc_chest/4JF9_w0215.npy,ppg_wrist/4JF9_w0215.npy,0.416,15.486,False,0.0,0.0,0.0
4JF9_w0216,4JF9,216,2372.0,2382.0,2372.0,2382.0,run,chest+empatica,chest+empatica+forearm,gel,ecg/4JF9_w0216.npy,acc_chest/4JF9_w0216.npy,ppg_wrist/4JF9_w0216.npy,0.416,15.486,False,0.0,0.0,0.0
4JF9_w0217,4JF9,217,2382.0,2392.0,2382.0,2392.0,run,chest+empatica,chest+empatica+forearm,gel,ecg/4JF9_w0217.npy,acc_chest/4JF9_w0217.npy,ppg_wrist/4JF9_w0217.npy,0.416,15.486,False,0.0,0.0,0.0
4JF9_w0218,4JF9,218,2392.0,2402.0,2392.0,2402.0,run,chest+empatica,chest+empatica+forearm,gel,ecg/4JF9_w0218.npy,acc_chest/4JF9_w0218.npy,ppg_wrist/4JF9_w0218.npy,0.416,15.486,False,0.0,0.0,0.0
4JF9_w0219,4JF9,219,2402.0,2412.0,2402.0,2412.0,run,chest+empatica,chest+empatica+forearm,gel,ecg/4JF9_w0219.npy,acc_chest/4JF9_w0219.npy,ppg_wrist/4JF9_w0219.npy,0.416,15.486,False,0.0,0.0,0.0
4JF9_w0220,4JF9,220,2412.0,2422.0,2412.0,2422.0,run,chest+empatica,chest+empatica+forearm,gel,ecg/4JF9_w0220.npy,acc_chest/4JF9_w0220.npy,ppg_wrist/4JF9_w0220.npy,0.416,15.486,False,0.0,0.0,0.0
4JF9_w0221,4JF9,221,2422.0,2432.0,2422.0,2432.0,run,chest+empatica,chest+empatica+forearm,gel,ecg/4JF9_w0221.npy,acc_chest/4JF9_w0221.npy,ppg_wrist/4JF9_w0221.npy,0.416,15.486,False,0.0,0.0,0.0
4JF9_w0222,4JF9,222,2432.0,2442.0,2432.0,2442.0,run,chest+empatica,chest+empatica+forearm,gel,ecg/4JF9_w0222.npy,acc_chest/4JF9_w0222.npy,ppg_wrist/4JF9_w0222.npy,0.416,15.486,False,0.0,0.0,0.0
4JF9_w0223,4JF9,223,2442.0,2452.0,2442.0,2452.0,run,chest+empatica,chest+empatica+forearm,gel,ecg/4JF9_w0223.npy,acc_chest/4JF9_w0223.npy,ppg_wrist/4JF9_w0223.npy,0.416,15.486,False,0.0,0.0,0.0
4JF9_w0224,4JF9,224,2452.0,2462.0,2452.0,2462.0,run,chest+empatica,chest+empatica+forearm,gel,ecg/4JF9_w0224.npy,acc_chest/4JF9_w0224.npy,ppg_wrist/4JF9_w0224.npy,0.416,15.486,False,0.0,0.0,0.0
4JF9_w0225,4JF9,225,2462.0,2472.0,2462.0,2472.0,run,chest+empatica,chest+empatica+forearm,gel,ecg/4JF9_w0225.npy,acc_chest/4JF9_w0225.npy,ppg_wrist/4JF9_w0225.npy,0.416,15.486,False,0.0,0.0,0.0
4JF9_w0226,4JF9,226,2472.0,2482.0,2472.0,2482.0,run,chest+empatica,chest+empatica+forearm,gel,ecg/4JF9_w0226.npy,acc_chest/4JF9_w0226.npy,ppg_wrist/4JF9_w0226.npy,0.416,15.486,False,0.0,0.0,0.0
4JF9_w0227,4JF9,227,2482.0,2492.0,2482.0,2492.0,run,chest+empatica,chest+empatica+forearm,gel,ecg/4JF9_w0227.npy,acc_chest/4JF9_w0227.npy,ppg_wrist/4JF9_w0227.npy,0.416,15.486,False,0.0,0.0,0.0
4JF9_w0228,4JF9,228,2492.0,2502.0,2492.0,2502.0,run,chest+empatica,chest+empatica+forearm,gel,ecg/4JF9_w0228.npy,acc_chest/4JF9_w0228.npy,ppg_wrist/4JF9_w0228.npy,0.416,15.486,False,0.0,0.0,0.0
4JF9_w0229,4JF9,229,2502.0,2512.0,2502.0,2512.0,run,chest+empatica,chest+empatica+forearm,gel,ecg/4JF9_w0229.npy,acc_chest/4JF9_w0229.npy,ppg_wrist/4JF9_w0229.npy,0.416,15.486,False,0.0,0.0,0.0
4JF9_w0230,4JF9,230,2512.0,2522.0,2512.0,2522.0,run,chest+empatica,chest+empatica+forearm,gel,ecg/4JF9_w0230.npy,acc_chest/4JF9_w0230.npy,ppg_wrist/4JF9_w0230.npy,0.416,15.486,False,0.0,0.0,0.0
4JF9_w0231,4JF9,231,2522.0,2532.0,2522.0,2532.0,run,chest+empatica,chest+empatica+forearm,gel,ecg/4JF9_w0231.npy,acc_chest/4JF9_w0231.npy,ppg_wrist/4JF9_w0231.npy,0.416,15.486,False,0.0,0.0,0.0
4JF9_w0232,4JF9,232,2532.0,2542.0,2532.0,2542.0,run,chest+empatica,chest+empatica+forearm,gel,ecg/4JF9_w0232.npy,acc_chest/4JF9_w0232.npy,ppg_wrist/4JF9_w0232.npy,0.416,15.486,False,0.0,0.0,0.0
4JF9_w0233,4JF9,233,2542.0,2552.0,2542.0,2552.0,run,chest+empatica,chest+empatica+forearm,gel,ecg/4JF9_w0233.npy,acc_chest/4JF9_w0233.npy,ppg_wrist/4JF9_w0233.npy,0.416,15.486,False,0.0,0.0,0.0
4JF9_w0234,4JF9,234,2552.0,2562.0,2552.0,2562.0,run,chest+empatica,chest+empatica+forearm,gel,ecg/4JF9_w0234.npy,acc_chest/4JF9_w0234.npy,ppg_wrist/4JF9_w0234.npy,0.416,15.486,False,0.0,0.0,0.0
4JF9_w0235,4JF9,235,2562.0,2572.0,2562.0,2572.0,run,chest+empatica,chest+empatica+forearm,gel,ecg/4JF9_w0235.npy,acc_chest/4JF9_w0235.npy,ppg_wrist/4JF9_w0235.npy,0.416,15.486,False,0.0,0.0,0.0
4JF9_w0236,4JF9,236,2572.0,2582.0,2572.0,2582.0,run,chest+empatica,chest+empatica+forearm,gel,ecg/4JF9_w0236.npy,acc_chest/4JF9_w0236.npy,ppg_wrist/4JF9_w0236.npy,0.416,15.486,False,0.0,0.0,0.0
4JF9_w0237,4JF9,237,2582.0,2592.0,2582.0,2592.0,run,chest+empatica,chest+empatica+forearm,gel,ecg/4JF9_w0237.npy,acc_chest/4JF9_w0237.npy,ppg_wrist/4JF9_w0237.npy,0.416,15.486,False,0.0,0.0,0.0
4JF9_w0238,4JF9,238,2592.0,2602.0,2592.0,2602.0,run,chest+empatica,chest+empatica+forearm,gel,ecg/4JF9_w0238.npy,acc_chest/4JF9_w0238.npy,ppg_wrist/4JF9_w0238.npy,0.416,15.486,False,0.0,0.0,0.0
4JF9_w0239,4JF9,239,2602.0,2612.0,2602.0,2612.0,run,chest+empatica,chest+empatica+forearm,gel,ecg/4JF9_w0239.npy,acc_chest/4JF9_w0239.npy,ppg_wrist/4JF9_w0239.npy,0.416,15.486,False,0.0,0.0,0.0
4JF9_w0240,4JF9,240,2612.0,2622.0,2612.0,2622.0,run,chest+empatica,chest+empatica+forearm,gel,ecg/4JF9_w0240.npy,acc_chest/4JF9_w0240.npy,ppg_wrist/4JF9_w0240.npy,0.416,15.486,False,0.0,0.0,0.0
4JF9_w0241,4JF9,241,2622.0,2632.0,2622.0,2632.0,run,chest+empatica,chest+empatica+forearm,gel,ecg/4JF9_w0241.npy,acc_chest/4JF9_w0241.npy,ppg_wrist/4JF9_w0241.npy,0.416,15.486,False,0.0,0.0,0.0
4JF9_w0242,4JF9,242,2632.0,2642.0,2632.0,2642.0,run,chest+empatica,chest+empatica+forearm,gel,ecg/4JF9_w0242.npy,acc_chest/4JF9_w0242.npy,ppg_wrist/4JF9_w0242.npy,0.416,15.486,False,0.0,0.0,0.0
4JF9_w0243,4JF9,243,2642.0,2652.0,2642.0,2652.0,run,chest+empatica,chest+empatica+forearm,gel,ecg/4JF9_w0243.npy,acc_chest/4JF9_w0243.npy,ppg_wrist/4JF9_w0243.npy,0.416,15.486,False,0.0,0.0,0.0
4JF9_w0244,4JF9,244,2652.0,2662.0,2652.0,2662.0,run,chest+empatica,chest+empatica+forearm,gel,ecg/4JF9_w0244.npy,acc_chest/4JF9_w0244.npy,ppg_wrist/4JF9_w0244.npy,0.416,15.486,False,0.0,0.0,0.0
4JF9_w0245,4JF9,245,2662.0,2672.0,2662.0,2672.0,run,chest+empatica,chest+empatica+forearm,gel,ecg/4JF9_w0245.npy,acc_chest/4JF9_w0245.npy,ppg_wrist/4JF9_w0245.npy,0.416,15.486,False,0.0,0.0,0.0
4JF9_w0246,4JF9,246,2672.0,2682.0,2672.0,2682.0,run,chest+empatica,chest+empatica+forearm,gel,ecg/4JF9_w0246.npy,acc_chest/4JF9_w0246.npy,ppg_wrist/4JF9_w0246.npy,0.416,15.486,False,0.0,0.0,0.0
4JF9_w0247,4JF9,247,2682.0,2692.0,2682.0,2692.0,run,chest+empatica,chest+empatica+forearm,gel,ecg/4JF9_w0247.npy,acc_chest/4JF9_w0247.npy,ppg_wrist/4JF9_w0247.npy,0.416,15.486,False,0.0,0.0,0.0
4JF9_w0248,4JF9,248,2692.0,2702.0,2692.0,2702.0,run,chest+empatica,chest+empatica+forearm,gel,ecg/4JF9_w0248.npy,acc_chest/4JF9_w0248.npy,ppg_wrist/4JF9_w0248.npy,0.416,15.486,False,0.0,0.0,0.0
4JF9_w0249,4JF9,249,2702.0,2712.0,2702.0,2712.0,run,chest+empatica,chest+empatica+forearm,gel,ecg/4JF9_w0249.npy,acc_chest/4JF9_w0249.npy,ppg_wrist/4JF9_w0249.npy,0.416,15.486,False,0.0,0.0,0.0
4JF9_w0250,4JF9,250,2712.0,2722.0,2712.0,2722.0,run,chest+empatica,chest+empatica+forearm,gel,ecg/4JF9_w0250.npy,acc_chest/4JF9_w0250.npy,ppg_wrist/4JF9_w0250.npy,0.416,15.486,False,0.0,0.0,0.0
4JF9_w0251,4JF9,251,2722.0,2732.0,2722.0,2732.0,run,chest+empatica,chest+empatica+forearm,gel,ecg/4JF9_w0251.npy,acc_chest/4JF9_w0251.npy,ppg_wrist/4JF9_w0251.npy,0.416,15.486,False,0.0,0.0,0.0
4JF9_w0252,4JF9,252,2732.0,2742.0,2732.0,2742.0,run,chest+empatica,chest+empatica+forearm,gel,ecg/4JF9_w0252.npy,acc_chest/4JF9_w0252.npy,ppg_wrist/4JF9_w0252.npy,0.416,15.486,False,0.0,0.0,0.0
4JF9_w0253,4JF9,253,2742.0,2752.0,2742.0,2752.0,run,chest+empatica,chest+empatica+forearm,gel,ecg/4JF9_w0253.npy,acc_chest/4JF9_w0253.npy,ppg_wrist/4JF9_w0253.npy,0.416,15.486,False,0.0,0.0,0.0
4JF9_w0254,4JF9,254,2752.0,2762.0,2752.0,2762.0,run,chest+empatica,chest+empatica+forearm,gel,ecg/4JF9_w0254.npy,acc_chest/4JF9_w0254.npy,ppg_wrist/4JF9_w0254.npy,0.416,15.486,False,0.0,0.0,0.0
4JF9_w0255,4JF9,255,2762.0,2772.0,2762.0,2772.0,run,chest+empatica,chest+empatica+forearm,gel,ecg/4JF9_w0255.npy,acc_chest/4JF9_w0255.npy,ppg_wrist/4JF9_w0255.npy,0.416,15.486,False,0.0,0.0,0.0
4JF9_w0256,4JF9,256,2772.0,2782.0,2772.0,2782.0,run,chest+empatica,chest+empatica+forearm,gel,ecg/4JF9_w0256.npy,acc_chest/4JF9_w0256.npy,ppg_wrist/4JF9_w0256.npy,0.416,15.486,False,0.0,0.0,0.0
4JF9_w0257,4JF9,257,2782.0,2792.0,2782.0,2792.0,run,chest+empatica,chest+empatica+forearm,gel,ecg/4JF9_w0257.npy,acc_chest/4JF9_w0257.npy,ppg_wrist/4JF9_w0257.npy,0.416,15.486,False,0.0,0.0,0.0
4JF9_w0258,4JF9,258,2792.0,2802.0,2792.0,2802.0,run,chest+empatica,chest+empatica+forearm,gel,ecg/4JF9_w0258.npy,acc_chest/4JF9_w0258.npy,ppg_wrist/4JF9_w0258.npy,0.416,15.486,False,0.0,0.0,0.0
4JF9_w0259,4JF9,259,2802.0,2812.0,2802.0,2812.0,run,chest+empatica,chest+empatica+forearm,gel,ecg/4JF9_w0259.npy,acc_chest/4JF9_w0259.npy,ppg_wrist/4JF9_w0259.npy,0.416,15.486,False,0.0,0.0,0.0
4JF9_w0260,4JF9,260,2812.0,2822.0,2812.0,2822.0,run,chest+empatica,chest+empatica+forearm,gel,ecg/4JF9_w0260.npy,acc_chest/4JF9_w0260.npy,ppg_wrist/4JF9_w0260.npy,0.416,15.486,False,0.0,0.0,0.0
4JF9_w0261,4JF9,261,2822.0,2832.0,2822.0,2832.0,run,chest+empatica,chest+empatica+forearm,gel,ecg/4JF9_w0261.npy,acc_chest/4JF9_w0261.npy,ppg_wrist/4JF9_w0261.npy,0.416,15.486,False,0.0,0.0,0.0
4JF9_w0262,4JF9,262,2832.0,2842.0,2832.0,2842.0,run,chest+empatica,chest+empatica+forearm,gel,ecg/4JF9_w0262.npy,acc_chest/4JF9_w0262.npy,ppg_wrist/4JF9_w0262.npy,0.416,15.486,False,0.0,0.0,0.0
4JF9_w0263,4JF9,263,2842.0,2852.0,2842.0,2852.0,run,chest+empatica,chest+empatica+forearm,gel,ecg/4JF9_w0263.npy,acc_chest/4JF9_w0263.npy,ppg_wrist/4JF9_w0263.npy,0.416,15.486,False,0.0,0.0,0.0
4JF9_w0264,4JF9,264,2852.0,2862.0,2852.0,2862.0,run,chest+empatica,chest+empatica+forearm,gel,ecg/4JF9_w0264.npy,acc_chest/4JF9_w0264.npy,ppg_wrist/4JF9_w0264.npy,0.416,15.486,False,0.0,0.0,0.0
4JF9_w0265,4JF9,265,2862.0,2872.0,2862.0,2872.0,run,chest+empatica,chest+empatica+forearm,gel,ecg/4JF9_w0265.npy,acc_chest/4JF9_w0265.npy,ppg_wrist/4JF9_w0265.npy,0.416,15.486,False,0.0,0.0,0.0
4JF9_w0266,4JF9,266,2872.0,2882.0,2872.0,2882.0,run,chest+empatica,chest+empatica+forearm,gel,ecg/4JF9_w0266.npy,acc_chest/4JF9_w0266.npy,ppg_wrist/4JF9_w0266.npy,0.416,15.486,False,0.0,0.0,0.0
4JF9_w0267,4JF9,267,2882.0,2892.0,2882.0,2892.0,run,chest+empatica,chest+empatica+forearm,gel,ecg/4JF9_w0267.npy,acc_chest/4JF9_w0267.npy,ppg_wrist/4JF9_w0267.npy,0.416,15.486,False,0.0,0.0,0.0
4JF9_w0268,4JF9,268,2892.0,2902.0,2892.0,2902.0,run,chest+empatica,chest+empatica+forearm,gel,ecg/4JF9_w0268.npy,acc_chest/4JF9_w0268.npy,ppg_wrist/4JF9_w0268.npy,0.416,15.486,False,0.0,0.0,0.0
4JF9_w0269,4JF9,269,2902.0,2912.0,2902.0,2912.0,run,chest+empatica,chest+empatica+forearm,gel,ecg/4JF9_w0269.npy,acc_chest/4JF9_w0269.npy,ppg_wrist/4JF9_w0269.npy,0.416,15.486,False,0.0,0.0,0.0
4JF9_w0270,4JF9,270,2912.0,2922.0,2912.0,2922.0,run,chest+empatica,chest+empatica+forearm,gel,ecg/4JF9_w0270.npy,acc_chest/4JF9_w0270.npy,ppg_wrist/4JF9_w0270.npy,0.416,15.486,False,0.0,0.0,0.0
4JF9_w0271,4JF9,271,2922.0,2932.0,2922.0,2932.0,run,chest+empatica,chest+empatica+forearm,gel,ecg/4JF9_w0271.npy,acc_chest/4JF9_w0271.npy,ppg_wrist/4JF9_w0271.npy,0.416,15.486,False,0.0,0.0,0.0
4JF9_w0272,4JF9,272,2932.0,2942.0,2932.0,2942.0,run,chest+empatica,chest+empatica+forearm,gel,ecg/4JF9_w0272.npy,acc_chest/4JF9_w0272.npy,ppg_wrist/4JF9_w0272.npy,0.416,15.486,False,0.0,0.0,0.0
4JF9_w0273,4JF9,273,2942.0,2952.0,2942.0,2952.0,run,chest+empatica,chest+empatica+forearm,gel,ecg/4JF9_w0273.npy,acc_chest/4JF9_w0273.npy,ppg_wrist/4JF9_w0273.npy,0.416,15.486,False,0.0,0.0,0.0
4JF9_w0274,4JF9,274,2952.0,2962.0,2952.0,2962.0,run,chest+empatica,chest+empatica+forearm,gel,ecg/4JF9_w0274.npy,acc_chest/4JF9_w0274.npy,ppg_wrist/4JF9_w0274.npy,0.416,15.486,False,0.0,0.0,0.0
4JF9_w0275,4JF9,275,2962.0,2972.0,2962.0,2972.0,run,chest+empatica,chest+empatica+forearm,gel,ecg/4JF9_w0275.npy,acc_chest/4JF9_w0275.npy,ppg_wrist/4JF9_w0275.npy,0.416,15.486,False,0.0,0.0,0.0
4JF9_w0276,4JF9,276,2972.0,2982.0,2972.0,2982.0,run,chest+empatica,chest+empatica+forearm,gel,ecg/4JF9_w0276.npy,acc_chest/4JF9_w0276.npy,ppg_wrist/4JF9_w0276.npy,0.416,15.486,False,0.0,0.0,0.0
4JF9_w0277,4JF9,277,2982.0,2992.0,2982.0,2992.0,run,chest+empatica,chest+empatica+forearm,gel,ecg/4JF9_w0277.npy,acc_chest/4JF9_w0277.npy,ppg_wrist/4JF9_w0277.npy,0.416,15.486,False,0.0,0.0,0.0
4JF9_w0278,4JF9,278,2992.0,3002.0,2992.0,3002.0,run,chest+empatica,chest+empatica+forearm,gel,ecg/4JF9_w0278.npy,acc_chest/4JF9_w0278.npy,ppg_wrist/4JF9_w0278.npy,0.416,15.486,False,0.0,0.0,0.0
4JF9_w0279,4JF9,279,3002.0,3012.0,3002.0,3012.0,run,chest+empatica,chest+empatica+forearm,gel,ecg/4JF9_w0279.npy,acc_chest/4JF9_w0279.npy,ppg_wrist/4JF9_w0279.npy,0.416,15.486,False,0.0,0.0,0.0
4JF9_w0280,4JF9,280,3012.0,3022.0,3012.0,3022.0,run,chest+empatica,chest+empatica+forearm,gel,ecg/4JF9_w0280.npy,acc_chest/4JF9_w0280.npy,ppg_wrist/4JF9_w0280.npy,0.416,15.486,False,0.0,0.0,0.0
4JF9_w0281,4JF9,281,3022.0,3032.0,3022.0,3032.0,run,chest+empatica,chest+empatica+forearm,gel,ecg/4JF9_w0281.npy,acc_chest/4JF9_w0281.npy,ppg_wrist/4JF9_w0281.npy,0.996,16.767,False,0.0,0.0,0.0
4JF9_w0282,4JF9,282,3032.0,3042.0,3032.0,3042.0,run,chest+empatica,chest+empatica+forearm,gel,ecg/4JF9_w0282.npy,acc_chest/4JF9_w0282.npy,ppg_wrist/4JF9_w0282.npy,0.791,3.01,False,0.0,0.0,0.0
4JF9_w0283,4JF9,283,3042.0,3052.0,3042.0,3052.0,run,chest+empatica,chest+empatica+forearm,gel,ecg/4JF9_w0283.npy,acc_chest/4JF9_w0283.npy,ppg_wrist/4JF9_w0283.npy,1.035,3.111,False,0.0,0.0,0.0
4JF9_w0284,4JF9,284,3052.0,3062.0,3052.0,3062.0,run,chest+empatica,chest+empatica+forearm,gel,ecg/4JF9_w0284.npy,acc_chest/4JF9_w0284.npy,ppg_wrist/4JF9_w0284.npy,1.677,3.972,False,0.0,0.0,0.0
4JF9_w0285,4JF9,285,3062.0,3072.0,3062.0,3072.0,run,chest+empatica,chest+empatica+forearm,gel,ecg/4JF9_w0285.npy,acc_chest/4JF9_w0285.npy,ppg_wrist/4JF9_w0285.npy,1.843,4.064,False,0.0,0.0,0.0
4JF9_w0286,4JF9,286,3072.0,3082.0,3072.0,3082.0,run,chest+empatica,chest+empatica+forearm,gel,ecg/4JF9_w0286.npy,acc_chest/4JF9_w0286.npy,ppg_wrist/4JF9_w0286.npy,1.932,4.021,False,0.0,0.0,0.0
4JF9_w0287,4JF9,287,3082.0,3092.0,3082.0,3092.0,run,chest+empatica,chest+empatica+forearm,gel,ecg/4JF9_w0287.npy,acc_chest/4JF9_w0287.npy,ppg_wrist/4JF9_w0287.npy,1.873,4.106,False,0.0,0.0,0.0
4JF9_w0288,4JF9,288,3092.0,3102.0,3092.0,3102.0,run,chest+empatica,chest+empatica+forearm,gel,ecg/4JF9_w0288.npy,acc_chest/4JF9_w0288.npy,ppg_wrist/4JF9_w0288.npy,1.987,4.537,False,0.0,0.0,0.0
4JF9_w0289,4JF9,289,3102.0,3112.0,3102.0,3112.0,run,chest+empatica,chest+empatica+forearm,gel,ecg/4JF9_w0289.npy,acc_chest/4JF9_w0289.npy,ppg_wrist/4JF9_w0289.npy,1.801,4.251,False,0.0,0.0,0.0
4JF9_w0290,4JF9,290,3112.0,3122.0,3112.0,3122.0,run,chest+empatica,chest+empatica+forearm,gel,ecg/4JF9_w0290.npy,acc_chest/4JF9_w0290.npy,ppg_wrist/4JF9_w0290.npy,1.933,4.344,False,0.0,0.0,0.0
4JF9_w0291,4JF9,291,3122.0,3132.0,3122.0,3132.0,run,chest+empatica,chest+empatica+forearm,gel,ecg/4JF9_w0291.npy,acc_chest/4JF9_w0291.npy,ppg_wrist/4JF9_w0291.npy,1.914,4.468,False,0.0,0.0,0.0
4JF9_w0292,4JF9,292,3132.0,3142.0,3132.0,3142.0,run,chest+empatica,chest+empatica+forearm,gel,ecg/4JF9_w0292.npy,acc_chest/4JF9_w0292.npy,ppg_wrist/4JF9_w0292.npy,2.028,4.495,False,0.0,0.0,0.0
4JF9_w0293,4JF9,293,3142.0,3152.0,3142.0,3152.0,run,chest+empatica,chest+empatica+forearm,gel,ecg/4JF9_w0293.npy,acc_chest/4JF9_w0293.npy,ppg_wrist/4JF9_w0293.npy,1.998,4.505,False,0.0,0.0,0.0
4JF9_w0294,4JF9,294,3152.0,3162.0,3152.0,3162.0,run,chest+empatica,chest+empatica+forearm,gel,ecg/4JF9_w0294.npy,acc_chest/4JF9_w0294.npy,ppg_wrist/4JF9_w0294.npy,1.795,4.152,False,0.0,0.0,0.0
4JF9_w0295,4JF9,295,3162.0,3172.0,3162.0,3172.0,run,chest+empatica,chest+empatica+forearm,gel,ecg/4JF9_w0295.npy,acc_chest/4JF9_w0295.npy,ppg_wrist/4JF9_w0295.npy,1.703,4.235,False,0.0,0.0,0.0
4JF9_w0296,4JF9,296,3172.0,3182.0,3172.0,3182.0,run,chest+empatica,chest+empatica+forearm,gel,ecg/4JF9_w0296.npy,acc_chest/4JF9_w0296.npy,ppg_wrist/4JF9_w0296.npy,1.758,4.321,False,0.0,0.0,0.0
4JF9_w0297,4JF9,297,3182.0,3192.0,3182.0,3192.0,run,chest+empatica,chest+empatica+forearm,gel,ecg/4JF9_w0297.npy,acc_chest/4JF9_w0297.npy,ppg_wrist/4JF9_w0297.npy,1.827,4.396,False,0.0,0.0,0.0
4JF9_w0298,4JF9,298,3192.0,3202.0,3192.0,3202.0,run,chest+empatica,chest+empatica+forearm,gel,ecg/4JF9_w0298.npy,acc_chest/4JF9_w0298.npy,ppg_wrist/4JF9_w0298.npy,1.607,4.414,False,0.0,0.0,0.0
4JF9_w0299,4JF9,299,3202.0,3212.0,3202.0,3212.0,run,chest+empatica,chest+empatica+forearm,gel,ecg/4JF9_w0299.npy,acc_chest/4JF9_w0299.npy,ppg_wrist/4JF9_w0299.npy,1.624,4.506,False,0.0,0.0,0.0
4JF9_w0300,4JF9,300,3212.0,3222.0,3212.0,3222.0,run,chest+empatica,chest+empatica+forearm,gel,ecg/4JF9_w0300.npy,acc_chest/4JF9_w0300.npy,ppg_wrist/4JF9_w0300.npy,1.743,5.392,False,0.0,0.0,0.0
4JF9_w0301,4JF9,301,3222.0,3232.0,3222.0,3232.0,run,chest+empatica,chest+empatica+forearm,gel,ecg/4JF9_w0301.npy,acc_chest/4JF9_w0301.npy,ppg_wrist/4JF9_w0301.npy,1.728,5.604,False,0.0,0.0,0.0
4JF9_w0302,4JF9,302,3232.0,3242.0,3232.0,3242.0,run,chest+empatica,chest+empatica+forearm,gel,ecg/4JF9_w0302.npy,acc_chest/4JF9_w0302.npy,ppg_wrist/4JF9_w0302.npy,1.576,4.628,False,0.0,0.0,0.0
4JF9_w0303,4JF9,303,3242.0,3252.0,3242.0,3252.0,run,chest+empatica,chest+empatica+forearm,gel,ecg/4JF9_w0303.npy,acc_chest/4JF9_w0303.npy,ppg_wrist/4JF9_w0303.npy,1.65,4.74,False,0.0,0.0,0.0
4JF9_w0304,4JF9,304,3252.0,3262.0,3252.0,3262.0,run,chest+empatica,chest+empatica+forearm,gel,ecg/4JF9_w0304.npy,acc_chest/4JF9_w0304.npy,ppg_wrist/4JF9_w0304.npy,1.634,4.438,False,0.0,0.0,0.0
4JF9_w0305,4JF9,305,3262.0,3272.0,3262.0,3272.0,run,chest+empatica,chest+empatica+forearm,gel,ecg/4JF9_w0305.npy,acc_chest/4JF9_w0305.npy,ppg_wrist/4JF9_w0305.npy,1.576,4.676,False,0.0,0.0,0.0
4JF9_w0306,4JF9,306,3272.0,3282.0,3272.0,3282.0,run,chest+empatica,chest+empatica+forearm,gel,ecg/4JF9_w0306.npy,acc_chest/4JF9_w0306.npy,ppg_wrist/4JF9_w0306.npy,1.658,4.678,False,0.0,0.0,0.0
4JF9_w0307,4JF9,307,3282.0,3292.0,3282.0,3292.0,run,chest+empatica,chest+empatica+forearm,gel,ecg/4JF9_w0307.npy,acc_chest/4JF9_w0307.npy,ppg_wrist/4JF9_w0307.npy,1.567,4.664,False,0.0,0.0,0.0
4JF9_w0308,4JF9,308,3292.0,3302.0,3292.0,3302.0,run,chest+empatica,chest+empatica+forearm,gel,ecg/4JF9_w0308.npy,acc_chest/4JF9_w0308.npy,ppg_wrist/4JF9_w0308.npy,1.571,5.061,False,0.0,0.0,0.0
4JF9_w0309,4JF9,309,3302.0,3312.0,3302.0,3312.0,run,chest+empatica,chest+empatica+forearm,gel,ecg/4JF9_w0309.npy,acc_chest/4JF9_w0309.npy,ppg_wrist/4JF9_w0309.npy,1.47,4.744,False,0.0,0.0,0.0
4JF9_w0310,4JF9,310,3312.0,3322.0,3312.0,3322.0,run,chest+empatica,chest+empatica+forearm,gel,ecg/4JF9_w0310.npy,acc_chest/4JF9_w0310.npy,ppg_wrist/4JF9_w0310.npy,1.524,4.48,False,0.0,0.0,0.0
4JF9_w0311,4JF9,311,3322.0,3332.0,3322.0,3332.0,run,chest+empatica,chest+empatica+forearm,gel,ecg/4JF9_w0311.npy,acc_chest/4JF9_w0311.npy,ppg_wrist/4JF9_w0311.npy,1.646,5.205,False,0.0,0.0,0.0
4JF9_w0312,4JF9,312,3332.0,3342.0,3332.0,3342.0,run,chest+empatica,chest+empatica+forearm,gel,ecg/4JF9_w0312.npy,acc_chest/4JF9_w0312.npy,ppg_wrist/4JF9_w0312.npy,1.089,4.496,False,0.0,0.0,0.0
4JF9_w0313,4JF9,313,3342.0,3352.0,3342.0,3352.0,run,chest+empatica,chest+empatica+forearm,gel,ecg/4JF9_w0313.npy,acc_chest/4JF9_w0313.npy,ppg_wrist/4JF9_w0313.npy,1.29,4.495,False,0.0,0.0,0.0
4JF9_w0314,4JF9,314,3352.0,3362.0,3352.0,3362.0,run,chest+empatica,chest+empatica+forearm,gel,ecg/4JF9_w0314.npy,acc_chest/4JF9_w0314.npy,ppg_wrist/4JF9_w0314.npy,0.714,15.999,False,0.0,0.0,0.0
4JF9_w0315,4JF9,315,3362.0,3372.0,3362.0,3372.0,run,chest+empatica,chest+empatica+forearm,gel,ecg/4JF9_w0315.npy,acc_chest/4JF9_w0315.npy,ppg_wrist/4JF9_w0315.npy,0.416,15.486,False,0.0,0.0,0.0
4JF9_w0316,4JF9,316,3372.0,3382.0,3372.0,3382.0,run,chest+empatica,chest+empatica+forearm,gel,ecg/4JF9_w0316.npy,acc_chest/4JF9_w0316.npy,ppg_wrist/4JF9_w0316.npy,0.416,15.486,False,0.0,0.0,0.0
4JF9_w0317,4JF9,317,3382.0,3392.0,3382.0,3392.0,run,chest+empatica,chest+empatica+forearm,gel,ecg/4JF9_w0317.npy,acc_chest/4JF9_w0317.npy,ppg_wrist/4JF9_w0317.npy,0.416,15.486,False,0.0,0.0,0.0
4JF9_w0318,4JF9,318,3392.0,3402.0,3392.0,3402.0,run,chest+empatica,chest+empatica+forearm,gel,ecg/4JF9_w0318.npy,acc_chest/4JF9_w0318.npy,ppg_wrist/4JF9_w0318.npy,0.416,15.486,False,0.0,0.0,0.0
4JF9_w0319,4JF9,319,3402.0,3412.0,3402.0,3412.0,run,chest+empatica,chest+empatica+forearm,gel,ecg/4JF9_w0319.npy,acc_chest/4JF9_w0319.npy,ppg_wrist/4JF9_w0319.npy,0.859,16.072,False,0.0,0.0,0.0
4JF9_w0320,4JF9,320,3412.0,3422.0,3412.0,3422.0,run,chest+empatica,chest+empatica+forearm,gel,ecg/4JF9_w0320.npy,acc_chest/4JF9_w0320.npy,ppg_wrist/4JF9_w0320.npy,1.311,4.231,False,0.0,0.0,0.0
4JF9_w0321,4JF9,321,3422.0,3432.0,3422.0,3432.0,run,chest+empatica,chest+empatica+forearm,gel,ecg/4JF9_w0321.npy,acc_chest/4JF9_w0321.npy,ppg_wrist/4JF9_w0321.npy,1.358,4.493,False,0.0,0.0,0.0
4JF9_w0322,4JF9,322,3432.0,3442.0,3432.0,3442.0,run,chest+empatica,chest+empatica+forearm,gel,ecg/4JF9_w0322.npy,acc_chest/4JF9_w0322.npy,ppg_wrist/4JF9_w0322.npy,1.41,4.363,False,0.0,0.0,0.0
4JF9_w0323,4JF9,323,3442.0,3452.0,3442.0,3452.0,run,chest+empatica,chest+empatica+forearm,gel,ecg/4JF9_w0323.npy,acc_chest/4JF9_w0323.npy,ppg_wrist/4JF9_w0323.npy,1.485,4.313,False,0.0,0.0,0.0
4JF9_w0324,4JF9,324,3452.0,3462.0,3452.0,3462.0,run,chest+empatica,chest+empatica+forearm,gel,ecg/4JF9_w0324.npy,acc_chest/4JF9_w0324.npy,ppg_wrist/4JF9_w0324.npy,1.495,4.439,False,0.0,0.0,0.0
4JF9_w0325,4JF9,325,3462.0,3472.0,3462.0,3472.0,run,chest+empatica,chest+empatica+forearm,gel,ecg/4JF9_w0325.npy,acc_chest/4JF9_w0325.npy,ppg_wrist/4JF9_w0325.npy,1.482,4.394,False,0.0,0.0,0.0
4JF9_w0326,4JF9,326,3472.0,3482.0,3472.0,3482.0,run,chest+empatica,chest+empatica+forearm,gel,ecg/4JF9_w0326.npy,acc_chest/4JF9_w0326.npy,ppg_wrist/4JF9_w0326.npy,1.574,5.32,False,0.0,0.0,0.0
4JF9_w0327,4JF9,327,3482.0,3492.0,3482.0,3492.0,run,chest+empatica,chest+empatica+forearm,gel,ecg/4JF9_w0327.npy,acc_chest/4JF9_w0327.npy,ppg_wrist/4JF9_w0327.npy,1.513,4.628,False,0.0,0.0,0.0
4JF9_w0328,4JF9,328,3492.0,3502.0,3492.0,3502.0,run,chest+empatica,chest+empatica+forearm,gel,ecg/4JF9_w0328.npy,acc_chest/4JF9_w0328.npy,ppg_wrist/4JF9_w0328.npy,1.77,5.723,False,0.0,0.0,0.0
4JF9_w0329,4JF9,329,3502.0,3512.0,3502.0,3512.0,run,chest+empatica,chest+empatica+forearm,gel,ecg/4JF9_w0329.npy,acc_chest/4JF9_w0329.npy,ppg_wrist/4JF9_w0329.npy,1.457,4.642,False,0.0,0.0,0.0
4JF9_w0330,4JF9,330,3512.0,3522.0,3512.0,3522.0,run,chest+empatica,chest+empatica+forearm,gel,ecg/4JF9_w0330.npy,acc_chest/4JF9_w0330.npy,ppg_wrist/4JF9_w0330.npy,1.4,4.571,False,0.0,0.0,0.0
4JF9_w0331,4JF9,331,3522.0,3532.0,3522.0,3532.0,run,chest+empatica,chest+empatica+forearm,gel,ecg/4JF9_w0331.npy,acc_chest/4JF9_w0331.npy,ppg_wrist/4JF9_w0331.npy,1.349,4.409,False,0.0,0.0,0.0
4JF9_w0332,4JF9,332,3532.0,3542.0,3532.0,3542.0,run,chest+empatica,chest+empatica+forearm,gel,ecg/4JF9_w0332.npy,acc_chest/4JF9_w0332.npy,ppg_wrist/4JF9_w0332.npy,1.42,4.459,False,0.0,0.0,0.0
4JF9_w0333,4JF9,333,3542.0,3552.0,3542.0,3552.0,run,chest+empatica,chest+empatica+forearm,gel,ecg/4JF9_w0333.npy,acc_chest/4JF9_w0333.npy,ppg_wrist/4JF9_w0333.npy,1.399,4.517,False,0.0,0.0,0.0
4JF9_w0334,4JF9,334,3552.0,3562.0,3552.0,3562.0,run,chest+empatica,chest+empatica+forearm,gel,ecg/4JF9_w0334.npy,acc_chest/4JF9_w0334.npy,ppg_wrist/4JF9_w0334.npy,1.422,4.59,False,0.0,0.0,0.0
4JF9_w0335,4JF9,335,3562.0,3572.0,3562.0,3572.0,run,chest+empatica,chest+empatica+forearm,gel,ecg/4JF9_w0335.npy,acc_chest/4JF9_w0335.npy,ppg_wrist/4JF9_w0335.npy,1.619,5.224,False,0.0,0.0,0.0
4JF9_w0336,4JF9,336,3572.0,3582.0,3572.0,3582.0,run,chest+empatica,chest+empatica+forearm,gel,ecg/4JF9_w0336.npy,acc_chest/4JF9_w0336.npy,ppg_wrist/4JF9_w0336.npy,1.557,4.731,False,0.0,0.0,0.0
4JF9_w0337,4JF9,337,3582.0,3592.0,3582.0,3592.0,run,chest+empatica,chest+empatica+forearm,gel,ecg/4JF9_w0337.npy,acc_chest/4JF9_w0337.npy,ppg_wrist/4JF9_w0337.npy,1.36,4.152,False,0.0,0.0,0.0
4JF9_w0338,4JF9,338,3592.0,3602.0,3592.0,3602.0,run,chest+empatica,chest+empatica+forearm,gel,ecg/4JF9_w0338.npy,acc_chest/4JF9_w0338.npy,ppg_wrist/4JF9_w0338.npy,1.266,4.313,False,0.0,0.0,0.0
4JF9_w0339,4JF9,339,3602.0,3612.0,3602.0,3612.0,run,chest+empatica,chest+empatica+forearm,gel,ecg/4JF9_w0339.npy,acc_chest/4JF9_w0339.npy,ppg_wrist/4JF9_w0339.npy,1.143,4.189,False,0.0,0.0,0.0
4JF9_w0340,4JF9,340,3612.0,3622.0,3612.0,3622.0,run,chest+empatica,chest+empatica+forearm,gel,ecg/4JF9_w0340.npy,acc_chest/4JF9_w0340.npy,ppg_wrist/4JF9_w0340.npy,1.348,4.839,False,0.0,0.0,0.0
4JF9_w0341,4JF9,341,3622.0,3632.0,3622.0,3632.0,run,chest+empatica,chest+empatica+forearm,gel,ecg/4JF9_w0341.npy,acc_chest/4JF9_w0341.npy,ppg_wrist/4JF9_w0341.npy,1.409,4.619,False,0.0,0.0,0.0
4JF9_w0342,4JF9,342,3632.0,3642.0,3632.0,3642.0,run,chest+empatica,chest+empatica+forearm,gel,ecg/4JF9_w0342.npy,acc_chest/4JF9_w0342.npy,ppg_wrist/4JF9_w0342.npy,1.273,4.479,False,0.0,0.0,0.0
4JF9_w0343,4JF9,343,3642.0,3652.0,3642.0,3652.0,run,chest+empatica,chest+empatica+forearm,gel,ecg/4JF9_w0343.npy,acc_chest/4JF9_w0343.npy,ppg_wrist/4JF9_w0343.npy,1.336,4.508,False,0.0,0.0,0.0
4JF9_w0344,4JF9,344,3652.0,3662.0,3652.0,3662.0,run,chest+empatica,chest+empatica+forearm,gel,ecg/4JF9_w0344.npy,acc_chest/4JF9_w0344.npy,ppg_wrist/4JF9_w0344.npy,1.133,4.261,False,0.0,0.0,0.0
4JF9_w0345,4JF9,345,3662.0,3672.0,3662.0,3672.0,run,chest+empatica,chest+empatica+forearm,gel,ecg/4JF9_w0345.npy,acc_chest/4JF9_w0345.npy,ppg_wrist/4JF9_w0345.npy,0.795,4.001,False,0.0,0.0,0.0
4JF9_w0346,4JF9,346,3672.0,3682.0,3672.0,3682.0,run,chest+empatica,chest+empatica+forearm,gel,ecg/4JF9_w0346.npy,acc_chest/4JF9_w0346.npy,ppg_wrist/4JF9_w0346.npy,0.767,3.926,False,0.0,0.0,0.0
4JF9_w0347,4JF9,347,3682.0,3692.0,3682.0,3692.0,run,chest+empatica,chest+empatica+forearm,gel,ecg/4JF9_w0347.npy,acc_chest/4JF9_w0347.npy,ppg_wrist/4JF9_w0347.npy,0.702,3.878,False,0.0,0.0,0.0
4JF9_w0348,4JF9,348,3692.0,3702.0,3692.0,3702.0,run,chest+empatica,chest+empatica+forearm,gel,ecg/4JF9_w0348.npy,acc_chest/4JF9_w0348.npy,ppg_wrist/4JF9_w0348.npy,0.759,3.803,False,0.0,0.0,0.0
4JF9_w0349,4JF9,349,3702.0,3712.0,3702.0,3712.0,run,chest+empatica,chest+empatica+forearm,gel,ecg/4JF9_w0349.npy,acc_chest/4JF9_w0349.npy,ppg_wrist/4JF9_w0349.npy,1.175,3.983,False,0.0,0.0,0.0
4JF9_w0350,4JF9,350,3712.0,3722.0,3712.0,3722.0,run,chest+empatica,chest+empatica+forearm,gel,ecg/4JF9_w0350.npy,acc_chest/4JF9_w0350.npy,ppg_wrist/4JF9_w0350.npy,1.299,3.966,False,0.0,0.0,0.0
4JF9_w0351,4JF9,351,3722.0,3732.0,3722.0,3732.0,run,chest+empatica,chest+empatica+forearm,gel,ecg/4JF9_w0351.npy,acc_chest/4JF9_w0351.npy,ppg_wrist/4JF9_w0351.npy,1.204,3.833,False,0.0,0.0,0.0
4JF9_w0352,4JF9,352,3732.0,3742.0,3732.0,3742.0,run,chest+empatica,chest+empatica+forearm,gel,ecg/4JF9_w0352.npy,acc_chest/4JF9_w0352.npy,ppg_wrist/4JF9_w0352.npy,1.292,4.184,False,0.0,0.0,0.0
4JF9_w0353,4JF9,353,3742.0,3752.0,3742.0,3752.0,run,chest+empatica,chest+empatica+forearm,gel,ecg/4JF9_w0353.npy,acc_chest/4JF9_w0353.npy,ppg_wrist/4JF9_w0353.npy,1.34,4.326,False,0.0,0.0,0.0
4JF9_w0354,4JF9,354,3752.0,3762.0,3752.0,3762.0,run,chest+empatica,chest+empatica+forearm,gel,ecg/4JF9_w0354.npy,acc_chest/4JF9_w0354.npy,ppg_wrist/4JF9_w0354.npy,1.287,4.275,False,0.0,0.0,0.0
4JF9_w0355,4JF9,355,3762.0,3772.0,3762.0,3772.0,run,chest+empatica,chest+empatica+forearm,gel,ecg/4JF9_w0355.npy,acc_chest/4JF9_w0355.npy,ppg_wrist/4JF9_w0355.npy,1.321,4.464,False,0.0,0.0,0.0
4JF9_w0356,4JF9,356,3772.0,3782.0,3772.0,3782.0,run,chest+empatica,chest+empatica+forearm,gel,ecg/4JF9_w0356.npy,acc_chest/4JF9_w0356.npy,ppg_wrist/4JF9_w0356.npy,0.917,4.103,False,0.0,0.0,0.0
4JF9_w0357,4JF9,357,3782.0,3792.0,3782.0,3792.0,run,chest+empatica,chest+empatica+forearm,gel,ecg/4JF9_w0357.npy,acc_chest/4JF9_w0357.npy,ppg_wrist/4JF9_w0357.npy,0.765,4.125,False,0.0,0.0,0.0
4JF9_w0358,4JF9,358,3792.0,3802.0,3792.0,3802.0,run,chest+empatica,chest+empatica+forearm,gel,ecg/4JF9_w0358.npy,acc_chest/4JF9_w0358.npy,ppg_wrist/4JF9_w0358.npy,0.864,4.119,False,0.0,0.0,0.0
4JF9_w0359,4JF9,359,3802.0,3812.0,3802.0,3812.0,run,chest+empatica,chest+empatica+forearm,gel,ecg/4JF9_w0359.npy,acc_chest/4JF9_w0359.npy,ppg_wrist/4JF9_w0359.npy,1.222,4.354,False,0.0,0.0,0.0
4JF9_w0360,4JF9,360,3812.0,3822.0,3812.0,3822.0,run,chest+empatica,chest+empatica+forearm,gel,ecg/4JF9_w0360.npy,acc_chest/4JF9_w0360.npy,ppg_wrist/4JF9_w0360.npy,1.299,4.211,False,0.0,0.0,0.0
4JF9_w0361,4JF9,361,3822.0,3832.0,3822.0,3832.0,run,chest+empatica,chest+empatica+forearm,gel,ecg/4JF9_w0361.npy,acc_chest/4JF9_w0361.npy,ppg_wrist/4JF9_w0361.npy,1.443,4.478,False,0.0,0.0,0.0
4JF9_w0362,4JF9,362,3832.0,3842.0,3832.0,3842.0,run,chest+empatica,chest+empatica+forearm,gel,ecg/4JF9_w0362.npy,acc_chest/4JF9_w0362.npy,ppg_wrist/4JF9_w0362.npy,1.313,4.577,False,0.0,0.0,0.0
4JF9_w0363,4JF9,363,3842.0,3852.0,3842.0,3852.0,run,chest+empatica,chest+empatica+forearm,gel,ecg/4JF9_w0363.npy,acc_chest/4JF9_w0363.npy,ppg_wrist/4JF9_w0363.npy,1.359,4.336,False,0.0,0.0,0.0
4JF9_w0364,4JF9,364,3852.0,3862.0,3852.0,3862.0,run,chest+empatica,chest+empatica+forearm,gel,ecg/4JF9_w0364.npy,acc_chest/4JF9_w0364.npy,ppg_wrist/4JF9_w0364.npy,1.218,3.834,False,0.0,0.0,0.0
4JF9_w0365,4JF9,365,3862.0,3872.0,3862.0,3872.0,run,chest+empatica,chest+empatica+forearm,gel,ecg/4JF9_w0365.npy,acc_chest/4JF9_w0365.npy,ppg_wrist/4JF9_w0365.npy,1.235,3.862,False,0.0,0.0,0.0
4JF9_w0366,4JF9,366,3872.0,3882.0,3872.0,3882.0,run,chest+empatica,chest+empatica+forearm,gel,ecg/4JF9_w0366.npy,acc_chest/4JF9_w0366.npy,ppg_wrist/4JF9_w0366.npy,1.427,4.286,False,0.0,0.0,0.0
4JF9_w0367,4JF9,367,3882.0,3892.0,3882.0,3892.0,run,chest+empatica,chest+empatica+forearm,gel,ecg/4JF9_w0367.npy,acc_chest/4JF9_w0367.npy,ppg_wrist/4JF9_w0367.npy,1.417,4.251,False,0.0,0.0,0.0
4JF9_w0368,4JF9,368,3892.0,3902.0,3892.0,3902.0,run,chest+empatica,chest+empatica+forearm,gel,ecg/4JF9_w0368.npy,acc_chest/4JF9_w0368.npy,ppg_wrist/4JF9_w0368.npy,1.505,4.46,False,0.0,0.0,0.0
4JF9_w0369,4JF9,369,3902.0,3912.0,3902.0,3912.0,run,chest+empatica,chest+empatica+forearm,gel,ecg/4JF9_w0369.npy,acc_chest/4JF9_w0369.npy,ppg_wrist/4JF9_w0369.npy,1.489,4.233,False,0.0,0.0,0.0
4JF9_w0370,4JF9,370,3912.0,3922.0,3912.0,3922.0,run,chest+empatica,chest+empatica+forearm,gel,ecg/4JF9_w0370.npy,acc_chest/4JF9_w0370.npy,ppg_wrist/4JF9_w0370.npy,1.262,3.973,False,0.0,0.0,0.0
4JF9_w0371,4JF9,371,3922.0,3932.0,3922.0,3932.0,run,chest+empatica,chest+empatica+forearm,gel,ecg/4JF9_w0371.npy,acc_chest/4JF9_w0371.npy,ppg_wrist/4JF9_w0371.npy,1.194,3.989,False,0.0,0.0,0.0
4JF9_w0372,4JF9,372,3932.0,3942.0,3932.0,3942.0,run,chest+empatica,chest+empatica+forearm,gel,ecg/4JF9_w0372.npy,acc_chest/4JF9_w0372.npy,ppg_wrist/4JF9_w0372.npy,1.251,4.002,False,0.0,0.0,0.0
4JF9_w0373,4JF9,373,3942.0,3952.0,3942.0,3952.0,run,chest+empatica,chest+empatica+forearm,gel,ecg/4JF9_w0373.npy,acc_chest/4JF9_w0373.npy,ppg_wrist/4JF9_w0373.npy,1.231,4.204,False,0.0,0.0,0.0
4JF9_w0374,4JF9,374,3952.0,3962.0,3952.0,3962.0,run,chest+empatica,chest+empatica+forearm,gel,ecg/4JF9_w0374.npy,acc_chest/4JF9_w0374.npy,ppg_wrist/4JF9_w0374.npy,1.146,4.347,False,0.0,0.0,0.0
4JF9_w0375,4JF9,375,3962.0,3972.0,3962.0,3972.0,run,chest+empatica,chest+empatica+forearm,gel,ecg/4JF9_w0375.npy,acc_chest/4JF9_w0375.npy,ppg_wrist/4JF9_w0375.npy,1.169,4.11,False,0.0,0.0,0.0
4JF9_w0376,4JF9,376,3972.0,3982.0,3972.0,3979.0,run,chest+empatica,chest+empatica+forearm,gel,ecg/4JF9_w0376.npy,acc_chest/4JF9_w0376.npy,ppg_wrist/4JF9_w0376.npy,1.026,5.542,True,0.3,0.3,0.0
93DK_w0000,93DK,0,264.0,274.0,264.0,274.0,baseline,chest+empatica,chest+empatica+forearm,gel,ecg/93DK_w0000.npy,acc_chest/93DK_w0000.npy,ppg_wrist/93DK_w0000.npy,0.455,16.939,False,0.0,0.0,0.0
93DK_w0001,93DK,1,274.0,284.0,274.0,284.0,baseline,chest+empatica,chest+empatica+forearm,gel,ecg/93DK_w0001.npy,acc_chest/93DK_w0001.npy,ppg_wrist/93DK_w0001.npy,0.455,16.939,False,0.0,0.0,0.0
93DK_w0002,93DK,2,284.0,294.0,284.0,294.0,baseline,chest+empatica,chest+empatica+forearm,gel,ecg/93DK_w0002.npy,acc_chest/93DK_w0002.npy,ppg_wrist/93DK_w0002.npy,0.455,16.939,False,0.0,0.0,0.0
93DK_w0003,93DK,3,294.0,304.0,294.0,304.0,baseline,chest+empatica,chest+empatica+forearm,gel,ecg/93DK_w0003.npy,acc_chest/93DK_w0003.npy,ppg_wrist/93DK_w0003.npy,0.455,16.939,False,0.0,0.0,0.0
93DK_w0004,93DK,4,304.0,314.0,304.0,314.0,baseline,chest+empatica,chest+empatica+forearm,gel,ecg/93DK_w0004.npy,acc_chest/93DK_w0004.npy,ppg_wrist/93DK_w0004.npy,0.816,18.512,False,0.0,0.0,0.0
93DK_w0005,93DK,5,314.0,324.0,314.0,324.0,lift,chest+empatica,chest+empatica+forearm,gel,ecg/93DK_w0005.npy,acc_chest/93DK_w0005.npy,ppg_wrist/93DK_w0005.npy,0.578,2.43,False,0.0,0.0,0.0
93DK_w0006,93DK,6,324.0,334.0,324.0,334.0,lift,chest+empatica,chest+empatica+forearm,gel,ecg/93DK_w0006.npy,acc_chest/93DK_w0006.npy,ppg_wrist/93DK_w0006.npy,0.574,2.216,False,0.0,0.0,0.0
93DK_w0007,93DK,7,334.0,344.0,334.0,344.0,lift,chest+empatica,chest+empatica+forearm,gel,ecg/93DK_w0007.npy,acc_chest/93DK_w0007.npy,ppg_wrist/93DK_w0007.npy,0.6,2.462,False,0.0,0.0,0.0
93DK_w0008,93DK,8,344.0,354.0,344.0,354.0,lift,chest+empatica,chest+empatica+forearm,gel,ecg/93DK_w0008.npy,acc_chest/93DK_w0008.npy,ppg_wrist/93DK_w0008.npy,0.651,4.556,False,0.0,0.0,0.0
93DK_w0009,93DK,9,354.0,364.0,354.0,364.0,lift,chest+empatica,chest+empatica+forearm,gel,ecg/93DK_w0009.npy,acc_chest/93DK_w0009.npy,ppg_wrist/93DK_w0009.npy,0.643,4.593,False,0.0,0.0,0.0
93DK_w0010,93DK,10,364.0,374.0,364.0,374.0,lift,chest+empatica,chest+empatica+forearm,gel,ecg/93DK_w0010.npy,acc_chest/93DK_w0010.npy,ppg_wrist/93DK_w0010.npy,0.644,18.508,False,0.0,0.0,0.0
93DK_w0011,93DK,11,374.0,384.0,374.0,384.0,lift,chest+empatica,chest+empatica+forearm,gel,ecg/93DK_w0011.npy,acc_chest/93DK_w0011.npy,ppg_wrist/93DK_w0011.npy,0.455,16.939,False,0.0,0.0,0.0
93DK_w0012,93DK,12,384.0,394.0,384.0,394.0,lift,chest+empatica,chest+empatica+forearm,gel,ecg/93DK_w0012.npy,acc_chest/93DK_w0012.npy,ppg_wrist/93DK_w0012.npy,0.455,16.939,False,0.0,0.0,0.0
93DK_w0013,93DK,13,394.0,404.0,394.0,404.0,lift,chest+empatica,chest+empatica+forearm,gel,ecg/93DK_w0013.npy,acc_chest/93DK_w0013.npy,ppg_wrist/93DK_w0013.npy,0.455,16.939,False,0.0,0.0,0.0
93DK_w0014,93DK,14,404.0,414.0,404.0,414.0,lift,chest+empatica,chest+empatica+forearm,gel,ecg/93DK_w0014.npy,acc_chest/93DK_w0014.npy,ppg_wrist/93DK_w0014.npy,0.455,16.939,False,0.0,0.0,0.0
93DK_w0015,93DK,15,414.0,424.0,414.0,424.0,lift,chest+empatica,chest+empatica+forearm,gel,ecg/93DK_w0015.npy,acc_chest/93DK_w0015.npy,ppg_wrist/93DK_w0015.npy,0.455,16.939,False,0.0,0.0,0.0
93DK_w0016,93DK,16,424.0,434.0,424.0,434.0,greetings,chest+empatica,chest+empatica+forearm,gel,ecg/93DK_w0016.npy,acc_chest/93DK_w0016.npy,ppg_wrist/93DK_w0016.npy,1.131,18.215,False,0.0,0.0,0.0
93DK_w0017,93DK,17,434.0,444.0,434.0,444.0,greetings,chest+empatica,chest+empatica+forearm,gel,ecg/93DK_w0017.npy,acc_chest/93DK_w0017.npy,ppg_wrist/93DK_w0017.npy,0.646,2.74,False,0.0,0.0,0.0
93DK_w0018,93DK,18,444.0,454.0,444.0,454.0,greetings,chest+empatica,chest+empatica+forearm,gel,ecg/93DK_w0018.npy,acc_chest/93DK_w0018.npy,ppg_wrist/93DK_w0018.npy,0.761,3.453,False,0.0,0.0,0.0
93DK_w0019,93DK,19,454.0,464.0,454.0,464.0,greetings,chest+empatica,chest+empatica+forearm,gel,ecg/93DK_w0019.npy,acc_chest/93DK_w0019.npy,ppg_wrist/93DK_w0019.npy,0.758,3.992,False,0.0,0.0,0.0
93DK_w0020,93DK,20,464.0,474.0,464.0,474.0,greetings,chest+empatica,chest+empatica+forearm,gel,ecg/93DK_w0020.npy,acc_chest/93DK_w0020.npy,ppg_wrist/93DK_w0020.npy,0.696,4.127,False,0.0,0.0,0.0
93DK_w0021,93DK,21,474.0,484.0,474.0,484.0,greetings,chest+empatica,chest+empatica+forearm,gel,ecg/93DK_w0021.npy,acc_chest/93DK_w0021.npy,ppg_wrist/93DK_w0021.npy,0.979,18.686,False,0.0,0.0,0.0
93DK_w0022,93DK,22,484.0,494.0,484.0,494.0,greetings,chest+empatica,chest+empatica+forearm,gel,ecg/93DK_w0022.npy,acc_chest/93DK_w0022.npy,ppg_wrist/93DK_w0022.npy,0.455,16.939,False,0.0,0.0,0.0
93DK_w0023,93DK,23,494.0,504.0,494.0,504.0,greetings,chest+empatica,chest+empatica+forearm,gel,ecg/93DK_w0023.npy,acc_chest/93DK_w0023.npy,ppg_wrist/93DK_w0023.npy,0.455,16.939,False,0.0,0.0,0.0
93DK_w0024,93DK,24,504.0,514.0,504.0,514.0,greetings,chest+empatica,chest+empatica+forearm,gel,ecg/93DK_w0024.npy,acc_chest/93DK_w0024.npy,ppg_wrist/93DK_w0024.npy,0.455,16.939,False,0.0,0.0,0.0
93DK_w0025,93DK,25,514.0,524.0,514.0,524.0,greetings,chest+empatica,chest+empatica+forearm,gel,ecg/93DK_w0025.npy,acc_chest/93DK_w0025.npy,ppg_wrist/93DK_w0025.npy,0.757,19.087,False,0.0,0.0,0.0
93DK_w0026,93DK,26,524.0,534.0,524.0,534.0,greetings,chest+empatica,chest+empatica+forearm,gel,ecg/93DK_w0026.npy,acc_chest/93DK_w0026.npy,ppg_wrist/93DK_w0026.npy,0.662,3.916,False,0.0,0.0,0.0
93DK_w0027,93DK,27,534.0,544.0,534.0,544.0,greetings,chest+empatica,chest+empatica+forearm,gel,ecg/93DK_w0027.npy,acc_chest/93DK_w0027.npy,ppg_wrist/93DK_w0027.npy,1.743,4.013,False,0.0,0.0,0.0
93DK_w0028,93DK,28,544.0,554.0,544.0,554.0,greetings,chest+empatica,chest+empatica+forearm,gel,ecg/93DK_w0028.npy,acc_chest/93DK_w0028.npy,ppg_wrist/93DK_w0028.npy,1.702,3.558,False,0.0,0.0,0.0
93DK_w0029,93DK,29,554.0,564.0,554.0,564.0,greetings,chest+empatica,chest+empatica+forearm,gel,ecg/93DK_w0029.npy,acc_chest/93DK_w0029.npy,ppg_wrist/93DK_w0029.npy,1.938,6.589,False,0.0,0.0,0.0
93DK_w0030,93DK,30,564.0,574.0,564.0,574.0,greetings,chest+empatica,chest+empatica+forearm,gel,ecg/93DK_w0030.npy,acc_chest/93DK_w0030.npy,ppg_wrist/93DK_w0030.npy,1.868,7.861,False,0.0,0.0,0.0
93DK_w0031,93DK,31,574.0,584.0,574.0,584.0,greetings,chest+empatica,chest+empatica+forearm,gel,ecg/93DK_w0031.npy,acc_chest/93DK_w0031.npy,ppg_wrist/93DK_w0031.npy,1.185,19.373,False,0.0,0.0,0.0
93DK_w0032,93DK,32,584.0,594.0,584.0,594.0,greetings,chest+empatica,chest+empatica+forearm,gel,ecg/93DK_w0032.npy,acc_chest/93DK_w0032.npy,ppg_wrist/93DK_w0032.npy,0.455,16.939,False,0.0,0.0,0.0
93DK_w0033,93DK,33,594.0,604.0,594.0,604.0,greetings,chest+empatica,chest+empatica+forearm,gel,ecg/93DK_w0033.npy,acc_chest/93DK_w0033.npy,ppg_wrist/93DK_w0033.npy,0.455,16.939,False,0.0,0.0,0.0
93DK_w0034,93DK,34,604.0,614.0,604.0,614.0,greetings,chest+empatica,chest+empatica+forearm,gel,ecg/93DK_w0034.npy,acc_chest/93DK_w0034.npy,ppg_wrist/93DK_w0034.npy,0.455,16.939,False,0.0,0.0,0.0
93DK_w0035,93DK,35,614.0,624.0,614.0,624.0,greetings,chest+empatica,chest+empatica+forearm,gel,ecg/93DK_w0035.npy,acc_chest/93DK_w0035.npy,ppg_wrist/93DK_w0035.npy,0.455,16.939,False,0.0,0.0,0.0
93DK_w0036,93DK,36,624.0,634.0,624.0,634.0,greetings,chest+empatica,chest+empatica+forearm,gel,ecg/93DK_w0036.npy,acc_chest/93DK_w0036.npy,ppg_wrist/93DK_w0036.npy,0.455,16.939,False,0.0,0.0,0.0
93DK_w0037,93DK,37,634.0,644.0,634.0,644.0,greetings,chest+empatica,chest+empatica+forearm,gel,ecg/93DK_w0037.npy,acc_chest/93DK_w0037.npy,ppg_wrist/93DK_w0037.npy,0.455,16.939,False,0.0,0.0,0.0
93DK_w0038,93DK,38,644.0,654.0,644.0,654.0,greetings,chest+empatica,chest+empatica+forearm,gel,ecg/93DK_w0038.npy,acc_chest/93DK_w0038.npy,ppg_wrist/93DK_w0038.npy,1.112,17.629,False,0.0,0.0,0.0
93DK_w0039,93DK,39,654.0,664.0,654.0,664.0,greetings,chest+empatica,chest+empatica+forearm,gel,ecg/93DK_w0039.npy,acc_chest/93DK_w0039.npy,ppg_wrist/93DK_w0039.npy,0.643,2.851,False,0.0,0.0,0.0
93DK_w0040,93DK,40,664.0,674.0,664.0,674.0,greetings,chest+empatica,chest+empatica+forearm,gel,ecg/93DK_w0040.npy,acc_chest/93DK_w0040.npy,ppg_wrist/93DK_w0040.npy,0.634,3.061,False,0.0,0.0,0.0
93DK_w0041,93DK,41,674.0,684.0,674.0,684.0,greetings,chest+empatica,chest+empatica+forearm,gel,ecg/93DK_w0041.npy,acc_chest/93DK_w0041.npy,ppg_wrist/93DK_w0041.npy,0.661,3.583,False,0.0,0.0,0.0
93DK_w0042,93DK,42,684.0,694.0,684.0,694.0,greetings,chest+empatica,chest+empatica+forearm,gel,ecg/93DK_w0042.npy,acc_chest/93DK_w0042.npy,ppg_wrist/93DK_w0042.npy,0.664,3.678,False,0.0,0.0,0.0
93DK_w0043,93DK,43,694.0,704.0,694.0,704.0,greetings,chest+empatica,chest+empatica+forearm,gel,ecg/93DK_w0043.npy,acc_chest/93DK_w0043.npy,ppg_wrist/93DK_w0043.npy,0.662,4.558,False,0.0,0.0,0.0
93DK_w0044,93DK,44,704.0,714.0,704.0,714.0,greetings,chest+empatica,chest+empatica+forearm,gel,ecg/93DK_w0044.npy,acc_chest/93DK_w0044.npy,ppg_wrist/93DK_w0044.npy,0.614,4.425,False,0.0,0.0,0.0
93DK_w0045,93DK,45,714.0,724.0,714.0,724.0,greetings,chest+empatica,chest+empatica+forearm,gel,ecg/93DK_w0045.npy,acc_chest/93DK_w0045.npy,ppg_wrist/93DK_w0045.npy,0.681,2.82,False,0.0,0.0,0.0
93DK_w0046,93DK,46,724.0,734.0,724.0,734.0,greetings,chest+empatica,chest+empatica+forearm,gel,ecg/93DK_w0046.npy,acc_chest/93DK_w0046.npy,ppg_wrist/93DK_w0046.npy,0.805,3.154,False,0.0,0.0,0.0
93DK_w0047,93DK,47,734.0,744.0,734.0,744.0,greetings,chest+empatica,chest+empatica+forearm,gel,ecg/93DK_w0047.npy,acc_chest/93DK_w0047.npy,ppg_wrist/93DK_w0047.npy,0.877,4.757,False,0.0,0.0,0.0
93DK_w0048,93DK,48,744.0,754.0,744.0,754.0,greetings,chest+empatica,chest+empatica+forearm,gel,ecg/93DK_w0048.npy,acc_chest/93DK_w0048.npy,ppg_wrist/93DK_w0048.npy,1.013,4.777,False,0.0,0.0,0.0
93DK_w0049,93DK,49,754.0,764.0,754.0,764.0,greetings,chest+empatica,chest+empatica+forearm,gel,ecg/93DK_w0049.npy,acc_chest/93DK_w0049.npy,ppg_wrist/93DK_w0049.npy,1.156,3.561,False,0.0,0.0,0.0
93DK_w0050,93DK,50,764.0,774.0,764.0,774.0,greetings,chest+empatica,chest+empatica+forearm,gel,ecg/93DK_w0050.npy,acc_chest/93DK_w0050.npy,ppg_wrist/93DK_w0050.npy,1.153,4.402,False,0.0,0.0,0.0
93DK_w0051,93DK,51,774.0,784.0,774.0,784.0,greetings,chest+empatica,chest+empatica+forearm,gel,ecg/93DK_w0051.npy,acc_chest/93DK_w0051.npy,ppg_wrist/93DK_w0051.npy,1.157,4.341,False,0.0,0.0,0.0
93DK_w0052,93DK,52,784.0,794.0,784.0,794.0,greetings,chest+empatica,chest+empatica+forearm,gel,ecg/93DK_w0052.npy,acc_chest/93DK_w0052.npy,ppg_wrist/93DK_w0052.npy,0.87,3.236,False,0.0,0.0,0.0
93DK_w0053,93DK,53,794.0,804.0,794.0,804.0,walk_before,chest+empatica,chest+empatica+forearm,gel,ecg/93DK_w0053.npy,acc_chest/93DK_w0053.npy,ppg_wrist/93DK_w0053.npy,0.98,5.468,False,0.0,0.0,0.0
93DK_w0054,93DK,54,804.0,814.0,804.0,814.0,walk_before,chest+empatica,chest+empatica+forearm,gel,ecg/93DK_w0054.npy,acc_chest/93DK_w0054.npy,ppg_wrist/93DK_w0054.npy,1.177,5.676,False,0.0,0.0,0.0
93DK_w0055,93DK,55,814.0,824.0,814.0,824.0,walk_before,chest+empatica,chest+empatica+forearm,gel,ecg/93DK_w0055.npy,acc_chest/93DK_w0055.npy,ppg_wrist/93DK_w0055.npy,1.123,3.513,False,0.0,0.0,0.0
93DK_w0056,93DK,56,824.0,834.0,824.0,834.0,walk_before,chest+empatica,chest+empatica+forearm,gel,ecg/93DK_w0056.npy,acc_chest/93DK_w0056.npy,ppg_wrist/93DK_w0056.npy,1.269,3.234,False,0.0,0.0,0.0
93DK_w0057,93DK,57,834.0,844.0,834.0,844.0,walk_before,chest+empatica,chest+empatica+forearm,gel,ecg/93DK_w0057.npy,acc_chest/93DK_w0057.npy,ppg_wrist/93DK_w0057.npy,1.159,3.372,False,0.0,0.0,0.0
93DK_w0058,93DK,58,844.0,854.0,844.0,854.0,walk_before,chest+empatica,chest+empatica+forearm,gel,ecg/93DK_w0058.npy,acc_chest/93DK_w0058.npy,ppg_wrist/93DK_w0058.npy,1.221,3.506,False,0.0,0.0,0.0
93DK_w0059,93DK,59,854.0,864.0,854.0,864.0,walk_before,chest+empatica,chest+empatica+forearm,gel,ecg/93DK_w0059.npy,acc_chest/93DK_w0059.npy,ppg_wrist/93DK_w0059.npy,0.983,18.734,False,0.0,0.0,0.0
93DK_w0060,93DK,60,864.0,874.0,864.0,874.0,walk_before,chest+empatica,chest+empatica+forearm,gel,ecg/93DK_w0060.npy,acc_chest/93DK_w0060.npy,ppg_wrist/93DK_w0060.npy,0.455,16.939,False,0.0,0.0,0.0
93DK_w0061,93DK,61,874.0,884.0,874.0,884.0,walk_before,chest+empatica,chest+empatica+forearm,gel,ecg/93DK_w0061.npy,acc_chest/93DK_w0061.npy,ppg_wrist/93DK_w0061.npy,0.455,16.939,False,0.0,0.0,0.0
93DK_w0062,93DK,62,884.0,894.0,884.0,894.0,walk_before,chest+empatica,chest+empatica+forearm,gel,ecg/93DK_w0062.npy,acc_chest/93DK_w0062.npy,ppg_wrist/93DK_w0062.npy,0.455,16.939,False,0.0,0.0,0.0
93DK_w0063,93DK,63,894.0,904.0,894.0,904.0,walk_before,chest+empatica,chest+empatica+forearm,gel,ecg/93DK_w0063.npy,acc_chest/93DK_w0063.npy,ppg_wrist/93DK_w0063.npy,0.455,16.939,False,0.0,0.0,0.0
93DK_w0064,93DK,64,904.0,914.0,904.0,914.0,walk_before,chest+empatica,chest+empatica+forearm,gel,ecg/93DK_w0064.npy,acc_chest/93DK_w0064.npy,ppg_wrist/93DK_w0064.npy,0.455,16.939,False,0.0,0.0,0.0
93DK_w0065,93DK,65,914.0,924.0,914.0,924.0,walk_before,chest+empatica,chest+empatica+forearm,gel,ecg/93DK_w0065.npy,acc_chest/93DK_w0065.npy,ppg_wrist/93DK_w0065.npy,0.455,16.939,False,0.0,0.0,0.0
93DK_w0066,93DK,66,924.0,934.0,924.0,934.0,walk_before,chest+empatica,chest+empatica+forearm,gel,ecg/93DK_w0066.npy,acc_chest/93DK_w0066.npy,ppg_wrist/93DK_w0066.npy,0.455,16.939,False,0.0,0.0,0.0
93DK_w0067,93DK,67,934.0,944.0,934.0,944.0,walk_before,chest+empatica,chest+empatica+forearm,gel,ecg/93DK_w0067.npy,acc_chest/93DK_w0067.npy,ppg_wrist/93DK_w0067.npy,0.455,16.939,False,0.0,0.0,0.0
93DK_w0068,93DK,68,944.0,954.0,944.0,954.0,walk_before,chest+empatica,chest+empatica+forearm,gel,ecg/93DK_w0068.npy,acc_chest/93DK_w0068.npy,ppg_wrist/93DK_w0068.npy,0.455,16.939,False,0.0,0.0,0.0
93DK_w0069,93DK,69,954.0,964.0,954.0,964.0,walk_before,chest+empatica,chest+empatica+forearm,gel,ecg/93DK_w0069.npy,acc_chest/93DK_w0069.npy,ppg_wrist/93DK_w0069.npy,0.455,16.939,False,0.0,0.0,0.0
93DK_w0070,93DK,70,964.0,974.0,964.0,974.0,walk_before,chest+empatica,chest+empatica+forearm,gel,ecg/93DK_w0070.npy,acc_chest/93DK_w0070.npy,ppg_wrist/93DK_w0070.npy,1.211,17.306,False,0.0,0.0,0.0
93DK_w0071,93DK,71,974.0,984.0,974.0,984.0,walk_before,chest+empatica,chest+empatica+forearm,gel,ecg/93DK_w0071.npy,acc_chest/93DK_w0071.npy,ppg_wrist/93DK_w0071.npy,0.93,4.657,False,0.0,0.0,0.0
93DK_w0072,93DK,72,984.0,994.0,984.0,994.0,run,chest+empatica,chest+empatica+forearm,gel,ecg/93DK_w0072.npy,acc_chest/93DK_w0072.npy,ppg_wrist/93DK_w0072.npy,2.729,5.65,False,0.0,0.0,0.0
93DK_w0073,93DK,73,994.0,1004.0,994.0,1004.0,run,chest+empatica,chest+empatica+forearm,gel,ecg/93DK_w0073.npy,acc_chest/93DK_w0073.npy,ppg_wrist/93DK_w0073.npy,3.05,6.638,False,0.0,0.0,0.0
93DK_w0074,93DK,74,1004.0,1014.0,1004.0,1014.0,run,chest+empatica,chest+empatica+forearm,gel,ecg/93DK_w0074.npy,acc_chest/93DK_w0074.npy,ppg_wrist/93DK_w0074.npy,2.996,6.008,False,0.0,0.0,0.0
93DK_w0075,93DK,75,1014.0,1024.0,1014.0,1024.0,run,chest+empatica,chest+empatica+forearm,gel,ecg/93DK_w0075.npy,acc_chest/93DK_w0075.npy,ppg_wrist/93DK_w0075.npy,3.106,5.715,False,0.0,0.0,0.0
93DK_w0076,93DK,76,1024.0,1034.0,1024.0,1034.0,run,chest+empatica,chest+empatica+forearm,gel,ecg/93DK_w0076.npy,acc_chest/93DK_w0076.npy,ppg_wrist/93DK_w0076.npy,2.994,5.887,False,0.0,0.0,0.0
93DK_w0077,93DK,77,1034.0,1044.0,1034.0,1044.0,run,chest+empatica,chest+empatica+forearm,gel,ecg/93DK_w0077.npy,acc_chest/93DK_w0077.npy,ppg_wrist/93DK_w0077.npy,2.805,6.061,False,0.0,0.0,0.0
93DK_w0078,93DK,78,1044.0,1054.0,1044.0,1054.0,run,chest+empatica,chest+empatica+forearm,gel,ecg/93DK_w0078.npy,acc_chest/93DK_w0078.npy,ppg_wrist/93DK_w0078.npy,2.5,5.611,False,0.0,0.0,0.0
93DK_w0079,93DK,79,1054.0,1064.0,1054.0,1064.0,run,chest+empatica,chest+empatica+forearm,gel,ecg/93DK_w0079.npy,acc_chest/93DK_w0079.npy,ppg_wrist/93DK_w0079.npy,2.855,6.81,False,0.0,0.0,0.0
93DK_w0080,93DK,80,1064.0,1074.0,1064.0,1074.0,run,chest+empatica,chest+empatica+forearm,gel,ecg/93DK_w0080.npy,acc_chest/93DK_w0080.npy,ppg_wrist/93DK_w0080.npy,2.529,6.525,False,0.0,0.0,0.0
93DK_w0081,93DK,81,1074.0,1084.0,1074.0,1084.0,run,chest+empatica,chest+empatica+forearm,gel,ecg/93DK_w0081.npy,acc_chest/93DK_w0081.npy,ppg_wrist/93DK_w0081.npy,2.934,5.614,False,0.0,0.0,0.0
93DK_w0082,93DK,82,1084.0,1094.0,1084.0,1094.0,run,chest+empatica,chest+empatica+forearm,gel,ecg/93DK_w0082.npy,acc_chest/93DK_w0082.npy,ppg_wrist/93DK_w0082.npy,2.539,4.589,False,0.0,0.0,0.0
93DK_w0083,93DK,83,1094.0,1104.0,1094.0,1104.0,run,chest+empatica,chest+empatica+forearm,gel,ecg/93DK_w0083.npy,acc_chest/93DK_w0083.npy,ppg_wrist/93DK_w0083.npy,2.671,5.717,False,0.0,0.0,0.0
93DK_w0084,93DK,84,1104.0,1114.0,1104.0,1114.0,run,chest+empatica,chest+empatica+forearm,gel,ecg/93DK_w0084.npy,acc_chest/93DK_w0084.npy,ppg_wrist/93DK_w0084.npy,2.816,5.487,False,0.0,0.0,0.0
93DK_w0085,93DK,85,1114.0,1124.0,1114.0,1124.0,run,chest+empatica,chest+empatica+forearm,gel,ecg/93DK_w0085.npy,acc_chest/93DK_w0085.npy,ppg_wrist/93DK_w0085.npy,2.387,4.577,False,0.0,0.0,0.0
93DK_w0086,93DK,86,1124.0,1134.0,1124.0,1134.0,run,chest+empatica,chest+empatica+forearm,gel,ecg/93DK_w0086.npy,acc_chest/93DK_w0086.npy,ppg_wrist/93DK_w0086.npy,2.75,4.691,False,0.0,0.0,0.0
93DK_w0087,93DK,87,1134.0,1144.0,1134.0,1144.0,run,chest+empatica,chest+empatica+forearm,gel,ecg/93DK_w0087.npy,acc_chest/93DK_w0087.npy,ppg_wrist/93DK_w0087.npy,2.741,5.441,False,0.0,0.0,0.0
93DK_w0088,93DK,88,1144.0,1154.0,1144.0,1154.0,run,chest+empatica,chest+empatica+forearm,gel,ecg/93DK_w0088.npy,acc_chest/93DK_w0088.npy,ppg_wrist/93DK_w0088.npy,2.744,5.608,False,0.0,0.0,0.0
93DK_w0089,93DK,89,1154.0,1164.0,1154.0,1164.0,run,chest+empatica,chest+empatica+forearm,gel,ecg/93DK_w0089.npy,acc_chest/93DK_w0089.npy,ppg_wrist/93DK_w0089.npy,2.813,5.168,False,0.0,0.0,0.0
93DK_w0090,93DK,90,1164.0,1174.0,1164.0,1174.0,run,chest+empatica,chest+empatica+forearm,gel,ecg/93DK_w0090.npy,acc_chest/93DK_w0090.npy,ppg_wrist/93DK_w0090.npy,2.684,7.459,False,0.0,0.0,0.0
93DK_w0091,93DK,91,1174.0,1184.0,1174.0,1184.0,run,chest+empatica,chest+empatica+forearm,gel,ecg/93DK_w0091.npy,acc_chest/93DK_w0091.npy,ppg_wrist/93DK_w0091.npy,2.681,7.72,False,0.0,0.0,0.0
93DK_w0092,93DK,92,1184.0,1194.0,1184.0,1194.0,run,chest+empatica,chest+empatica+forearm,gel,ecg/93DK_w0092.npy,acc_chest/93DK_w0092.npy,ppg_wrist/93DK_w0092.npy,2.327,5.865,False,0.0,0.0,0.0
93DK_w0093,93DK,93,1194.0,1204.0,1194.0,1204.0,run,chest+empatica,chest+empatica+forearm,gel,ecg/93DK_w0093.npy,acc_chest/93DK_w0093.npy,ppg_wrist/93DK_w0093.npy,2.878,5.927,False,0.0,0.0,0.0
93DK_w0094,93DK,94,1204.0,1214.0,1204.0,1214.0,run,chest+empatica,chest+empatica+forearm,gel,ecg/93DK_w0094.npy,acc_chest/93DK_w0094.npy,ppg_wrist/93DK_w0094.npy,1.155,17.968,False,0.0,0.0,0.0
93DK_w0095,93DK,95,1214.0,1224.0,1214.0,1224.0,run,chest+empatica,chest+empatica+forearm,gel,ecg/93DK_w0095.npy,acc_chest/93DK_w0095.npy,ppg_wrist/93DK_w0095.npy,0.455,16.939,False,0.0,0.0,0.0
93DK_w0096,93DK,96,1224.0,1234.0,1224.0,1234.0,run,chest+empatica,chest+empatica+forearm,gel,ecg/93DK_w0096.npy,acc_chest/93DK_w0096.npy,ppg_wrist/93DK_w0096.npy,0.455,16.939,False,0.0,0.0,0.0
93DK_w0097,93DK,97,1234.0,1244.0,1234.0,1244.0,run,chest+empatica,chest+empatica+forearm,gel,ecg/93DK_w0097.npy,acc_chest/93DK_w0097.npy,ppg_wrist/93DK_w0097.npy,0.455,16.939,False,0.0,0.0,0.0
93DK_w0098,93DK,98,1244.0,1254.0,1244.0,1254.0,run,chest+empatica,chest+empatica+forearm,gel,ecg/93DK_w0098.npy,acc_chest/93DK_w0098.npy,ppg_wrist/93DK_w0098.npy,0.455,16.939,False,0.0,0.0,0.0
93DK_w0099,93DK,99,1254.0,1264.0,1254.0,1264.0,run,chest+empatica,chest+empatica+forearm,gel,ecg/93DK_w0099.npy,acc_chest/93DK_w0099.npy,ppg_wrist/93DK_w0099.npy,2.516,18.251,False,0.0,0.0,0.0
93DK_w0100,93DK,100,1264.0,1274.0,1264.0,1274.0,run,chest+empatica,chest+empatica+forearm,gel,ecg/93DK_w0100.npy,acc_chest/93DK_w0100.npy,ppg_wrist/93DK_w0100.npy,2.569,6.071,False,0.0,0.0,0.0
93DK_w0101,93DK,101,1274.0,1284.0,1274.0,1284.0,run,chest+empatica,chest+empatica+forearm,gel,ecg/93DK_w0101.npy,acc_chest/93DK_w0101.npy,ppg_wrist/93DK_w0101.npy,2.449,5.92,False,0.0,0.0,0.0
93DK_w0102,93DK,102,1284.0,1294.0,1284.0,1294.0,run,chest+empatica,chest+empatica+forearm,gel,ecg/93DK_w0102.npy,acc_chest/93DK_w0102.npy,ppg_wrist/93DK_w0102.npy,2.652,6.402,False,0.0,0.0,0.0
93DK_w0103,93DK,103,1294.0,1304.0,1294.0,1304.0,run,chest+empatica,chest+empatica+forearm,gel,ecg/93DK_w0103.npy,acc_chest/93DK_w0103.npy,ppg_wrist/93DK_w0103.npy,2.831,6.189,False,0.0,0.0,0.0
93DK_w0104,93DK,104,1304.0,1314.0,1304.0,1314.0,run,chest+empatica,chest+empatica+forearm,gel,ecg/93DK_w0104.npy,acc_chest/93DK_w0104.npy,ppg_wrist/93DK_w0104.npy,2.641,4.614,False,0.0,0.0,0.0
93DK_w0105,93DK,105,1314.0,1324.0,1314.0,1324.0,run,chest+empatica,chest+empatica+forearm,gel,ecg/93DK_w0105.npy,acc_chest/93DK_w0105.npy,ppg_wrist/93DK_w0105.npy,2.807,6.217,False,0.0,0.0,0.0
93DK_w0106,93DK,106,1324.0,1334.0,1324.0,1334.0,run,chest+empatica,chest+empatica+forearm,gel,ecg/93DK_w0106.npy,acc_chest/93DK_w0106.npy,ppg_wrist/93DK_w0106.npy,2.511,7.34,False,0.0,0.0,0.0
93DK_w0107,93DK,107,1334.0,1344.0,1334.0,1344.0,run,chest+empatica,chest+empatica+forearm,gel,ecg/93DK_w0107.npy,acc_chest/93DK_w0107.npy,ppg_wrist/93DK_w0107.npy,2.899,7.276,False,0.0,0.0,0.0
93DK_w0108,93DK,108,1344.0,1354.0,1344.0,1354.0,run,chest+empatica,chest+empatica+forearm,gel,ecg/93DK_w0108.npy,acc_chest/93DK_w0108.npy,ppg_wrist/93DK_w0108.npy,2.802,6.25,False,0.0,0.0,0.0
93DK_w0109,93DK,109,1354.0,1364.0,1354.0,1364.0,run,chest+empatica,chest+empatica+forearm,gel,ecg/93DK_w0109.npy,acc_chest/93DK_w0109.npy,ppg_wrist/93DK_w0109.npy,2.606,5.669,False,0.0,0.0,0.0
93DK_w0110,93DK,110,1364.0,1374.0,1364.0,1374.0,run,chest+empatica,chest+empatica+forearm,gel,ecg/93DK_w0110.npy,acc_chest/93DK_w0110.npy,ppg_wrist/93DK_w0110.npy,2.433,4.935,False,0.0,0.0,0.0
93DK_w0111,93DK,111,1374.0,1384.0,1374.0,1384.0,run,chest+empatica,chest+empatica+forearm,gel,ecg/93DK_w0111.npy,acc_chest/93DK_w0111.npy,ppg_wrist/93DK_w0111.npy,2.221,4.165,False,0.0,0.0,0.0
93DK_w0112,93DK,112,1384.0,1394.0,1384.0,1394.0,run,chest+empatica,chest+empatica+forearm,gel,ecg/93DK_w0112.npy,acc_chest/93DK_w0112.npy,ppg_wrist/93DK_w0112.npy,2.755,4.566,False,0.0,0.0,0.0
93DK_w0113,93DK,113,1394.0,1404.0,1394.0,1404.0,run,chest+empatica,chest+empatica+forearm,gel,ecg/93DK_w0113.npy,acc_chest/93DK_w0113.npy,ppg_wrist/93DK_w0113.npy,3.02,7.037,False,0.0,0.0,0.0
93DK_w0114,93DK,114,1404.0,1414.0,1404.0,1414.0,run,chest+empatica,chest+empatica+forearm,gel,ecg/93DK_w0114.npy,acc_chest/93DK_w0114.npy,ppg_wrist/93DK_w0114.npy,2.968,6.788,False,0.0,0.0,0.0
93DK_w0115,93DK,115,1414.0,1424.0,1414.0,1424.0,run,chest+empatica,chest+empatica+forearm,gel,ecg/93DK_w0115.npy,acc_chest/93DK_w0115.npy,ppg_wrist/93DK_w0115.npy,2.427,3.965,False,0.0,0.0,0.0
93DK_w0116,93DK,116,1424.0,1434.0,1424.0,1434.0,run,chest+empatica,chest+empatica+forearm,gel,ecg/93DK_w0116.npy,acc_chest/93DK_w0116.npy,ppg_wrist/93DK_w0116.npy,2.832,5.493,False,0.0,0.0,0.0
93DK_w0117,93DK,117,1434.0,1444.0,1434.0,1444.0,run,chest+empatica,chest+empatica+forearm,gel,ecg/93DK_w0117.npy,acc_chest/93DK_w0117.npy,ppg_wrist/93DK_w0117.npy,2.86,5.587,False,0.0,0.0,0.0
93DK_w0118,93DK,118,1444.0,1454.0,1444.0,1454.0,run,chest+empatica,chest+empatica+forearm,gel,ecg/93DK_w0118.npy,acc_chest/93DK_w0118.npy,ppg_wrist/93DK_w0118.npy,2.765,5.208,False,0.0,0.0,0.0
93DK_w0119,93DK,119,1454.0,1464.0,1454.0,1464.0,run,chest+empatica,chest+empatica+forearm,gel,ecg/93DK_w0119.npy,acc_chest/93DK_w0119.npy,ppg_wrist/93DK_w0119.npy,2.627,6.53,False,0.0,0.0,0.0
93DK_w0120,93DK,120,1464.0,1474.0,1464.0,1474.0,run,chest+empatica,chest+empatica+forearm,gel,ecg/93DK_w0120.npy,acc_chest/93DK_w0120.npy,ppg_wrist/93DK_w0120.npy,2.563,6.539,False,0.0,0.0,0.0
93DK_w0121,93DK,121,1474.0,1484.0,1474.0,1484.0,run,chest+empatica,chest+empatica+forearm,gel,ecg/93DK_w0121.npy,acc_chest/93DK_w0121.npy,ppg_wrist/93DK_w0121.npy,2.597,4.493,False,0.0,0.0,0.0
93DK_w0122,93DK,122,1484.0,1494.0,1484.0,1494.0,run,chest+empatica,chest+empatica+forearm,gel,ecg/93DK_w0122.npy,acc_chest/93DK_w0122.npy,ppg_wrist/93DK_w0122.npy,1.092,16.145,False,0.0,0.0,0.0
93DK_w0123,93DK,123,1494.0,1504.0,1494.0,1504.0,run,chest+empatica,chest+empatica+forearm,gel,ecg/93DK_w0123.npy,acc_chest/93DK_w0123.npy,ppg_wrist/93DK_w0123.npy,0.455,16.939,False,0.0,0.0,0.0
93DK_w0124,93DK,124,1504.0,1514.0,1504.0,1514.0,run,chest+empatica,chest+empatica+forearm,gel,ecg/93DK_w0124.npy,acc_chest/93DK_w0124.npy,ppg_wrist/93DK_w0124.npy,1.415,15.885,False,0.0,0.0,0.0
93DK_w0125,93DK,125,1514.0,1524.0,1514.0,1524.0,run,chest+empatica,chest+empatica+forearm,gel,ecg/93DK_w0125.npy,acc_chest/93DK_w0125.npy,ppg_wrist/93DK_w0125.npy,2.824,5.219,False,0.0,0.0,0.0
93DK_w0126,93DK,126,1524.0,1534.0,1524.0,1534.0,run,chest+empatica,chest+empatica+forearm,gel,ecg/93DK_w0126.npy,acc_chest/93DK_w0126.npy,ppg_wrist/93DK_w0126.npy,2.842,4.505,False,0.0,0.0,0.0
93DK_w0127,93DK,127,1534.0,1544.0,1534.0,1544.0,run,chest+empatica,chest+empatica+forearm,gel,ecg/93DK_w0127.npy,acc_chest/93DK_w0127.npy,ppg_wrist/93DK_w0127.npy,1.705,14.76,False,0.0,0.0,0.0
93DK_w0128,93DK,128,1544.0,1554.0,1544.0,1554.0,run,chest+empatica,chest+empatica+forearm,gel,ecg/93DK_w0128.npy,acc_chest/93DK_w0128.npy,ppg_wrist/93DK_w0128.npy,0.455,16.939,False,0.0,0.0,0.0
93DK_w0129,93DK,129,1554.0,1564.0,1554.0,1564.0,run,chest+empatica,chest+empatica+forearm,gel,ecg/93DK_w0129.npy,acc_chest/93DK_w0129.npy,ppg_wrist/93DK_w0129.npy,0.455,16.939,False,0.0,0.0,0.0
93DK_w0130,93DK,130,1564.0,1574.0,1564.0,1574.0,run,chest+empatica,chest+empatica+forearm,gel,ecg/93DK_w0130.npy,acc_chest/93DK_w0130.npy,ppg_wrist/93DK_w0130.npy,1.792,17.346,False,0.0,0.0,0.0
93DK_w0131,93DK,131,1574.0,1584.0,1574.0,1584.0,run,chest+empatica,chest+empatica+forearm,gel,ecg/93DK_w0131.npy,acc_chest/93DK_w0131.npy,ppg_wrist/93DK_w0131.npy,2.517,3.74,False,0.0,0.0,0.0
93DK_w0132,93DK,132,1584.0,1594.0,1584.0,1594.0,run,chest+empatica,chest+empatica+forearm,gel,ecg/93DK_w0132.npy,acc_chest/93DK_w0132.npy,ppg_wrist/93DK_w0132.npy,3.132,4.739,False,0.0,0.0,0.0
93DK_w0133,93DK,133,1594.0,1604.0,1594.0,1604.0,run,chest+empatica,chest+empatica+forearm,gel,ecg/93DK_w0133.npy,acc_chest/93DK_w0133.npy,ppg_wrist/93DK_w0133.npy,2.74,5.71,False,0.0,0.0,0.0
93DK_w0134,93DK,134,1604.0,1614.0,1604.0,1614.0,run,chest+empatica,chest+empatica+forearm,gel,ecg/93DK_w0134.npy,acc_chest/93DK_w0134.npy,ppg_wrist/93DK_w0134.npy,2.919,5.704,False,0.0,0.0,0.0
93DK_w0135,93DK,135,1614.0,1624.0,1614.0,1624.0,run,chest+empatica,chest+empatica+forearm,gel,ecg/93DK_w0135.npy,acc_chest/93DK_w0135.npy,ppg_wrist/93DK_w0135.npy,2.992,6.498,False,0.0,0.0,0.0
93DK_w0136,93DK,136,1624.0,1634.0,1624.0,1634.0,run,chest+empatica,chest+empatica+forearm,gel,ecg/93DK_w0136.npy,acc_chest/93DK_w0136.npy,ppg_wrist/93DK_w0136.npy,2.695,6.247,False,0.0,0.0,0.0
93DK_w0137,93DK,137,1634.0,1644.0,1634.0,1644.0,run,chest+empatica,chest+empatica+forearm,gel,ecg/93DK_w0137.npy,acc_chest/93DK_w0137.npy,ppg_wrist/93DK_w0137.npy,2.699,4.211,False,0.0,0.0,0.0
93DK_w0138,93DK,138,1644.0,1654.0,1644.0,1654.0,run,chest+empatica,chest+empatica+forearm,gel,ecg/93DK_w0138.npy,acc_chest/93DK_w0138.npy,ppg_wrist/93DK_w0138.npy,2.707,5.098,False,0.0,0.0,0.0
93DK_w0139,93DK,139,1654.0,1664.0,1654.0,1664.0,run,chest+empatica,chest+empatica+forearm,gel,ecg/93DK_w0139.npy,acc_chest/93DK_w0139.npy,ppg_wrist/93DK_w0139.npy,3.106,6.187,False,0.0,0.0,0.0
93DK_w0140,93DK,140,1664.0,1674.0,1664.0,1674.0,run,chest+empatica,chest+empatica+forearm,gel,ecg/93DK_w0140.npy,acc_chest/93DK_w0140.npy,ppg_wrist/93DK_w0140.npy,3.125,6.041,False,0.0,0.0,0.0
93DK_w0141,93DK,141,1674.0,1684.0,1674.0,1684.0,run,chest+empatica,chest+empatica+forearm,gel,ecg/93DK_w0141.npy,acc_chest/93DK_w0141.npy,ppg_wrist/93DK_w0141.npy,3.094,6.567,False,0.0,0.0,0.0
93DK_w0142,93DK,142,1684.0,1694.0,1684.0,1694.0,run,chest+empatica,chest+empatica+forearm,gel,ecg/93DK_w0142.npy,acc_chest/93DK_w0142.npy,ppg_wrist/93DK_w0142.npy,2.861,5.975,False,0.0,0.0,0.0
93DK_w0143,93DK,143,1694.0,1704.0,1694.0,1704.0,run,chest+empatica,chest+empatica+forearm,gel,ecg/93DK_w0143.npy,acc_chest/93DK_w0143.npy,ppg_wrist/93DK_w0143.npy,2.745,5.065,False,0.0,0.0,0.0
93DK_w0144,93DK,144,1704.0,1714.0,1704.0,1714.0,run,chest+empatica,chest+empatica+forearm,gel,ecg/93DK_w0144.npy,acc_chest/93DK_w0144.npy,ppg_wrist/93DK_w0144.npy,1.638,16.466,False,0.0,0.0,0.0
93DK_w0145,93DK,145,1714.0,1724.0,1714.0,1724.0,run,chest+empatica,chest+empatica+forearm,gel,ecg/93DK_w0145.npy,acc_chest/93DK_w0145.npy,ppg_wrist/93DK_w0145.npy,0.455,16.939,False,0.0,0.0,0.0
93DK_w0146,93DK,146,1724.0,1734.0,1724.0,1734.0,run,chest+empatica,chest+empatica+forearm,gel,ecg/93DK_w0146.npy,acc_chest/93DK_w0146.npy,ppg_wrist/93DK_w0146.npy,0.455,16.939,False,0.0,0.0,0.0
93DK_w0147,93DK,147,1734.0,1744.0,1734.0,1744.0,run,chest+empatica,chest+empatica+forearm,gel,ecg/93DK_w0147.npy,acc_chest/93DK_w0147.npy,ppg_wrist/93DK_w0147.npy,1.517,19.635,False,0.0,0.0,0.0
93DK_w0148,93DK,148,1744.0,1754.0,1744.0,1754.0,run,chest+empatica,chest+empatica+forearm,gel,ecg/93DK_w0148.npy,acc_chest/93DK_w0148.npy,ppg_wrist/93DK_w0148.npy,3.049,4.55,False,0.0,0.0,0.0
93DK_w0149,93DK,149,1754.0,1764.0,1754.0,1764.0,run,chest+empatica,chest+empatica+forearm,gel,ecg/93DK_w0149.npy,acc_chest/93DK_w0149.npy,ppg_wrist/93DK_w0149.npy,2.962,4.9,False,0.0,0.0,0.0
93DK_w0150,93DK,150,1764.0,1774.0,1764.0,1774.0,run,chest+empatica,chest+empatica+forearm,gel,ecg/93DK_w0150.npy,acc_chest/93DK_w0150.npy,ppg_wrist/93DK_w0150.npy,3.128,5.116,False,0.0,0.0,0.0
93DK_w0151,93DK,151,1774.0,1784.0,1774.0,1784.0,run,chest+empatica,chest+empatica+forearm,gel,ecg/93DK_w0151.npy,acc_chest/93DK_w0151.npy,ppg_wrist/93DK_w0151.npy,2.943,4.856,False,0.0,0.0,0.0
93DK_w0152,93DK,152,1784.0,1794.0,1784.0,1794.0,run,chest+empatica,chest+empatica+forearm,gel,ecg/93DK_w0152.npy,acc_chest/93DK_w0152.npy,ppg_wrist/93DK_w0152.npy,2.768,4.386,False,0.0,0.0,0.0
93DK_w0153,93DK,153,1794.0,1804.0,1794.0,1804.0,run,chest+empatica,chest+empatica+forearm,gel,ecg/93DK_w0153.npy,acc_chest/93DK_w0153.npy,ppg_wrist/93DK_w0153.npy,2.076,3.534,False,0.0,0.0,0.0
93DK_w0154,93DK,154,1804.0,1814.0,1804.0,1814.0,run,chest+empatica,chest+empatica+forearm,gel,ecg/93DK_w0154.npy,acc_chest/93DK_w0154.npy,ppg_wrist/93DK_w0154.npy,2.947,4.34,False,0.0,0.0,0.0
93DK_w0155,93DK,155,1814.0,1824.0,1814.0,1824.0,run,chest+empatica,chest+empatica+forearm,gel,ecg/93DK_w0155.npy,acc_chest/93DK_w0155.npy,ppg_wrist/93DK_w0155.npy,2.798,4.414,False,0.0,0.0,0.0
93DK_w0156,93DK,156,1824.0,1834.0,1824.0,1834.0,run,chest+empatica,chest+empatica+forearm,gel,ecg/93DK_w0156.npy,acc_chest/93DK_w0156.npy,ppg_wrist/93DK_w0156.npy,3.081,4.906,False,0.0,0.0,0.0
93DK_w0157,93DK,157,1834.0,1844.0,1834.0,1844.0,run,chest+empatica,chest+empatica+forearm,gel,ecg/93DK_w0157.npy,acc_chest/93DK_w0157.npy,ppg_wrist/93DK_w0157.npy,3.029,4.607,False,0.0,0.0,0.0
93DK_w0158,93DK,158,1844.0,1854.0,1844.0,1854.0,run,chest+empatica,chest+empatica+forearm,gel,ecg/93DK_w0158.npy,acc_chest/93DK_w0158.npy,ppg_wrist/93DK_w0158.npy,2.736,4.924,False,0.0,0.0,0.0
93DK_w0159,93DK,159,1854.0,1864.0,1854.0,1864.0,run,chest+empatica,chest+empatica+forearm,gel,ecg/93DK_w0159.npy,acc_chest/93DK_w0159.npy,ppg_wrist/93DK_w0159.npy,2.915,6.04,False,0.0,0.0,0.0
93DK_w0160,93DK,160,1864.0,1874.0,1864.0,1874.0,run,chest+empatica,chest+empatica+forearm,gel,ecg/93DK_w0160.npy,acc_chest/93DK_w0160.npy,ppg_wrist/93DK_w0160.npy,3.078,5.347,False,0.0,0.0,0.0
93DK_w0161,93DK,161,1874.0,1884.0,1874.0,1884.0,run,chest+empatica,chest+empatica+forearm,gel,ecg/93DK_w0161.npy,acc_chest/93DK_w0161.npy,ppg_wrist/93DK_w0161.npy,2.857,4.165,False,0.0,0.0,0.0
93DK_w0162,93DK,162,1884.0,1894.0,1884.0,1894.0,run,chest+empatica,chest+empatica+forearm,gel,ecg/93DK_w0162.npy,acc_chest/93DK_w0162.npy,ppg_wrist/93DK_w0162.npy,2.684,4.541,False,0.0,0.0,0.0
93DK_w0163,93DK,163,1894.0,1904.0,1894.0,1904.0,run,chest+empatica,chest+empatica+forearm,gel,ecg/93DK_w0163.npy,acc_chest/93DK_w0163.npy,ppg_wrist/93DK_w0163.npy,2.993,5.108,False,0.0,0.0,0.0
93DK_w0164,93DK,164,1904.0,1914.0,1904.0,1914.0,run,chest+empatica,chest+empatica+forearm,gel,ecg/93DK_w0164.npy,acc_chest/93DK_w0164.npy,ppg_wrist/93DK_w0164.npy,2.844,4.33,False,0.0,0.0,0.0
93DK_w0165,93DK,165,1914.0,1924.0,1914.0,1924.0,run,chest+empatica,chest+empatica+forearm,gel,ecg/93DK_w0165.npy,acc_chest/93DK_w0165.npy,ppg_wrist/93DK_w0165.npy,1.814,3.404,False,0.0,0.0,0.0
93DK_w0166,93DK,166,1924.0,1934.0,1924.0,1934.0,run,chest+empatica,chest+empatica+forearm,gel,ecg/93DK_w0166.npy,acc_chest/93DK_w0166.npy,ppg_wrist/93DK_w0166.npy,2.929,5.241,False,0.0,0.0,0.0
93DK_w0167,93DK,167,1934.0,1944.0,1934.0,1944.0,run,chest+empatica,chest+empatica+forearm,gel,ecg/93DK_w0167.npy,acc_chest/93DK_w0167.npy,ppg_wrist/93DK_w0167.npy,3.062,5.878,False,0.0,0.0,0.0
93DK_w0168,93DK,168,1944.0,1954.0,1944.0,1954.0,run,chest+empatica,chest+empatica+forearm,gel,ecg/93DK_w0168.npy,acc_chest/93DK_w0168.npy,ppg_wrist/93DK_w0168.npy,3.179,4.8,False,0.0,0.0,0.0
93DK_w0169,93DK,169,1954.0,1964.0,1954.0,1964.0,run,chest+empatica,chest+empatica+forearm,gel,ecg/93DK_w0169.npy,acc_chest/93DK_w0169.npy,ppg_wrist/93DK_w0169.npy,3.087,4.42,False,0.0,0.0,0.0
93DK_w0170,93DK,170,1964.0,1974.0,1964.0,1974.0,run,chest+empatica,chest+empatica+forearm,gel,ecg/93DK_w0170.npy,acc_chest/93DK_w0170.npy,ppg_wrist/93DK_w0170.npy,2.929,4.476,False,0.0,0.0,0.0
93DK_w0171,93DK,171,1974.0,1984.0,1974.0,1984.0,run,chest+empatica,chest+empatica+forearm,gel,ecg/93DK_w0171.npy,acc_chest/93DK_w0171.npy,ppg_wrist/93DK_w0171.npy,3.153,4.555,False,0.0,0.0,0.0
93DK_w0172,93DK,172,1984.0,1994.0,1984.0,1994.0,run,chest+empatica,chest+empatica+forearm,gel,ecg/93DK_w0172.npy,acc_chest/93DK_w0172.npy,ppg_wrist/93DK_w0172.npy,2.991,4.602,False,0.0,0.0,0.0
93DK_w0173,93DK,173,1994.0,2004.0,1994.0,2004.0,run,chest+empatica,chest+empatica+forearm,gel,ecg/93DK_w0173.npy,acc_chest/93DK_w0173.npy,ppg_wrist/93DK_w0173.npy,3.148,5.062,False,0.0,0.0,0.0
93DK_w0174,93DK,174,2004.0,2014.0,2004.0,2014.0,run,chest+empatica,chest+empatica+forearm,gel,ecg/93DK_w0174.npy,acc_chest/93DK_w0174.npy,ppg_wrist/93DK_w0174.npy,2.873,4.372,False,0.0,0.0,0.0
93DK_w0175,93DK,175,2014.0,2024.0,2014.0,2024.0,run,chest+empatica,chest+empatica+forearm,gel,ecg/93DK_w0175.npy,acc_chest/93DK_w0175.npy,ppg_wrist/93DK_w0175.npy,2.962,4.339,False,0.0,0.0,0.0
93DK_w0176,93DK,176,2024.0,2034.0,2024.0,2034.0,run,chest+empatica,chest+empatica+forearm,gel,ecg/93DK_w0176.npy,acc_chest/93DK_w0176.npy,ppg_wrist/93DK_w0176.npy,2.983,4.448,False,0.0,0.0,0.0
93DK_w0177,93DK,177,2034.0,2044.0,2034.0,2044.0,run,chest+empatica,chest+empatica+forearm,gel,ecg/93DK_w0177.npy,acc_chest/93DK_w0177.npy,ppg_wrist/93DK_w0177.npy,3.194,4.795,False,0.0,0.0,0.0
93DK_w0178,93DK,178,2044.0,2054.0,2044.0,2054.0,run,chest+empatica,chest+empatica+forearm,gel,ecg/93DK_w0178.npy,acc_chest/93DK_w0178.npy,ppg_wrist/93DK_w0178.npy,3.035,6.074,False,0.0,0.0,0.0
93DK_w0179,93DK,179,2054.0,2064.0,2054.0,2064.0,run,chest+empatica,chest+empatica+forearm,gel,ecg/93DK_w0179.npy,acc_chest/93DK_w0179.npy,ppg_wrist/93DK_w0179.npy,2.979,6.328,False,0.0,0.0,0.0
93DK_w0180,93DK,180,2064.0,2074.0,2064.0,2074.0,run,chest+empatica,chest+empatica+forearm,gel,ecg/93DK_w0180.npy,acc_chest/93DK_w0180.npy,ppg_wrist/93DK_w0180.npy,3.021,5.186,False,0.0,0.0,0.0
93DK_w0181,93DK,181,2074.0,2084.0,2074.0,2084.0,run,chest+empatica,chest+empatica+forearm,gel,ecg/93DK_w0181.npy,acc_chest/93DK_w0181.npy,ppg_wrist/93DK_w0181.npy,2.792,5.247,False,0.0,0.0,0.0
93DK_w0182,93DK,182,2084.0,2094.0,2084.0,2094.0,run,chest+empatica,chest+empatica+forearm,gel,ecg/93DK_w0182.npy,acc_chest/93DK_w0182.npy,ppg_wrist/93DK_w0182.npy,2.605,5.244,False,0.0,0.0,0.0
93DK_w0183,93DK,183,2094.0,2104.0,2094.0,2104.0,run,chest+empatica,chest+empatica+forearm,gel,ecg/93DK_w0183.npy,acc_chest/93DK_w0183.npy,ppg_wrist/93DK_w0183.npy,0.872,18.177,False,0.0,0.0,0.0
93DK_w0184,93DK,184,2104.0,2114.0,2104.0,2114.0,run,chest+empatica,chest+empatica+forearm,gel,ecg/93DK_w0184.npy,acc_chest/93DK_w0184.npy,ppg_wrist/93DK_w0184.npy,0.455,16.939,False,0.0,0.0,0.0
93DK_w0185,93DK,185,2114.0,2124.0,2114.0,2124.0,run,chest+empatica,chest+empatica+forearm,gel,ecg/93DK_w0185.npy,acc_chest/93DK_w0185.npy,ppg_wrist/93DK_w0185.npy,0.455,16.939,False,0.0,0.0,0.0
93DK_w0186,93DK,186,2124.0,2134.0,2124.0,2134.0,run,chest+empatica,chest+empatica+forearm,gel,ecg/93DK_w0186.npy,acc_chest/93DK_w0186.npy,ppg_wrist/93DK_w0186.npy,0.455,16.939,False,0.0,0.0,0.0
93DK_w0187,93DK,187,2134.0,2144.0,2134.0,2144.0,run,chest+empatica,chest+empatica+forearm,gel,ecg/93DK_w0187.npy,acc_chest/93DK_w0187.npy,ppg_wrist/93DK_w0187.npy,3.393,17.547,False,0.0,0.0,0.0
93DK_w0188,93DK,188,2144.0,2154.0,2144.0,2154.0,run,chest+empatica,chest+empatica+forearm,gel,ecg/93DK_w0188.npy,acc_chest/93DK_w0188.npy,ppg_wrist/93DK_w0188.npy,2.604,5.406,False,0.0,0.0,0.0
93DK_w0189,93DK,189,2154.0,2164.0,2154.0,2164.0,run,chest+empatica,chest+empatica+forearm,gel,ecg/93DK_w0189.npy,acc_chest/93DK_w0189.npy,ppg_wrist/93DK_w0189.npy,2.416,4.037,False,0.0,0.0,0.0
93DK_w0190,93DK,190,2164.0,2174.0,2164.0,2174.0,run,chest+empatica,chest+empatica+forearm,gel,ecg/93DK_w0190.npy,acc_chest/93DK_w0190.npy,ppg_wrist/93DK_w0190.npy,3.081,4.263,False,0.0,0.0,0.0
93DK_w0191,93DK,191,2174.0,2184.0,2174.0,2184.0,run,chest+empatica,chest+empatica+forearm,gel,ecg/93DK_w0191.npy,acc_chest/93DK_w0191.npy,ppg_wrist/93DK_w0191.npy,3.48,21.542,False,0.0,0.0,0.0
93DK_w0192,93DK,192,2184.0,2194.0,2184.0,2194.0,run,chest+empatica,chest+empatica+forearm,gel,ecg/93DK_w0192.npy,acc_chest/93DK_w0192.npy,ppg_wrist/93DK_w0192.npy,2.966,5.97,False,0.0,0.0,0.0
93DK_w0193,93DK,193,2194.0,2204.0,2194.0,2204.0,run,chest+empatica,chest+empatica+forearm,gel,ecg/93DK_w0193.npy,acc_chest/93DK_w0193.npy,ppg_wrist/93DK_w0193.npy,2.975,4.574,False,0.0,0.0,0.0
93DK_w0194,93DK,194,2204.0,2214.0,2204.0,2214.0,run,chest+empatica,chest+empatica+forearm,gel,ecg/93DK_w0194.npy,acc_chest/93DK_w0194.npy,ppg_wrist/93DK_w0194.npy,4.206,20.464,False,0.0,0.0,0.0
93DK_w0195,93DK,195,2214.0,2224.0,2214.0,2224.0,run,chest+empatica,chest+empatica+forearm,gel,ecg/93DK_w0195.npy,acc_chest/93DK_w0195.npy,ppg_wrist/93DK_w0195.npy,1.558,4.086,False,0.0,0.0,0.0
93DK_w0196,93DK,196,2224.0,2234.0,2224.0,2234.0,run,chest+empatica,chest+empatica+forearm,gel,ecg/93DK_w0196.npy,acc_chest/93DK_w0196.npy,ppg_wrist/93DK_w0196.npy,1.529,3.89,False,0.0,0.0,0.0
93DK_w0197,93DK,197,2234.0,2244.0,2234.0,2244.0,run,chest+empatica,chest+empatica+forearm,gel,ecg/93DK_w0197.npy,acc_chest/93DK_w0197.npy,ppg_wrist/93DK_w0197.npy,2.103,4.655,False,0.0,0.0,0.0
93DK_w0198,93DK,198,2244.0,2254.0,2244.0,2254.0,run,chest+empatica,chest+empatica+forearm,gel,ecg/93DK_w0198.npy,acc_chest/93DK_w0198.npy,ppg_wrist/93DK_w0198.npy,2.814,4.72,False,0.0,0.0,0.0
93DK_w0199,93DK,199,2254.0,2264.0,2254.0,2264.0,run,chest+empatica,chest+empatica+forearm,gel,ecg/93DK_w0199.npy,acc_chest/93DK_w0199.npy,ppg_wrist/93DK_w0199.npy,2.738,4.02,False,0.0,0.0,0.0
93DK_w0200,93DK,200,2264.0,2274.0,2264.0,2274.0,run,chest+empatica,chest+empatica+forearm,gel,ecg/93DK_w0200.npy,acc_chest/93DK_w0200.npy,ppg_wrist/93DK_w0200.npy,2.773,5.001,False,0.0,0.0,0.0
93DK_w0201,93DK,201,2274.0,2284.0,2274.0,2284.0,run,chest+empatica,chest+empatica+forearm,gel,ecg/93DK_w0201.npy,acc_chest/93DK_w0201.npy,ppg_wrist/93DK_w0201.npy,2.695,5.487,False,0.0,0.0,0.0
93DK_w0202,93DK,202,2284.0,2294.0,2284.0,2294.0,run,chest+empatica,chest+empatica+forearm,gel,ecg/93DK_w0202.npy,acc_chest/93DK_w0202.npy,ppg_wrist/93DK_w0202.npy,2.642,5.497,False,0.0,0.0,0.0
93DK_w0203,93DK,203,2294.0,2304.0,2294.0,2304.0,run,chest+empatica,chest+empatica+forearm,gel,ecg/93DK_w0203.npy,acc_chest/93DK_w0203.npy,ppg_wrist/93DK_w0203.npy,2.916,5.57,False,0.0,0.0,0.0
93DK_w0204,93DK,204,2304.0,2314.0,2304.0,2314.0,run,chest+empatica,chest+empatica+forearm,gel,ecg/93DK_w0204.npy,acc_chest/93DK_w0204.npy,ppg_wrist/93DK_w0204.npy,2.686,6.114,False,0.0,0.0,0.0
93DK_w0205,93DK,205,2314.0,2324.0,2314.0,2324.0,run,chest+empatica,chest+empatica+forearm,gel,ecg/93DK_w0205.npy,acc_chest/93DK_w0205.npy,ppg_wrist/93DK_w0205.npy,2.846,7.298,False,0.0,0.0,0.0
93DK_w0206,93DK,206,2324.0,2334.0,2324.0,2334.0,run,chest+empatica,chest+empatica+forearm,gel,ecg/93DK_w0206.npy,acc_chest/93DK_w0206.npy,ppg_wrist/93DK_w0206.npy,3.032,6.89,False,0.0,0.0,0.0
93DK_w0207,93DK,207,2334.0,2344.0,2334.0,2344.0,run,chest+empatica,chest+empatica+forearm,gel,ecg/93DK_w0207.npy,acc_chest/93DK_w0207.npy,ppg_wrist/93DK_w0207.npy,2.693,4.72,False,0.0,0.0,0.0
93DK_w0208,93DK,208,2344.0,2354.0,2344.0,2354.0,run,chest+empatica,chest+empatica+forearm,gel,ecg/93DK_w0208.npy,acc_chest/93DK_w0208.npy,ppg_wrist/93DK_w0208.npy,2.857,4.842,False,0.0,0.0,0.0
93DK_w0209,93DK,209,2354.0,2364.0,2354.0,2364.0,run,chest+empatica,chest+empatica+forearm,gel,ecg/93DK_w0209.npy,acc_chest/93DK_w0209.npy,ppg_wrist/93DK_w0209.npy,2.876,5.237,False,0.0,0.0,0.0
93DK_w0210,93DK,210,2364.0,2374.0,2364.0,2374.0,run,chest+empatica,chest+empatica+forearm,gel,ecg/93DK_w0210.npy,acc_chest/93DK_w0210.npy,ppg_wrist/93DK_w0210.npy,2.897,5.121,False,0.0,0.0,0.0
93DK_w0211,93DK,211,2374.0,2384.0,2374.0,2384.0,run,chest+empatica,chest+empatica+forearm,gel,ecg/93DK_w0211.npy,acc_chest/93DK_w0211.npy,ppg_wrist/93DK_w0211.npy,2.878,4.977,False,0.0,0.0,0.0
93DK_w0212,93DK,212,2384.0,2394.0,2384.0,2394.0,run,chest+empatica,chest+empatica+forearm,gel,ecg/93DK_w0212.npy,acc_chest/93DK_w0212.npy,ppg_wrist/93DK_w0212.npy,2.976,5.236,False,0.0,0.0,0.0
93DK_w0213,93DK,213,2394.0,2404.0,2394.0,2404.0,run,chest+empatica,chest+empatica+forearm,gel,ecg/93DK_w0213.npy,acc_chest/93DK_w0213.npy,ppg_wrist/93DK_w0213.npy,2.828,5.756,False,0.0,0.0,0.0
93DK_w0214,93DK,214,2404.0,2414.0,2404.0,2414.0,run,chest+empatica,chest+empatica+forearm,gel,ecg/93DK_w0214.npy,acc_chest/93DK_w0214.npy,ppg_wrist/93DK_w0214.npy,2.865,5.383,False,0.0,0.0,0.0
93DK_w0215,93DK,215,2414.0,2424.0,2414.0,2424.0,run,chest+empatica,chest+empatica+forearm,gel,ecg/93DK_w0215.npy,acc_chest/93DK_w0215.npy,ppg_wrist/93DK_w0215.npy,3.052,5.187,False,0.0,0.0,0.0
93DK_w0216,93DK,216,2424.0,2434.0,2424.0,2434.0,run,chest+empatica,chest+empatica+forearm,gel,ecg/93DK_w0216.npy,acc_chest/93DK_w0216.npy,ppg_wrist/93DK_w0216.npy,3.116,5.228,False,0.0,0.0,0.0
93DK_w0217,93DK,217,2434.0,2444.0,2434.0,2444.0,run,chest+empatica,chest+empatica+forearm,gel,ecg/93DK_w0217.npy,acc_chest/93DK_w0217.npy,ppg_wrist/93DK_w0217.npy,2.812,4.65,False,0.0,0.0,0.0
93DK_w0218,93DK,218,2444.0,2454.0,2444.0,2454.0,run,chest+empatica,chest+empatica+forearm,gel,ecg/93DK_w0218.npy,acc_chest/93DK_w0218.npy,ppg_wrist/93DK_w0218.npy,2.973,5.119,False,0.0,0.0,0.0
93DK_w0219,93DK,219,2454.0,2464.0,2454.0,2464.0,run,chest+empatica,chest+empatica+forearm,gel,ecg/93DK_w0219.npy,acc_chest/93DK_w0219.npy,ppg_wrist/93DK_w0219.npy,3.076,4.853,False,0.0,0.0,0.0
93DK_w0220,93DK,220,2464.0,2474.0,2464.0,2474.0,run,chest+empatica,chest+empatica+forearm,gel,ecg/93DK_w0220.npy,acc_chest/93DK_w0220.npy,ppg_wrist/93DK_w0220.npy,2.968,4.943,False,0.0,0.0,0.0
93DK_w0221,93DK,221,2474.0,2484.0,2474.0,2484.0,run,chest+empatica,chest+empatica+forearm,gel,ecg/93DK_w0221.npy,acc_chest/93DK_w0221.npy,ppg_wrist/93DK_w0221.npy,2.862,5.066,False,0.0,0.0,0.0
93DK_w0222,93DK,222,2484.0,2494.0,2484.0,2494.0,run,chest+empatica,chest+empatica+forearm,gel,ecg/93DK_w0222.npy,acc_chest/93DK_w0222.npy,ppg_wrist/93DK_w0222.npy,2.777,3.966,False,0.0,0.0,0.0
93DK_w0223,93DK,223,2494.0,2504.0,2494.0,2504.0,run,chest+empatica,chest+empatica+forearm,gel,ecg/93DK_w0223.npy,acc_chest/93DK_w0223.npy,ppg_wrist/93DK_w0223.npy,2.89,4.066,False,0.0,0.0,0.0
93DK_w0224,93DK,224,2504.0,2514.0,2504.0,2514.0,run,chest+empatica,chest+empatica+forearm,gel,ecg/93DK_w0224.npy,acc_chest/93DK_w0224.npy,ppg_wrist/93DK_w0224.npy,2.88,3.978,False,0.0,0.0,0.0
93DK_w0225,93DK,225,2514.0,2524.0,2514.0,2524.0,run,chest+empatica,chest+empatica+forearm,gel,ecg/93DK_w0225.npy,acc_chest/93DK_w0225.npy,ppg_wrist/93DK_w0225.npy,2.994,4.473,False,0.0,0.0,0.0
93DK_w0226,93DK,226,2524.0,2534.0,2524.0,2534.0,run,chest+empatica,chest+empatica+forearm,gel,ecg/93DK_w0226.npy,acc_chest/93DK_w0226.npy,ppg_wrist/93DK_w0226.npy,2.797,4.814,False,0.0,0.0,0.0
93DK_w0227,93DK,227,2534.0,2544.0,2534.0,2544.0,run,chest+empatica,chest+empatica+forearm,gel,ecg/93DK_w0227.npy,acc_chest/93DK_w0227.npy,ppg_wrist/93DK_w0227.npy,3.005,4.95,False,0.0,0.0,0.0
93DK_w0228,93DK,228,2544.0,2554.0,2544.0,2554.0,run,chest+empatica,chest+empatica+forearm,gel,ecg/93DK_w0228.npy,acc_chest/93DK_w0228.npy,ppg_wrist/93DK_w0228.npy,2.802,4.614,False,0.0,0.0,0.0
93DK_w0229,93DK,229,2554.0,2564.0,2554.0,2564.0,run,chest+empatica,chest+empatica+forearm,gel,ecg/93DK_w0229.npy,acc_chest/93DK_w0229.npy,ppg_wrist/93DK_w0229.npy,2.834,5.672,False,0.0,0.0,0.0
93DK_w0230,93DK,230,2564.0,2574.0,2564.0,2574.0,run,chest+empatica,chest+empatica+forearm,gel,ecg/93DK_w0230.npy,acc_chest/93DK_w0230.npy,ppg_wrist/93DK_w0230.npy,2.786,5.462,False,0.0,0.0,0.0
93DK_w0231,93DK,231,2574.0,2584.0,2574.0,2584.0,run,chest+empatica,chest+empatica+forearm,gel,ecg/93DK_w0231.npy,acc_chest/93DK_w0231.npy,ppg_wrist/93DK_w0231.npy,1.655,3.655,False,0.0,0.0,0.0
93DK_w0232,93DK,232,2584.0,2594.0,2584.0,2594.0,run,chest+empatica,chest+empatica+forearm,gel,ecg/93DK_w0232.npy,acc_chest/93DK_w0232.npy,ppg_wrist/93DK_w0232.npy,1.057,16.25,False,0.0,0.0,0.0
93DK_w0233,93DK,233,2594.0,2604.0,2594.0,2604.0,run,chest+empatica,chest+empatica+forearm,gel,ecg/93DK_w0233.npy,acc_chest/93DK_w0233.npy,ppg_wrist/93DK_w0233.npy,0.455,16.939,False,0.0,0.0,0.0
93DK_w0234,93DK,234,2604.0,2614.0,2604.0,2614.0,run,chest+empatica,chest+empatica+forearm,gel,ecg/93DK_w0234.npy,acc_chest/93DK_w0234.npy,ppg_wrist/93DK_w0234.npy,0.455,16.939,False,0.0,0.0,0.0
93DK_w0235,93DK,235,2614.0,2624.0,2614.0,2624.0,run,chest+empatica,chest+empatica+forearm,gel,ecg/93DK_w0235.npy,acc_chest/93DK_w0235.npy,ppg_wrist/93DK_w0235.npy,3.432,17.168,False,0.0,0.0,0.0
93DK_w0236,93DK,236,2624.0,2634.0,2624.0,2634.0,run,chest+empatica,chest+empatica+forearm,gel,ecg/93DK_w0236.npy,acc_chest/93DK_w0236.npy,ppg_wrist/93DK_w0236.npy,3.474,14.618,False,0.0,0.0,0.0
93DK_w0237,93DK,237,2634.0,2644.0,2634.0,2644.0,run,chest+empatica,chest+empatica+forearm,gel,ecg/93DK_w0237.npy,acc_chest/93DK_w0237.npy,ppg_wrist/93DK_w0237.npy,3.811,20.907,False,0.0,0.0,0.0
93DK_w0238,93DK,238,2644.0,2654.0,2644.0,2654.0,run,chest+empatica,chest+empatica+forearm,gel,ecg/93DK_w0238.npy,acc_chest/93DK_w0238.npy,ppg_wrist/93DK_w0238.npy,2.732,4.715,False,0.0,0.0,0.0
93DK_w0239,93DK,239,2654.0,2664.0,2654.0,2664.0,run,chest+empatica,chest+empatica+forearm,gel,ecg/93DK_w0239.npy,acc_chest/93DK_w0239.npy,ppg_wrist/93DK_w0239.npy,2.791,4.401,False,0.0,0.0,0.0
93DK_w0240,93DK,240,2664.0,2674.0,2664.0,2674.0,run,chest+empatica,chest+empatica+forearm,gel,ecg/93DK_w0240.npy,acc_chest/93DK_w0240.npy,ppg_wrist/93DK_w0240.npy,2.999,5.535,False,0.0,0.0,0.0
93DK_w0241,93DK,241,2674.0,2684.0,2674.0,2684.0,run,chest+empatica,chest+empatica+forearm,gel,ecg/93DK_w0241.npy,acc_chest/93DK_w0241.npy,ppg_wrist/93DK_w0241.npy,3.757,17.027,False,0.0,0.0,0.0
93DK_w0242,93DK,242,2684.0,2694.0,2684.0,2694.0,run,chest+empatica,chest+empatica+forearm,gel,ecg/93DK_w0242.npy,acc_chest/93DK_w0242.npy,ppg_wrist/93DK_w0242.npy,3.086,4.535,False,0.0,0.0,0.0
93DK_w0243,93DK,243,2694.0,2704.0,2694.0,2704.0,run,chest+empatica,chest+empatica+forearm,gel,ecg/93DK_w0243.npy,acc_chest/93DK_w0243.npy,ppg_wrist/93DK_w0243.npy,3.049,4.611,False,0.0,0.0,0.0
93DK_w0244,93DK,244,2704.0,2714.0,2704.0,2714.0,run,chest+empatica,chest+empatica+forearm,gel,ecg/93DK_w0244.npy,acc_chest/93DK_w0244.npy,ppg_wrist/93DK_w0244.npy,2.913,4.183,False,0.0,0.0,0.0
93DK_w0245,93DK,245,2714.0,2724.0,2714.0,2724.0,run,chest+empatica,chest+empatica+forearm,gel,ecg/93DK_w0245.npy,acc_chest/93DK_w0245.npy,ppg_wrist/93DK_w0245.npy,3.92,19.172,False,0.0,0.0,0.0
93DK_w0246,93DK,246,2724.0,2734.0,2724.0,2729.0,run,chest+empatica,chest+empatica+forearm,gel,ecg/93DK_w0246.npy,acc_chest/93DK_w0246.npy,ppg_wrist/93DK_w0246.npy,3.815,26.15,True,0.5,0.5,0.0
93JD_w0000,93JD,0,0.0,10.0,0.0,10.0,baseline,chest,chest+forearm,gel,ecg/93JD_w0000.npy,acc_chest/93JD_w0000.npy,,0.694,3.845,False,0.0,0.0,
93JD_w0001,93JD,1,10.0,20.0,10.0,20.0,baseline,chest,chest+forearm,gel,ecg/93JD_w0001.npy,acc_chest/93JD_w0001.npy,,0.697,3.81,False,0.0,0.0,
93JD_w0002,93JD,2,20.0,30.0,20.0,30.0,baseline,chest,chest+forearm,gel,ecg/93JD_w0002.npy,acc_chest/93JD_w0002.npy,,0.795,3.882,False,0.0,0.0,
93JD_w0003,93JD,3,30.0,40.0,30.0,40.0,baseline,chest,chest+forearm,gel,ecg/93JD_w0003.npy,acc_chest/93JD_w0003.npy,,0.743,3.738,False,0.0,0.0,
93JD_w0004,93JD,4,40.0,50.0,40.0,50.0,baseline,chest,chest+forearm,gel,ecg/93JD_w0004.npy,acc_chest/93JD_w0004.npy,,0.67,3.785,False,0.0,0.0,
93JD_w0005,93JD,5,50.0,60.0,50.0,60.0,baseline,chest,chest+forearm,gel,ecg/93JD_w0005.npy,acc_chest/93JD_w0005.npy,,0.68,3.822,False,0.0,0.0,
93JD_w0006,93JD,6,60.0,70.0,60.0,70.0,baseline,chest,chest+forearm,gel,ecg/93JD_w0006.npy,acc_chest/93JD_w0006.npy,,0.697,3.815,False,0.0,0.0,
93JD_w0007,93JD,7,70.0,80.0,70.0,80.0,baseline,chest,chest+forearm,gel,ecg/93JD_w0007.npy,acc_chest/93JD_w0007.npy,,0.731,3.771,False,0.0,0.0,
93JD_w0008,93JD,8,80.0,90.0,80.0,90.0,baseline,chest,chest+forearm,gel,ecg/93JD_w0008.npy,acc_chest/93JD_w0008.npy,,0.721,3.606,False,0.0,0.0,
93JD_w0009,93JD,9,90.0,100.0,90.0,100.0,baseline,chest,chest+forearm,gel,ecg/93JD_w0009.npy,acc_chest/93JD_w0009.npy,,0.652,13.144,False,0.0,0.0,
93JD_w0010,93JD,10,100.0,110.0,100.0,110.0,baseline,chest,chest+forearm,gel,ecg/93JD_w0010.npy,acc_chest/93JD_w0010.npy,,0.349,12.992,False,0.0,0.0,
93JD_w0011,93JD,11,110.0,120.0,110.0,120.0,baseline,chest,chest+forearm,gel,ecg/93JD_w0011.npy,acc_chest/93JD_w0011.npy,,0.349,12.992,False,0.0,0.0,
93JD_w0012,93JD,12,120.0,130.0,120.0,130.0,baseline,chest,chest+forearm,gel,ecg/93JD_w0012.npy,acc_chest/93JD_w0012.npy,,0.349,12.992,False,0.0,0.0,
93JD_w0013,93JD,13,130.0,140.0,130.0,140.0,baseline,chest,chest+forearm,gel,ecg/93JD_w0013.npy,acc_chest/93JD_w0013.npy,,0.349,12.992,False,0.0,0.0,
93JD_w0014,93JD,14,140.0,150.0,140.0,150.0,baseline,chest,chest+forearm,gel,ecg/93JD_w0014.npy,acc_chest/93JD_w0014.npy,,0.349,12.992,False,0.0,0.0,
93JD_w0015,93JD,15,150.0,160.0,150.0,160.0,baseline,chest,chest+forearm,gel,ecg/93JD_w0015.npy,acc_chest/93JD_w0015.npy,,0.349,12.992,False,0.0,0.0,
93JD_w0016,93JD,16,160.0,170.0,160.0,170.0,baseline,chest,chest+forearm,gel,ecg/93JD_w0016.npy,acc_chest/93JD_w0016.npy,,0.349,12.992,False,0.0,0.0,
93JD_w0017,93JD,17,170.0,180.0,170.0,180.0,baseline,chest,chest+forearm,gel,ecg/93JD_w0017.npy,acc_chest/93JD_w0017.npy,,0.349,12.992,False,0.0,0.0,
93JD_w0018,93JD,18,180.0,190.0,180.0,190.0,baseline,chest,chest+forearm,gel,ecg/93JD_w0018.npy,acc_chest/93JD_w0018.npy,,0.349,12.992,False,0.0,0.0,
93JD_w0019,93JD,19,190.0,200.0,190.0,200.0,baseline,chest,chest+forearm,gel,ecg/93JD_w0019.npy,acc_chest/93JD_w0019.npy,,0.349,12.992,False,0.0,0.0,
93JD_w0020,93JD,20,200.0,210.0,200.0,210.0,baseline,chest,chest+forearm,gel,ecg/93JD_w0020.npy,acc_chest/93JD_w0020.npy,,0.349,12.992,False,0.0,0.0,
93JD_w0021,93JD,21,210.0,220.0,210.0,220.0,baseline,chest,chest+forearm,gel,ecg/93JD_w0021.npy,acc_chest/93JD_w0021.npy,,0.349,12.992,False,0.0,0.0,
93JD_w0022,93JD,22,220.0,230.0,220.0,230.0,baseline,chest,chest+forearm,gel,ecg/93JD_w0022.npy,acc_chest/93JD_w0022.npy,,0.349,12.992,False,0.0,0.0,
93JD_w0023,93JD,23,230.0,240.0,230.0,240.0,baseline,chest,chest+forearm,gel,ecg/93JD_w0023.npy,acc_chest/93JD_w0023.npy,,0.349,12.992,False,0.0,0.0,
93JD_w0024,93JD,24,240.0,250.0,240.0,250.0,baseline,chest,chest+forearm,gel,ecg/93JD_w0024.npy,acc_chest/93JD_w0024.npy,,0.349,12.992,False,0.0,0.0,
93JD_w0025,93JD,25,250.0,260.0,250.0,260.0,baseline,chest,chest+forearm,gel,ecg/93JD_w0025.npy,acc_chest/93JD_w0025.npy,,0.349,12.992,False,0.0,0.0,
93JD_w0026,93JD,26,260.0,270.0,260.0,270.0,baseline,chest,chest+forearm,gel,ecg/93JD_w0026.npy,acc_chest/93JD_w0026.npy,,0.349,12.992,False,0.0,0.0,
93JD_w0027,93JD,27,270.0,280.0,270.0,280.0,baseline,chest,chest+forearm,gel,ecg/93JD_w0027.npy,acc_chest/93JD_w0027.npy,,0.349,12.992,False,0.0,0.0,
93JD_w0028,93JD,28,280.0,290.0,280.0,290.0,baseline,chest,chest+forearm,gel,ecg/93JD_w0028.npy,acc_chest/93JD_w0028.npy,,0.349,12.992,False,0.0,0.0,
93JD_w0029,93JD,29,290.0,300.0,290.0,300.0,baseline,chest,chest+forearm,gel,ecg/93JD_w0029.npy,acc_chest/93JD_w0029.npy,,0.349,12.992,False,0.0,0.0,
93JD_w0030,93JD,30,300.0,310.0,300.0,310.0,baseline,chest,chest+forearm,gel,ecg/93JD_w0030.npy,acc_chest/93JD_w0030.npy,,0.349,12.992,False,0.0,0.0,
93JD_w0031,93JD,31,310.0,320.0,310.0,320.0,baseline,chest,chest+forearm,gel,ecg/93JD_w0031.npy,acc_chest/93JD_w0031.npy,,0.349,12.992,False,0.0,0.0,
93JD_w0032,93JD,32,320.0,330.0,320.0,330.0,baseline,chest,chest+forearm,gel,ecg/93JD_w0032.npy,acc_chest/93JD_w0032.npy,,0.349,12.992,False,0.0,0.0,
93JD_w0033,93JD,33,330.0,340.0,330.0,340.0,baseline,chest,chest+forearm,gel,ecg/93JD_w0033.npy,acc_chest/93JD_w0033.npy,,0.349,12.992,False,0.0,0.0,
93JD_w0034,93JD,34,340.0,350.0,340.0,350.0,baseline,chest,chest+forearm,gel,ecg/93JD_w0034.npy,acc_chest/93JD_w0034.npy,,0.349,12.992,False,0.0,0.0,
93JD_w0035,93JD,35,350.0,360.0,350.0,360.0,baseline,chest,chest+forearm,gel,ecg/93JD_w0035.npy,acc_chest/93JD_w0035.npy,,0.349,12.992,False,0.0,0.0,
93JD_w0036,93JD,36,360.0,370.0,360.0,370.0,baseline,chest,chest+forearm,gel,ecg/93JD_w0036.npy,acc_chest/93JD_w0036.npy,,0.349,12.992,False,0.0,0.0,
93JD_w0037,93JD,37,370.0,380.0,370.0,380.0,baseline,chest,chest+forearm,gel,ecg/93JD_w0037.npy,acc_chest/93JD_w0037.npy,,0.349,12.992,False,0.0,0.0,
93JD_w0038,93JD,38,380.0,390.0,380.0,390.0,baseline,chest,chest+forearm,gel,ecg/93JD_w0038.npy,acc_chest/93JD_w0038.npy,,0.349,12.992,False,0.0,0.0,
93JD_w0039,93JD,39,390.0,400.0,390.0,400.0,lift,chest,chest+forearm,gel,ecg/93JD_w0039.npy,acc_chest/93JD_w0039.npy,,1.075,13.553,False,0.0,0.0,
93JD_w0040,93JD,40,400.0,410.0,400.0,410.0,lift,chest,chest+forearm,gel,ecg/93JD_w0040.npy,acc_chest/93JD_w0040.npy,,0.698,3.061,False,0.0,0.0,
93JD_w0041,93JD,41,410.0,420.0,410.0,420.0,lift,chest,chest+forearm,gel,ecg/93JD_w0041.npy,acc_chest/93JD_w0041.npy,,0.714,3.423,False,0.0,0.0,
93JD_w0042,93JD,42,420.0,430.0,420.0,430.0,lift,chest,chest+forearm,gel,ecg/93JD_w0042.npy,acc_chest/93JD_w0042.npy,,0.713,3.577,False,0.0,0.0,
93JD_w0043,93JD,43,430.0,440.0,430.0,440.0,lift,chest,chest+forearm,gel,ecg/93JD_w0043.npy,acc_chest/93JD_w0043.npy,,0.702,3.552,False,0.0,0.0,
93JD_w0044,93JD,44,440.0,450.0,440.0,450.0,lift,chest,chest+forearm,gel,ecg/93JD_w0044.npy,acc_chest/93JD_w0044.npy,,0.747,3.601,False,0.0,0.0,
93JD_w0045,93JD,45,450.0,460.0,450.0,460.0,lift,chest,chest+forearm,gel,ecg/93JD_w0045.npy,acc_chest/93JD_w0045.npy,,0.731,3.369,False,0.0,0.0,
93JD_w0046,93JD,46,460.0,470.0,460.0,470.0,lift,chest,chest+forearm,gel,ecg/93JD_w0046.npy,acc_chest/93JD_w0046.npy,,0.711,2.973,False,0.0,0.0,
93JD_w0047,93JD,47,470.0,480.0,470.0,480.0,lift,chest,chest+forearm,gel,ecg/93JD_w0047.npy,acc_chest/93JD_w0047.npy,,0.704,2.483,False,0.0,0.0,
93JD_w0048,93JD,48,480.0,490.0,480.0,490.0,lift,chest,chest+forearm,gel,ecg/93JD_w0048.npy,acc_chest/93JD_w0048.npy,,0.729,2.921,False,0.0,0.0,
93JD_w0049,93JD,49,490.0,500.0,490.0,500.0,lift,chest,chest+forearm,gel,ecg/93JD_w0049.npy,acc_chest/93JD_w0049.npy,,0.718,2.982,False,0.0,0.0,
93JD_w0050,93JD,50,500.0,510.0,500.0,510.0,lift,chest,chest+forearm,gel,ecg/93JD_w0050.npy,acc_chest/93JD_w0050.npy,,0.719,2.91,False,0.0,0.0,
93JD_w0051,93JD,51,510.0,520.0,510.0,520.0,lift,chest,chest+forearm,gel,ecg/93JD_w0051.npy,acc_chest/93JD_w0051.npy,,0.735,2.827,False,0.0,0.0,
93JD_w0052,93JD,52,520.0,530.0,520.0,530.0,lift,chest,chest+forearm,gel,ecg/93JD_w0052.npy,acc_chest/93JD_w0052.npy,,0.699,2.41,False,0.0,0.0,
93JD_w0053,93JD,53,530.0,540.0,530.0,540.0,lift,chest,chest+forearm,gel,ecg/93JD_w0053.npy,acc_chest/93JD_w0053.npy,,0.841,12.953,False,0.0,0.0,
93JD_w0054,93JD,54,540.0,550.0,540.0,550.0,lift,chest,chest+forearm,gel,ecg/93JD_w0054.npy,acc_chest/93JD_w0054.npy,,0.349,12.992,False,0.0,0.0,
93JD_w0055,93JD,55,550.0,560.0,550.0,560.0,lift,chest,chest+forearm,gel,ecg/93JD_w0055.npy,acc_chest/93JD_w0055.npy,,0.611,13.321,False,0.0,0.0,
93JD_w0056,93JD,56,560.0,570.0,560.0,570.0,greetings,chest,chest+forearm,gel,ecg/93JD_w0056.npy,acc_chest/93JD_w0056.npy,,0.752,3.728,False,0.0,0.0,
93JD_w0057,93JD,57,570.0,580.0,570.0,580.0,greetings,chest,chest+forearm,gel,ecg/93JD_w0057.npy,acc_chest/93JD_w0057.npy,,0.755,3.616,False,0.0,0.0,
93JD_w0058,93JD,58,580.0,590.0,580.0,590.0,greetings,chest,chest+forearm,gel,ecg/93JD_w0058.npy,acc_chest/93JD_w0058.npy,,0.765,3.659,False,0.0,0.0,
93JD_w0059,93JD,59,590.0,600.0,590.0,600.0,greetings,chest,chest+forearm,gel,ecg/93JD_w0059.npy,acc_chest/93JD_w0059.npy,,0.738,3.579,False,0.0,0.0,
93JD_w0060,93JD,60,600.0,610.0,600.0,610.0,greetings,chest,chest+forearm,gel,ecg/93JD_w0060.npy,acc_chest/93JD_w0060.npy,,0.806,12.944,False,0.0,0.0,
93JD_w0061,93JD,61,610.0,620.0,610.0,620.0,greetings,chest,chest+forearm,gel,ecg/93JD_w0061.npy,acc_chest/93JD_w0061.npy,,0.349,12.992,False,0.0,0.0,
93JD_w0062,93JD,62,620.0,630.0,620.0,630.0,greetings,chest,chest+forearm,gel,ecg/93JD_w0062.npy,acc_chest/93JD_w0062.npy,,0.349,12.992,False,0.0,0.0,
93JD_w0063,93JD,63,630.0,640.0,630.0,640.0,greetings,chest,chest+forearm,gel,ecg/93JD_w0063.npy,acc_chest/93JD_w0063.npy,,0.349,12.992,False,0.0,0.0,
93JD_w0064,93JD,64,640.0,650.0,640.0,650.0,greetings,chest,chest+forearm,gel,ecg/93JD_w0064.npy,acc_chest/93JD_w0064.npy,,0.542,13.311,False,0.0,0.0,
93JD_w0065,93JD,65,650.0,660.0,650.0,660.0,gesticulate,chest,chest+forearm,gel,ecg/93JD_w0065.npy,acc_chest/93JD_w0065.npy,,0.716,3.824,False,0.0,0.0,
93JD_w0066,93JD,66,660.0,670.0,660.0,670.0,gesticulate,chest,chest+forearm,gel,ecg/93JD_w0066.npy,acc_chest/93JD_w0066.npy,,0.718,3.936,False,0.0,0.0,
93JD_w0067,93JD,67,670.0,680.0,670.0,680.0,gesticulate,chest,chest+forearm,gel,ecg/93JD_w0067.npy,acc_chest/93JD_w0067.npy,,0.702,3.967,False,0.0,0.0,
93JD_w0068,93JD,68,680.0,690.0,680.0,690.0,gesticulate,chest,chest+forearm,gel,ecg/93JD_w0068.npy,acc_chest/93JD_w0068.npy,,0.726,3.864,False,0.0,0.0,
93JD_w0069,93JD,69,690.0,700.0,690.0,700.0,gesticulate,chest,chest+forearm,gel,ecg/93JD_w0069.npy,acc_chest/93JD_w0069.npy,,0.731,3.777,False,0.0,0.0,
93JD_w0070,93JD,70,700.0,710.0,700.0,710.0,gesticulate,chest,chest+forearm,gel,ecg/93JD_w0070.npy,acc_chest/93JD_w0070.npy,,0.71,3.888,False,0.0,0.0,
93JD_w0071,93JD,71,710.0,720.0,710.0,720.0,gesticulate,chest,chest+forearm,gel,ecg/93JD_w0071.npy,acc_chest/93JD_w0071.npy,,0.72,3.969,False,0.0,0.0,
93JD_w0072,93JD,72,720.0,730.0,720.0,730.0,gesticulate,chest,chest+forearm,gel,ecg/93JD_w0072.npy,acc_chest/93JD_w0072.npy,,0.71,3.815,False,0.0,0.0,
93JD_w0073,93JD,73,730.0,740.0,730.0,740.0,gesticulate,chest,chest+forearm,gel,ecg/93JD_w0073.npy,acc_chest/93JD_w0073.npy,,0.707,13.208,False,0.0,0.0,
93JD_w0074,93JD,74,740.0,750.0,740.0,750.0,gesticulate,chest,chest+forearm,gel,ecg/93JD_w0074.npy,acc_chest/93JD_w0074.npy,,0.349,12.992,False,0.0,0.0,
93JD_w0075,93JD,75,750.0,760.0,750.0,760.0,gesticulate,chest,chest+forearm,gel,ecg/93JD_w0075.npy,acc_chest/93JD_w0075.npy,,0.349,12.992,False,0.0,0.0,
93JD_w0076,93JD,76,760.0,770.0,760.0,770.0,gesticulate,chest,chest+forearm,gel,ecg/93JD_w0076.npy,acc_chest/93JD_w0076.npy,,0.349,12.992,False,0.0,0.0,
93JD_w0077,93JD,77,770.0,780.0,770.0,780.0,gesticulate,chest,chest+forearm,gel,ecg/93JD_w0077.npy,acc_chest/93JD_w0077.npy,,0.349,12.992,False,0.0,0.0,
93JD_w0078,93JD,78,780.0,790.0,780.0,790.0,gesticulate,chest,chest+forearm,gel,ecg/93JD_w0078.npy,acc_chest/93JD_w0078.npy,,0.349,12.992,False,0.0,0.0,
93JD_w0079,93JD,79,790.0,800.0,790.0,800.0,gesticulate,chest,chest+forearm,gel,ecg/93JD_w0079.npy,acc_chest/93JD_w0079.npy,,0.349,12.992,False,0.0,0.0,
93JD_w0080,93JD,80,800.0,810.0,800.0,810.0,gesticulate,chest,chest+forearm,gel,ecg/93JD_w0080.npy,acc_chest/93JD_w0080.npy,,0.349,12.992,False,0.0,0.0,
93JD_w0081,93JD,81,810.0,820.0,810.0,820.0,walk_before,chest,chest+forearm,gel,ecg/93JD_w0081.npy,acc_chest/93JD_w0081.npy,,0.928,13.335,False,0.0,0.0,
93JD_w0082,93JD,82,820.0,830.0,820.0,830.0,walk_before,chest,chest+forearm,gel,ecg/93JD_w0082.npy,acc_chest/93JD_w0082.npy,,0.697,3.83,False,0.0,0.0,
93JD_w0083,93JD,83,830.0,840.0,830.0,840.0,walk_before,chest,chest+forearm,gel,ecg/93JD_w0083.npy,acc_chest/93JD_w0083.npy,,0.696,3.845,False,0.0,0.0,
93JD_w0084,93JD,84,840.0,850.0,840.0,850.0,walk_before,chest,chest+forearm,gel,ecg/93JD_w0084.npy,acc_chest/93JD_w0084.npy,,0.682,3.823,False,0.0,0.0,
93JD_w0085,93JD,85,850.0,860.0,850.0,860.0,walk_before,chest,chest+forearm,gel,ecg/93JD_w0085.npy,acc_chest/93JD_w0085.npy,,0.68,3.904,False,0.0,0.0,
93JD_w0086,93JD,86,860.0,870.0,860.0,870.0,walk_before,chest,chest+forearm,gel,ecg/93JD_w0086.npy,acc_chest/93JD_w0086.npy,,0.689,3.922,False,0.0,0.0,
93JD_w0087,93JD,87,870.0,880.0,870.0,880.0,walk_before,chest,chest+forearm,gel,ecg/93JD_w0087.npy,acc_chest/93JD_w0087.npy,,0.696,3.912,False,0.0,0.0,
93JD_w0088,93JD,88,880.0,890.0,880.0,890.0,walk_before,chest,chest+forearm,gel,ecg/93JD_w0088.npy,acc_chest/93JD_w0088.npy,,0.703,3.885,False,0.0,0.0,
93JD_w0089,93JD,89,890.0,900.0,890.0,900.0,walk_before,chest,chest+forearm,gel,ecg/93JD_w0089.npy,acc_chest/93JD_w0089.npy,,0.677,3.868,False,0.0,0.0,
93JD_w0090,93JD,90,900.0,910.0,900.0,910.0,walk_before,chest,chest+forearm,gel,ecg/93JD_w0090.npy,acc_chest/93JD_w0090.npy,,0.697,3.943,False,0.0,0.0,
93JD_w0091,93JD,91,910.0,920.0,910.0,920.0,walk_before,chest,chest+forearm,gel,ecg/93JD_w0091.npy,acc_chest/93JD_w0091.npy,,0.711,4.045,False,0.0,0.0,
93JD_w0092,93JD,92,920.0,930.0,920.0,930.0,walk_before,chest,chest+forearm,gel,ecg/93JD_w0092.npy,acc_chest/93JD_w0092.npy,,0.7,4.093,False,0.0,0.0,
93JD_w0093,93JD,93,930.0,940.0,930.0,940.0,walk_before,chest,chest+forearm,gel,ecg/93JD_w0093.npy,acc_chest/93JD_w0093.npy,,0.715,3.39,False,0.0,0.0,
93JD_w0094,93JD,94,940.0,950.0,940.0,950.0,walk_before,chest,chest+forearm,gel,ecg/93JD_w0094.npy,acc_chest/93JD_w0094.npy,,0.737,3.256,False,0.0,0.0,
93JD_w0095,93JD,95,950.0,960.0,950.0,960.0,walk_before,chest,chest+forearm,gel,ecg/93JD_w0095.npy,acc_chest/93JD_w0095.npy,,0.812,3.777,False,0.0,0.0,
93JD_w0096,93JD,96,960.0,970.0,960.0,970.0,walk_before,chest,chest+forearm,gel,ecg/93JD_w0096.npy,acc_chest/93JD_w0096.npy,,0.799,3.894,False,0.0,0.0,
93JD_w0097,93JD,97,970.0,980.0,970.0,980.0,walk_before,chest,chest+forearm,gel,ecg/93JD_w0097.npy,acc_chest/93JD_w0097.npy,,0.809,3.814,False,0.0,0.0,
93JD_w0098,93JD,98,980.0,990.0,980.0,990.0,walk_before,chest,chest+forearm,gel,ecg/93JD_w0098.npy,acc_chest/93JD_w0098.npy,,0.827,4.192,False,0.0,0.0,
93JD_w0099,93JD,99,990.0,1000.0,990.0,1000.0,walk_before,chest,chest+forearm,gel,ecg/93JD_w0099.npy,acc_chest/93JD_w0099.npy,,0.883,4.379,False,0.0,0.0,
93JD_w0100,93JD,100,1000.0,1010.0,1000.0,1010.0,walk_before,chest,chest+forearm,gel,ecg/93JD_w0100.npy,acc_chest/93JD_w0100.npy,,0.798,3.912,False,0.0,0.0,
93JD_w0101,93JD,101,1010.0,1020.0,1010.0,1020.0,walk_before,chest,chest+forearm,gel,ecg/93JD_w0101.npy,acc_chest/93JD_w0101.npy,,0.795,3.952,False,0.0,0.0,
93JD_w0102,93JD,102,1020.0,1030.0,1020.0,1030.0,walk_before,chest,chest+forearm,gel,ecg/93JD_w0102.npy,acc_chest/93JD_w0102.npy,,0.808,3.914,False,0.0,0.0,
93JD_w0103,93JD,103,1030.0,1040.0,1030.0,1040.0,walk_before,chest,chest+forearm,gel,ecg/93JD_w0103.npy,acc_chest/93JD_w0103.npy,,0.774,4.073,False,0.0,0.0,
93JD_w0104,93JD,104,1040.0,1050.0,1040.0,1050.0,walk_before,chest,chest+forearm,gel,ecg/93JD_w0104.npy,acc_chest/93JD_w0104.npy,,0.81,4.214,False,0.0,0.0,
93JD_w0105,93JD,105,1050.0,1060.0,1050.0,1060.0,walk_before,chest,chest+forearm,gel,ecg/93JD_w0105.npy,acc_chest/93JD_w0105.npy,,0.806,3.891,False,0.0,0.0,
93JD_w0106,93JD,106,1060.0,1070.0,1060.0,1070.0,walk_before,chest,chest+forearm,gel,ecg/93JD_w0106.npy,acc_chest/93JD_w0106.npy,,0.815,4.016,False,0.0,0.0,
93JD_w0107,93JD,107,1070.0,1080.0,1070.0,1080.0,walk_before,chest,chest+forearm,gel,ecg/93JD_w0107.npy,acc_chest/93JD_w0107.npy,,0.85,4.448,False,0.0,0.0,
93JD_w0108,93JD,108,1080.0,1090.0,1080.0,1090.0,walk_before,chest,chest+forearm,gel,ecg/93JD_w0108.npy,acc_chest/93JD_w0108.npy,,0.751,13.448,False,0.0,0.0,
93JD_w0109,93JD,109,1090.0,1100.0,1090.0,1100.0,walk_before,chest,chest+forearm,gel,ecg/93JD_w0109.npy,acc_chest/93JD_w0109.npy,,0.349,12.992,False,0.0,0.0,
93JD_w0110,93JD,110,1100.0,1110.0,1100.0,1110.0,walk_before,chest,chest+forearm,gel,ecg/93JD_w0110.npy,acc_chest/93JD_w0110.npy,,0.349,12.992,False,0.0,0.0,
93JD_w0111,93JD,111,1110.0,1120.0,1110.0,1120.0,walk_before,chest,chest+forearm,gel,ecg/93JD_w0111.npy,acc_chest/93JD_w0111.npy,,0.349,12.992,False,0.0,0.0,
93JD_w0112,93JD,112,1120.0,1130.0,1120.0,1130.0,walk_before,chest,chest+forearm,gel,ecg/93JD_w0112.npy,acc_chest/93JD_w0112.npy,,0.349,12.992,False,0.0,0.0,
93JD_w0113,93JD,113,1130.0,1140.0,1130.0,1140.0,run,chest,chest+forearm,gel,ecg/93JD_w0113.npy,acc_chest/93JD_w0113.npy,,1.448,13.681,False,0.0,0.0,
93JD_w0114,93JD,114,1140.0,1150.0,1140.0,1150.0,run,chest,chest+forearm,gel,ecg/93JD_w0114.npy,acc_chest/93JD_w0114.npy,,1.237,4.725,False,0.0,0.0,
93JD_w0115,93JD,115,1150.0,1160.0,1150.0,1160.0,run,chest,chest+forearm,gel,ecg/93JD_w0115.npy,acc_chest/93JD_w0115.npy,,1.193,4.137,False,0.0,0.0,
93JD_w0116,93JD,116,1160.0,1170.0,1160.0,1170.0,run,chest,chest+forearm,gel,ecg/93JD_w0116.npy,acc_chest/93JD_w0116.npy,,1.19,2.79,False,0.0,0.0,
93JD_w0117,93JD,117,1170.0,1180.0,1170.0,1180.0,run,chest,chest+forearm,gel,ecg/93JD_w0117.npy,acc_chest/93JD_w0117.npy,,1.242,4.912,False,0.0,0.0,
93JD_w0118,93JD,118,1180.0,1190.0,1180.0,1190.0,run,chest,chest+forearm,gel,ecg/93JD_w0118.npy,acc_chest/93JD_w0118.npy,,1.241,5.204,False,0.0,0.0,
93JD_w0119,93JD,119,1190.0,1200.0,1190.0,1200.0,run,chest,chest+forearm,gel,ecg/93JD_w0119.npy,acc_chest/93JD_w0119.npy,,1.381,5.183,False,0.0,0.0,
93JD_w0120,93JD,120,1200.0,1210.0,1200.0,1210.0,run,chest,chest+forearm,gel,ecg/93JD_w0120.npy,acc_chest/93JD_w0120.npy,,1.181,5.021,False,0.0,0.0,
93JD_w0121,93JD,121,1210.0,1220.0,1210.0,1220.0,run,chest,chest+forearm,gel,ecg/93JD_w0121.npy,acc_chest/93JD_w0121.npy,,1.174,4.077,False,0.0,0.0,
93JD_w0122,93JD,122,1220.0,1230.0,1220.0,1230.0,run,chest,chest+forearm,gel,ecg/93JD_w0122.npy,acc_chest/93JD_w0122.npy,,1.062,3.553,False,0.0,0.0,
93JD_w0123,93JD,123,1230.0,1240.0,1230.0,1240.0,run,chest,chest+forearm,gel,ecg/93JD_w0123.npy,acc_chest/93JD_w0123.npy,,1.121,2.743,False,0.0,0.0,
93JD_w0124,93JD,124,1240.0,1250.0,1240.0,1250.0,run,chest,chest+forearm,gel,ecg/93JD_w0124.npy,acc_chest/93JD_w0124.npy,,1.145,4.431,False,0.0,0.0,
93JD_w0125,93JD,125,1250.0,1260.0,1250.0,1260.0,run,chest,chest+forearm,gel,ecg/93JD_w0125.npy,acc_chest/93JD_w0125.npy,,1.099,4.41,False,0.0,0.0,
93JD_w0126,93JD,126,1260.0,1270.0,1260.0,1270.0,run,chest,chest+forearm,gel,ecg/93JD_w0126.npy,acc_chest/93JD_w0126.npy,,1.08,2.573,False,0.0,0.0,
93JD_w0127,93JD,127,1270.0,1280.0,1270.0,1280.0,run,chest,chest+forearm,gel,ecg/93JD_w0127.npy,acc_chest/93JD_w0127.npy,,1.169,3.116,False,0.0,0.0,
93JD_w0128,93JD,128,1280.0,1290.0,1280.0,1290.0,run,chest,chest+forearm,gel,ecg/93JD_w0128.npy,acc_chest/93JD_w0128.npy,,1.17,4.005,False,0.0,0.0,
93JD_w0129,93JD,129,1290.0,1300.0,1290.0,1300.0,run,chest,chest+forearm,gel,ecg/93JD_w0129.npy,acc_chest/93JD_w0129.npy,,1.14,4.356,False,0.0,0.0,
93JD_w0130,93JD,130,1300.0,1310.0,1300.0,1310.0,run,chest,chest+forearm,gel,ecg/93JD_w0130.npy,acc_chest/93JD_w0130.npy,,1.141,4.541,False,0.0,0.0,
93JD_w0131,93JD,131,1310.0,1320.0,1310.0,1320.0,run,chest,chest+forearm,gel,ecg/93JD_w0131.npy,acc_chest/93JD_w0131.npy,,1.038,4.059,False,0.0,0.0,
93JD_w0132,93JD,132,1320.0,1330.0,1320.0,1330.0,run,chest,chest+forearm,gel,ecg/93JD_w0132.npy,acc_chest/93JD_w0132.npy,,1.09,2.648,False,0.0,0.0,
93JD_w0133,93JD,133,1330.0,1340.0,1330.0,1340.0,run,chest,chest+forearm,gel,ecg/93JD_w0133.npy,acc_chest/93JD_w0133.npy,,1.117,2.594,False,0.0,0.0,
93JD_w0134,93JD,134,1340.0,1350.0,1340.0,1350.0,run,chest,chest+forearm,gel,ecg/93JD_w0134.npy,acc_chest/93JD_w0134.npy,,1.184,4.899,False,0.0,0.0,
93JD_w0135,93JD,135,1350.0,1360.0,1350.0,1360.0,run,chest,chest+forearm,gel,ecg/93JD_w0135.npy,acc_chest/93JD_w0135.npy,,1.295,4.871,False,0.0,0.0,
93JD_w0136,93JD,136,1360.0,1370.0,1360.0,1370.0,run,chest,chest+forearm,gel,ecg/93JD_w0136.npy,acc_chest/93JD_w0136.npy,,1.298,13.875,False,0.0,0.0,
93JD_w0137,93JD,137,1370.0,1380.0,1370.0,1380.0,run,chest,chest+forearm,gel,ecg/93JD_w0137.npy,acc_chest/93JD_w0137.npy,,0.349,12.992,False,0.0,0.0,
93JD_w0138,93JD,138,1380.0,1390.0,1380.0,1390.0,run,chest,chest+forearm,gel,ecg/93JD_w0138.npy,acc_chest/93JD_w0138.npy,,0.349,12.992,False,0.0,0.0,
93JD_w0139,93JD,139,1390.0,1400.0,1390.0,1400.0,run,chest,chest+forearm,gel,ecg/93JD_w0139.npy,acc_chest/93JD_w0139.npy,,0.349,12.992,False,0.0,0.0,
93JD_w0140,93JD,140,1400.0,1410.0,1400.0,1410.0,run,chest,chest+forearm,gel,ecg/93JD_w0140.npy,acc_chest/93JD_w0140.npy,,1.071,13.131,False,0.0,0.0,
93JD_w0141,93JD,141,1410.0,1420.0,1410.0,1420.0,run,chest,chest+forearm,gel,ecg/93JD_w0141.npy,acc_chest/93JD_w0141.npy,,1.878,15.618,False,0.0,0.0,
93JD_w0142,93JD,142,1420.0,1430.0,1420.0,1430.0,run,chest,chest+forearm,gel,ecg/93JD_w0142.npy,acc_chest/93JD_w0142.npy,,1.708,14.753,False,0.0,0.0,
93JD_w0143,93JD,143,1430.0,1440.0,1430.0,1440.0,run,chest,chest+forearm,gel,ecg/93JD_w0143.npy,acc_chest/93JD_w0143.npy,,1.173,3.684,False,0.0,0.0,
93JD_w0144,93JD,144,1440.0,1450.0,1440.0,1450.0,run,chest,chest+forearm,gel,ecg/93JD_w0144.npy,acc_chest/93JD_w0144.npy,,1.299,4.138,False,0.0,0.0,
93JD_w0145,93JD,145,1450.0,1460.0,1450.0,1460.0,run,chest,chest+forearm,gel,ecg/93JD_w0145.npy,acc_chest/93JD_w0145.npy,,1.221,4.332,False,0.0,0.0,
93JD_w0146,93JD,146,1460.0,1470.0,1460.0,1470.0,run,chest,chest+forearm,gel,ecg/93JD_w0146.npy,acc_chest/93JD_w0146.npy,,1.331,4.169,False,0.0,0.0,
93JD_w0147,93JD,147,1470.0,1480.0,1470.0,1480.0,run,chest,chest+forearm,gel,ecg/93JD_w0147.npy,acc_chest/93JD_w0147.npy,,1.219,4.454,False,0.0,0.0,
93JD_w0148,93JD,148,1480.0,1490.0,1480.0,1490.0,run,chest,chest+forearm,gel,ecg/93JD_w0148.npy,acc_chest/93JD_w0148.npy,,1.114,3.839,False,0.0,0.0,
93JD_w0149,93JD,149,1490.0,1500.0,1490.0,1500.0,run,chest,chest+forearm,gel,ecg/93JD_w0149.npy,acc_chest/93JD_w0149.npy,,1.125,3.506,False,0.0,0.0,
93JD_w0150,93JD,150,1500.0,1510.0,1500.0,1510.0,run,chest,chest+forearm,gel,ecg/93JD_w0150.npy,acc_chest/93JD_w0150.npy,,1.173,4.649,False,0.0,0.0,
93JD_w0151,93JD,151,1510.0,1520.0,1510.0,1520.0,run,chest,chest+forearm,gel,ecg/93JD_w0151.npy,acc_chest/93JD_w0151.npy,,1.117,4.164,False,0.0,0.0,
93JD_w0152,93JD,152,1520.0,1530.0,1520.0,1530.0,run,chest,chest+forearm,gel,ecg/93JD_w0152.npy,acc_chest/93JD_w0152.npy,,1.159,3.76,False,0.0,0.0,
93JD_w0153,93JD,153,1530.0,1540.0,1530.0,1540.0,run,chest,chest+forearm,gel,ecg/93JD_w0153.npy,acc_chest/93JD_w0153.npy,,1.119,3.963,False,0.0,0.0,
93JD_w0154,93JD,154,1540.0,1550.0,1540.0,1550.0,run,chest,chest+forearm,gel,ecg/93JD_w0154.npy,acc_chest/93JD_w0154.npy,,1.164,3.811,False,0.0,0.0,
93JD_w0155,93JD,155,1550.0,1560.0,1550.0,1560.0,run,chest,chest+forearm,gel,ecg/93JD_w0155.npy,acc_chest/93JD_w0155.npy,,1.184,4.106,False,0.0,0.0,
93JD_w0156,93JD,156,1560.0,1570.0,1560.0,1570.0,run,chest,chest+forearm,gel,ecg/93JD_w0156.npy,acc_chest/93JD_w0156.npy,,1.243,4.2,False,0.0,0.0,
93JD_w0157,93JD,157,1570.0,1580.0,1570.0,1580.0,run,chest,chest+forearm,gel,ecg/93JD_w0157.npy,acc_chest/93JD_w0157.npy,,1.128,4.477,False,0.0,0.0,
93JD_w0158,93JD,158,1580.0,1590.0,1580.0,1590.0,run,chest,chest+forearm,gel,ecg/93JD_w0158.npy,acc_chest/93JD_w0158.npy,,1.137,4.03,False,0.0,0.0,
93JD_w0159,93JD,159,1590.0,1600.0,1590.0,1600.0,run,chest,chest+forearm,gel,ecg/93JD_w0159.npy,acc_chest/93JD_w0159.npy,,1.178,4.122,False,0.0,0.0,
93JD_w0160,93JD,160,1600.0,1610.0,1600.0,1610.0,run,chest,chest+forearm,gel,ecg/93JD_w0160.npy,acc_chest/93JD_w0160.npy,,1.125,4.581,False,0.0,0.0,
93JD_w0161,93JD,161,1610.0,1620.0,1610.0,1620.0,run,chest,chest+forearm,gel,ecg/93JD_w0161.npy,acc_chest/93JD_w0161.npy,,1.215,5.162,False,0.0,0.0,
93JD_w0162,93JD,162,1620.0,1630.0,1620.0,1630.0,run,chest,chest+forearm,gel,ecg/93JD_w0162.npy,acc_chest/93JD_w0162.npy,,1.23,4.646,False,0.0,0.0,
93JD_w0163,93JD,163,1630.0,1640.0,1630.0,1640.0,run,chest,chest+forearm,gel,ecg/93JD_w0163.npy,acc_chest/93JD_w0163.npy,,1.267,3.328,False,0.0,0.0,
93JD_w0164,93JD,164,1640.0,1650.0,1640.0,1650.0,run,chest,chest+forearm,gel,ecg/93JD_w0164.npy,acc_chest/93JD_w0164.npy,,1.053,3.048,False,0.0,0.0,
93JD_w0165,93JD,165,1650.0,1660.0,1650.0,1660.0,run,chest,chest+forearm,gel,ecg/93JD_w0165.npy,acc_chest/93JD_w0165.npy,,1.065,3.627,False,0.0,0.0,
93JD_w0166,93JD,166,1660.0,1670.0,1660.0,1670.0,run,chest,chest+forearm,gel,ecg/93JD_w0166.npy,acc_chest/93JD_w0166.npy,,1.153,3.944,False,0.0,0.0,
93JD_w0167,93JD,167,1670.0,1680.0,1670.0,1680.0,run,chest,chest+forearm,gel,ecg/93JD_w0167.npy,acc_chest/93JD_w0167.npy,,1.141,5.168,False,0.0,0.0,
93JD_w0168,93JD,168,1680.0,1690.0,1680.0,1690.0,run,chest,chest+forearm,gel,ecg/93JD_w0168.npy,acc_chest/93JD_w0168.npy,,1.165,4.871,False,0.0,0.0,
93JD_w0169,93JD,169,1690.0,1700.0,1690.0,1700.0,run,chest,chest+forearm,gel,ecg/93JD_w0169.npy,acc_chest/93JD_w0169.npy,,0.728,12.928,False,0.0,0.0,
93JD_w0170,93JD,170,1700.0,1710.0,1700.0,1710.0,run,chest,chest+forearm,gel,ecg/93JD_w0170.npy,acc_chest/93JD_w0170.npy,,0.349,12.992,False,0.0,0.0,
93JD_w0171,93JD,171,1710.0,1720.0,1710.0,1720.0,run,chest,chest+forearm,gel,ecg/93JD_w0171.npy,acc_chest/93JD_w0171.npy,,0.349,12.992,False,0.0,0.0,
93JD_w0172,93JD,172,1720.0,1730.0,1720.0,1730.0,run,chest,chest+forearm,gel,ecg/93JD_w0172.npy,acc_chest/93JD_w0172.npy,,0.349,12.992,False,0.0,0.0,
93JD_w0173,93JD,173,1730.0,1740.0,1730.0,1740.0,run,chest,chest+forearm,gel,ecg/93JD_w0173.npy,acc_chest/93JD_w0173.npy,,1.358,13.526,False,0.0,0.0,
93JD_w0174,93JD,174,1740.0,1750.0,1740.0,1750.0,run,chest,chest+forearm,gel,ecg/93JD_w0174.npy,acc_chest/93JD_w0174.npy,,1.079,3.278,False,0.0,0.0,
93JD_w0175,93JD,175,1750.0,1760.0,1750.0,1760.0,run,chest,chest+forearm,gel,ecg/93JD_w0175.npy,acc_chest/93JD_w0175.npy,,1.065,3.796,False,0.0,0.0,
93JD_w0176,93JD,176,1760.0,1770.0,1760.0,1770.0,run,chest,chest+forearm,gel,ecg/93JD_w0176.npy,acc_chest/93JD_w0176.npy,,1.086,3.91,False,0.0,0.0,
93JD_w0177,93JD,177,1770.0,1780.0,1770.0,1780.0,run,chest,chest+forearm,gel,ecg/93JD_w0177.npy,acc_chest/93JD_w0177.npy,,1.106,3.477,False,0.0,0.0,
93JD_w0178,93JD,178,1780.0,1790.0,1780.0,1790.0,run,chest,chest+forearm,gel,ecg/93JD_w0178.npy,acc_chest/93JD_w0178.npy,,1.096,3.693,False,0.0,0.0,
93JD_w0179,93JD,179,1790.0,1800.0,1790.0,1800.0,run,chest,chest+forearm,gel,ecg/93JD_w0179.npy,acc_chest/93JD_w0179.npy,,1.037,3.865,False,0.0,0.0,
93JD_w0180,93JD,180,1800.0,1810.0,1800.0,1810.0,run,chest,chest+forearm,gel,ecg/93JD_w0180.npy,acc_chest/93JD_w0180.npy,,1.076,3.485,False,0.0,0.0,
93JD_w0181,93JD,181,1810.0,1820.0,1810.0,1820.0,run,chest,chest+forearm,gel,ecg/93JD_w0181.npy,acc_chest/93JD_w0181.npy,,1.089,3.778,False,0.0,0.0,
93JD_w0182,93JD,182,1820.0,1830.0,1820.0,1830.0,run,chest,chest+forearm,gel,ecg/93JD_w0182.npy,acc_chest/93JD_w0182.npy,,1.067,4.022,False,0.0,0.0,
93JD_w0183,93JD,183,1830.0,1840.0,1830.0,1840.0,run,chest,chest+forearm,gel,ecg/93JD_w0183.npy,acc_chest/93JD_w0183.npy,,1.062,4.833,False,0.0,0.0,
93JD_w0184,93JD,184,1840.0,1850.0,1840.0,1850.0,run,chest,chest+forearm,gel,ecg/93JD_w0184.npy,acc_chest/93JD_w0184.npy,,1.074,4.567,False,0.0,0.0,
93JD_w0185,93JD,185,1850.0,1860.0,1850.0,1860.0,run,chest,chest+forearm,gel,ecg/93JD_w0185.npy,acc_chest/93JD_w0185.npy,,1.075,3.296,False,0.0,0.0,
93JD_w0186,93JD,186,1860.0,1870.0,1860.0,1870.0,run,chest,chest+forearm,gel,ecg/93JD_w0186.npy,acc_chest/93JD_w0186.npy,,1.079,3.919,False,0.0,0.0,
93JD_w0187,93JD,187,1870.0,1880.0,1870.0,1880.0,run,chest,chest+forearm,gel,ecg/93JD_w0187.npy,acc_chest/93JD_w0187.npy,,1.035,3.91,False,0.0,0.0,
93JD_w0188,93JD,188,1880.0,1890.0,1880.0,1890.0,run,chest,chest+forearm,gel,ecg/93JD_w0188.npy,acc_chest/93JD_w0188.npy,,1.076,4.059,False,0.0,0.0,
93JD_w0189,93JD,189,1890.0,1900.0,1890.0,1900.0,run,chest,chest+forearm,gel,ecg/93JD_w0189.npy,acc_chest/93JD_w0189.npy,,1.122,4.107,False,0.0,0.0,
93JD_w0190,93JD,190,1900.0,1910.0,1900.0,1910.0,run,chest,chest+forearm,gel,ecg/93JD_w0190.npy,acc_chest/93JD_w0190.npy,,1.075,4.301,False,0.0,0.0,
93JD_w0191,93JD,191,1910.0,1920.0,1910.0,1920.0,run,chest,chest+forearm,gel,ecg/93JD_w0191.npy,acc_chest/93JD_w0191.npy,,1.078,4.946,False,0.0,0.0,
93JD_w0192,93JD,192,1920.0,1930.0,1920.0,1930.0,run,chest,chest+forearm,gel,ecg/93JD_w0192.npy,acc_chest/93JD_w0192.npy,,1.165,4.404,False,0.0,0.0,
93JD_w0193,93JD,193,1930.0,1940.0,1930.0,1940.0,run,chest,chest+forearm,gel,ecg/93JD_w0193.npy,acc_chest/93JD_w0193.npy,,1.099,3.208,False,0.0,0.0,
93JD_w0194,93JD,194,1940.0,1950.0,1940.0,1950.0,run,chest,chest+forearm,gel,ecg/93JD_w0194.npy,acc_chest/93JD_w0194.npy,,1.056,3.74,False,0.0,0.0,
93JD_w0195,93JD,195,1950.0,1960.0,1950.0,1960.0,run,chest,chest+forearm,gel,ecg/93JD_w0195.npy,acc_chest/93JD_w0195.npy,,1.115,4.042,False,0.0,0.0,
93JD_w0196,93JD,196,1960.0,1970.0,1960.0,1970.0,run,chest,chest+forearm,gel,ecg/93JD_w0196.npy,acc_chest/93JD_w0196.npy,,1.047,4.024,False,0.0,0.0,
93JD_w0197,93JD,197,1970.0,1980.0,1970.0,1980.0,run,chest,chest+forearm,gel,ecg/93JD_w0197.npy,acc_chest/93JD_w0197.npy,,1.11,4.401,False,0.0,0.0,
93JD_w0198,93JD,198,1980.0,1990.0,1980.0,1990.0,run,chest,chest+forearm,gel,ecg/93JD_w0198.npy,acc_chest/93JD_w0198.npy,,1.127,4.147,False,0.0,0.0,
93JD_w0199,93JD,199,1990.0,2000.0,1990.0,2000.0,run,chest,chest+forearm,gel,ecg/93JD_w0199.npy,acc_chest/93JD_w0199.npy,,1.084,3.279,False,0.0,0.0,
93JD_w0200,93JD,200,2000.0,2010.0,2000.0,2010.0,run,chest,chest+forearm,gel,ecg/93JD_w0200.npy,acc_chest/93JD_w0200.npy,,1.03,3.591,False,0.0,0.0,
93JD_w0201,93JD,201,2010.0,2020.0,2010.0,2020.0,run,chest,chest+forearm,gel,ecg/93JD_w0201.npy,acc_chest/93JD_w0201.npy,,1.019,3.573,False,0.0,0.0,
93JD_w0202,93JD,202,2020.0,2030.0,2020.0,2030.0,run,chest,chest+forearm,gel,ecg/93JD_w0202.npy,acc_chest/93JD_w0202.npy,,1.07,3.355,False,0.0,0.0,
93JD_w0203,93JD,203,2030.0,2040.0,2030.0,2040.0,run,chest,chest+forearm,gel,ecg/93JD_w0203.npy,acc_chest/93JD_w0203.npy,,1.135,3.715,False,0.0,0.0,
93JD_w0204,93JD,204,2040.0,2050.0,2040.0,2050.0,run,chest,chest+forearm,gel,ecg/93JD_w0204.npy,acc_chest/93JD_w0204.npy,,0.768,13.268,False,0.0,0.0,
93JD_w0205,93JD,205,2050.0,2060.0,2050.0,2060.0,run,chest,chest+forearm,gel,ecg/93JD_w0205.npy,acc_chest/93JD_w0205.npy,,0.349,12.992,False,0.0,0.0,
93JD_w0206,93JD,206,2060.0,2070.0,2060.0,2070.0,run,chest,chest+forearm,gel,ecg/93JD_w0206.npy,acc_chest/93JD_w0206.npy,,0.735,13.45,False,0.0,0.0,
93JD_w0207,93JD,207,2070.0,2080.0,2070.0,2080.0,run,chest,chest+forearm,gel,ecg/93JD_w0207.npy,acc_chest/93JD_w0207.npy,,1.02,3.74,False,0.0,0.0,
93JD_w0208,93JD,208,2080.0,2090.0,2080.0,2090.0,run,chest,chest+forearm,gel,ecg/93JD_w0208.npy,acc_chest/93JD_w0208.npy,,1.083,4.025,False,0.0,0.0,
93JD_w0209,93JD,209,2090.0,2100.0,2090.0,2100.0,run,chest,chest+forearm,gel,ecg/93JD_w0209.npy,acc_chest/93JD_w0209.npy,,1.057,3.536,False,0.0,0.0,
93JD_w0210,93JD,210,2100.0,2110.0,2100.0,2110.0,run,chest,chest+forearm,gel,ecg/93JD_w0210.npy,acc_chest/93JD_w0210.npy,,1.134,3.996,False,0.0,0.0,
93JD_w0211,93JD,211,2110.0,2120.0,2110.0,2120.0,run,chest,chest+forearm,gel,ecg/93JD_w0211.npy,acc_chest/93JD_w0211.npy,,1.19,4.147,False,0.0,0.0,
93JD_w0212,93JD,212,2120.0,2130.0,2120.0,2130.0,run,chest,chest+forearm,gel,ecg/93JD_w0212.npy,acc_chest/93JD_w0212.npy,,1.145,3.713,False,0.0,0.0,
93JD_w0213,93JD,213,2130.0,2140.0,2130.0,2140.0,run,chest,chest+forearm,gel,ecg/93JD_w0213.npy,acc_chest/93JD_w0213.npy,,1.11,3.915,False,0.0,0.0,
93JD_w0214,93JD,214,2140.0,2150.0,2140.0,2150.0,run,chest,chest+forearm,gel,ecg/93JD_w0214.npy,acc_chest/93JD_w0214.npy,,1.086,3.75,False,0.0,0.0,
93JD_w0215,93JD,215,2150.0,2160.0,2150.0,2160.0,run,chest,chest+forearm,gel,ecg/93JD_w0215.npy,acc_chest/93JD_w0215.npy,,1.067,3.301,False,0.0,0.0,
93JD_w0216,93JD,216,2160.0,2170.0,2160.0,2170.0,run,chest,chest+forearm,gel,ecg/93JD_w0216.npy,acc_chest/93JD_w0216.npy,,1.059,4.14,False,0.0,0.0,
93JD_w0217,93JD,217,2170.0,2180.0,2170.0,2180.0,run,chest,chest+forearm,gel,ecg/93JD_w0217.npy,acc_chest/93JD_w0217.npy,,1.196,4.66,False,0.0,0.0,
93JD_w0218,93JD,218,2180.0,2190.0,2180.0,2190.0,run,chest,chest+forearm,gel,ecg/93JD_w0218.npy,acc_chest/93JD_w0218.npy,,1.165,4.486,False,0.0,0.0,
93JD_w0219,93JD,219,2190.0,2200.0,2190.0,2200.0,run,chest,chest+forearm,gel,ecg/93JD_w0219.npy,acc_chest/93JD_w0219.npy,,1.142,4.482,False,0.0,0.0,
93JD_w0220,93JD,220,2200.0,2210.0,2200.0,2210.0,run,chest,chest+forearm,gel,ecg/93JD_w0220.npy,acc_chest/93JD_w0220.npy,,1.144,4.954,False,0.0,0.0,
93JD_w0221,93JD,221,2210.0,2220.0,2210.0,2220.0,run,chest,chest+forearm,gel,ecg/93JD_w0221.npy,acc_chest/93JD_w0221.npy,,1.277,4.761,False,0.0,0.0,
93JD_w0222,93JD,222,2220.0,2230.0,2220.0,2230.0,run,chest,chest+forearm,gel,ecg/93JD_w0222.npy,acc_chest/93JD_w0222.npy,,1.197,4.25,False,0.0,0.0,
93JD_w0223,93JD,223,2230.0,2240.0,2230.0,2240.0,run,chest,chest+forearm,gel,ecg/93JD_w0223.npy,acc_chest/93JD_w0223.npy,,1.151,3.945,False,0.0,0.0,
93JD_w0224,93JD,224,2240.0,2250.0,2240.0,2250.0,run,chest,chest+forearm,gel,ecg/93JD_w0224.npy,acc_chest/93JD_w0224.npy,,1.136,3.823,False,0.0,0.0,
93JD_w0225,93JD,225,2250.0,2260.0,2250.0,2260.0,run,chest,chest+forearm,gel,ecg/93JD_w0225.npy,acc_chest/93JD_w0225.npy,,1.14,4.185,False,0.0,0.0,
93JD_w0226,93JD,226,2260.0,2270.0,2260.0,2270.0,run,chest,chest+forearm,gel,ecg/93JD_w0226.npy,acc_chest/93JD_w0226.npy,,1.111,3.879,False,0.0,0.0,
93JD_w0227,93JD,227,2270.0,2280.0,2270.0,2280.0,run,chest,chest+forearm,gel,ecg/93JD_w0227.npy,acc_chest/93JD_w0227.npy,,1.078,3.342,False,0.0,0.0,
93JD_w0228,93JD,228,2280.0,2290.0,2280.0,2290.0,run,chest,chest+forearm,gel,ecg/93JD_w0228.npy,acc_chest/93JD_w0228.npy,,1.157,3.395,False,0.0,0.0,
93JD_w0229,93JD,229,2290.0,2300.0,2290.0,2300.0,run,chest,chest+forearm,gel,ecg/93JD_w0229.npy,acc_chest/93JD_w0229.npy,,1.253,3.537,False,0.0,0.0,
93JD_w0230,93JD,230,2300.0,2310.0,2300.0,2310.0,run,chest,chest+forearm,gel,ecg/93JD_w0230.npy,acc_chest/93JD_w0230.npy,,1.221,3.884,False,0.0,0.0,
93JD_w0231,93JD,231,2310.0,2320.0,2310.0,2320.0,run,chest,chest+forearm,gel,ecg/93JD_w0231.npy,acc_chest/93JD_w0231.npy,,1.091,4.099,False,0.0,0.0,
93JD_w0232,93JD,232,2320.0,2330.0,2320.0,2330.0,run,chest,chest+forearm,gel,ecg/93JD_w0232.npy,acc_chest/93JD_w0232.npy,,1.166,3.916,False,0.0,0.0,
93JD_w0233,93JD,233,2330.0,2340.0,2330.0,2340.0,run,chest,chest+forearm,gel,ecg/93JD_w0233.npy,acc_chest/93JD_w0233.npy,,1.14,3.95,False,0.0,0.0,
93JD_w0234,93JD,234,2340.0,2350.0,2340.0,2350.0,run,chest,chest+forearm,gel,ecg/93JD_w0234.npy,acc_chest/93JD_w0234.npy,,1.068,4.074,False,0.0,0.0,
93JD_w0235,93JD,235,2350.0,2360.0,2350.0,2360.0,run,chest,chest+forearm,gel,ecg/93JD_w0235.npy,acc_chest/93JD_w0235.npy,,1.099,4.653,False,0.0,0.0,
93JD_w0236,93JD,236,2360.0,2370.0,2360.0,2370.0,run,chest,chest+forearm,gel,ecg/93JD_w0236.npy,acc_chest/93JD_w0236.npy,,1.096,4.394,False,0.0,0.0,
93JD_w0237,93JD,237,2370.0,2380.0,2370.0,2380.0,run,chest,chest+forearm,gel,ecg/93JD_w0237.npy,acc_chest/93JD_w0237.npy,,1.09,3.698,False,0.0,0.0,
93JD_w0238,93JD,238,2380.0,2390.0,2380.0,2390.0,run,chest,chest+forearm,gel,ecg/93JD_w0238.npy,acc_chest/93JD_w0238.npy,,1.153,3.783,False,0.0,0.0,
93JD_w0239,93JD,239,2390.0,2400.0,2390.0,2400.0,run,chest,chest+forearm,gel,ecg/93JD_w0239.npy,acc_chest/93JD_w0239.npy,,1.113,3.643,False,0.0,0.0,
93JD_w0240,93JD,240,2400.0,2410.0,2400.0,2410.0,run,chest,chest+forearm,gel,ecg/93JD_w0240.npy,acc_chest/93JD_w0240.npy,,1.146,3.673,False,0.0,0.0,
93JD_w0241,93JD,241,2410.0,2420.0,2410.0,2420.0,run,chest,chest+forearm,gel,ecg/93JD_w0241.npy,acc_chest/93JD_w0241.npy,,1.185,3.88,False,0.0,0.0,
93JD_w0242,93JD,242,2420.0,2430.0,2420.0,2430.0,run,chest,chest+forearm,gel,ecg/93JD_w0242.npy,acc_chest/93JD_w0242.npy,,1.227,4.439,False,0.0,0.0,
93JD_w0243,93JD,243,2430.0,2440.0,2430.0,2440.0,run,chest,chest+forearm,gel,ecg/93JD_w0243.npy,acc_chest/93JD_w0243.npy,,1.133,4.547,False,0.0,0.0,
93JD_w0244,93JD,244,2440.0,2450.0,2440.0,2450.0,run,chest,chest+forearm,gel,ecg/93JD_w0244.npy,acc_chest/93JD_w0244.npy,,1.143,3.869,False,0.0,0.0,
93JD_w0245,93JD,245,2450.0,2460.0,2450.0,2460.0,run,chest,chest+forearm,gel,ecg/93JD_w0245.npy,acc_chest/93JD_w0245.npy,,1.079,3.808,False,0.0,0.0,
93JD_w0246,93JD,246,2460.0,2470.0,2460.0,2470.0,run,chest,chest+forearm,gel,ecg/93JD_w0246.npy,acc_chest/93JD_w0246.npy,,1.095,4.522,False,0.0,0.0,
93JD_w0247,93JD,247,2470.0,2480.0,2470.0,2480.0,run,chest,chest+forearm,gel,ecg/93JD_w0247.npy,acc_chest/93JD_w0247.npy,,1.106,4.365,False,0.0,0.0,
93JD_w0248,93JD,248,2480.0,2490.0,2480.0,2490.0,run,chest,chest+forearm,gel,ecg/93JD_w0248.npy,acc_chest/93JD_w0248.npy,,1.151,3.879,False,0.0,0.0,
93JD_w0249,93JD,249,2490.0,2500.0,2490.0,2500.0,run,chest,chest+forearm,gel,ecg/93JD_w0249.npy,acc_chest/93JD_w0249.npy,,1.091,3.993,False,0.0,0.0,
93JD_w0250,93JD,250,2500.0,2510.0,2500.0,2510.0,run,chest,chest+forearm,gel,ecg/93JD_w0250.npy,acc_chest/93JD_w0250.npy,,1.093,3.75,False,0.0,0.0,
93JD_w0251,93JD,251,2510.0,2520.0,2510.0,2520.0,run,chest,chest+forearm,gel,ecg/93JD_w0251.npy,acc_chest/93JD_w0251.npy,,1.199,13.527,False,0.0,0.0,
93JD_w0252,93JD,252,2520.0,2530.0,2520.0,2530.0,run,chest,chest+forearm,gel,ecg/93JD_w0252.npy,acc_chest/93JD_w0252.npy,,0.349,12.992,False,0.0,0.0,
93JD_w0253,93JD,253,2530.0,2540.0,2530.0,2540.0,run,chest,chest+forearm,gel,ecg/93JD_w0253.npy,acc_chest/93JD_w0253.npy,,0.806,13.337,False,0.0,0.0,
93JD_w0254,93JD,254,2540.0,2550.0,2540.0,2550.0,walk_after,chest,chest+forearm,gel,ecg/93JD_w0254.npy,acc_chest/93JD_w0254.npy,,0.953,3.762,False,0.0,0.0,
93JD_w0255,93JD,255,2550.0,2560.0,2550.0,2560.0,walk_after,chest,chest+forearm,gel,ecg/93JD_w0255.npy,acc_chest/93JD_w0255.npy,,1.007,4.426,False,0.0,0.0,
93JD_w0256,93JD,256,2560.0,2570.0,2560.0,2570.0,walk_after,chest,chest+forearm,gel,ecg/93JD_w0256.npy,acc_chest/93JD_w0256.npy,,0.982,4.332,False,0.0,0.0,
93JD_w0257,93JD,257,2570.0,2580.0,2570.0,2580.0,walk_after,chest,chest+forearm,gel,ecg/93JD_w0257.npy,acc_chest/93JD_w0257.npy,,1.144,4.02,False,0.0,0.0,
93JD_w0258,93JD,258,2580.0,2590.0,2580.0,2590.0,walk_after,chest,chest+forearm,gel,ecg/93JD_w0258.npy,acc_chest/93JD_w0258.npy,,1.264,4.285,False,0.0,0.0,
93JD_w0259,93JD,259,2590.0,2600.0,2590.0,2600.0,walk_after,chest,chest+forearm,gel,ecg/93JD_w0259.npy,acc_chest/93JD_w0259.npy,,1.167,3.966,False,0.0,0.0,
93JD_w0260,93JD,260,2600.0,2610.0,2600.0,2610.0,walk_after,chest,chest+forearm,gel,ecg/93JD_w0260.npy,acc_chest/93JD_w0260.npy,,1.107,3.699,False,0.0,0.0,
93JD_w0261,93JD,261,2610.0,2620.0,2610.0,2620.0,walk_after,chest,chest+forearm,gel,ecg/93JD_w0261.npy,acc_chest/93JD_w0261.npy,,1.229,4.32,False,0.0,0.0,
93JD_w0262,93JD,262,2620.0,2630.0,2620.0,2630.0,walk_after,chest,chest+forearm,gel,ecg/93JD_w0262.npy,acc_chest/93JD_w0262.npy,,1.272,4.508,False,0.0,0.0,
93JD_w0263,93JD,263,2630.0,2640.0,2630.0,2640.0,walk_after,chest,chest+forearm,gel,ecg/93JD_w0263.npy,acc_chest/93JD_w0263.npy,,1.173,4.64,False,0.0,0.0,
93JD_w0264,93JD,264,2640.0,2650.0,2640.0,2650.0,walk_after,chest,chest+forearm,gel,ecg/93JD_w0264.npy,acc_chest/93JD_w0264.npy,,1.17,4.516,False,0.0,0.0,
93JD_w0265,93JD,265,2650.0,2660.0,2650.0,2660.0,walk_after,chest,chest+forearm,gel,ecg/93JD_w0265.npy,acc_chest/93JD_w0265.npy,,1.175,3.661,False,0.0,0.0,
93JD_w0266,93JD,266,2660.0,2670.0,2660.0,2670.0,walk_after,chest,chest+forearm,gel,ecg/93JD_w0266.npy,acc_chest/93JD_w0266.npy,,1.2,3.603,False,0.0,0.0,
93JD_w0267,93JD,267,2670.0,2680.0,2670.0,2680.0,walk_after,chest,chest+forearm,gel,ecg/93JD_w0267.npy,acc_chest/93JD_w0267.npy,,1.186,3.657,False,0.0,0.0,
93JD_w0268,93JD,268,2680.0,2690.0,2680.0,2690.0,walk_after,chest,chest+forearm,gel,ecg/93JD_w0268.npy,acc_chest/93JD_w0268.npy,,1.236,4.724,False,0.0,0.0,
93JD_w0269,93JD,269,2690.0,2700.0,2690.0,2700.0,walk_after,chest,chest+forearm,gel,ecg/93JD_w0269.npy,acc_chest/93JD_w0269.npy,,1.169,4.598,False,0.0,0.0,
93JD_w0270,93JD,270,2700.0,2710.0,2700.0,2710.0,walk_after,chest,chest+forearm,gel,ecg/93JD_w0270.npy,acc_chest/93JD_w0270.npy,,1.169,3.614,False,0.0,0.0,
93JD_w0271,93JD,271,2710.0,2720.0,2710.0,2720.0,walk_after,chest,chest+forearm,gel,ecg/93JD_w0271.npy,acc_chest/93JD_w0271.npy,,1.09,4.676,False,0.0,0.0,
93JD_w0272,93JD,272,2720.0,2730.0,2720.0,2730.0,walk_after,chest,chest+forearm,gel,ecg/93JD_w0272.npy,acc_chest/93JD_w0272.npy,,1.153,5.292,False,0.0,0.0,
93JD_w0273,93JD,273,2730.0,2740.0,2730.0,2740.0,walk_after,chest,chest+forearm,gel,ecg/93JD_w0273.npy,acc_chest/93JD_w0273.npy,,1.168,4.389,False,0.0,0.0,
93JD_w0274,93JD,274,2740.0,2750.0,2740.0,2750.0,walk_after,chest,chest+forearm,gel,ecg/93JD_w0274.npy,acc_chest/93JD_w0274.npy,,1.114,3.662,False,0.0,0.0,
93JD_w0275,93JD,275,2750.0,2760.0,2750.0,2760.0,walk_after,chest,chest+forearm,gel,ecg/93JD_w0275.npy,acc_chest/93JD_w0275.npy,,1.095,3.842,False,0.0,0.0,
93JD_w0276,93JD,276,2760.0,2770.0,2760.0,2770.0,walk_after,chest,chest+forearm,gel,ecg/93JD_w0276.npy,acc_chest/93JD_w0276.npy,,1.104,4.076,False,0.0,0.0,
93JD_w0277,93JD,277,2770.0,2780.0,2770.0,2780.0,walk_after,chest,chest+forearm,gel,ecg/93JD_w0277.npy,acc_chest/93JD_w0277.npy,,1.007,12.801,False,0.0,0.0,
93JD_w0278,93JD,278,2780.0,2790.0,2780.0,2790.0,walk_after,chest,chest+forearm,gel,ecg/93JD_w0278.npy,acc_chest/93JD_w0278.npy,,0.349,12.992,False,0.0,0.0,
93JD_w0279,93JD,279,2790.0,2800.0,2790.0,2800.0,walk_after,chest,chest+forearm,gel,ecg/93JD_w0279.npy,acc_chest/93JD_w0279.npy,,0.802,13.327,False,0.0,0.0,
93JD_w0280,93JD,280,2800.0,2810.0,2800.0,2810.0,walk_after,chest,chest+forearm,gel,ecg/93JD_w0280.npy,acc_chest/93JD_w0280.npy,,1.044,3.629,False,0.0,0.0,
93JD_w0281,93JD,281,2810.0,2820.0,2810.0,2820.0,walk_after,chest,chest+forearm,gel,ecg/93JD_w0281.npy,acc_chest/93JD_w0281.npy,,1.031,3.633,False,0.0,0.0,
93JD_w0282,93JD,282,2820.0,2830.0,2820.0,2830.0,walk_after,chest,chest+forearm,gel,ecg/93JD_w0282.npy,acc_chest/93JD_w0282.npy,,1.053,3.873,False,0.0,0.0,
93JD_w0283,93JD,283,2830.0,2840.0,2830.0,2840.0,walk_after,chest,chest+forearm,gel,ecg/93JD_w0283.npy,acc_chest/93JD_w0283.npy,,1.148,4.142,False,0.0,0.0,
93JD_w0284,93JD,284,2840.0,2850.0,2840.0,2850.0,walk_after,chest,chest+forearm,gel,ecg/93JD_w0284.npy,acc_chest/93JD_w0284.npy,,1.107,3.935,False,0.0,0.0,
93JD_w0285,93JD,285,2850.0,2860.0,2850.0,2860.0,walk_after,chest,chest+forearm,gel,ecg/93JD_w0285.npy,acc_chest/93JD_w0285.npy,,1.122,3.653,False,0.0,0.0,
93JD_w0286,93JD,286,2860.0,2870.0,2860.0,2870.0,walk_after,chest,chest+forearm,gel,ecg/93JD_w0286.npy,acc_chest/93JD_w0286.npy,,1.093,3.564,False,0.0,0.0,
93JD_w0287,93JD,287,2870.0,2880.0,2870.0,2880.0,walk_after,chest,chest+forearm,gel,ecg/93JD_w0287.npy,acc_chest/93JD_w0287.npy,,1.038,3.82,False,0.0,0.0,
93JD_w0288,93JD,288,2880.0,2890.0,2880.0,2890.0,walk_after,chest,chest+forearm,gel,ecg/93JD_w0288.npy,acc_chest/93JD_w0288.npy,,1.053,4.44,False,0.0,0.0,
93JD_w0289,93JD,289,2890.0,2900.0,2890.0,2900.0,walk_after,chest,chest+forearm,gel,ecg/93JD_w0289.npy,acc_chest/93JD_w0289.npy,,1.069,4.232,False,0.0,0.0,
93JD_w0290,93JD,290,2900.0,2910.0,2900.0,2910.0,walk_after,chest,chest+forearm,gel,ecg/93JD_w0290.npy,acc_chest/93JD_w0290.npy,,1.174,3.697,False,0.0,0.0,
93JD_w0291,93JD,291,2910.0,2920.0,2910.0,2920.0,walk_after,chest,chest+forearm,gel,ecg/93JD_w0291.npy,acc_chest/93JD_w0291.npy,,0.996,3.835,False,0.0,0.0,
93JD_w0292,93JD,292,2920.0,2930.0,2920.0,2930.0,walk_after,chest,chest+forearm,gel,ecg/93JD_w0292.npy,acc_chest/93JD_w0292.npy,,0.889,3.665,False,0.0,0.0,
93JD_w0293,93JD,293,2930.0,2940.0,2930.0,2940.0,walk_after,chest,chest+forearm,gel,ecg/93JD_w0293.npy,acc_chest/93JD_w0293.npy,,1.153,3.629,False,0.0,0.0,
93JD_w0294,93JD,294,2940.0,2950.0,2940.0,2950.0,walk_after,chest,chest+forearm,gel,ecg/93JD_w0294.npy,acc_chest/93JD_w0294.npy,,1.069,3.506,False,0.0,0.0,
93JD_w0295,93JD,295,2950.0,2960.0,2950.0,2960.0,walk_after,chest,chest+forearm,gel,ecg/93JD_w0295.npy,acc_chest/93JD_w0295.npy,,1.133,3.801,False,0.0,0.0,
93JD_w0296,93JD,296,2960.0,2970.0,2960.0,2970.0,walk_after,chest,chest+forearm,gel,ecg/93JD_w0296.npy,acc_chest/93JD_w0296.npy,,1.068,4.187,False,0.0,0.0,
93JD_w0297,93JD,297,2970.0,2980.0,2970.0,2980.0,walk_after,chest,chest+forearm,gel,ecg/93JD_w0297.npy,acc_chest/93JD_w0297.npy,,1.117,4.46,False,0.0,0.0,
93JD_w0298,93JD,298,2980.0,2990.0,2980.0,2990.0,walk_after,chest,chest+forearm,gel,ecg/93JD_w0298.npy,acc_chest/93JD_w0298.npy,,1.191,4.802,False,0.0,0.0,
93JD_w0299,93JD,299,2990.0,3000.0,2990.0,3000.0,walk_after,chest,chest+forearm,gel,ecg/93JD_w0299.npy,acc_chest/93JD_w0299.npy,,1.05,4.519,False,0.0,0.0,
93JD_w0300,93JD,300,3000.0,3010.0,3000.0,3010.0,walk_after,chest,chest+forearm,gel,ecg/93JD_w0300.npy,acc_chest/93JD_w0300.npy,,1.085,4.349,False,0.0,0.0,
93JD_w0301,93JD,301,3010.0,3020.0,3010.0,3020.0,walk_after,chest,chest+forearm,gel,ecg/93JD_w0301.npy,acc_chest/93JD_w0301.npy,,1.045,4.225,False,0.0,0.0,
93JD_w0302,93JD,302,3020.0,3030.0,3020.0,3030.0,walk_after,chest,chest+forearm,gel,ecg/93JD_w0302.npy,acc_chest/93JD_w0302.npy,,1.039,3.672,False,0.0,0.0,
93JD_w0303,93JD,303,3030.0,3040.0,3030.0,3040.0,walk_after,chest,chest+forearm,gel,ecg/93JD_w0303.npy,acc_chest/93JD_w0303.npy,,1.035,3.729,False,0.0,0.0,
93JD_w0304,93JD,304,3040.0,3050.0,3040.0,3050.0,walk_after,chest,chest+forearm,gel,ecg/93JD_w0304.npy,acc_chest/93JD_w0304.npy,,1.009,3.616,False,0.0,0.0,
93JD_w0305,93JD,305,3050.0,3060.0,3050.0,3060.0,walk_after,chest,chest+forearm,gel,ecg/93JD_w0305.npy,acc_chest/93JD_w0305.npy,,0.965,3.563,False,0.0,0.0,
93JD_w0306,93JD,306,3060.0,3070.0,3060.0,3070.0,walk_after,chest,chest+forearm,gel,ecg/93JD_w0306.npy,acc_chest/93JD_w0306.npy,,1.052,3.69,False,0.0,0.0,
93JD_w0307,93JD,307,3070.0,3080.0,3070.0,3080.0,walk_after,chest,chest+forearm,gel,ecg/93JD_w0307.npy,acc_chest/93JD_w0307.npy,,0.984,4.175,False,0.0,0.0,
93JD_w0308,93JD,308,3080.0,3090.0,3080.0,3090.0,walk_after,chest,chest+forearm,gel,ecg/93JD_w0308.npy,acc_chest/93JD_w0308.npy,,1.034,4.938,False,0.0,0.0,
93JD_w0309,93JD,309,3090.0,3100.0,3090.0,3100.0,walk_after,chest,chest+forearm,gel,ecg/93JD_w0309.npy,acc_chest/93JD_w0309.npy,,1.348,13.763,False,0.0,0.0,
93JD_w0310,93JD,310,3100.0,3110.0,3100.0,3110.0,walk_after,chest,chest+forearm,gel,ecg/93JD_w0310.npy,acc_chest/93JD_w0310.npy,,0.349,12.992,False,0.0,0.0,
93JD_w0311,93JD,311,3110.0,3120.0,3110.0,3120.0,walk_after,chest,chest+forearm,gel,ecg/93JD_w0311.npy,acc_chest/93JD_w0311.npy,,0.349,12.992,False,0.0,0.0,
93JD_w0312,93JD,312,3120.0,3130.0,3120.0,3130.0,walk_after,chest,chest+forearm,gel,ecg/93JD_w0312.npy,acc_chest/93JD_w0312.npy,,1.077,13.14,False,0.0,0.0,
93JD_w0313,93JD,313,3130.0,3140.0,3130.0,3140.0,walk_after,chest,chest+forearm,gel,ecg/93JD_w0313.npy,acc_chest/93JD_w0313.npy,,0.812,3.69,False,0.0,0.0,
93JD_w0314,93JD,314,3140.0,3150.0,3140.0,3150.0,walk_after,chest,chest+forearm,gel,ecg/93JD_w0314.npy,acc_chest/93JD_w0314.npy,,0.835,3.921,False,0.0,0.0,
93JD_w0315,93JD,315,3150.0,3160.0,3150.0,3160.0,walk_after,chest,chest+forearm,gel,ecg/93JD_w0315.npy,acc_chest/93JD_w0315.npy,,0.861,4.062,False,0.0,0.0,
93JD_w0316,93JD,316,3160.0,3170.0,3160.0,3170.0,walk_after,chest,chest+forearm,gel,ecg/93JD_w0316.npy,acc_chest/93JD_w0316.npy,,0.82,3.888,False,0.0,0.0,
93JD_w0317,93JD,317,3170.0,3180.0,3170.0,3180.0,walk_after,chest,chest+forearm,gel,ecg/93JD_w0317.npy,acc_chest/93JD_w0317.npy,,0.784,3.888,False,0.0,0.0,
93JD_w0318,93JD,318,3180.0,3190.0,3180.0,3190.0,walk_after,chest,chest+forearm,gel,ecg/93JD_w0318.npy,acc_chest/93JD_w0318.npy,,0.784,4.0,False,0.0,0.0,
93JD_w0319,93JD,319,3190.0,3200.0,3190.0,3200.0,walk_after,chest,chest+forearm,gel,ecg/93JD_w0319.npy,acc_chest/93JD_w0319.npy,,0.806,3.91,False,0.0,0.0,
93JD_w0320,93JD,320,3200.0,3210.0,3200.0,3210.0,walk_after,chest,chest+forearm,gel,ecg/93JD_w0320.npy,acc_chest/93JD_w0320.npy,,0.768,3.974,False,0.0,0.0,
93JD_w0321,93JD,321,3210.0,3220.0,3210.0,3220.0,walk_after,chest,chest+forearm,gel,ecg/93JD_w0321.npy,acc_chest/93JD_w0321.npy,,0.78,4.077,False,0.0,0.0,
93JD_w0322,93JD,322,3220.0,3230.0,3220.0,3230.0,walk_after,chest,chest+forearm,gel,ecg/93JD_w0322.npy,acc_chest/93JD_w0322.npy,,0.753,4.029,False,0.0,0.0,
93JD_w0323,93JD,323,3230.0,3240.0,3230.0,3240.0,walk_after,chest,chest+forearm,gel,ecg/93JD_w0323.npy,acc_chest/93JD_w0323.npy,,0.758,3.806,False,0.0,0.0,
93JD_w0324,93JD,324,3240.0,3250.0,3240.0,3250.0,walk_after,chest,chest+forearm,gel,ecg/93JD_w0324.npy,acc_chest/93JD_w0324.npy,,0.77,3.747,False,0.0,0.0,
93JD_w0325,93JD,325,3250.0,3260.0,3250.0,3260.0,walk_after,chest,chest+forearm,gel,ecg/93JD_w0325.npy,acc_chest/93JD_w0325.npy,,0.771,3.732,False,0.0,0.0,
93JD_w0326,93JD,326,3260.0,3270.0,3260.0,3270.0,walk_after,chest,chest+forearm,gel,ecg/93JD_w0326.npy,acc_chest/93JD_w0326.npy,,0.755,3.813,False,0.0,0.0,
93JD_w0327,93JD,327,3270.0,3280.0,3270.0,3280.0,walk_after,chest,chest+forearm,gel,ecg/93JD_w0327.npy,acc_chest/93JD_w0327.npy,,0.78,3.858,False,0.0,0.0,
93JD_w0328,93JD,328,3280.0,3290.0,3280.0,3290.0,walk_after,chest,chest+forearm,gel,ecg/93JD_w0328.npy,acc_chest/93JD_w0328.npy,,0.742,3.905,False,0.0,0.0,
93JD_w0329,93JD,329,3290.0,3300.0,3290.0,3300.0,walk_after,chest,chest+forearm,gel,ecg/93JD_w0329.npy,acc_chest/93JD_w0329.npy,,0.752,4.072,False,0.0,0.0,
93JD_w0330,93JD,330,3300.0,3310.0,3300.0,3310.0,walk_after,chest,chest+forearm,gel,ecg/93JD_w0330.npy,acc_chest/93JD_w0330.npy,,0.754,3.933,False,0.0,0.0,
93JD_w0331,93JD,331,3310.0,3320.0,3310.0,3320.0,walk_after,chest,chest+forearm,gel,ecg/93JD_w0331.npy,acc_chest/93JD_w0331.npy,,0.757,3.847,False,0.0,0.0,
93JD_w0332,93JD,332,3320.0,3330.0,3320.0,3328.0,walk_after,chest,chest+forearm,gel,ecg/93JD_w0332.npy,acc_chest/93JD_w0332.npy,,0.8,5.326,True,0.2,0.2,
AP3H_w0000,AP3H,0,621.0,631.0,621.0,631.0,baseline,chest+empatica,chest+empatica+forearm,gel,ecg/AP3H_w0000.npy,acc_chest/AP3H_w0000.npy,ppg_wrist/AP3H_w0000.npy,0.28,10.421,False,0.0,0.0,0.0
AP3H_w0001,AP3H,1,631.0,641.0,631.0,641.0,baseline,chest+empatica,chest+empatica+forearm,gel,ecg/AP3H_w0001.npy,acc_chest/AP3H_w0001.npy,ppg_wrist/AP3H_w0001.npy,0.28,10.421,False,0.0,0.0,0.0
AP3H_w0002,AP3H,2,641.0,651.0,641.0,651.0,baseline,chest+empatica,chest+empatica+forearm,gel,ecg/AP3H_w0002.npy,acc_chest/AP3H_w0002.npy,ppg_wrist/AP3H_w0002.npy,0.28,10.421,False,0.0,0.0,0.0
AP3H_w0003,AP3H,3,651.0,661.0,651.0,661.0,baseline,chest+empatica,chest+empatica+forearm,gel,ecg/AP3H_w0003.npy,acc_chest/AP3H_w0003.npy,ppg_wrist/AP3H_w0003.npy,0.28,10.421,False,0.0,0.0,0.0
AP3H_w0004,AP3H,4,661.0,671.0,661.0,671.0,baseline,chest+empatica,chest+empatica+forearm,gel,ecg/AP3H_w0004.npy,acc_chest/AP3H_w0004.npy,ppg_wrist/AP3H_w0004.npy,0.28,10.421,False,0.0,0.0,0.0
AP3H_w0005,AP3H,5,671.0,681.0,671.0,681.0,baseline,chest+empatica,chest+empatica+forearm,gel,ecg/AP3H_w0005.npy,acc_chest/AP3H_w0005.npy,ppg_wrist/AP3H_w0005.npy,0.794,10.874,False,0.0,0.0,0.0
AP3H_w0006,AP3H,6,681.0,691.0,681.0,691.0,lift,chest+empatica,chest+empatica+forearm,gel,ecg/AP3H_w0006.npy,acc_chest/AP3H_w0006.npy,ppg_wrist/AP3H_w0006.npy,0.708,3.252,False,0.0,0.0,0.0
AP3H_w0007,AP3H,7,691.0,701.0,691.0,701.0,lift,chest+empatica,chest+empatica+forearm,gel,ecg/AP3H_w0007.npy,acc_chest/AP3H_w0007.npy,ppg_wrist/AP3H_w0007.npy,0.706,2.837,False,0.0,0.0,0.0
AP3H_w0008,AP3H,8,701.0,711.0,701.0,711.0,lift,chest+empatica,chest+empatica+forearm,gel,ecg/AP3H_w0008.npy,acc_chest/AP3H_w0008.npy,ppg_wrist/AP3H_w0008.npy,0.693,2.869,False,0.0,0.0,0.0
AP3H_w0009,AP3H,9,711.0,721.0,711.0,721.0,lift,chest+empatica,chest+empatica+forearm,gel,ecg/AP3H_w0009.npy,acc_chest/AP3H_w0009.npy,ppg_wrist/AP3H_w0009.npy,0.668,2.933,False,0.0,0.0,0.0
AP3H_w0010,AP3H,10,721.0,731.0,721.0,731.0,lift,chest+empatica,chest+empatica+forearm,gel,ecg/AP3H_w0010.npy,acc_chest/AP3H_w0010.npy,ppg_wrist/AP3H_w0010.npy,0.659,2.803,False,0.0,0.0,0.0
AP3H_w0011,AP3H,11,731.0,741.0,731.0,741.0,lift,chest+empatica,chest+empatica+forearm,gel,ecg/AP3H_w0011.npy,acc_chest/AP3H_w0011.npy,ppg_wrist/AP3H_w0011.npy,0.649,2.482,False,0.0,0.0,0.0
AP3H_w0012,AP3H,12,741.0,751.0,741.0,751.0,lift,chest+empatica,chest+empatica+forearm,gel,ecg/AP3H_w0012.npy,acc_chest/AP3H_w0012.npy,ppg_wrist/AP3H_w0012.npy,0.398,10.205,False,0.0,0.0,0.0
AP3H_w0013,AP3H,13,751.0,761.0,751.0,761.0,lift,chest+empatica,chest+empatica+forearm,gel,ecg/AP3H_w0013.npy,acc_chest/AP3H_w0013.npy,ppg_wrist/AP3H_w0013.npy,0.28,10.421,False,0.0,0.0,0.0
AP3H_w0014,AP3H,14,761.0,771.0,761.0,771.0,lift,chest+empatica,chest+empatica+forearm,gel,ecg/AP3H_w0014.npy,acc_chest/AP3H_w0014.npy,ppg_wrist/AP3H_w0014.npy,0.28,10.421,False,0.0,0.0,0.0
AP3H_w0015,AP3H,15,771.0,781.0,771.0,781.0,lift,chest+empatica,chest+empatica+forearm,gel,ecg/AP3H_w0015.npy,acc_chest/AP3H_w0015.npy,ppg_wrist/AP3H_w0015.npy,0.28,10.421,False,0.0,0.0,0.0
AP3H_w0016,AP3H,16,781.0,791.0,781.0,791.0,lift,chest+empatica,chest+empatica+forearm,gel,ecg/AP3H_w0016.npy,acc_chest/AP3H_w0016.npy,ppg_wrist/AP3H_w0016.npy,0.28,10.421,False,0.0,0.0,0.0
AP3H_w0017,AP3H,17,791.0,801.0,791.0,801.0,lift,chest+empatica,chest+empatica+forearm,gel,ecg/AP3H_w0017.npy,acc_chest/AP3H_w0017.npy,ppg_wrist/AP3H_w0017.npy,0.765,10.616,False,0.0,0.0,0.0
AP3H_w0018,AP3H,18,801.0,811.0,801.0,811.0,greetings,chest+empatica,chest+empatica+forearm,gel,ecg/AP3H_w0018.npy,acc_chest/AP3H_w0018.npy,ppg_wrist/AP3H_w0018.npy,0.71,3.866,False,0.0,0.0,0.0
AP3H_w0019,AP3H,19,811.0,821.0,811.0,821.0,greetings,chest+empatica,chest+empatica+forearm,gel,ecg/AP3H_w0019.npy,acc_chest/AP3H_w0019.npy,ppg_wrist/AP3H_w0019.npy,0.694,3.676,False,0.0,0.0,0.0
AP3H_w0020,AP3H,20,821.0,831.0,821.0,831.0,greetings,chest+empatica,chest+empatica+forearm,gel,ecg/AP3H_w0020.npy,acc_chest/AP3H_w0020.npy,ppg_wrist/AP3H_w0020.npy,0.654,3.402,False,0.0,0.0,0.0
AP3H_w0021,AP3H,21,831.0,841.0,831.0,841.0,greetings,chest+empatica,chest+empatica+forearm,gel,ecg/AP3H_w0021.npy,acc_chest/AP3H_w0021.npy,ppg_wrist/AP3H_w0021.npy,0.65,3.415,False,0.0,0.0,0.0
AP3H_w0022,AP3H,22,841.0,851.0,841.0,851.0,greetings,chest+empatica,chest+empatica+forearm,gel,ecg/AP3H_w0022.npy,acc_chest/AP3H_w0022.npy,ppg_wrist/AP3H_w0022.npy,0.669,3.726,False,0.0,0.0,0.0
AP3H_w0023,AP3H,23,851.0,861.0,851.0,861.0,greetings,chest+empatica,chest+empatica+forearm,gel,ecg/AP3H_w0023.npy,acc_chest/AP3H_w0023.npy,ppg_wrist/AP3H_w0023.npy,0.381,10.468,False,0.0,0.0,0.0
AP3H_w0024,AP3H,24,861.0,871.0,861.0,871.0,greetings,chest+empatica,chest+empatica+forearm,gel,ecg/AP3H_w0024.npy,acc_chest/AP3H_w0024.npy,ppg_wrist/AP3H_w0024.npy,0.28,10.421,False,0.0,0.0,0.0
AP3H_w0025,AP3H,25,871.0,881.0,871.0,881.0,greetings,chest+empatica,chest+empatica+forearm,gel,ecg/AP3H_w0025.npy,acc_chest/AP3H_w0025.npy,ppg_wrist/AP3H_w0025.npy,0.28,10.421,False,0.0,0.0,0.0
AP3H_w0026,AP3H,26,881.0,891.0,881.0,891.0,greetings,chest+empatica,chest+empatica+forearm,gel,ecg/AP3H_w0026.npy,acc_chest/AP3H_w0026.npy,ppg_wrist/AP3H_w0026.npy,0.28,10.421,False,0.0,0.0,0.0
AP3H_w0027,AP3H,27,891.0,901.0,891.0,901.0,greetings,chest+empatica,chest+empatica+forearm,gel,ecg/AP3H_w0027.npy,acc_chest/AP3H_w0027.npy,ppg_wrist/AP3H_w0027.npy,0.28,10.421,False,0.0,0.0,0.0
AP3H_w0028,AP3H,28,901.0,911.0,901.0,911.0,greetings,chest+empatica,chest+empatica+forearm,gel,ecg/AP3H_w0028.npy,acc_chest/AP3H_w0028.npy,ppg_wrist/AP3H_w0028.npy,0.746,10.511,False,0.0,0.0,0.0
AP3H_w0029,AP3H,29,911.0,921.0,911.0,921.0,gesticulate,chest+empatica,chest+empatica+forearm,gel,ecg/AP3H_w0029.npy,acc_chest/AP3H_w0029.npy,ppg_wrist/AP3H_w0029.npy,0.657,3.411,False,0.0,0.0,0.0
AP3H_w0030,AP3H,30,921.0,931.0,921.0,931.0,gesticulate,chest+empatica,chest+empatica+forearm,gel,ecg/AP3H_w0030.npy,acc_chest/AP3H_w0030.npy,ppg_wrist/AP3H_w0030.npy,0.658,3.449,False,0.0,0.0,0.0
AP3H_w0031,AP3H,31,931.0,941.0,931.0,941.0,gesticulate,chest+empatica,chest+empatica+forearm,gel,ecg/AP3H_w0031.npy,acc_chest/AP3H_w0031.npy,ppg_wrist/AP3H_w0031.npy,0.643,3.439,False,0.0,0.0,0.0
AP3H_w0032,AP3H,32,941.0,951.0,941.0,951.0,gesticulate,chest+empatica,chest+empatica+forearm,gel,ecg/AP3H_w0032.npy,acc_chest/AP3H_w0032.npy,ppg_wrist/AP3H_w0032.npy,0.66,3.31,False,0.0,0.0,0.0
AP3H_w0033,AP3H,33,951.0,961.0,951.0,961.0,gesticulate,chest+empatica,chest+empatica+forearm,gel,ecg/AP3H_w0033.npy,acc_chest/AP3H_w0033.npy,ppg_wrist/AP3H_w0033.npy,0.677,3.355,False,0.0,0.0,0.0
AP3H_w0034,AP3H,34,961.0,971.0,961.0,971.0,gesticulate,chest+empatica,chest+empatica+forearm,gel,ecg/AP3H_w0034.npy,acc_chest/AP3H_w0034.npy,ppg_wrist/AP3H_w0034.npy,0.657,3.416,False,0.0,0.0,0.0
AP3H_w0035,AP3H,35,971.0,981.0,971.0,981.0,gesticulate,chest+empatica,chest+empatica+forearm,gel,ecg/AP3H_w0035.npy,acc_chest/AP3H_w0035.npy,ppg_wrist/AP3H_w0035.npy,0.668,3.363,False,0.0,0.0,0.0
AP3H_w0036,AP3H,36,981.0,991.0,981.0,991.0,gesticulate,chest+empatica,chest+empatica+forearm,gel,ecg/AP3H_w0036.npy,acc_chest/AP3H_w0036.npy,ppg_wrist/AP3H_w0036.npy,0.865,10.564,False,0.0,0.0,0.0
AP3H_w0037,AP3H,37,991.0,1001.0,991.0,1001.0,gesticulate,chest+empatica,chest+empatica+forearm,gel,ecg/AP3H_w0037.npy,acc_chest/AP3H_w0037.npy,ppg_wrist/AP3H_w0037.npy,0.28,10.421,False,0.0,0.0,0.0
AP3H_w0038,AP3H,38,1001.0,1011.0,1001.0,1011.0,gesticulate,chest+empatica,chest+empatica+forearm,gel,ecg/AP3H_w0038.npy,acc_chest/AP3H_w0038.npy,ppg_wrist/AP3H_w0038.npy,0.28,10.421,False,0.0,0.0,0.0
AP3H_w0039,AP3H,39,1011.0,1021.0,1011.0,1021.0,gesticulate,chest+empatica,chest+empatica+forearm,gel,ecg/AP3H_w0039.npy,acc_chest/AP3H_w0039.npy,ppg_wrist/AP3H_w0039.npy,0.28,10.421,False,0.0,0.0,0.0
AP3H_w0040,AP3H,40,1021.0,1031.0,1021.0,1031.0,gesticulate,chest+empatica,chest+empatica+forearm,gel,ecg/AP3H_w0040.npy,acc_chest/AP3H_w0040.npy,ppg_wrist/AP3H_w0040.npy,0.28,10.421,False,0.0,0.0,0.0
AP3H_w0041,AP3H,41,1031.0,1041.0,1031.0,1041.0,gesticulate,chest+empatica,chest+empatica+forearm,gel,ecg/AP3H_w0041.npy,acc_chest/AP3H_w0041.npy,ppg_wrist/AP3H_w0041.npy,0.28,10.421,False,0.0,0.0,0.0
AP3H_w0042,AP3H,42,1041.0,1051.0,1041.0,1051.0,gesticulate,chest+empatica,chest+empatica+forearm,gel,ecg/AP3H_w0042.npy,acc_chest/AP3H_w0042.npy,ppg_wrist/AP3H_w0042.npy,0.28,10.421,False,0.0,0.0,0.0
AP3H_w0043,AP3H,43,1051.0,1061.0,1051.0,1061.0,gesticulate,chest+empatica,chest+empatica+forearm,gel,ecg/AP3H_w0043.npy,acc_chest/AP3H_w0043.npy,ppg_wrist/AP3H_w0043.npy,0.28,10.421,False,0.0,0.0,0.0
AP3H_w0044,AP3H,44,1061.0,1071.0,1061.0,1071.0,gesticulate,chest+empatica,chest+empatica+forearm,gel,ecg/AP3H_w0044.npy,acc_chest/AP3H_w0044.npy,ppg_wrist/AP3H_w0044.npy,0.28,10.421,False,0.0,0.0,0.0
AP3H_w0045,AP3H,45,1071.0,1081.0,1071.0,1081.0,gesticulate,chest+empatica,chest+empatica+forearm,gel,ecg/AP3H_w0045.npy,acc_chest/AP3H_w0045.npy,ppg_wrist/AP3H_w0045.npy,0.28,10.421,False,0.0,0.0,0.0
AP3H_w0046,AP3H,46,1081.0,1091.0,1081.0,1091.0,gesticulate,chest+empatica,chest+empatica+forearm,gel,ecg/AP3H_w0046.npy,acc_chest/AP3H_w0046.npy,ppg_wrist/AP3H_w0046.npy,0.28,10.421,False,0.0,0.0,0.0
AP3H_w0047,AP3H,47,1091.0,1101.0,1091.0,1101.0,gesticulate,chest+empatica,chest+empatica+forearm,gel,ecg/AP3H_w0047.npy,acc_chest/AP3H_w0047.npy,ppg_wrist/AP3H_w0047.npy,0.28,10.421,False,0.0,0.0,0.0
AP3H_w0048,AP3H,48,1101.0,1111.0,1101.0,1111.0,gesticulate,chest+empatica,chest+empatica+forearm,gel,ecg/AP3H_w0048.npy,acc_chest/AP3H_w0048.npy,ppg_wrist/AP3H_w0048.npy,0.28,10.421,False,0.0,0.0,0.0
AP3H_w0049,AP3H,49,1111.0,1121.0,1111.0,1121.0,gesticulate,chest+empatica,chest+empatica+forearm,gel,ecg/AP3H_w0049.npy,acc_chest/AP3H_w0049.npy,ppg_wrist/AP3H_w0049.npy,0.28,10.421,False,0.0,0.0,0.0
AP3H_w0050,AP3H,50,1121.0,1131.0,1121.0,1131.0,gesticulate,chest+empatica,chest+empatica+forearm,gel,ecg/AP3H_w0050.npy,acc_chest/AP3H_w0050.npy,ppg_wrist/AP3H_w0050.npy,0.28,10.421,False,0.0,0.0,0.0
AP3H_w0051,AP3H,51,1131.0,1141.0,1131.0,1141.0,gesticulate,chest+empatica,chest+empatica+forearm,gel,ecg/AP3H_w0051.npy,acc_chest/AP3H_w0051.npy,ppg_wrist/AP3H_w0051.npy,0.28,10.421,False,0.0,0.0,0.0
AP3H_w0052,AP3H,52,1141.0,1151.0,1141.0,1151.0,gesticulate,chest+empatica,chest+empatica+forearm,gel,ecg/AP3H_w0052.npy,acc_chest/AP3H_w0052.npy,ppg_wrist/AP3H_w0052.npy,0.28,10.421,False,0.0,0.0,0.0
AP3H_w0053,AP3H,53,1151.0,1161.0,1151.0,1161.0,gesticulate,chest+empatica,chest+empatica+forearm,gel,ecg/AP3H_w0053.npy,acc_chest/AP3H_w0053.npy,ppg_wrist/AP3H_w0053.npy,0.28,10.421,False,0.0,0.0,0.0
AP3H_w0054,AP3H,54,1161.0,1171.0,1161.0,1171.0,gesticulate,chest+empatica,chest+empatica+forearm,gel,ecg/AP3H_w0054.npy,acc_chest/AP3H_w0054.npy,ppg_wrist/AP3H_w0054.npy,0.28,10.421,False,0.0,0.0,0.0
AP3H_w0055,AP3H,55,1171.0,1181.0,1171.0,1181.0,gesticulate,chest+empatica,chest+empatica+forearm,gel,ecg/AP3H_w0055.npy,acc_chest/AP3H_w0055.npy,ppg_wrist/AP3H_w0055.npy,0.28,10.421,False,0.0,0.0,0.0
AP3H_w0056,AP3H,56,1181.0,1191.0,1181.0,1191.0,gesticulate,chest+empatica,chest+empatica+forearm,gel,ecg/AP3H_w0056.npy,acc_chest/AP3H_w0056.npy,ppg_wrist/AP3H_w0056.npy,0.406,10.54,False,0.0,0.0,0.0
AP3H_w0057,AP3H,57,1191.0,1201.0,1191.0,1201.0,gesticulate,chest+empatica,chest+empatica+forearm,gel,ecg/AP3H_w0057.npy,acc_chest/AP3H_w0057.npy,ppg_wrist/AP3H_w0057.npy,0.674,3.53,False,0.0,0.0,0.0
AP3H_w0058,AP3H,58,1201.0,1211.0,1201.0,1211.0,gesticulate,chest+empatica,chest+empatica+forearm,gel,ecg/AP3H_w0058.npy,acc_chest/AP3H_w0058.npy,ppg_wrist/AP3H_w0058.npy,0.753,3.617,False,0.0,0.0,0.0
AP3H_w0059,AP3H,59,1211.0,1221.0,1211.0,1221.0,gesticulate,chest+empatica,chest+empatica+forearm,gel,ecg/AP3H_w0059.npy,acc_chest/AP3H_w0059.npy,ppg_wrist/AP3H_w0059.npy,0.778,3.51,False,0.0,0.0,0.0
AP3H_w0060,AP3H,60,1221.0,1231.0,1221.0,1231.0,gesticulate,chest+empatica,chest+empatica+forearm,gel,ecg/AP3H_w0060.npy,acc_chest/AP3H_w0060.npy,ppg_wrist/AP3H_w0060.npy,0.774,3.384,False,0.0,0.0,0.0
AP3H_w0061,AP3H,61,1231.0,1241.0,1231.0,1241.0,gesticulate,chest+empatica,chest+empatica+forearm,gel,ecg/AP3H_w0061.npy,acc_chest/AP3H_w0061.npy,ppg_wrist/AP3H_w0061.npy,0.816,3.538,False,0.0,0.0,0.0
AP3H_w0062,AP3H,62,1241.0,1251.0,1241.0,1251.0,gesticulate,chest+empatica,chest+empatica+forearm,gel,ecg/AP3H_w0062.npy,acc_chest/AP3H_w0062.npy,ppg_wrist/AP3H_w0062.npy,0.78,3.492,False,0.0,0.0,0.0
AP3H_w0063,AP3H,63,1251.0,1261.0,1251.0,1261.0,gesticulate,chest+empatica,chest+empatica+forearm,gel,ecg/AP3H_w0063.npy,acc_chest/AP3H_w0063.npy,ppg_wrist/AP3H_w0063.npy,0.746,3.525,False,0.0,0.0,0.0
AP3H_w0064,AP3H,64,1261.0,1271.0,1261.0,1271.0,gesticulate,chest+empatica,chest+empatica+forearm,gel,ecg/AP3H_w0064.npy,acc_chest/AP3H_w0064.npy,ppg_wrist/AP3H_w0064.npy,0.689,3.429,False,0.0,0.0,0.0
AP3H_w0065,AP3H,65,1271.0,1281.0,1271.0,1281.0,gesticulate,chest+empatica,chest+empatica+forearm,gel,ecg/AP3H_w0065.npy,acc_chest/AP3H_w0065.npy,ppg_wrist/AP3H_w0065.npy,0.746,3.283,False,0.0,0.0,0.0
AP3H_w0066,AP3H,66,1281.0,1291.0,1281.0,1291.0,gesticulate,chest+empatica,chest+empatica+forearm,gel,ecg/AP3H_w0066.npy,acc_chest/AP3H_w0066.npy,ppg_wrist/AP3H_w0066.npy,0.878,10.922,False,0.0,0.0,0.0
AP3H_w0067,AP3H,67,1291.0,1301.0,1291.0,1301.0,gesticulate,chest+empatica,chest+empatica+forearm,gel,ecg/AP3H_w0067.npy,acc_chest/AP3H_w0067.npy,ppg_wrist/AP3H_w0067.npy,0.28,10.421,False,0.0,0.0,0.0
AP3H_w0068,AP3H,68,1301.0,1311.0,1301.0,1311.0,gesticulate,chest+empatica,chest+empatica+forearm,gel,ecg/AP3H_w0068.npy,acc_chest/AP3H_w0068.npy,ppg_wrist/AP3H_w0068.npy,0.28,10.421,False,0.0,0.0,0.0
AP3H_w0069,AP3H,69,1311.0,1321.0,1311.0,1321.0,gesticulate,chest+empatica,chest+empatica+forearm,gel,ecg/AP3H_w0069.npy,acc_chest/AP3H_w0069.npy,ppg_wrist/AP3H_w0069.npy,0.575,10.471,False,0.0,0.0,0.0
AP3H_w0070,AP3H,70,1321.0,1331.0,1321.0,1331.0,run,chest+empatica,chest+empatica+forearm,gel,ecg/AP3H_w0070.npy,acc_chest/AP3H_w0070.npy,ppg_wrist/AP3H_w0070.npy,1.42,4.207,False,0.0,0.0,0.0
AP3H_w0071,AP3H,71,1331.0,1341.0,1331.0,1341.0,run,chest+empatica,chest+empatica+forearm,gel,ecg/AP3H_w0071.npy,acc_chest/AP3H_w0071.npy,ppg_wrist/AP3H_w0071.npy,1.507,4.379,False,0.0,0.0,0.0
AP3H_w0072,AP3H,72,1341.0,1351.0,1341.0,1351.0,run,chest+empatica,chest+empatica+forearm,gel,ecg/AP3H_w0072.npy,acc_chest/AP3H_w0072.npy,ppg_wrist/AP3H_w0072.npy,1.342,4.55,False,0.0,0.0,0.0
AP3H_w0073,AP3H,73,1351.0,1361.0,1351.0,1361.0,run,chest+empatica,chest+empatica+forearm,gel,ecg/AP3H_w0073.npy,acc_chest/AP3H_w0073.npy,ppg_wrist/AP3H_w0073.npy,1.405,4.586,False,0.0,0.0,0.0
AP3H_w0074,AP3H,74,1361.0,1371.0,1361.0,1371.0,run,chest+empatica,chest+empatica+forearm,gel,ecg/AP3H_w0074.npy,acc_chest/AP3H_w0074.npy,ppg_wrist/AP3H_w0074.npy,1.449,3.182,False,0.0,0.0,0.0
AP3H_w0075,AP3H,75,1371.0,1381.0,1371.0,1381.0,run,chest+empatica,chest+empatica+forearm,gel,ecg/AP3H_w0075.npy,acc_chest/AP3H_w0075.npy,ppg_wrist/AP3H_w0075.npy,1.463,3.374,False,0.0,0.0,0.0
AP3H_w0076,AP3H,76,1381.0,1391.0,1381.0,1391.0,run,chest+empatica,chest+empatica+forearm,gel,ecg/AP3H_w0076.npy,acc_chest/AP3H_w0076.npy,ppg_wrist/AP3H_w0076.npy,1.455,4.49,False,0.0,0.0,0.0
AP3H_w0077,AP3H,77,1391.0,1401.0,1391.0,1401.0,run,chest+empatica,chest+empatica+forearm,gel,ecg/AP3H_w0077.npy,acc_chest/AP3H_w0077.npy,ppg_wrist/AP3H_w0077.npy,1.486,4.86,False,0.0,0.0,0.0
AP3H_w0078,AP3H,78,1401.0,1411.0,1401.0,1411.0,run,chest+empatica,chest+empatica+forearm,gel,ecg/AP3H_w0078.npy,acc_chest/AP3H_w0078.npy,ppg_wrist/AP3H_w0078.npy,1.562,4.967,False,0.0,0.0,0.0
AP3H_w0079,AP3H,79,1411.0,1421.0,1411.0,1421.0,run,chest+empatica,chest+empatica+forearm,gel,ecg/AP3H_w0079.npy,acc_chest/AP3H_w0079.npy,ppg_wrist/AP3H_w0079.npy,1.572,4.749,False,0.0,0.0,0.0
AP3H_w0080,AP3H,80,1421.0,1431.0,1421.0,1431.0,run,chest+empatica,chest+empatica+forearm,gel,ecg/AP3H_w0080.npy,acc_chest/AP3H_w0080.npy,ppg_wrist/AP3H_w0080.npy,1.511,4.439,False,0.0,0.0,0.0
AP3H_w0081,AP3H,81,1431.0,1441.0,1431.0,1441.0,run,chest+empatica,chest+empatica+forearm,gel,ecg/AP3H_w0081.npy,acc_chest/AP3H_w0081.npy,ppg_wrist/AP3H_w0081.npy,1.561,4.051,False,0.0,0.0,0.0
AP3H_w0082,AP3H,82,1441.0,1451.0,1441.0,1451.0,run,chest+empatica,chest+empatica+forearm,gel,ecg/AP3H_w0082.npy,acc_chest/AP3H_w0082.npy,ppg_wrist/AP3H_w0082.npy,1.447,2.517,False,0.0,0.0,0.0
AP3H_w0083,AP3H,83,1451.0,1461.0,1451.0,1461.0,run,chest+empatica,chest+empatica+forearm,gel,ecg/AP3H_w0083.npy,acc_chest/AP3H_w0083.npy,ppg_wrist/AP3H_w0083.npy,1.47,2.453,False,0.0,0.0,0.0
AP3H_w0084,AP3H,84,1461.0,1471.0,1461.0,1471.0,run,chest+empatica,chest+empatica+forearm,gel,ecg/AP3H_w0084.npy,acc_chest/AP3H_w0084.npy,ppg_wrist/AP3H_w0084.npy,1.491,4.016,False,0.0,0.0,0.0
AP3H_w0085,AP3H,85,1471.0,1481.0,1471.0,1481.0,run,chest+empatica,chest+empatica+forearm,gel,ecg/AP3H_w0085.npy,acc_chest/AP3H_w0085.npy,ppg_wrist/AP3H_w0085.npy,1.537,4.208,False,0.0,0.0,0.0
AP3H_w0086,AP3H,86,1481.0,1491.0,1481.0,1491.0,run,chest+empatica,chest+empatica+forearm,gel,ecg/AP3H_w0086.npy,acc_chest/AP3H_w0086.npy,ppg_wrist/AP3H_w0086.npy,1.604,3.86,False,0.0,0.0,0.0
AP3H_w0087,AP3H,87,1491.0,1501.0,1491.0,1501.0,run,chest+empatica,chest+empatica+forearm,gel,ecg/AP3H_w0087.npy,acc_chest/AP3H_w0087.npy,ppg_wrist/AP3H_w0087.npy,1.486,4.188,False,0.0,0.0,0.0
AP3H_w0088,AP3H,88,1501.0,1511.0,1501.0,1511.0,run,chest+empatica,chest+empatica+forearm,gel,ecg/AP3H_w0088.npy,acc_chest/AP3H_w0088.npy,ppg_wrist/AP3H_w0088.npy,1.432,3.808,False,0.0,0.0,0.0
AP3H_w0089,AP3H,89,1511.0,1521.0,1511.0,1521.0,run,chest+empatica,chest+empatica+forearm,gel,ecg/AP3H_w0089.npy,acc_chest/AP3H_w0089.npy,ppg_wrist/AP3H_w0089.npy,1.481,5.036,False,0.0,0.0,0.0
AP3H_w0090,AP3H,90,1521.0,1531.0,1521.0,1531.0,run,chest+empatica,chest+empatica+forearm,gel,ecg/AP3H_w0090.npy,acc_chest/AP3H_w0090.npy,ppg_wrist/AP3H_w0090.npy,1.557,5.354,False,0.0,0.0,0.0
AP3H_w0091,AP3H,91,1531.0,1541.0,1531.0,1541.0,run,chest+empatica,chest+empatica+forearm,gel,ecg/AP3H_w0091.npy,acc_chest/AP3H_w0091.npy,ppg_wrist/AP3H_w0091.npy,1.519,4.212,False,0.0,0.0,0.0
AP3H_w0092,AP3H,92,1541.0,1551.0,1541.0,1551.0,run,chest+empatica,chest+empatica+forearm,gel,ecg/AP3H_w0092.npy,acc_chest/AP3H_w0092.npy,ppg_wrist/AP3H_w0092.npy,1.502,3.933,False,0.0,0.0,0.0
AP3H_w0093,AP3H,93,1551.0,1561.0,1551.0,1561.0,run,chest+empatica,chest+empatica+forearm,gel,ecg/AP3H_w0093.npy,acc_chest/AP3H_w0093.npy,ppg_wrist/AP3H_w0093.npy,1.56,3.326,False,0.0,0.0,0.0
AP3H_w0094,AP3H,94,1561.0,1571.0,1561.0,1571.0,run,chest+empatica,chest+empatica+forearm,gel,ecg/AP3H_w0094.npy,acc_chest/AP3H_w0094.npy,ppg_wrist/AP3H_w0094.npy,1.518,3.307,False,0.0,0.0,0.0
AP3H_w0095,AP3H,95,1571.0,1581.0,1571.0,1581.0,run,chest+empatica,chest+empatica+forearm,gel,ecg/AP3H_w0095.npy,acc_chest/AP3H_w0095.npy,ppg_wrist/AP3H_w0095.npy,1.652,5.751,False,0.0,0.0,0.0
AP3H_w0096,AP3H,96,1581.0,1591.0,1581.0,1591.0,run,chest+empatica,chest+empatica+forearm,gel,ecg/AP3H_w0096.npy,acc_chest/AP3H_w0096.npy,ppg_wrist/AP3H_w0096.npy,1.318,5.325,False,0.0,0.0,0.0
AP3H_w0097,AP3H,97,1591.0,1601.0,1591.0,1601.0,run,chest+empatica,chest+empatica+forearm,gel,ecg/AP3H_w0097.npy,acc_chest/AP3H_w0097.npy,ppg_wrist/AP3H_w0097.npy,1.217,3.524,False,0.0,0.0,0.0
AP3H_w0098,AP3H,98,1601.0,1611.0,1601.0,1611.0,run,chest+empatica,chest+empatica+forearm,gel,ecg/AP3H_w0098.npy,acc_chest/AP3H_w0098.npy,ppg_wrist/AP3H_w0098.npy,1.198,3.338,False,0.0,0.0,0.0
AP3H_w0099,AP3H,99,1611.0,1621.0,1611.0,1621.0,run,chest+empatica,chest+empatica+forearm,gel,ecg/AP3H_w0099.npy,acc_chest/AP3H_w0099.npy,ppg_wrist/AP3H_w0099.npy,1.395,3.34,False,0.0,0.0,0.0
AP3H_w0100,AP3H,100,1621.0,1631.0,1621.0,1631.0,run,chest+empatica,chest+empatica+forearm,gel,ecg/AP3H_w0100.npy,acc_chest/AP3H_w0100.npy,ppg_wrist/AP3H_w0100.npy,1.328,3.825,False,0.0,0.0,0.0
AP3H_w0101,AP3H,101,1631.0,1641.0,1631.0,1641.0,run,chest+empatica,chest+empatica+forearm,gel,ecg/AP3H_w0101.npy,acc_chest/AP3H_w0101.npy,ppg_wrist/AP3H_w0101.npy,1.403,3.181,False,0.0,0.0,0.0
AP3H_w0102,AP3H,102,1641.0,1651.0,1641.0,1651.0,run,chest+empatica,chest+empatica+forearm,gel,ecg/AP3H_w0102.npy,acc_chest/AP3H_w0102.npy,ppg_wrist/AP3H_w0102.npy,1.522,3.692,False,0.0,0.0,0.0
AP3H_w0103,AP3H,103,1651.0,1661.0,1651.0,1661.0,run,chest+empatica,chest+empatica+forearm,gel,ecg/AP3H_w0103.npy,acc_chest/AP3H_w0103.npy,ppg_wrist/AP3H_w0103.npy,1.619,3.88,False,0.0,0.0,0.0
AP3H_w0104,AP3H,104,1661.0,1671.0,1661.0,1671.0,run,chest+empatica,chest+empatica+forearm,gel,ecg/AP3H_w0104.npy,acc_chest/AP3H_w0104.npy,ppg_wrist/AP3H_w0104.npy,1.54,3.119,False,0.0,0.0,0.0
AP3H_w0105,AP3H,105,1671.0,1681.0,1671.0,1681.0,run,chest+empatica,chest+empatica+forearm,gel,ecg/AP3H_w0105.npy,acc_chest/AP3H_w0105.npy,ppg_wrist/AP3H_w0105.npy,1.414,3.088,False,0.0,0.0,0.0
AP3H_w0106,AP3H,106,1681.0,1691.0,1681.0,1691.0,run,chest+empatica,chest+empatica+forearm,gel,ecg/AP3H_w0106.npy,acc_chest/AP3H_w0106.npy,ppg_wrist/AP3H_w0106.npy,1.593,3.071,False,0.0,0.0,0.0
AP3H_w0107,AP3H,107,1691.0,1701.0,1691.0,1701.0,run,chest+empatica,chest+empatica+forearm,gel,ecg/AP3H_w0107.npy,acc_chest/AP3H_w0107.npy,ppg_wrist/AP3H_w0107.npy,1.564,4.201,False,0.0,0.0,0.0
AP3H_w0108,AP3H,108,1701.0,1711.0,1701.0,1711.0,run,chest+empatica,chest+empatica+forearm,gel,ecg/AP3H_w0108.npy,acc_chest/AP3H_w0108.npy,ppg_wrist/AP3H_w0108.npy,1.509,4.691,False,0.0,0.0,0.0
AP3H_w0109,AP3H,109,1711.0,1721.0,1711.0,1721.0,run,chest+empatica,chest+empatica+forearm,gel,ecg/AP3H_w0109.npy,acc_chest/AP3H_w0109.npy,ppg_wrist/AP3H_w0109.npy,1.443,5.468,False,0.0,0.0,0.0
AP3H_w0110,AP3H,110,1721.0,1731.0,1721.0,1731.0,run,chest+empatica,chest+empatica+forearm,gel,ecg/AP3H_w0110.npy,acc_chest/AP3H_w0110.npy,ppg_wrist/AP3H_w0110.npy,1.631,5.313,False,0.0,0.0,0.0
AP3H_w0111,AP3H,111,1731.0,1741.0,1731.0,1741.0,run,chest+empatica,chest+empatica+forearm,gel,ecg/AP3H_w0111.npy,acc_chest/AP3H_w0111.npy,ppg_wrist/AP3H_w0111.npy,1.461,4.728,False,0.0,0.0,0.0
AP3H_w0112,AP3H,112,1741.0,1751.0,1741.0,1751.0,run,chest+empatica,chest+empatica+forearm,gel,ecg/AP3H_w0112.npy,acc_chest/AP3H_w0112.npy,ppg_wrist/AP3H_w0112.npy,1.51,5.219,False,0.0,0.0,0.0
AP3H_w0113,AP3H,113,1751.0,1761.0,1751.0,1761.0,run,chest+empatica,chest+empatica+forearm,gel,ecg/AP3H_w0113.npy,acc_chest/AP3H_w0113.npy,ppg_wrist/AP3H_w0113.npy,1.585,3.986,False,0.0,0.0,0.0
AP3H_w0114,AP3H,114,1761.0,1771.0,1761.0,1771.0,run,chest+empatica,chest+empatica+forearm,gel,ecg/AP3H_w0114.npy,acc_chest/AP3H_w0114.npy,ppg_wrist/AP3H_w0114.npy,1.622,3.194,False,0.0,0.0,0.0
AP3H_w0115,AP3H,115,1771.0,1781.0,1771.0,1781.0,run,chest+empatica,chest+empatica+forearm,gel,ecg/AP3H_w0115.npy,acc_chest/AP3H_w0115.npy,ppg_wrist/AP3H_w0115.npy,1.805,4.672,False,0.0,0.0,0.0
AP3H_w0116,AP3H,116,1781.0,1791.0,1781.0,1791.0,run,chest+empatica,chest+empatica+forearm,gel,ecg/AP3H_w0116.npy,acc_chest/AP3H_w0116.npy,ppg_wrist/AP3H_w0116.npy,1.706,4.587,False,0.0,0.0,0.0
AP3H_w0117,AP3H,117,1791.0,1801.0,1791.0,1801.0,run,chest+empatica,chest+empatica+forearm,gel,ecg/AP3H_w0117.npy,acc_chest/AP3H_w0117.npy,ppg_wrist/AP3H_w0117.npy,1.701,3.884,False,0.0,0.0,0.0
AP3H_w0118,AP3H,118,1801.0,1811.0,1801.0,1811.0,run,chest+empatica,chest+empatica+forearm,gel,ecg/AP3H_w0118.npy,acc_chest/AP3H_w0118.npy,ppg_wrist/AP3H_w0118.npy,1.653,4.509,False,0.0,0.0,0.0
AP3H_w0119,AP3H,119,1811.0,1821.0,1811.0,1821.0,run,chest+empatica,chest+empatica+forearm,gel,ecg/AP3H_w0119.npy,acc_chest/AP3H_w0119.npy,ppg_wrist/AP3H_w0119.npy,1.815,4.659,False,0.0,0.0,0.0
AP3H_w0120,AP3H,120,1821.0,1831.0,1821.0,1831.0,run,chest+empatica,chest+empatica+forearm,gel,ecg/AP3H_w0120.npy,acc_chest/AP3H_w0120.npy,ppg_wrist/AP3H_w0120.npy,1.756,3.641,False,0.0,0.0,0.0
AP3H_w0121,AP3H,121,1831.0,1841.0,1831.0,1841.0,run,chest+empatica,chest+empatica+forearm,gel,ecg/AP3H_w0121.npy,acc_chest/AP3H_w0121.npy,ppg_wrist/AP3H_w0121.npy,1.844,4.208,False,0.0,0.0,0.0
AP3H_w0122,AP3H,122,1841.0,1851.0,1841.0,1851.0,run,chest+empatica,chest+empatica+forearm,gel,ecg/AP3H_w0122.npy,acc_chest/AP3H_w0122.npy,ppg_wrist/AP3H_w0122.npy,1.705,4.302,False,0.0,0.0,0.0
AP3H_w0123,AP3H,123,1851.0,1861.0,1851.0,1861.0,run,chest+empatica,chest+empatica+forearm,gel,ecg/AP3H_w0123.npy,acc_chest/AP3H_w0123.npy,ppg_wrist/AP3H_w0123.npy,1.617,3.392,False,0.0,0.0,0.0
AP3H_w0124,AP3H,124,1861.0,1871.0,1861.0,1871.0,run,chest+empatica,chest+empatica+forearm,gel,ecg/AP3H_w0124.npy,acc_chest/AP3H_w0124.npy,ppg_wrist/AP3H_w0124.npy,2.022,5.493,False,0.0,0.0,0.0
AP3H_w0125,AP3H,125,1871.0,1881.0,1871.0,1881.0,run,chest+empatica,chest+empatica+forearm,gel,ecg/AP3H_w0125.npy,acc_chest/AP3H_w0125.npy,ppg_wrist/AP3H_w0125.npy,2.624,7.372,False,0.0,0.0,0.0
AP3H_w0126,AP3H,126,1881.0,1891.0,1881.0,1891.0,run,chest+empatica,chest+empatica+forearm,gel,ecg/AP3H_w0126.npy,acc_chest/AP3H_w0126.npy,ppg_wrist/AP3H_w0126.npy,1.676,3.761,False,0.0,0.0,0.0
AP3H_w0127,AP3H,127,1891.0,1901.0,1891.0,1901.0,run,chest+empatica,chest+empatica+forearm,gel,ecg/AP3H_w0127.npy,acc_chest/AP3H_w0127.npy,ppg_wrist/AP3H_w0127.npy,1.705,3.663,False,0.0,0.0,0.0
AP3H_w0128,AP3H,128,1901.0,1911.0,1901.0,1911.0,run,chest+empatica,chest+empatica+forearm,gel,ecg/AP3H_w0128.npy,acc_chest/AP3H_w0128.npy,ppg_wrist/AP3H_w0128.npy,1.429,3.254,False,0.0,0.0,0.0
AP3H_w0129,AP3H,129,1911.0,1921.0,1911.0,1921.0,run,chest+empatica,chest+empatica+forearm,gel,ecg/AP3H_w0129.npy,acc_chest/AP3H_w0129.npy,ppg_wrist/AP3H_w0129.npy,1.406,3.424,False,0.0,0.0,0.0
AP3H_w0130,AP3H,130,1921.0,1931.0,1921.0,1931.0,run,chest+empatica,chest+empatica+forearm,gel,ecg/AP3H_w0130.npy,acc_chest/AP3H_w0130.npy,ppg_wrist/AP3H_w0130.npy,1.446,3.839,False,0.0,0.0,0.0
AP3H_w0131,AP3H,131,1931.0,1941.0,1931.0,1941.0,run,chest+empatica,chest+empatica+forearm,gel,ecg/AP3H_w0131.npy,acc_chest/AP3H_w0131.npy,ppg_wrist/AP3H_w0131.npy,1.11,9.794,False,0.0,0.0,0.0
AP3H_w0132,AP3H,132,1941.0,1951.0,1941.0,1951.0,run,chest+empatica,chest+empatica+forearm,gel,ecg/AP3H_w0132.npy,acc_chest/AP3H_w0132.npy,ppg_wrist/AP3H_w0132.npy,0.28,10.421,False,0.0,0.0,0.0
AP3H_w0133,AP3H,133,1951.0,1961.0,1951.0,1961.0,run,chest+empatica,chest+empatica+forearm,gel,ecg/AP3H_w0133.npy,acc_chest/AP3H_w0133.npy,ppg_wrist/AP3H_w0133.npy,0.28,10.421,False,0.0,0.0,0.0
AP3H_w0134,AP3H,134,1961.0,1971.0,1961.0,1971.0,run,chest+empatica,chest+empatica+forearm,gel,ecg/AP3H_w0134.npy,acc_chest/AP3H_w0134.npy,ppg_wrist/AP3H_w0134.npy,0.28,10.421,False,0.0,0.0,0.0
AP3H_w0135,AP3H,135,1971.0,1981.0,1971.0,1981.0,run,chest+empatica,chest+empatica+forearm,gel,ecg/AP3H_w0135.npy,acc_chest/AP3H_w0135.npy,ppg_wrist/AP3H_w0135.npy,0.28,10.421,False,0.0,0.0,0.0
AP3H_w0136,AP3H,136,1981.0,1991.0,1981.0,1991.0,run,chest+empatica,chest+empatica+forearm,gel,ecg/AP3H_w0136.npy,acc_chest/AP3H_w0136.npy,ppg_wrist/AP3H_w0136.npy,0.28,10.421,False,0.0,0.0,0.0
AP3H_w0137,AP3H,137,1991.0,2001.0,1991.0,2001.0,run,chest+empatica,chest+empatica+forearm,gel,ecg/AP3H_w0137.npy,acc_chest/AP3H_w0137.npy,ppg_wrist/AP3H_w0137.npy,0.28,10.421,False,0.0,0.0,0.0
AP3H_w0138,AP3H,138,2001.0,2011.0,2001.0,2011.0,run,chest+empatica,chest+empatica+forearm,gel,ecg/AP3H_w0138.npy,acc_chest/AP3H_w0138.npy,ppg_wrist/AP3H_w0138.npy,0.28,10.421,False,0.0,0.0,0.0
AP3H_w0139,AP3H,139,2011.0,2021.0,2011.0,2021.0,run,chest+empatica,chest+empatica+forearm,gel,ecg/AP3H_w0139.npy,acc_chest/AP3H_w0139.npy,ppg_wrist/AP3H_w0139.npy,0.28,10.421,False,0.0,0.0,0.0
AP3H_w0140,AP3H,140,2021.0,2031.0,2021.0,2031.0,run,chest+empatica,chest+empatica+forearm,gel,ecg/AP3H_w0140.npy,acc_chest/AP3H_w0140.npy,ppg_wrist/AP3H_w0140.npy,0.28,10.421,False,0.0,0.0,0.0
AP3H_w0141,AP3H,141,2031.0,2041.0,2031.0,2041.0,run,chest+empatica,chest+empatica+forearm,gel,ecg/AP3H_w0141.npy,acc_chest/AP3H_w0141.npy,ppg_wrist/AP3H_w0141.npy,0.28,10.421,False,0.0,0.0,0.0
AP3H_w0142,AP3H,142,2041.0,2051.0,2041.0,2051.0,run,chest+empatica,chest+empatica+forearm,gel,ecg/AP3H_w0142.npy,acc_chest/AP3H_w0142.npy,ppg_wrist/AP3H_w0142.npy,0.28,10.421,False,0.0,0.0,0.0
AP3H_w0143,AP3H,143,2051.0,2061.0,2051.0,2061.0,run,chest+empatica,chest+empatica+forearm,gel,ecg/AP3H_w0143.npy,acc_chest/AP3H_w0143.npy,ppg_wrist/AP3H_w0143.npy,0.28,10.421,False,0.0,0.0,0.0
AP3H_w0144,AP3H,144,2061.0,2071.0,2061.0,2071.0,run,chest+empatica,chest+empatica+forearm,gel,ecg/AP3H_w0144.npy,acc_chest/AP3H_w0144.npy,ppg_wrist/AP3H_w0144.npy,0.28,10.421,False,0.0,0.0,0.0
AP3H_w0145,AP3H,145,2071.0,2081.0,2071.0,2081.0,run,chest+empatica,chest+empatica+forearm,gel,ecg/AP3H_w0145.npy,acc_chest/AP3H_w0145.npy,ppg_wrist/AP3H_w0145.npy,0.28,10.421,False,0.0,0.0,0.0
AP3H_w0146,AP3H,146,2081.0,2091.0,2081.0,2091.0,run,chest+empatica,chest+empatica+forearm,gel,ecg/AP3H_w0146.npy,acc_chest/AP3H_w0146.npy,ppg_wrist/AP3H_w0146.npy,0.28,10.421,False,0.0,0.0,0.0
AP3H_w0147,AP3H,147,2091.0,2101.0,2091.0,2101.0,run,chest+empatica,chest+empatica+forearm,gel,ecg/AP3H_w0147.npy,acc_chest/AP3H_w0147.npy,ppg_wrist/AP3H_w0147.npy,1.511,10.048,False,0.0,0.0,0.0
AP3H_w0148,AP3H,148,2101.0,2111.0,2101.0,2111.0,run,chest+empatica,chest+empatica+forearm,gel,ecg/AP3H_w0148.npy,acc_chest/AP3H_w0148.npy,ppg_wrist/AP3H_w0148.npy,1.552,4.196,False,0.0,0.0,0.0
AP3H_w0149,AP3H,149,2111.0,2121.0,2111.0,2121.0,run,chest+empatica,chest+empatica+forearm,gel,ecg/AP3H_w0149.npy,acc_chest/AP3H_w0149.npy,ppg_wrist/AP3H_w0149.npy,1.489,4.817,False,0.0,0.0,0.0
AP3H_w0150,AP3H,150,2121.0,2131.0,2121.0,2131.0,run,chest+empatica,chest+empatica+forearm,gel,ecg/AP3H_w0150.npy,acc_chest/AP3H_w0150.npy,ppg_wrist/AP3H_w0150.npy,1.619,5.091,False,0.0,0.0,0.0
AP3H_w0151,AP3H,151,2131.0,2141.0,2131.0,2141.0,run,chest+empatica,chest+empatica+forearm,gel,ecg/AP3H_w0151.npy,acc_chest/AP3H_w0151.npy,ppg_wrist/AP3H_w0151.npy,1.614,4.707,False,0.0,0.0,0.0
AP3H_w0152,AP3H,152,2141.0,2151.0,2141.0,2151.0,run,chest+empatica,chest+empatica+forearm,gel,ecg/AP3H_w0152.npy,acc_chest/AP3H_w0152.npy,ppg_wrist/AP3H_w0152.npy,1.731,4.422,False,0.0,0.0,0.0
AP3H_w0153,AP3H,153,2151.0,2161.0,2151.0,2161.0,run,chest+empatica,chest+empatica+forearm,gel,ecg/AP3H_w0153.npy,acc_chest/AP3H_w0153.npy,ppg_wrist/AP3H_w0153.npy,1.604,4.177,False,0.0,0.0,0.0
AP3H_w0154,AP3H,154,2161.0,2171.0,2161.0,2171.0,run,chest+empatica,chest+empatica+forearm,gel,ecg/AP3H_w0154.npy,acc_chest/AP3H_w0154.npy,ppg_wrist/AP3H_w0154.npy,1.559,4.213,False,0.0,0.0,0.0
AP3H_w0155,AP3H,155,2171.0,2181.0,2171.0,2181.0,run,chest+empatica,chest+empatica+forearm,gel,ecg/AP3H_w0155.npy,acc_chest/AP3H_w0155.npy,ppg_wrist/AP3H_w0155.npy,1.492,4.253,False,0.0,0.0,0.0
AP3H_w0156,AP3H,156,2181.0,2191.0,2181.0,2191.0,run,chest+empatica,chest+empatica+forearm,gel,ecg/AP3H_w0156.npy,acc_chest/AP3H_w0156.npy,ppg_wrist/AP3H_w0156.npy,1.546,3.542,False,0.0,0.0,0.0
AP3H_w0157,AP3H,157,2191.0,2201.0,2191.0,2201.0,run,chest+empatica,chest+empatica+forearm,gel,ecg/AP3H_w0157.npy,acc_chest/AP3H_w0157.npy,ppg_wrist/AP3H_w0157.npy,1.334,3.318,False,0.0,0.0,0.0
AP3H_w0158,AP3H,158,2201.0,2211.0,2201.0,2211.0,run,chest+empatica,chest+empatica+forearm,gel,ecg/AP3H_w0158.npy,acc_chest/AP3H_w0158.npy,ppg_wrist/AP3H_w0158.npy,1.462,3.715,False,0.0,0.0,0.0
AP3H_w0159,AP3H,159,2211.0,2221.0,2211.0,2221.0,run,chest+empatica,chest+empatica+forearm,gel,ecg/AP3H_w0159.npy,acc_chest/AP3H_w0159.npy,ppg_wrist/AP3H_w0159.npy,1.75,3.875,False,0.0,0.0,0.0
AP3H_w0160,AP3H,160,2221.0,2231.0,2221.0,2231.0,run,chest+empatica,chest+empatica+forearm,gel,ecg/AP3H_w0160.npy,acc_chest/AP3H_w0160.npy,ppg_wrist/AP3H_w0160.npy,1.459,4.006,False,0.0,0.0,0.0
AP3H_w0161,AP3H,161,2231.0,2241.0,2231.0,2241.0,run,chest+empatica,chest+empatica+forearm,gel,ecg/AP3H_w0161.npy,acc_chest/AP3H_w0161.npy,ppg_wrist/AP3H_w0161.npy,1.89,5.193,False,0.0,0.0,0.0
AP3H_w0162,AP3H,162,2241.0,2251.0,2241.0,2251.0,run,chest+empatica,chest+empatica+forearm,gel,ecg/AP3H_w0162.npy,acc_chest/AP3H_w0162.npy,ppg_wrist/AP3H_w0162.npy,1.27,4.763,False,0.0,0.0,0.0
AP3H_w0163,AP3H,163,2251.0,2261.0,2251.0,2261.0,run,chest+empatica,chest+empatica+forearm,gel,ecg/AP3H_w0163.npy,acc_chest/AP3H_w0163.npy,ppg_wrist/AP3H_w0163.npy,1.523,4.314,False,0.0,0.0,0.0
AP3H_w0164,AP3H,164,2261.0,2271.0,2261.0,2271.0,run,chest+empatica,chest+empatica+forearm,gel,ecg/AP3H_w0164.npy,acc_chest/AP3H_w0164.npy,ppg_wrist/AP3H_w0164.npy,1.618,3.744,False,0.0,0.0,0.0
AP3H_w0165,AP3H,165,2271.0,2281.0,2271.0,2281.0,run,chest+empatica,chest+empatica+forearm,gel,ecg/AP3H_w0165.npy,acc_chest/AP3H_w0165.npy,ppg_wrist/AP3H_w0165.npy,1.728,4.177,False,0.0,0.0,0.0
AP3H_w0166,AP3H,166,2281.0,2291.0,2281.0,2291.0,run,chest+empatica,chest+empatica+forearm,gel,ecg/AP3H_w0166.npy,acc_chest/AP3H_w0166.npy,ppg_wrist/AP3H_w0166.npy,2.015,5.1,False,0.0,0.0,0.0
AP3H_w0167,AP3H,167,2291.0,2301.0,2291.0,2301.0,run,chest+empatica,chest+empatica+forearm,gel,ecg/AP3H_w0167.npy,acc_chest/AP3H_w0167.npy,ppg_wrist/AP3H_w0167.npy,1.868,4.564,False,0.0,0.0,0.0
AP3H_w0168,AP3H,168,2301.0,2311.0,2301.0,2311.0,run,chest+empatica,chest+empatica+forearm,gel,ecg/AP3H_w0168.npy,acc_chest/AP3H_w0168.npy,ppg_wrist/AP3H_w0168.npy,1.744,4.316,False,0.0,0.0,0.0
AP3H_w0169,AP3H,169,2311.0,2321.0,2311.0,2321.0,run,chest+empatica,chest+empatica+forearm,gel,ecg/AP3H_w0169.npy,acc_chest/AP3H_w0169.npy,ppg_wrist/AP3H_w0169.npy,1.49,3.94,False,0.0,0.0,0.0
AP3H_w0170,AP3H,170,2321.0,2331.0,2321.0,2331.0,run,chest+empatica,chest+empatica+forearm,gel,ecg/AP3H_w0170.npy,acc_chest/AP3H_w0170.npy,ppg_wrist/AP3H_w0170.npy,1.595,3.892,False,0.0,0.0,0.0
AP3H_w0171,AP3H,171,2331.0,2341.0,2331.0,2341.0,run,chest+empatica,chest+empatica+forearm,gel,ecg/AP3H_w0171.npy,acc_chest/AP3H_w0171.npy,ppg_wrist/AP3H_w0171.npy,1.602,3.683,False,0.0,0.0,0.0
AP3H_w0172,AP3H,172,2341.0,2351.0,2341.0,2351.0,run,chest+empatica,chest+empatica+forearm,gel,ecg/AP3H_w0172.npy,acc_chest/AP3H_w0172.npy,ppg_wrist/AP3H_w0172.npy,1.477,3.608,False,0.0,0.0,0.0
AP3H_w0173,AP3H,173,2351.0,2361.0,2351.0,2361.0,run,chest+empatica,chest+empatica+forearm,gel,ecg/AP3H_w0173.npy,acc_chest/AP3H_w0173.npy,ppg_wrist/AP3H_w0173.npy,1.339,3.657,False,0.0,0.0,0.0
AP3H_w0174,AP3H,174,2361.0,2371.0,2361.0,2371.0,run,chest+empatica,chest+empatica+forearm,gel,ecg/AP3H_w0174.npy,acc_chest/AP3H_w0174.npy,ppg_wrist/AP3H_w0174.npy,1.369,3.841,False,0.0,0.0,0.0
AP3H_w0175,AP3H,175,2371.0,2381.0,2371.0,2381.0,run,chest+empatica,chest+empatica+forearm,gel,ecg/AP3H_w0175.npy,acc_chest/AP3H_w0175.npy,ppg_wrist/AP3H_w0175.npy,1.184,3.426,False,0.0,0.0,0.0
AP3H_w0176,AP3H,176,2381.0,2391.0,2381.0,2391.0,run,chest+empatica,chest+empatica+forearm,gel,ecg/AP3H_w0176.npy,acc_chest/AP3H_w0176.npy,ppg_wrist/AP3H_w0176.npy,1.075,2.682,False,0.0,0.0,0.0
AP3H_w0177,AP3H,177,2391.0,2401.0,2391.0,2401.0,run,chest+empatica,chest+empatica+forearm,gel,ecg/AP3H_w0177.npy,acc_chest/AP3H_w0177.npy,ppg_wrist/AP3H_w0177.npy,1.227,3.005,False,0.0,0.0,0.0
AP3H_w0178,AP3H,178,2401.0,2411.0,2401.0,2411.0,run,chest+empatica,chest+empatica+forearm,gel,ecg/AP3H_w0178.npy,acc_chest/AP3H_w0178.npy,ppg_wrist/AP3H_w0178.npy,1.492,3.869,False,0.0,0.0,0.0
AP3H_w0179,AP3H,179,2411.0,2421.0,2411.0,2421.0,run,chest+empatica,chest+empatica+forearm,gel,ecg/AP3H_w0179.npy,acc_chest/AP3H_w0179.npy,ppg_wrist/AP3H_w0179.npy,1.368,3.902,False,0.0,0.0,0.0
AP3H_w0180,AP3H,180,2421.0,2431.0,2421.0,2431.0,run,chest+empatica,chest+empatica+forearm,gel,ecg/AP3H_w0180.npy,acc_chest/AP3H_w0180.npy,ppg_wrist/AP3H_w0180.npy,1.298,3.623,False,0.0,0.0,0.0
AP3H_w0181,AP3H,181,2431.0,2441.0,2431.0,2441.0,run,chest+empatica,chest+empatica+forearm,gel,ecg/AP3H_w0181.npy,acc_chest/AP3H_w0181.npy,ppg_wrist/AP3H_w0181.npy,1.259,3.229,False,0.0,0.0,0.0
AP3H_w0182,AP3H,182,2441.0,2451.0,2441.0,2451.0,run,chest+empatica,chest+empatica+forearm,gel,ecg/AP3H_w0182.npy,acc_chest/AP3H_w0182.npy,ppg_wrist/AP3H_w0182.npy,1.493,3.716,False,0.0,0.0,0.0
AP3H_w0183,AP3H,183,2451.0,2461.0,2451.0,2461.0,run,chest+empatica,chest+empatica+forearm,gel,ecg/AP3H_w0183.npy,acc_chest/AP3H_w0183.npy,ppg_wrist/AP3H_w0183.npy,1.446,3.903,False,0.0,0.0,0.0
AP3H_w0184,AP3H,184,2461.0,2471.0,2461.0,2471.0,run,chest+empatica,chest+empatica+forearm,gel,ecg/AP3H_w0184.npy,acc_chest/AP3H_w0184.npy,ppg_wrist/AP3H_w0184.npy,1.339,3.911,False,0.0,0.0,0.0
AP3H_w0185,AP3H,185,2471.0,2481.0,2471.0,2481.0,run,chest+empatica,chest+empatica+forearm,gel,ecg/AP3H_w0185.npy,acc_chest/AP3H_w0185.npy,ppg_wrist/AP3H_w0185.npy,1.397,3.837,False,0.0,0.0,0.0
AP3H_w0186,AP3H,186,2481.0,2491.0,2481.0,2491.0,run,chest+empatica,chest+empatica+forearm,gel,ecg/AP3H_w0186.npy,acc_chest/AP3H_w0186.npy,ppg_wrist/AP3H_w0186.npy,1.425,3.629,False,0.0,0.0,0.0
AP3H_w0187,AP3H,187,2491.0,2501.0,2491.0,2501.0,run,chest+empatica,chest+empatica+forearm,gel,ecg/AP3H_w0187.npy,acc_chest/AP3H_w0187.npy,ppg_wrist/AP3H_w0187.npy,1.628,4.091,False,0.0,0.0,0.0
AP3H_w0188,AP3H,188,2501.0,2511.0,2501.0,2511.0,run,chest+empatica,chest+empatica+forearm,gel,ecg/AP3H_w0188.npy,acc_chest/AP3H_w0188.npy,ppg_wrist/AP3H_w0188.npy,1.345,4.045,False,0.0,0.0,0.0
AP3H_w0189,AP3H,189,2511.0,2521.0,2511.0,2521.0,run,chest+empatica,chest+empatica+forearm,gel,ecg/AP3H_w0189.npy,acc_chest/AP3H_w0189.npy,ppg_wrist/AP3H_w0189.npy,1.544,3.894,False,0.0,0.0,0.0
AP3H_w0190,AP3H,190,2521.0,2531.0,2521.0,2531.0,run,chest+empatica,chest+empatica+forearm,gel,ecg/AP3H_w0190.npy,acc_chest/AP3H_w0190.npy,ppg_wrist/AP3H_w0190.npy,1.591,3.978,False,0.0,0.0,0.0
AP3H_w0191,AP3H,191,2531.0,2541.0,2531.0,2541.0,run,chest+empatica,chest+empatica+forearm,gel,ecg/AP3H_w0191.npy,acc_chest/AP3H_w0191.npy,ppg_wrist/AP3H_w0191.npy,1.563,3.999,False,0.0,0.0,0.0
AP3H_w0192,AP3H,192,2541.0,2551.0,2541.0,2551.0,run,chest+empatica,chest+empatica+forearm,gel,ecg/AP3H_w0192.npy,acc_chest/AP3H_w0192.npy,ppg_wrist/AP3H_w0192.npy,1.355,3.718,False,0.0,0.0,0.0
AP3H_w0193,AP3H,193,2551.0,2561.0,2551.0,2561.0,run,chest+empatica,chest+empatica+forearm,gel,ecg/AP3H_w0193.npy,acc_chest/AP3H_w0193.npy,ppg_wrist/AP3H_w0193.npy,1.571,3.814,False,0.0,0.0,0.0
AP3H_w0194,AP3H,194,2561.0,2571.0,2561.0,2571.0,run,chest+empatica,chest+empatica+forearm,gel,ecg/AP3H_w0194.npy,acc_chest/AP3H_w0194.npy,ppg_wrist/AP3H_w0194.npy,1.447,3.625,False,0.0,0.0,0.0
AP3H_w0195,AP3H,195,2571.0,2581.0,2571.0,2581.0,run,chest+empatica,chest+empatica+forearm,gel,ecg/AP3H_w0195.npy,acc_chest/AP3H_w0195.npy,ppg_wrist/AP3H_w0195.npy,2.032,5.266,False,0.0,0.0,0.0
AP3H_w0196,AP3H,196,2581.0,2591.0,2581.0,2591.0,run,chest+empatica,chest+empatica+forearm,gel,ecg/AP3H_w0196.npy,acc_chest/AP3H_w0196.npy,ppg_wrist/AP3H_w0196.npy,1.635,3.749,False,0.0,0.0,0.0
AP3H_w0197,AP3H,197,2591.0,2601.0,2591.0,2601.0,run,chest+empatica,chest+empatica+forearm,gel,ecg/AP3H_w0197.npy,acc_chest/AP3H_w0197.npy,ppg_wrist/AP3H_w0197.npy,1.186,3.084,False,0.0,0.0,0.0
AP3H_w0198,AP3H,198,2601.0,2611.0,2601.0,2611.0,run,chest+empatica,chest+empatica+forearm,gel,ecg/AP3H_w0198.npy,acc_chest/AP3H_w0198.npy,ppg_wrist/AP3H_w0198.npy,1.299,3.028,False,0.0,0.0,0.0
AP3H_w0199,AP3H,199,2611.0,2621.0,2611.0,2621.0,run,chest+empatica,chest+empatica+forearm,gel,ecg/AP3H_w0199.npy,acc_chest/AP3H_w0199.npy,ppg_wrist/AP3H_w0199.npy,1.392,3.083,False,0.0,0.0,0.0
AP3H_w0200,AP3H,200,2621.0,2631.0,2621.0,2631.0,run,chest+empatica,chest+empatica+forearm,gel,ecg/AP3H_w0200.npy,acc_chest/AP3H_w0200.npy,ppg_wrist/AP3H_w0200.npy,1.403,3.593,False,0.0,0.0,0.0
AP3H_w0201,AP3H,201,2631.0,2641.0,2631.0,2641.0,run,chest+empatica,chest+empatica+forearm,gel,ecg/AP3H_w0201.npy,acc_chest/AP3H_w0201.npy,ppg_wrist/AP3H_w0201.npy,1.57,4.257,False,0.0,0.0,0.0
AP3H_w0202,AP3H,202,2641.0,2651.0,2641.0,2651.0,run,chest+empatica,chest+empatica+forearm,gel,ecg/AP3H_w0202.npy,acc_chest/AP3H_w0202.npy,ppg_wrist/AP3H_w0202.npy,1.497,3.942,False,0.0,0.0,0.0
AP3H_w0203,AP3H,203,2651.0,2661.0,2651.0,2661.0,run,chest+empatica,chest+empatica+forearm,gel,ecg/AP3H_w0203.npy,acc_chest/AP3H_w0203.npy,ppg_wrist/AP3H_w0203.npy,1.543,3.348,False,0.0,0.0,0.0
AP3H_w0204,AP3H,204,2661.0,2671.0,2661.0,2671.0,run,chest+empatica,chest+empatica+forearm,gel,ecg/AP3H_w0204.npy,acc_chest/AP3H_w0204.npy,ppg_wrist/AP3H_w0204.npy,1.328,3.217,False,0.0,0.0,0.0
AP3H_w0205,AP3H,205,2671.0,2681.0,2671.0,2681.0,run,chest+empatica,chest+empatica+forearm,gel,ecg/AP3H_w0205.npy,acc_chest/AP3H_w0205.npy,ppg_wrist/AP3H_w0205.npy,1.476,4.278,False,0.0,0.0,0.0
AP3H_w0206,AP3H,206,2681.0,2691.0,2681.0,2691.0,run,chest+empatica,chest+empatica+forearm,gel,ecg/AP3H_w0206.npy,acc_chest/AP3H_w0206.npy,ppg_wrist/AP3H_w0206.npy,1.484,3.884,False,0.0,0.0,0.0
AP3H_w0207,AP3H,207,2691.0,2701.0,2691.0,2701.0,run,chest+empatica,chest+empatica+forearm,gel,ecg/AP3H_w0207.npy,acc_chest/AP3H_w0207.npy,ppg_wrist/AP3H_w0207.npy,1.218,3.49,False,0.0,0.0,0.0
AP3H_w0208,AP3H,208,2701.0,2711.0,2701.0,2711.0,run,chest+empatica,chest+empatica+forearm,gel,ecg/AP3H_w0208.npy,acc_chest/AP3H_w0208.npy,ppg_wrist/AP3H_w0208.npy,1.389,3.964,False,0.0,0.0,0.0
AP3H_w0209,AP3H,209,2711.0,2721.0,2711.0,2721.0,run,chest+empatica,chest+empatica+forearm,gel,ecg/AP3H_w0209.npy,acc_chest/AP3H_w0209.npy,ppg_wrist/AP3H_w0209.npy,1.436,3.895,False,0.0,0.0,0.0
AP3H_w0210,AP3H,210,2721.0,2731.0,2721.0,2731.0,run,chest+empatica,chest+empatica+forearm,gel,ecg/AP3H_w0210.npy,acc_chest/AP3H_w0210.npy,ppg_wrist/AP3H_w0210.npy,1.427,4.021,False,0.0,0.0,0.0
AP3H_w0211,AP3H,211,2731.0,2741.0,2731.0,2741.0,run,chest+empatica,chest+empatica+forearm,gel,ecg/AP3H_w0211.npy,acc_chest/AP3H_w0211.npy,ppg_wrist/AP3H_w0211.npy,1.574,4.034,False,0.0,0.0,0.0
AP3H_w0212,AP3H,212,2741.0,2751.0,2741.0,2751.0,run,chest+empatica,chest+empatica+forearm,gel,ecg/AP3H_w0212.npy,acc_chest/AP3H_w0212.npy,ppg_wrist/AP3H_w0212.npy,1.591,4.381,False,0.0,0.0,0.0
AP3H_w0213,AP3H,213,2751.0,2761.0,2751.0,2761.0,run,chest+empatica,chest+empatica+forearm,gel,ecg/AP3H_w0213.npy,acc_chest/AP3H_w0213.npy,ppg_wrist/AP3H_w0213.npy,1.749,4.095,False,0.0,0.0,0.0
AP3H_w0214,AP3H,214,2761.0,2771.0,2761.0,2771.0,run,chest+empatica,chest+empatica+forearm,gel,ecg/AP3H_w0214.npy,acc_chest/AP3H_w0214.npy,ppg_wrist/AP3H_w0214.npy,1.59,3.802,False,0.0,0.0,0.0
AP3H_w0215,AP3H,215,2771.0,2781.0,2771.0,2781.0,run,chest+empatica,chest+empatica+forearm,gel,ecg/AP3H_w0215.npy,acc_chest/AP3H_w0215.npy,ppg_wrist/AP3H_w0215.npy,1.57,4.36,False,0.0,0.0,0.0
AP3H_w0216,AP3H,216,2781.0,2791.0,2781.0,2791.0,run,chest+empatica,chest+empatica+forearm,gel,ecg/AP3H_w0216.npy,acc_chest/AP3H_w0216.npy,ppg_wrist/AP3H_w0216.npy,1.536,4.197,False,0.0,0.0,0.0
AP3H_w0217,AP3H,217,2791.0,2801.0,2791.0,2801.0,run,chest+empatica,chest+empatica+forearm,gel,ecg/AP3H_w0217.npy,acc_chest/AP3H_w0217.npy,ppg_wrist/AP3H_w0217.npy,1.706,4.675,False,0.0,0.0,0.0
AP3H_w0218,AP3H,218,2801.0,2811.0,2801.0,2811.0,run,chest+empatica,chest+empatica+forearm,gel,ecg/AP3H_w0218.npy,acc_chest/AP3H_w0218.npy,ppg_wrist/AP3H_w0218.npy,1.485,3.852,False,0.0,0.0,0.0
AP3H_w0219,AP3H,219,2811.0,2821.0,2811.0,2821.0,run,chest+empatica,chest+empatica+forearm,gel,ecg/AP3H_w0219.npy,acc_chest/AP3H_w0219.npy,ppg_wrist/AP3H_w0219.npy,1.377,3.692,False,0.0,0.0,0.0
AP3H_w0220,AP3H,220,2821.0,2831.0,2821.0,2831.0,run,chest+empatica,chest+empatica+forearm,gel,ecg/AP3H_w0220.npy,acc_chest/AP3H_w0220.npy,ppg_wrist/AP3H_w0220.npy,1.338,3.677,False,0.0,0.0,0.0
AP3H_w0221,AP3H,221,2831.0,2841.0,2831.0,2841.0,run,chest+empatica,chest+empatica+forearm,gel,ecg/AP3H_w0221.npy,acc_chest/AP3H_w0221.npy,ppg_wrist/AP3H_w0221.npy,1.354,4.077,False,0.0,0.0,0.0
AP3H_w0222,AP3H,222,2841.0,2851.0,2841.0,2851.0,run,chest+empatica,chest+empatica+forearm,gel,ecg/AP3H_w0222.npy,acc_chest/AP3H_w0222.npy,ppg_wrist/AP3H_w0222.npy,1.429,4.885,False,0.0,0.0,0.0
AP3H_w0223,AP3H,223,2851.0,2861.0,2851.0,2861.0,run,chest+empatica,chest+empatica+forearm,gel,ecg/AP3H_w0223.npy,acc_chest/AP3H_w0223.npy,ppg_wrist/AP3H_w0223.npy,1.4,4.164,False,0.0,0.0,0.0
AP3H_w0224,AP3H,224,2861.0,2871.0,2861.0,2871.0,run,chest+empatica,chest+empatica+forearm,gel,ecg/AP3H_w0224.npy,acc_chest/AP3H_w0224.npy,ppg_wrist/AP3H_w0224.npy,1.489,4.023,False,0.0,0.0,0.0
AP3H_w0225,AP3H,225,2871.0,2881.0,2871.0,2881.0,run,chest+empatica,chest+empatica+forearm,gel,ecg/AP3H_w0225.npy,acc_chest/AP3H_w0225.npy,ppg_wrist/AP3H_w0225.npy,1.478,3.854,False,0.0,0.0,0.0
AP3H_w0226,AP3H,226,2881.0,2891.0,2881.0,2891.0,run,chest+empatica,chest+empatica+forearm,gel,ecg/AP3H_w0226.npy,acc_chest/AP3H_w0226.npy,ppg_wrist/AP3H_w0226.npy,1.525,3.179,False,0.0,0.0,0.0
AP3H_w0227,AP3H,227,2891.0,2901.0,2891.0,2901.0,run,chest+empatica,chest+empatica+forearm,gel,ecg/AP3H_w0227.npy,acc_chest/AP3H_w0227.npy,ppg_wrist/AP3H_w0227.npy,1.662,3.751,False,0.0,0.0,0.0
AP3H_w0228,AP3H,228,2901.0,2911.0,2901.0,2911.0,run,chest+empatica,chest+empatica+forearm,gel,ecg/AP3H_w0228.npy,acc_chest/AP3H_w0228.npy,ppg_wrist/AP3H_w0228.npy,1.564,3.902,False,0.0,0.0,0.0
AP3H_w0229,AP3H,229,2911.0,2921.0,2911.0,2921.0,run,chest+empatica,chest+empatica+forearm,gel,ecg/AP3H_w0229.npy,acc_chest/AP3H_w0229.npy,ppg_wrist/AP3H_w0229.npy,1.528,3.362,False,0.0,0.0,0.0
AP3H_w0230,AP3H,230,2921.0,2931.0,2921.0,2931.0,run,chest+empatica,chest+empatica+forearm,gel,ecg/AP3H_w0230.npy,acc_chest/AP3H_w0230.npy,ppg_wrist/AP3H_w0230.npy,1.532,3.942,False,0.0,0.0,0.0
AP3H_w0231,AP3H,231,2931.0,2941.0,2931.0,2941.0,run,chest+empatica,chest+empatica+forearm,gel,ecg/AP3H_w0231.npy,acc_chest/AP3H_w0231.npy,ppg_wrist/AP3H_w0231.npy,1.767,4.765,False,0.0,0.0,0.0
AP3H_w0232,AP3H,232,2941.0,2951.0,2941.0,2951.0,run,chest+empatica,chest+empatica+forearm,gel,ecg/AP3H_w0232.npy,acc_chest/AP3H_w0232.npy,ppg_wrist/AP3H_w0232.npy,1.775,4.086,False,0.0,0.0,0.0
AP3H_w0233,AP3H,233,2951.0,2961.0,2951.0,2961.0,run,chest+empatica,chest+empatica+forearm,gel,ecg/AP3H_w0233.npy,acc_chest/AP3H_w0233.npy,ppg_wrist/AP3H_w0233.npy,0.858,9.998,False,0.0,0.0,0.0
AP3H_w0234,AP3H,234,2961.0,2971.0,2961.0,2971.0,run,chest+empatica,chest+empatica+forearm,gel,ecg/AP3H_w0234.npy,acc_chest/AP3H_w0234.npy,ppg_wrist/AP3H_w0234.npy,0.28,10.421,False,0.0,0.0,0.0
AP3H_w0235,AP3H,235,2971.0,2981.0,2971.0,2981.0,run,chest+empatica,chest+empatica+forearm,gel,ecg/AP3H_w0235.npy,acc_chest/AP3H_w0235.npy,ppg_wrist/AP3H_w0235.npy,0.28,10.421,False,0.0,0.0,0.0
AP3H_w0236,AP3H,236,2981.0,2991.0,2981.0,2991.0,run,chest+empatica,chest+empatica+forearm,gel,ecg/AP3H_w0236.npy,acc_chest/AP3H_w0236.npy,ppg_wrist/AP3H_w0236.npy,0.28,10.421,False,0.0,0.0,0.0
AP3H_w0237,AP3H,237,2991.0,3001.0,2991.0,3001.0,run,chest+empatica,chest+empatica+forearm,gel,ecg/AP3H_w0237.npy,acc_chest/AP3H_w0237.npy,ppg_wrist/AP3H_w0237.npy,1.579,9.565,False,0.0,0.0,0.0
AP3H_w0238,AP3H,238,3001.0,3011.0,3001.0,3011.0,run,chest+empatica,chest+empatica+forearm,gel,ecg/AP3H_w0238.npy,acc_chest/AP3H_w0238.npy,ppg_wrist/AP3H_w0238.npy,1.728,3.814,False,0.0,0.0,0.0
AP3H_w0239,AP3H,239,3011.0,3021.0,3011.0,3021.0,run,chest+empatica,chest+empatica+forearm,gel,ecg/AP3H_w0239.npy,acc_chest/AP3H_w0239.npy,ppg_wrist/AP3H_w0239.npy,1.575,4.254,False,0.0,0.0,0.0
AP3H_w0240,AP3H,240,3021.0,3031.0,3021.0,3031.0,run,chest+empatica,chest+empatica+forearm,gel,ecg/AP3H_w0240.npy,acc_chest/AP3H_w0240.npy,ppg_wrist/AP3H_w0240.npy,1.544,4.32,False,0.0,0.0,0.0
AP3H_w0241,AP3H,241,3031.0,3041.0,3031.0,3041.0,run,chest+empatica,chest+empatica+forearm,gel,ecg/AP3H_w0241.npy,acc_chest/AP3H_w0241.npy,ppg_wrist/AP3H_w0241.npy,1.564,3.608,False,0.0,0.0,0.0
AP3H_w0242,AP3H,242,3041.0,3051.0,3041.0,3051.0,run,chest+empatica,chest+empatica+forearm,gel,ecg/AP3H_w0242.npy,acc_chest/AP3H_w0242.npy,ppg_wrist/AP3H_w0242.npy,1.637,3.821,False,0.0,0.0,0.0
AP3H_w0243,AP3H,243,3051.0,3061.0,3051.0,3061.0,run,chest+empatica,chest+empatica+forearm,gel,ecg/AP3H_w0243.npy,acc_chest/AP3H_w0243.npy,ppg_wrist/AP3H_w0243.npy,1.53,3.859,False,0.0,0.0,0.0
AP3H_w0244,AP3H,244,3061.0,3071.0,3061.0,3071.0,run,chest+empatica,chest+empatica+forearm,gel,ecg/AP3H_w0244.npy,acc_chest/AP3H_w0244.npy,ppg_wrist/AP3H_w0244.npy,1.612,3.831,False,0.0,0.0,0.0
AP3H_w0245,AP3H,245,3071.0,3081.0,3071.0,3081.0,run,chest+empatica,chest+empatica+forearm,gel,ecg/AP3H_w0245.npy,acc_chest/AP3H_w0245.npy,ppg_wrist/AP3H_w0245.npy,1.527,3.696,False,0.0,0.0,0.0
AP3H_w0246,AP3H,246,3081.0,3091.0,3081.0,3091.0,run,chest+empatica,chest+empatica+forearm,gel,ecg/AP3H_w0246.npy,acc_chest/AP3H_w0246.npy,ppg_wrist/AP3H_w0246.npy,1.445,3.187,False,0.0,0.0,0.0
AP3H_w0247,AP3H,247,3091.0,3101.0,3091.0,3101.0,run,chest+empatica,chest+empatica+forearm,gel,ecg/AP3H_w0247.npy,acc_chest/AP3H_w0247.npy,ppg_wrist/AP3H_w0247.npy,1.697,3.726,False,0.0,0.0,0.0
AP3H_w0248,AP3H,248,3101.0,3111.0,3101.0,3111.0,run,chest+empatica,chest+empatica+forearm,gel,ecg/AP3H_w0248.npy,acc_chest/AP3H_w0248.npy,ppg_wrist/AP3H_w0248.npy,1.838,4.387,False,0.0,0.0,0.0
AP3H_w0249,AP3H,249,3111.0,3121.0,3111.0,3121.0,run,chest+empatica,chest+empatica+forearm,gel,ecg/AP3H_w0249.npy,acc_chest/AP3H_w0249.npy,ppg_wrist/AP3H_w0249.npy,1.748,3.916,False,0.0,0.0,0.0
AP3H_w0250,AP3H,250,3121.0,3131.0,3121.0,3131.0,run,chest+empatica,chest+empatica+forearm,gel,ecg/AP3H_w0250.npy,acc_chest/AP3H_w0250.npy,ppg_wrist/AP3H_w0250.npy,1.723,3.924,False,0.0,0.0,0.0
AP3H_w0251,AP3H,251,3131.0,3141.0,3131.0,3141.0,run,chest+empatica,chest+empatica+forearm,gel,ecg/AP3H_w0251.npy,acc_chest/AP3H_w0251.npy,ppg_wrist/AP3H_w0251.npy,1.831,4.704,False,0.0,0.0,0.0
AP3H_w0252,AP3H,252,3141.0,3151.0,3141.0,3151.0,run,chest+empatica,chest+empatica+forearm,gel,ecg/AP3H_w0252.npy,acc_chest/AP3H_w0252.npy,ppg_wrist/AP3H_w0252.npy,1.683,4.237,False,0.0,0.0,0.0
AP3H_w0253,AP3H,253,3151.0,3161.0,3151.0,3161.0,run,chest+empatica,chest+empatica+forearm,gel,ecg/AP3H_w0253.npy,acc_chest/AP3H_w0253.npy,ppg_wrist/AP3H_w0253.npy,1.467,4.36,False,0.0,0.0,0.0
AP3H_w0254,AP3H,254,3161.0,3171.0,3161.0,3171.0,run,chest+empatica,chest+empatica+forearm,gel,ecg/AP3H_w0254.npy,acc_chest/AP3H_w0254.npy,ppg_wrist/AP3H_w0254.npy,1.487,3.457,False,0.0,0.0,0.0
AP3H_w0255,AP3H,255,3171.0,3181.0,3171.0,3181.0,run,chest+empatica,chest+empatica+forearm,gel,ecg/AP3H_w0255.npy,acc_chest/AP3H_w0255.npy,ppg_wrist/AP3H_w0255.npy,1.302,3.02,False,0.0,0.0,0.0
AP3H_w0256,AP3H,256,3181.0,3191.0,3181.0,3191.0,run,chest+empatica,chest+empatica+forearm,gel,ecg/AP3H_w0256.npy,acc_chest/AP3H_w0256.npy,ppg_wrist/AP3H_w0256.npy,1.555,3.615,False,0.0,0.0,0.0
AP3H_w0257,AP3H,257,3191.0,3201.0,3191.0,3201.0,run,chest+empatica,chest+empatica+forearm,gel,ecg/AP3H_w0257.npy,acc_chest/AP3H_w0257.npy,ppg_wrist/AP3H_w0257.npy,1.523,3.858,False,0.0,0.0,0.0
AP3H_w0258,AP3H,258,3201.0,3211.0,3201.0,3211.0,run,chest+empatica,chest+empatica+forearm,gel,ecg/AP3H_w0258.npy,acc_chest/AP3H_w0258.npy,ppg_wrist/AP3H_w0258.npy,1.683,4.25,False,0.0,0.0,0.0
AP3H_w0259,AP3H,259,3211.0,3221.0,3211.0,3221.0,run,chest+empatica,chest+empatica+forearm,gel,ecg/AP3H_w0259.npy,acc_chest/AP3H_w0259.npy,ppg_wrist/AP3H_w0259.npy,1.581,4.565,False,0.0,0.0,0.0
AP3H_w0260,AP3H,260,3221.0,3231.0,3221.0,3231.0,run,chest+empatica,chest+empatica+forearm,gel,ecg/AP3H_w0260.npy,acc_chest/AP3H_w0260.npy,ppg_wrist/AP3H_w0260.npy,1.507,4.108,False,0.0,0.0,0.0
AP3H_w0261,AP3H,261,3231.0,3241.0,3231.0,3241.0,run,chest+empatica,chest+empatica+forearm,gel,ecg/AP3H_w0261.npy,acc_chest/AP3H_w0261.npy,ppg_wrist/AP3H_w0261.npy,1.72,4.243,False,0.0,0.0,0.0
AP3H_w0262,AP3H,262,3241.0,3251.0,3241.0,3251.0,run,chest+empatica,chest+empatica+forearm,gel,ecg/AP3H_w0262.npy,acc_chest/AP3H_w0262.npy,ppg_wrist/AP3H_w0262.npy,1.594,3.853,False,0.0,0.0,0.0
AP3H_w0263,AP3H,263,3251.0,3261.0,3251.0,3261.0,run,chest+empatica,chest+empatica+forearm,gel,ecg/AP3H_w0263.npy,acc_chest/AP3H_w0263.npy,ppg_wrist/AP3H_w0263.npy,1.424,3.292,False,0.0,0.0,0.0
AP3H_w0264,AP3H,264,3261.0,3271.0,3261.0,3271.0,run,chest+empatica,chest+empatica+forearm,gel,ecg/AP3H_w0264.npy,acc_chest/AP3H_w0264.npy,ppg_wrist/AP3H_w0264.npy,1.42,3.304,False,0.0,0.0,0.0
AP3H_w0265,AP3H,265,3271.0,3281.0,3271.0,3281.0,run,chest+empatica,chest+empatica+forearm,gel,ecg/AP3H_w0265.npy,acc_chest/AP3H_w0265.npy,ppg_wrist/AP3H_w0265.npy,1.43,3.489,False,0.0,0.0,0.0
AP3H_w0266,AP3H,266,3281.0,3291.0,3281.0,3291.0,run,chest+empatica,chest+empatica+forearm,gel,ecg/AP3H_w0266.npy,acc_chest/AP3H_w0266.npy,ppg_wrist/AP3H_w0266.npy,1.473,3.857,False,0.0,0.0,0.0
AP3H_w0267,AP3H,267,3291.0,3301.0,3291.0,3301.0,run,chest+empatica,chest+empatica+forearm,gel,ecg/AP3H_w0267.npy,acc_chest/AP3H_w0267.npy,ppg_wrist/AP3H_w0267.npy,1.563,4.278,False,0.0,0.0,0.0
AP3H_w0268,AP3H,268,3301.0,3311.0,3301.0,3311.0,run,chest+empatica,chest+empatica+forearm,gel,ecg/AP3H_w0268.npy,acc_chest/AP3H_w0268.npy,ppg_wrist/AP3H_w0268.npy,1.582,4.555,False,0.0,0.0,0.0
AP3H_w0269,AP3H,269,3311.0,3321.0,3311.0,3321.0,run,chest+empatica,chest+empatica+forearm,gel,ecg/AP3H_w0269.npy,acc_chest/AP3H_w0269.npy,ppg_wrist/AP3H_w0269.npy,1.638,4.103,False,0.0,0.0,0.0
AP3H_w0270,AP3H,270,3321.0,3331.0,3321.0,3331.0,run,chest+empatica,chest+empatica+forearm,gel,ecg/AP3H_w0270.npy,acc_chest/AP3H_w0270.npy,ppg_wrist/AP3H_w0270.npy,2.006,5.02,False,0.0,0.0,0.0
AP3H_w0271,AP3H,271,3331.0,3341.0,3331.0,3341.0,run,chest+empatica,chest+empatica+forearm,gel,ecg/AP3H_w0271.npy,acc_chest/AP3H_w0271.npy,ppg_wrist/AP3H_w0271.npy,0.927,4.246,False,0.0,0.0,0.0
AP3H_w0272,AP3H,272,3341.0,3351.0,3341.0,3351.0,walk_after,chest+empatica,chest+empatica+forearm,gel,ecg/AP3H_w0272.npy,acc_chest/AP3H_w0272.npy,ppg_wrist/AP3H_w0272.npy,0.775,3.286,False,0.0,0.0,0.0
AP3H_w0273,AP3H,273,3351.0,3361.0,3351.0,3361.0,walk_after,chest+empatica,chest+empatica+forearm,gel,ecg/AP3H_w0273.npy,acc_chest/AP3H_w0273.npy,ppg_wrist/AP3H_w0273.npy,0.739,3.313,False,0.0,0.0,0.0
AP3H_w0274,AP3H,274,3361.0,3371.0,3361.0,3371.0,walk_after,chest+empatica,chest+empatica+forearm,gel,ecg/AP3H_w0274.npy,acc_chest/AP3H_w0274.npy,ppg_wrist/AP3H_w0274.npy,0.707,3.301,False,0.0,0.0,0.0
AP3H_w0275,AP3H,275,3371.0,3381.0,3371.0,3381.0,walk_after,chest+empatica,chest+empatica+forearm,gel,ecg/AP3H_w0275.npy,acc_chest/AP3H_w0275.npy,ppg_wrist/AP3H_w0275.npy,0.744,3.415,False,0.0,0.0,0.0
AP3H_w0276,AP3H,276,3381.0,3391.0,3381.0,3391.0,walk_after,chest+empatica,chest+empatica+forearm,gel,ecg/AP3H_w0276.npy,acc_chest/AP3H_w0276.npy,ppg_wrist/AP3H_w0276.npy,0.758,3.201,False,0.0,0.0,0.0
AP3H_w0277,AP3H,277,3391.0,3401.0,3391.0,3401.0,walk_after,chest+empatica,chest+empatica+forearm,gel,ecg/AP3H_w0277.npy,acc_chest/AP3H_w0277.npy,ppg_wrist/AP3H_w0277.npy,0.753,3.355,False,0.0,0.0,0.0
AP3H_w0278,AP3H,278,3401.0,3411.0,3401.0,3411.0,walk_after,chest+empatica,chest+empatica+forearm,gel,ecg/AP3H_w0278.npy,acc_chest/AP3H_w0278.npy,ppg_wrist/AP3H_w0278.npy,0.729,3.585,False,0.0,0.0,0.0
AP3H_w0279,AP3H,279,3411.0,3421.0,3411.0,3421.0,walk_after,chest+empatica,chest+empatica+forearm,gel,ecg/AP3H_w0279.npy,acc_chest/AP3H_w0279.npy,ppg_wrist/AP3H_w0279.npy,0.736,3.297,False,0.0,0.0,0.0
AP3H_w0280,AP3H,280,3421.0,3431.0,3421.0,3431.0,walk_after,chest+empatica,chest+empatica+forearm,gel,ecg/AP3H_w0280.npy,acc_chest/AP3H_w0280.npy,ppg_wrist/AP3H_w0280.npy,0.749,3.44,False,0.0,0.0,0.0
AP3H_w0281,AP3H,281,3431.0,3441.0,3431.0,3433.0,walk_after,chest+empatica,chest+empatica+forearm,gel,ecg/AP3H_w0281.npy,acc_chest/AP3H_w0281.npy,ppg_wrist/AP3H_w0281.npy,1.168,9.892,True,0.8,0.8,0.0
F408_w0000,F408,0,164.0,174.0,164.0,174.0,baseline,chest+empatica,chest+empatica+forearm,gel,ecg/F408_w0000.npy,acc_chest/F408_w0000.npy,ppg_wrist/F408_w0000.npy,0.343,12.789,False,0.0,0.0,0.0
F408_w0001,F408,1,174.0,184.0,174.0,184.0,baseline,chest+empatica,chest+empatica+forearm,gel,ecg/F408_w0001.npy,acc_chest/F408_w0001.npy,ppg_wrist/F408_w0001.npy,0.343,12.789,False,0.0,0.0,0.0
F408_w0002,F408,2,184.0,194.0,184.0,194.0,baseline,chest+empatica,chest+empatica+forearm,gel,ecg/F408_w0002.npy,acc_chest/F408_w0002.npy,ppg_wrist/F408_w0002.npy,0.873,14.157,False,0.0,0.0,0.0
F408_w0003,F408,3,194.0,204.0,194.0,204.0,lift,chest+empatica,chest+empatica+forearm,gel,ecg/F408_w0003.npy,acc_chest/F408_w0003.npy,ppg_wrist/F408_w0003.npy,0.766,4.745,False,0.0,0.0,0.0
F408_w0004,F408,4,204.0,214.0,204.0,214.0,lift,chest+empatica,chest+empatica+forearm,gel,ecg/F408_w0004.npy,acc_chest/F408_w0004.npy,ppg_wrist/F408_w0004.npy,0.785,4.485,False,0.0,0.0,0.0
F408_w0005,F408,5,214.0,224.0,214.0,224.0,lift,chest+empatica,chest+empatica+forearm,gel,ecg/F408_w0005.npy,acc_chest/F408_w0005.npy,ppg_wrist/F408_w0005.npy,0.791,5.235,False,0.0,0.0,0.0
F408_w0006,F408,6,224.0,234.0,224.0,234.0,lift,chest+empatica,chest+empatica+forearm,gel,ecg/F408_w0006.npy,acc_chest/F408_w0006.npy,ppg_wrist/F408_w0006.npy,0.781,5.582,False,0.0,0.0,0.0
F408_w0007,F408,7,234.0,244.0,234.0,244.0,lift,chest+empatica,chest+empatica+forearm,gel,ecg/F408_w0007.npy,acc_chest/F408_w0007.npy,ppg_wrist/F408_w0007.npy,0.786,4.879,False,0.0,0.0,0.0
F408_w0008,F408,8,244.0,254.0,244.0,254.0,lift,chest+empatica,chest+empatica+forearm,gel,ecg/F408_w0008.npy,acc_chest/F408_w0008.npy,ppg_wrist/F408_w0008.npy,0.824,5.288,False,0.0,0.0,0.0
F408_w0009,F408,9,254.0,264.0,254.0,264.0,lift,chest+empatica,chest+empatica+forearm,gel,ecg/F408_w0009.npy,acc_chest/F408_w0009.npy,ppg_wrist/F408_w0009.npy,0.472,11.743,False,0.0,0.0,0.0
F408_w0010,F408,10,264.0,274.0,264.0,274.0,lift,chest+empatica,chest+empatica+forearm,gel,ecg/F408_w0010.npy,acc_chest/F408_w0010.npy,ppg_wrist/F408_w0010.npy,0.343,12.789,False,0.0,0.0,0.0
F408_w0011,F408,11,274.0,284.0,274.0,284.0,lift,chest+empatica,chest+empatica+forearm,gel,ecg/F408_w0011.npy,acc_chest/F408_w0011.npy,ppg_wrist/F408_w0011.npy,0.412,11.004,False,0.0,0.0,0.0
F408_w0012,F408,12,284.0,294.0,284.0,294.0,greetings,chest+empatica,chest+empatica+forearm,gel,ecg/F408_w0012.npy,acc_chest/F408_w0012.npy,ppg_wrist/F408_w0012.npy,0.758,5.106,False,0.0,0.0,0.0
F408_w0013,F408,13,294.0,304.0,294.0,304.0,greetings,chest+empatica,chest+empatica+forearm,gel,ecg/F408_w0013.npy,acc_chest/F408_w0013.npy,ppg_wrist/F408_w0013.npy,0.812,6.329,False,0.0,0.0,0.0
F408_w0014,F408,14,304.0,314.0,304.0,314.0,greetings,chest+empatica,chest+empatica+forearm,gel,ecg/F408_w0014.npy,acc_chest/F408_w0014.npy,ppg_wrist/F408_w0014.npy,0.808,6.142,False,0.0,0.0,0.0
F408_w0015,F408,15,314.0,324.0,314.0,324.0,greetings,chest+empatica,chest+empatica+forearm,gel,ecg/F408_w0015.npy,acc_chest/F408_w0015.npy,ppg_wrist/F408_w0015.npy,0.808,3.88,False,0.0,0.0,0.0
F408_w0016,F408,16,324.0,334.0,324.0,334.0,greetings,chest+empatica,chest+empatica+forearm,gel,ecg/F408_w0016.npy,acc_chest/F408_w0016.npy,ppg_wrist/F408_w0016.npy,0.727,12.301,False,0.0,0.0,0.0
F408_w0017,F408,17,334.0,344.0,334.0,344.0,greetings,chest+empatica,chest+empatica+forearm,gel,ecg/F408_w0017.npy,acc_chest/F408_w0017.npy,ppg_wrist/F408_w0017.npy,0.343,12.789,False,0.0,0.0,0.0
F408_w0018,F408,18,344.0,354.0,344.0,354.0,greetings,chest+empatica,chest+empatica+forearm,gel,ecg/F408_w0018.npy,acc_chest/F408_w0018.npy,ppg_wrist/F408_w0018.npy,0.343,12.789,False,0.0,0.0,0.0
F408_w0019,F408,19,354.0,364.0,354.0,364.0,gesticulate,chest+empatica,chest+empatica+forearm,gel,ecg/F408_w0019.npy,acc_chest/F408_w0019.npy,ppg_wrist/F408_w0019.npy,0.888,11.896,False,0.0,0.0,0.0
F408_w0020,F408,20,364.0,374.0,364.0,374.0,gesticulate,chest+empatica,chest+empatica+forearm,gel,ecg/F408_w0020.npy,acc_chest/F408_w0020.npy,ppg_wrist/F408_w0020.npy,0.731,2.9,False,0.0,0.0,0.0
F408_w0021,F408,21,374.0,384.0,374.0,384.0,gesticulate,chest+empatica,chest+empatica+forearm,gel,ecg/F408_w0021.npy,acc_chest/F408_w0021.npy,ppg_wrist/F408_w0021.npy,0.819,4.312,False,0.0,0.0,0.0
F408_w0022,F408,22,384.0,394.0,384.0,394.0,gesticulate,chest+empatica,chest+empatica+forearm,gel,ecg/F408_w0022.npy,acc_chest/F408_w0022.npy,ppg_wrist/F408_w0022.npy,0.758,4.24,False,0.0,0.0,0.0
F408_w0023,F408,23,394.0,404.0,394.0,404.0,gesticulate,chest+empatica,chest+empatica+forearm,gel,ecg/F408_w0023.npy,acc_chest/F408_w0023.npy,ppg_wrist/F408_w0023.npy,0.727,3.035,False,0.0,0.0,0.0
F408_w0024,F408,24,404.0,414.0,404.0,414.0,gesticulate,chest+empatica,chest+empatica+forearm,gel,ecg/F408_w0024.npy,acc_chest/F408_w0024.npy,ppg_wrist/F408_w0024.npy,0.745,4.233,False,0.0,0.0,0.0
F408_w0025,F408,25,414.0,424.0,414.0,424.0,gesticulate,chest+empatica,chest+empatica+forearm,gel,ecg/F408_w0025.npy,acc_chest/F408_w0025.npy,ppg_wrist/F408_w0025.npy,0.787,5.445,False,0.0,0.0,0.0
F408_w0026,F408,26,424.0,434.0,424.0,434.0,gesticulate,chest+empatica,chest+empatica+forearm,gel,ecg/F408_w0026.npy,acc_chest/F408_w0026.npy,ppg_wrist/F408_w0026.npy,0.808,4.612,False,0.0,0.0,0.0
F408_w0027,F408,27,434.0,444.0,434.0,444.0,gesticulate,chest+empatica,chest+empatica+forearm,gel,ecg/F408_w0027.npy,acc_chest/F408_w0027.npy,ppg_wrist/F408_w0027.npy,1.031,4.915,False,0.0,0.0,0.0
F408_w0028,F408,28,444.0,454.0,444.0,454.0,gesticulate,chest+empatica,chest+empatica+forearm,gel,ecg/F408_w0028.npy,acc_chest/F408_w0028.npy,ppg_wrist/F408_w0028.npy,0.789,4.199,False,0.0,0.0,0.0
F408_w0029,F408,29,454.0,464.0,454.0,464.0,gesticulate,chest+empatica,chest+empatica+forearm,gel,ecg/F408_w0029.npy,acc_chest/F408_w0029.npy,ppg_wrist/F408_w0029.npy,0.862,13.902,False,0.0,0.0,0.0
F408_w0030,F408,30,464.0,474.0,464.0,474.0,gesticulate,chest+empatica,chest+empatica+forearm,gel,ecg/F408_w0030.npy,acc_chest/F408_w0030.npy,ppg_wrist/F408_w0030.npy,0.343,12.789,False,0.0,0.0,0.0
F408_w0031,F408,31,474.0,484.0,474.0,484.0,gesticulate,chest+empatica,chest+empatica+forearm,gel,ecg/F408_w0031.npy,acc_chest/F408_w0031.npy,ppg_wrist/F408_w0031.npy,0.343,12.789,False,0.0,0.0,0.0
F408_w0032,F408,32,484.0,494.0,484.0,494.0,gesticulate,chest+empatica,chest+empatica+forearm,gel,ecg/F408_w0032.npy,acc_chest/F408_w0032.npy,ppg_wrist/F408_w0032.npy,0.343,12.789,False,0.0,0.0,0.0
F408_w0033,F408,33,494.0,504.0,494.0,504.0,gesticulate,chest+empatica,chest+empatica+forearm,gel,ecg/F408_w0033.npy,acc_chest/F408_w0033.npy,ppg_wrist/F408_w0033.npy,0.803,10.87,False,0.0,0.0,0.0
F408_w0034,F408,34,504.0,514.0,504.0,514.0,walk_before,chest+empatica,chest+empatica+forearm,gel,ecg/F408_w0034.npy,acc_chest/F408_w0034.npy,ppg_wrist/F408_w0034.npy,0.67,2.904,False,0.0,0.0,0.0
F408_w0035,F408,35,514.0,524.0,514.0,524.0,walk_before,chest+empatica,chest+empatica+forearm,gel,ecg/F408_w0035.npy,acc_chest/F408_w0035.npy,ppg_wrist/F408_w0035.npy,0.711,3.54,False,0.0,0.0,0.0
F408_w0036,F408,36,524.0,534.0,524.0,534.0,walk_before,chest+empatica,chest+empatica+forearm,gel,ecg/F408_w0036.npy,acc_chest/F408_w0036.npy,ppg_wrist/F408_w0036.npy,0.7,4.219,False,0.0,0.0,0.0
F408_w0037,F408,37,534.0,544.0,534.0,544.0,walk_before,chest+empatica,chest+empatica+forearm,gel,ecg/F408_w0037.npy,acc_chest/F408_w0037.npy,ppg_wrist/F408_w0037.npy,0.684,4.415,False,0.0,0.0,0.0
F408_w0038,F408,38,544.0,554.0,544.0,554.0,walk_before,chest+empatica,chest+empatica+forearm,gel,ecg/F408_w0038.npy,acc_chest/F408_w0038.npy,ppg_wrist/F408_w0038.npy,0.807,3.72,False,0.0,0.0,0.0
F408_w0039,F408,39,554.0,564.0,554.0,564.0,walk_before,chest+empatica,chest+empatica+forearm,gel,ecg/F408_w0039.npy,acc_chest/F408_w0039.npy,ppg_wrist/F408_w0039.npy,0.768,4.008,False,0.0,0.0,0.0
F408_w0040,F408,40,564.0,574.0,564.0,574.0,walk_before,chest+empatica,chest+empatica+forearm,gel,ecg/F408_w0040.npy,acc_chest/F408_w0040.npy,ppg_wrist/F408_w0040.npy,0.94,4.205,False,0.0,0.0,0.0
F408_w0041,F408,41,574.0,584.0,574.0,584.0,walk_before,chest+empatica,chest+empatica+forearm,gel,ecg/F408_w0041.npy,acc_chest/F408_w0041.npy,ppg_wrist/F408_w0041.npy,0.943,3.228,False,0.0,0.0,0.0
F408_w0042,F408,42,584.0,594.0,584.0,594.0,walk_before,chest+empatica,chest+empatica+forearm,gel,ecg/F408_w0042.npy,acc_chest/F408_w0042.npy,ppg_wrist/F408_w0042.npy,0.896,3.449,False,0.0,0.0,0.0
F408_w0043,F408,43,594.0,604.0,594.0,604.0,walk_before,chest+empatica,chest+empatica+forearm,gel,ecg/F408_w0043.npy,acc_chest/F408_w0043.npy,ppg_wrist/F408_w0043.npy,0.893,4.19,False,0.0,0.0,0.0
F408_w0044,F408,44,604.0,614.0,604.0,614.0,walk_before,chest+empatica,chest+empatica+forearm,gel,ecg/F408_w0044.npy,acc_chest/F408_w0044.npy,ppg_wrist/F408_w0044.npy,0.898,3.679,False,0.0,0.0,0.0
F408_w0045,F408,45,614.0,624.0,614.0,624.0,walk_before,chest+empatica,chest+empatica+forearm,gel,ecg/F408_w0045.npy,acc_chest/F408_w0045.npy,ppg_wrist/F408_w0045.npy,0.947,2.811,False,0.0,0.0,0.0
F408_w0046,F408,46,624.0,634.0,624.0,634.0,walk_before,chest+empatica,chest+empatica+forearm,gel,ecg/F408_w0046.npy,acc_chest/F408_w0046.npy,ppg_wrist/F408_w0046.npy,1.066,14.006,False,0.0,0.0,0.0
F408_w0047,F408,47,634.0,644.0,634.0,644.0,walk_before,chest+empatica,chest+empatica+forearm,gel,ecg/F408_w0047.npy,acc_chest/F408_w0047.npy,ppg_wrist/F408_w0047.npy,0.343,12.789,False,0.0,0.0,0.0
F408_w0048,F408,48,644.0,654.0,644.0,654.0,walk_before,chest+empatica,chest+empatica+forearm,gel,ecg/F408_w0048.npy,acc_chest/F408_w0048.npy,ppg_wrist/F408_w0048.npy,0.343,12.789,False,0.0,0.0,0.0
F408_w0049,F408,49,654.0,664.0,654.0,664.0,walk_before,chest+empatica,chest+empatica+forearm,gel,ecg/F408_w0049.npy,acc_chest/F408_w0049.npy,ppg_wrist/F408_w0049.npy,0.343,12.789,False,0.0,0.0,0.0
F408_w0050,F408,50,664.0,674.0,664.0,674.0,walk_before,chest+empatica,chest+empatica+forearm,gel,ecg/F408_w0050.npy,acc_chest/F408_w0050.npy,ppg_wrist/F408_w0050.npy,0.343,12.789,False,0.0,0.0,0.0
F408_w0051,F408,51,674.0,684.0,674.0,684.0,walk_before,chest+empatica,chest+empatica+forearm,gel,ecg/F408_w0051.npy,acc_chest/F408_w0051.npy,ppg_wrist/F408_w0051.npy,0.343,12.789,False,0.0,0.0,0.0
F408_w0052,F408,52,684.0,694.0,684.0,694.0,walk_before,chest+empatica,chest+empatica+forearm,gel,ecg/F408_w0052.npy,acc_chest/F408_w0052.npy,ppg_wrist/F408_w0052.npy,0.343,12.789,False,0.0,0.0,0.0
F408_w0053,F408,53,694.0,704.0,694.0,704.0,walk_before,chest+empatica,chest+empatica+forearm,gel,ecg/F408_w0053.npy,acc_chest/F408_w0053.npy,ppg_wrist/F408_w0053.npy,0.343,12.789,False,0.0,0.0,0.0
F408_w0054,F408,54,704.0,714.0,704.0,714.0,walk_before,chest+empatica,chest+empatica+forearm,gel,ecg/F408_w0054.npy,acc_chest/F408_w0054.npy,ppg_wrist/F408_w0054.npy,0.343,12.789,False,0.0,0.0,0.0
F408_w0055,F408,55,714.0,724.0,714.0,724.0,walk_before,chest+empatica,chest+empatica+forearm,gel,ecg/F408_w0055.npy,acc_chest/F408_w0055.npy,ppg_wrist/F408_w0055.npy,0.343,12.789,False,0.0,0.0,0.0
F408_w0056,F408,56,724.0,734.0,724.0,734.0,walk_before,chest+empatica,chest+empatica+forearm,gel,ecg/F408_w0056.npy,acc_chest/F408_w0056.npy,ppg_wrist/F408_w0056.npy,0.343,12.789,False,0.0,0.0,0.0
F408_w0057,F408,57,734.0,744.0,734.0,744.0,walk_before,chest+empatica,chest+empatica+forearm,gel,ecg/F408_w0057.npy,acc_chest/F408_w0057.npy,ppg_wrist/F408_w0057.npy,0.343,12.789,False,0.0,0.0,0.0
F408_w0058,F408,58,744.0,754.0,744.0,754.0,walk_before,chest+empatica,chest+empatica+forearm,gel,ecg/F408_w0058.npy,acc_chest/F408_w0058.npy,ppg_wrist/F408_w0058.npy,0.343,12.789,False,0.0,0.0,0.0
F408_w0059,F408,59,754.0,764.0,754.0,764.0,walk_before,chest+empatica,chest+empatica+forearm,gel,ecg/F408_w0059.npy,acc_chest/F408_w0059.npy,ppg_wrist/F408_w0059.npy,0.343,12.789,False,0.0,0.0,0.0
F408_w0060,F408,60,764.0,774.0,764.0,774.0,walk_before,chest+empatica,chest+empatica+forearm,gel,ecg/F408_w0060.npy,acc_chest/F408_w0060.npy,ppg_wrist/F408_w0060.npy,0.343,12.789,False,0.0,0.0,0.0
F408_w0061,F408,61,774.0,784.0,774.0,784.0,walk_before,chest+empatica,chest+empatica+forearm,gel,ecg/F408_w0061.npy,acc_chest/F408_w0061.npy,ppg_wrist/F408_w0061.npy,0.343,12.789,False,0.0,0.0,0.0
F408_w0062,F408,62,784.0,794.0,784.0,794.0,walk_before,chest+empatica,chest+empatica+forearm,gel,ecg/F408_w0062.npy,acc_chest/F408_w0062.npy,ppg_wrist/F408_w0062.npy,0.343,12.789,False,0.0,0.0,0.0
F408_w0063,F408,63,794.0,804.0,794.0,804.0,walk_before,chest+empatica,chest+empatica+forearm,gel,ecg/F408_w0063.npy,acc_chest/F408_w0063.npy,ppg_wrist/F408_w0063.npy,0.343,12.789,False,0.0,0.0,0.0
F408_w0064,F408,64,804.0,814.0,804.0,814.0,walk_before,chest+empatica,chest+empatica+forearm,gel,ecg/F408_w0064.npy,acc_chest/F408_w0064.npy,ppg_wrist/F408_w0064.npy,0.343,12.789,False,0.0,0.0,0.0
F408_w0065,F408,65,814.0,824.0,814.0,824.0,run,chest+empatica,chest+empatica+forearm,gel,ecg/F408_w0065.npy,acc_chest/F408_w0065.npy,ppg_wrist/F408_w0065.npy,0.968,13.79,False,0.0,0.0,0.0
F408_w0066,F408,66,824.0,834.0,824.0,834.0,run,chest+empatica,chest+empatica+forearm,gel,ecg/F408_w0066.npy,acc_chest/F408_w0066.npy,ppg_wrist/F408_w0066.npy,1.963,4.154,False,0.0,0.0,0.0
F408_w0067,F408,67,834.0,844.0,834.0,844.0,run,chest+empatica,chest+empatica+forearm,gel,ecg/F408_w0067.npy,acc_chest/F408_w0067.npy,ppg_wrist/F408_w0067.npy,1.968,3.81,False,0.0,0.0,0.0
F408_w0068,F408,68,844.0,854.0,844.0,854.0,run,chest+empatica,chest+empatica+forearm,gel,ecg/F408_w0068.npy,acc_chest/F408_w0068.npy,ppg_wrist/F408_w0068.npy,2.018,4.395,False,0.0,0.0,0.0
F408_w0069,F408,69,854.0,864.0,854.0,864.0,run,chest+empatica,chest+empatica+forearm,gel,ecg/F408_w0069.npy,acc_chest/F408_w0069.npy,ppg_wrist/F408_w0069.npy,2.114,4.821,False,0.0,0.0,0.0
F408_w0070,F408,70,864.0,874.0,864.0,874.0,run,chest+empatica,chest+empatica+forearm,gel,ecg/F408_w0070.npy,acc_chest/F408_w0070.npy,ppg_wrist/F408_w0070.npy,2.151,4.367,False,0.0,0.0,0.0
F408_w0071,F408,71,874.0,884.0,874.0,884.0,run,chest+empatica,chest+empatica+forearm,gel,ecg/F408_w0071.npy,acc_chest/F408_w0071.npy,ppg_wrist/F408_w0071.npy,2.163,4.361,False,0.0,0.0,0.0
F408_w0072,F408,72,884.0,894.0,884.0,894.0,run,chest+empatica,chest+empatica+forearm,gel,ecg/F408_w0072.npy,acc_chest/F408_w0072.npy,ppg_wrist/F408_w0072.npy,1.969,4.721,False,0.0,0.0,0.0
F408_w0073,F408,73,894.0,904.0,894.0,904.0,run,chest+empatica,chest+empatica+forearm,gel,ecg/F408_w0073.npy,acc_chest/F408_w0073.npy,ppg_wrist/F408_w0073.npy,1.997,4.281,False,0.0,0.0,0.0
F408_w0074,F408,74,904.0,914.0,904.0,914.0,run,chest+empatica,chest+empatica+forearm,gel,ecg/F408_w0074.npy,acc_chest/F408_w0074.npy,ppg_wrist/F408_w0074.npy,1.802,4.19,False,0.0,0.0,0.0
F408_w0075,F408,75,914.0,924.0,914.0,924.0,run,chest+empatica,chest+empatica+forearm,gel,ecg/F408_w0075.npy,acc_chest/F408_w0075.npy,ppg_wrist/F408_w0075.npy,1.722,4.414,False,0.0,0.0,0.0
F408_w0076,F408,76,924.0,934.0,924.0,934.0,run,chest+empatica,chest+empatica+forearm,gel,ecg/F408_w0076.npy,acc_chest/F408_w0076.npy,ppg_wrist/F408_w0076.npy,2.003,4.59,False,0.0,0.0,0.0
F408_w0077,F408,77,934.0,944.0,934.0,944.0,run,chest+empatica,chest+empatica+forearm,gel,ecg/F408_w0077.npy,acc_chest/F408_w0077.npy,ppg_wrist/F408_w0077.npy,1.948,3.367,False,0.0,0.0,0.0
F408_w0078,F408,78,944.0,954.0,944.0,954.0,run,chest+empatica,chest+empatica+forearm,gel,ecg/F408_w0078.npy,acc_chest/F408_w0078.npy,ppg_wrist/F408_w0078.npy,1.983,3.772,False,0.0,0.0,0.0
F408_w0079,F408,79,954.0,964.0,954.0,964.0,run,chest+empatica,chest+empatica+forearm,gel,ecg/F408_w0079.npy,acc_chest/F408_w0079.npy,ppg_wrist/F408_w0079.npy,2.071,4.545,False,0.0,0.0,0.0
F408_w0080,F408,80,964.0,974.0,964.0,974.0,run,chest+empatica,chest+empatica+forearm,gel,ecg/F408_w0080.npy,acc_chest/F408_w0080.npy,ppg_wrist/F408_w0080.npy,2.122,7.013,False,0.0,0.0,0.0
F408_w0081,F408,81,974.0,984.0,974.0,984.0,run,chest+empatica,chest+empatica+forearm,gel,ecg/F408_w0081.npy,acc_chest/F408_w0081.npy,ppg_wrist/F408_w0081.npy,1.81,6.373,False,0.0,0.0,0.0
F408_w0082,F408,82,984.0,994.0,984.0,994.0,run,chest+empatica,chest+empatica+forearm,gel,ecg/F408_w0082.npy,acc_chest/F408_w0082.npy,ppg_wrist/F408_w0082.npy,2.112,4.69,False,0.0,0.0,0.0
F408_w0083,F408,83,994.0,1004.0,994.0,1004.0,run,chest+empatica,chest+empatica+forearm,gel,ecg/F408_w0083.npy,acc_chest/F408_w0083.npy,ppg_wrist/F408_w0083.npy,2.301,5.895,False,0.0,0.0,0.0
F408_w0084,F408,84,1004.0,1014.0,1004.0,1014.0,run,chest+empatica,chest+empatica+forearm,gel,ecg/F408_w0084.npy,acc_chest/F408_w0084.npy,ppg_wrist/F408_w0084.npy,2.258,4.717,False,0.0,0.0,0.0
F408_w0085,F408,85,1014.0,1024.0,1014.0,1024.0,run,chest+empatica,chest+empatica+forearm,gel,ecg/F408_w0085.npy,acc_chest/F408_w0085.npy,ppg_wrist/F408_w0085.npy,2.195,3.829,False,0.0,0.0,0.0
F408_w0086,F408,86,1024.0,1034.0,1024.0,1034.0,run,chest+empatica,chest+empatica+forearm,gel,ecg/F408_w0086.npy,acc_chest/F408_w0086.npy,ppg_wrist/F408_w0086.npy,1.978,3.883,False,0.0,0.0,0.0
F408_w0087,F408,87,1034.0,1044.0,1034.0,1044.0,run,chest+empatica,chest+empatica+forearm,gel,ecg/F408_w0087.npy,acc_chest/F408_w0087.npy,ppg_wrist/F408_w0087.npy,1.95,3.761,False,0.0,0.0,0.0
F408_w0088,F408,88,1044.0,1054.0,1044.0,1054.0,run,chest+empatica,chest+empatica+forearm,gel,ecg/F408_w0088.npy,acc_chest/F408_w0088.npy,ppg_wrist/F408_w0088.npy,1.61,3.875,False,0.0,0.0,0.0
F408_w0089,F408,89,1054.0,1064.0,1054.0,1064.0,run,chest+empatica,chest+empatica+forearm,gel,ecg/F408_w0089.npy,acc_chest/F408_w0089.npy,ppg_wrist/F408_w0089.npy,1.681,4.452,False,0.0,0.0,0.0
F408_w0090,F408,90,1064.0,1074.0,1064.0,1074.0,run,chest+empatica,chest+empatica+forearm,gel,ecg/F408_w0090.npy,acc_chest/F408_w0090.npy,ppg_wrist/F408_w0090.npy,1.667,3.738,False,0.0,0.0,0.0
F408_w0091,F408,91,1074.0,1084.0,1074.0,1084.0,run,chest+empatica,chest+empatica+forearm,gel,ecg/F408_w0091.npy,acc_chest/F408_w0091.npy,ppg_wrist/F408_w0091.npy,1.772,3.397,False,0.0,0.0,0.0
F408_w0092,F408,92,1084.0,1094.0,1084.0,1094.0,run,chest+empatica,chest+empatica+forearm,gel,ecg/F408_w0092.npy,acc_chest/F408_w0092.npy,ppg_wrist/F408_w0092.npy,1.833,4.373,False,0.0,0.0,0.0
F408_w0093,F408,93,1094.0,1104.0,1094.0,1104.0,run,chest+empatica,chest+empatica+forearm,gel,ecg/F408_w0093.npy,acc_chest/F408_w0093.npy,ppg_wrist/F408_w0093.npy,1.574,4.261,False,0.0,0.0,0.0
F408_w0094,F408,94,1104.0,1114.0,1104.0,1114.0,run,chest+empatica,chest+empatica+forearm,gel,ecg/F408_w0094.npy,acc_chest/F408_w0094.npy,ppg_wrist/F408_w0094.npy,1.533,4.111,False,0.0,0.0,0.0
F408_w0095,F408,95,1114.0,1124.0,1114.0,1124.0,run,chest+empatica,chest+empatica+forearm,gel,ecg/F408_w0095.npy,acc_chest/F408_w0095.npy,ppg_wrist/F408_w0095.npy,1.558,3.945,False,0.0,0.0,0.0
F408_w0096,F408,96,1124.0,1134.0,1124.0,1134.0,run,chest+empatica,chest+empatica+forearm,gel,ecg/F408_w0096.npy,acc_chest/F408_w0096.npy,ppg_wrist/F408_w0096.npy,1.521,5.004,False,0.0,0.0,0.0
F408_w0097,F408,97,1134.0,1144.0,1134.0,1144.0,run,chest+empatica,chest+empatica+forearm,gel,ecg/F408_w0097.npy,acc_chest/F408_w0097.npy,ppg_wrist/F408_w0097.npy,1.543,5.099,False,0.0,0.0,0.0
F408_w0098,F408,98,1144.0,1154.0,1144.0,1154.0,run,chest+empatica,chest+empatica+forearm,gel,ecg/F408_w0098.npy,acc_chest/F408_w0098.npy,ppg_wrist/F408_w0098.npy,1.463,3.313,False,0.0,0.0,0.0
F408_w0099,F408,99,1154.0,1164.0,1154.0,1164.0,run,chest+empatica,chest+empatica+forearm,gel,ecg/F408_w0099.npy,acc_chest/F408_w0099.npy,ppg_wrist/F408_w0099.npy,1.573,3.12,False,0.0,0.0,0.0
F408_w0100,F408,100,1164.0,1174.0,1164.0,1174.0,run,chest+empatica,chest+empatica+forearm,gel,ecg/F408_w0100.npy,acc_chest/F408_w0100.npy,ppg_wrist/F408_w0100.npy,1.504,3.382,False,0.0,0.0,0.0
F408_w0101,F408,101,1174.0,1184.0,1174.0,1184.0,run,chest+empatica,chest+empatica+forearm,gel,ecg/F408_w0101.npy,acc_chest/F408_w0101.npy,ppg_wrist/F408_w0101.npy,1.568,4.215,False,0.0,0.0,0.0
F408_w0102,F408,102,1184.0,1194.0,1184.0,1194.0,run,chest+empatica,chest+empatica+forearm,gel,ecg/F408_w0102.npy,acc_chest/F408_w0102.npy,ppg_wrist/F408_w0102.npy,1.867,4.351,False,0.0,0.0,0.0
F408_w0103,F408,103,1194.0,1204.0,1194.0,1204.0,run,chest+empatica,chest+empatica+forearm,gel,ecg/F408_w0103.npy,acc_chest/F408_w0103.npy,ppg_wrist/F408_w0103.npy,1.633,3.838,False,0.0,0.0,0.0
F408_w0104,F408,104,1204.0,1214.0,1204.0,1214.0,run,chest+empatica,chest+empatica+forearm,gel,ecg/F408_w0104.npy,acc_chest/F408_w0104.npy,ppg_wrist/F408_w0104.npy,1.696,4.054,False,0.0,0.0,0.0
F408_w0105,F408,105,1214.0,1224.0,1214.0,1224.0,run,chest+empatica,chest+empatica+forearm,gel,ecg/F408_w0105.npy,acc_chest/F408_w0105.npy,ppg_wrist/F408_w0105.npy,1.582,3.115,False,0.0,0.0,0.0
F408_w0106,F408,106,1224.0,1234.0,1224.0,1234.0,run,chest+empatica,chest+empatica+forearm,gel,ecg/F408_w0106.npy,acc_chest/F408_w0106.npy,ppg_wrist/F408_w0106.npy,1.615,4.927,False,0.0,0.0,0.0
F408_w0107,F408,107,1234.0,1244.0,1234.0,1244.0,run,chest+empatica,chest+empatica+forearm,gel,ecg/F408_w0107.npy,acc_chest/F408_w0107.npy,ppg_wrist/F408_w0107.npy,1.906,5.438,False,0.0,0.0,0.0
F408_w0108,F408,108,1244.0,1254.0,1244.0,1254.0,run,chest+empatica,chest+empatica+forearm,gel,ecg/F408_w0108.npy,acc_chest/F408_w0108.npy,ppg_wrist/F408_w0108.npy,1.816,4.072,False,0.0,0.0,0.0
F408_w0109,F408,109,1254.0,1264.0,1254.0,1264.0,run,chest+empatica,chest+empatica+forearm,gel,ecg/F408_w0109.npy,acc_chest/F408_w0109.npy,ppg_wrist/F408_w0109.npy,2.213,4.107,False,0.0,0.0,0.0
F408_w0110,F408,110,1264.0,1274.0,1264.0,1274.0,run,chest+empatica,chest+empatica+forearm,gel,ecg/F408_w0110.npy,acc_chest/F408_w0110.npy,ppg_wrist/F408_w0110.npy,1.701,2.933,False,0.0,0.0,0.0
F408_w0111,F408,111,1274.0,1284.0,1274.0,1284.0,run,chest+empatica,chest+empatica+forearm,gel,ecg/F408_w0111.npy,acc_chest/F408_w0111.npy,ppg_wrist/F408_w0111.npy,1.688,2.937,False,0.0,0.0,0.0
F408_w0112,F408,112,1284.0,1294.0,1284.0,1294.0,run,chest+empatica,chest+empatica+forearm,gel,ecg/F408_w0112.npy,acc_chest/F408_w0112.npy,ppg_wrist/F408_w0112.npy,1.69,3.27,False,0.0,0.0,0.0
F408_w0113,F408,113,1294.0,1304.0,1294.0,1304.0,run,chest+empatica,chest+empatica+forearm,gel,ecg/F408_w0113.npy,acc_chest/F408_w0113.npy,ppg_wrist/F408_w0113.npy,1.727,3.352,False,0.0,0.0,0.0
F408_w0114,F408,114,1304.0,1314.0,1304.0,1314.0,run,chest+empatica,chest+empatica+forearm,gel,ecg/F408_w0114.npy,acc_chest/F408_w0114.npy,ppg_wrist/F408_w0114.npy,1.609,3.597,False,0.0,0.0,0.0
F408_w0115,F408,115,1314.0,1324.0,1314.0,1324.0,run,chest+empatica,chest+empatica+forearm,gel,ecg/F408_w0115.npy,acc_chest/F408_w0115.npy,ppg_wrist/F408_w0115.npy,1.683,3.646,False,0.0,0.0,0.0
F408_w0116,F408,116,1324.0,1334.0,1324.0,1334.0,run,chest+empatica,chest+empatica+forearm,gel,ecg/F408_w0116.npy,acc_chest/F408_w0116.npy,ppg_wrist/F408_w0116.npy,1.643,3.17,False,0.0,0.0,0.0
F408_w0117,F408,117,1334.0,1344.0,1334.0,1344.0,run,chest+empatica,chest+empatica+forearm,gel,ecg/F408_w0117.npy,acc_chest/F408_w0117.npy,ppg_wrist/F408_w0117.npy,1.536,4.071,False,0.0,0.0,0.0
F408_w0118,F408,118,1344.0,1354.0,1344.0,1354.0,run,chest+empatica,chest+empatica+forearm,gel,ecg/F408_w0118.npy,acc_chest/F408_w0118.npy,ppg_wrist/F408_w0118.npy,1.586,5.488,False,0.0,0.0,0.0
F408_w0119,F408,119,1354.0,1364.0,1354.0,1364.0,run,chest+empatica,chest+empatica+forearm,gel,ecg/F408_w0119.npy,acc_chest/F408_w0119.npy,ppg_wrist/F408_w0119.npy,1.64,5.073,False,0.0,0.0,0.0
F408_w0120,F408,120,1364.0,1374.0,1364.0,1374.0,run,chest+empatica,chest+empatica+forearm,gel,ecg/F408_w0120.npy,acc_chest/F408_w0120.npy,ppg_wrist/F408_w0120.npy,1.486,3.533,False,0.0,0.0,0.0
F408_w0121,F408,121,1374.0,1384.0,1374.0,1384.0,run,chest+empatica,chest+empatica+forearm,gel,ecg/F408_w0121.npy,acc_chest/F408_w0121.npy,ppg_wrist/F408_w0121.npy,1.46,4.671,False,0.0,0.0,0.0
F408_w0122,F408,122,1384.0,1394.0,1384.0,1394.0,run,chest+empatica,chest+empatica+forearm,gel,ecg/F408_w0122.npy,acc_chest/F408_w0122.npy,ppg_wrist/F408_w0122.npy,1.548,4.803,False,0.0,0.0,0.0
F408_w0123,F408,123,1394.0,1404.0,1394.0,1404.0,run,chest+empatica,chest+empatica+forearm,gel,ecg/F408_w0123.npy,acc_chest/F408_w0123.npy,ppg_wrist/F408_w0123.npy,1.006,3.242,False,0.0,0.0,0.0
F408_w0124,F408,124,1404.0,1414.0,1404.0,1414.0,run,chest+empatica,chest+empatica+forearm,gel,ecg/F408_w0124.npy,acc_chest/F408_w0124.npy,ppg_wrist/F408_w0124.npy,0.792,2.941,False,0.0,0.0,0.0
F408_w0125,F408,125,1414.0,1424.0,1414.0,1424.0,run,chest+empatica,chest+empatica+forearm,gel,ecg/F408_w0125.npy,acc_chest/F408_w0125.npy,ppg_wrist/F408_w0125.npy,0.915,2.594,False,0.0,0.0,0.0
F408_w0126,F408,126,1424.0,1434.0,1424.0,1434.0,run,chest+empatica,chest+empatica+forearm,gel,ecg/F408_w0126.npy,acc_chest/F408_w0126.npy,ppg_wrist/F408_w0126.npy,1.386,3.738,False,0.0,0.0,0.0
F408_w0127,F408,127,1434.0,1444.0,1434.0,1444.0,run,chest+empatica,chest+empatica+forearm,gel,ecg/F408_w0127.npy,acc_chest/F408_w0127.npy,ppg_wrist/F408_w0127.npy,1.553,4.633,False,0.0,0.0,0.0
F408_w0128,F408,128,1444.0,1454.0,1444.0,1454.0,run,chest+empatica,chest+empatica+forearm,gel,ecg/F408_w0128.npy,acc_chest/F408_w0128.npy,ppg_wrist/F408_w0128.npy,1.632,3.971,False,0.0,0.0,0.0
F408_w0129,F408,129,1454.0,1464.0,1454.0,1464.0,run,chest+empatica,chest+empatica+forearm,gel,ecg/F408_w0129.npy,acc_chest/F408_w0129.npy,ppg_wrist/F408_w0129.npy,1.616,3.33,False,0.0,0.0,0.0
F408_w0130,F408,130,1464.0,1474.0,1464.0,1474.0,run,chest+empatica,chest+empatica+forearm,gel,ecg/F408_w0130.npy,acc_chest/F408_w0130.npy,ppg_wrist/F408_w0130.npy,1.627,3.199,False,0.0,0.0,0.0
F408_w0131,F408,131,1474.0,1484.0,1474.0,1484.0,run,chest+empatica,chest+empatica+forearm,gel,ecg/F408_w0131.npy,acc_chest/F408_w0131.npy,ppg_wrist/F408_w0131.npy,1.581,2.911,False,0.0,0.0,0.0
F408_w0132,F408,132,1484.0,1494.0,1484.0,1494.0,run,chest+empatica,chest+empatica+forearm,gel,ecg/F408_w0132.npy,acc_chest/F408_w0132.npy,ppg_wrist/F408_w0132.npy,1.55,4.179,False,0.0,0.0,0.0
F408_w0133,F408,133,1494.0,1504.0,1494.0,1504.0,run,chest+empatica,chest+empatica+forearm,gel,ecg/F408_w0133.npy,acc_chest/F408_w0133.npy,ppg_wrist/F408_w0133.npy,1.822,4.971,False,0.0,0.0,0.0
F408_w0134,F408,134,1504.0,1514.0,1504.0,1514.0,run,chest+empatica,chest+empatica+forearm,gel,ecg/F408_w0134.npy,acc_chest/F408_w0134.npy,ppg_wrist/F408_w0134.npy,1.587,4.435,False,0.0,0.0,0.0
F408_w0135,F408,135,1514.0,1524.0,1514.0,1524.0,run,chest+empatica,chest+empatica+forearm,gel,ecg/F408_w0135.npy,acc_chest/F408_w0135.npy,ppg_wrist/F408_w0135.npy,1.575,4.073,False,0.0,0.0,0.0
F408_w0136,F408,136,1524.0,1534.0,1524.0,1534.0,run,chest+empatica,chest+empatica+forearm,gel,ecg/F408_w0136.npy,acc_chest/F408_w0136.npy,ppg_wrist/F408_w0136.npy,1.768,3.476,False,0.0,0.0,0.0
F408_w0137,F408,137,1534.0,1544.0,1534.0,1544.0,run,chest+empatica,chest+empatica+forearm,gel,ecg/F408_w0137.npy,acc_chest/F408_w0137.npy,ppg_wrist/F408_w0137.npy,1.676,3.456,False,0.0,0.0,0.0
F408_w0138,F408,138,1544.0,1554.0,1544.0,1554.0,run,chest+empatica,chest+empatica+forearm,gel,ecg/F408_w0138.npy,acc_chest/F408_w0138.npy,ppg_wrist/F408_w0138.npy,1.755,3.571,False,0.0,0.0,0.0
F408_w0139,F408,139,1554.0,1564.0,1554.0,1564.0,run,chest+empatica,chest+empatica+forearm,gel,ecg/F408_w0139.npy,acc_chest/F408_w0139.npy,ppg_wrist/F408_w0139.npy,1.53,3.321,False,0.0,0.0,0.0
F408_w0140,F408,140,1564.0,1574.0,1564.0,1574.0,run,chest+empatica,chest+empatica+forearm,gel,ecg/F408_w0140.npy,acc_chest/F408_w0140.npy,ppg_wrist/F408_w0140.npy,1.668,3.612,False,0.0,0.0,0.0
F408_w0141,F408,141,1574.0,1584.0,1574.0,1584.0,run,chest+empatica,chest+empatica+forearm,gel,ecg/F408_w0141.npy,acc_chest/F408_w0141.npy,ppg_wrist/F408_w0141.npy,1.762,3.58,False,0.0,0.0,0.0
F408_w0142,F408,142,1584.0,1594.0,1584.0,1594.0,run,chest+empatica,chest+empatica+forearm,gel,ecg/F408_w0142.npy,acc_chest/F408_w0142.npy,ppg_wrist/F408_w0142.npy,1.719,13.503,False,0.0,0.0,0.0
F408_w0143,F408,143,1594.0,1604.0,1594.0,1604.0,run,chest+empatica,chest+empatica+forearm,gel,ecg/F408_w0143.npy,acc_chest/F408_w0143.npy,ppg_wrist/F408_w0143.npy,0.343,12.789,False,0.0,0.0,0.0
F408_w0144,F408,144,1604.0,1614.0,1604.0,1614.0,run,chest+empatica,chest+empatica+forearm,gel,ecg/F408_w0144.npy,acc_chest/F408_w0144.npy,ppg_wrist/F408_w0144.npy,0.343,12.789,False,0.0,0.0,0.0
F408_w0145,F408,145,1614.0,1624.0,1614.0,1624.0,run,chest+empatica,chest+empatica+forearm,gel,ecg/F408_w0145.npy,acc_chest/F408_w0145.npy,ppg_wrist/F408_w0145.npy,0.343,12.789,False,0.0,0.0,0.0
F408_w0146,F408,146,1624.0,1634.0,1624.0,1634.0,run,chest+empatica,chest+empatica+forearm,gel,ecg/F408_w0146.npy,acc_chest/F408_w0146.npy,ppg_wrist/F408_w0146.npy,0.343,12.789,False,0.0,0.0,0.0
F408_w0147,F408,147,1634.0,1644.0,1634.0,1644.0,run,chest+empatica,chest+empatica+forearm,gel,ecg/F408_w0147.npy,acc_chest/F408_w0147.npy,ppg_wrist/F408_w0147.npy,1.44,13.036,False,0.0,0.0,0.0
F408_w0148,F408,148,1644.0,1654.0,1644.0,1654.0,run,chest+empatica,chest+empatica+forearm,gel,ecg/F408_w0148.npy,acc_chest/F408_w0148.npy,ppg_wrist/F408_w0148.npy,1.856,5.181,False,0.0,0.0,0.0
F408_w0149,F408,149,1654.0,1664.0,1654.0,1664.0,run,chest+empatica,chest+empatica+forearm,gel,ecg/F408_w0149.npy,acc_chest/F408_w0149.npy,ppg_wrist/F408_w0149.npy,1.77,5.484,False,0.0,0.0,0.0
F408_w0150,F408,150,1664.0,1674.0,1664.0,1674.0,run,chest+empatica,chest+empatica+forearm,gel,ecg/F408_w0150.npy,acc_chest/F408_w0150.npy,ppg_wrist/F408_w0150.npy,1.804,4.56,False,0.0,0.0,0.0
F408_w0151,F408,151,1674.0,1684.0,1674.0,1684.0,run,chest+empatica,chest+empatica+forearm,gel,ecg/F408_w0151.npy,acc_chest/F408_w0151.npy,ppg_wrist/F408_w0151.npy,1.652,3.973,False,0.0,0.0,0.0
F408_w0152,F408,152,1684.0,1694.0,1684.0,1694.0,run,chest+empatica,chest+empatica+forearm,gel,ecg/F408_w0152.npy,acc_chest/F408_w0152.npy,ppg_wrist/F408_w0152.npy,1.806,3.789,False,0.0,0.0,0.0
F408_w0153,F408,153,1694.0,1704.0,1694.0,1704.0,run,chest+empatica,chest+empatica+forearm,gel,ecg/F408_w0153.npy,acc_chest/F408_w0153.npy,ppg_wrist/F408_w0153.npy,1.505,2.918,False,0.0,0.0,0.0
F408_w0154,F408,154,1704.0,1714.0,1704.0,1714.0,run,chest+empatica,chest+empatica+forearm,gel,ecg/F408_w0154.npy,acc_chest/F408_w0154.npy,ppg_wrist/F408_w0154.npy,1.651,3.902,False,0.0,0.0,0.0
F408_w0155,F408,155,1714.0,1724.0,1714.0,1724.0,run,chest+empatica,chest+empatica+forearm,gel,ecg/F408_w0155.npy,acc_chest/F408_w0155.npy,ppg_wrist/F408_w0155.npy,1.691,4.13,False,0.0,0.0,0.0
F408_w0156,F408,156,1724.0,1734.0,1724.0,1734.0,run,chest+empatica,chest+empatica+forearm,gel,ecg/F408_w0156.npy,acc_chest/F408_w0156.npy,ppg_wrist/F408_w0156.npy,1.637,3.534,False,0.0,0.0,0.0
F408_w0157,F408,157,1734.0,1744.0,1734.0,1744.0,run,chest+empatica,chest+empatica+forearm,gel,ecg/F408_w0157.npy,acc_chest/F408_w0157.npy,ppg_wrist/F408_w0157.npy,1.429,3.237,False,0.0,0.0,0.0
F408_w0158,F408,158,1744.0,1754.0,1744.0,1754.0,run,chest+empatica,chest+empatica+forearm,gel,ecg/F408_w0158.npy,acc_chest/F408_w0158.npy,ppg_wrist/F408_w0158.npy,1.548,2.555,False,0.0,0.0,0.0
F408_w0159,F408,159,1754.0,1764.0,1754.0,1764.0,run,chest+empatica,chest+empatica+forearm,gel,ecg/F408_w0159.npy,acc_chest/F408_w0159.npy,ppg_wrist/F408_w0159.npy,1.638,3.202,False,0.0,0.0,0.0
F408_w0160,F408,160,1764.0,1774.0,1764.0,1774.0,run,chest+empatica,chest+empatica+forearm,gel,ecg/F408_w0160.npy,acc_chest/F408_w0160.npy,ppg_wrist/F408_w0160.npy,1.807,4.38,False,0.0,0.0,0.0
F408_w0161,F408,161,1774.0,1784.0,1774.0,1784.0,run,chest+empatica,chest+empatica+forearm,gel,ecg/F408_w0161.npy,acc_chest/F408_w0161.npy,ppg_wrist/F408_w0161.npy,1.804,4.295,False,0.0,0.0,0.0
F408_w0162,F408,162,1784.0,1794.0,1784.0,1794.0,run,chest+empatica,chest+empatica+forearm,gel,ecg/F408_w0162.npy,acc_chest/F408_w0162.npy,ppg_wrist/F408_w0162.npy,1.662,3.13,False,0.0,0.0,0.0
F408_w0163,F408,163,1794.0,1804.0,1794.0,1804.0,run,chest+empatica,chest+empatica+forearm,gel,ecg/F408_w0163.npy,acc_chest/F408_w0163.npy,ppg_wrist/F408_w0163.npy,1.953,3.42,False,0.0,0.0,0.0
F408_w0164,F408,164,1804.0,1814.0,1804.0,1814.0,run,chest+empatica,chest+empatica+forearm,gel,ecg/F408_w0164.npy,acc_chest/F408_w0164.npy,ppg_wrist/F408_w0164.npy,2.007,4.895,False,0.0,0.0,0.0
F408_w0165,F408,165,1814.0,1824.0,1814.0,1824.0,run,chest+empatica,chest+empatica+forearm,gel,ecg/F408_w0165.npy,acc_chest/F408_w0165.npy,ppg_wrist/F408_w0165.npy,2.037,5.59,False,0.0,0.0,0.0
F408_w0166,F408,166,1824.0,1834.0,1824.0,1834.0,run,chest+empatica,chest+empatica+forearm,gel,ecg/F408_w0166.npy,acc_chest/F408_w0166.npy,ppg_wrist/F408_w0166.npy,2.135,6.022,False,0.0,0.0,0.0
F408_w0167,F408,167,1834.0,1844.0,1834.0,1844.0,run,chest+empatica,chest+empatica+forearm,gel,ecg/F408_w0167.npy,acc_chest/F408_w0167.npy,ppg_wrist/F408_w0167.npy,1.856,4.331,False,0.0,0.0,0.0
F408_w0168,F408,168,1844.0,1854.0,1844.0,1854.0,run,chest+empatica,chest+empatica+forearm,gel,ecg/F408_w0168.npy,acc_chest/F408_w0168.npy,ppg_wrist/F408_w0168.npy,1.659,4.789,False,0.0,0.0,0.0
F408_w0169,F408,169,1854.0,1864.0,1854.0,1864.0,run,chest+empatica,chest+empatica+forearm,gel,ecg/F408_w0169.npy,acc_chest/F408_w0169.npy,ppg_wrist/F408_w0169.npy,1.665,3.739,False,0.0,0.0,0.0
F408_w0170,F408,170,1864.0,1874.0,1864.0,1874.0,run,chest+empatica,chest+empatica+forearm,gel,ecg/F408_w0170.npy,acc_chest/F408_w0170.npy,ppg_wrist/F408_w0170.npy,1.686,3.198,False,0.0,0.0,0.0
F408_w0171,F408,171,1874.0,1884.0,1874.0,1884.0,run,chest+empatica,chest+empatica+forearm,gel,ecg/F408_w0171.npy,acc_chest/F408_w0171.npy,ppg_wrist/F408_w0171.npy,1.81,4.819,False,0.0,0.0,0.0
F408_w0172,F408,172,1884.0,1894.0,1884.0,1894.0,run,chest+empatica,chest+empatica+forearm,gel,ecg/F408_w0172.npy,acc_chest/F408_w0172.npy,ppg_wrist/F408_w0172.npy,1.645,5.094,False,0.0,0.0,0.0
F408_w0173,F408,173,1894.0,1904.0,1894.0,1904.0,run,chest+empatica,chest+empatica+forearm,gel,ecg/F408_w0173.npy,acc_chest/F408_w0173.npy,ppg_wrist/F408_w0173.npy,1.458,3.901,False,0.0,0.0,0.0
F408_w0174,F408,174,1904.0,1914.0,1904.0,1914.0,run,chest+empatica,chest+empatica+forearm,gel,ecg/F408_w0174.npy,acc_chest/F408_w0174.npy,ppg_wrist/F408_w0174.npy,1.434,3.93,False,0.0,0.0,0.0
F408_w0175,F408,175,1914.0,1924.0,1914.0,1924.0,run,chest+empatica,chest+empatica+forearm,gel,ecg/F408_w0175.npy,acc_chest/F408_w0175.npy,ppg_wrist/F408_w0175.npy,1.584,5.209,False,0.0,0.0,0.0
F408_w0176,F408,176,1924.0,1934.0,1924.0,1934.0,run,chest+empatica,chest+empatica+forearm,gel,ecg/F408_w0176.npy,acc_chest/F408_w0176.npy,ppg_wrist/F408_w0176.npy,1.72,4.843,False,0.0,0.0,0.0
F408_w0177,F408,177,1934.0,1944.0,1934.0,1944.0,run,chest+empatica,chest+empatica+forearm,gel,ecg/F408_w0177.npy,acc_chest/F408_w0177.npy,ppg_wrist/F408_w0177.npy,1.814,4.329,False,0.0,0.0,0.0
F408_w0178,F408,178,1944.0,1954.0,1944.0,1954.0,run,chest+empatica,chest+empatica+forearm,gel,ecg/F408_w0178.npy,acc_chest/F408_w0178.npy,ppg_wrist/F408_w0178.npy,1.741,3.894,False,0.0,0.0,0.0
F408_w0179,F408,179,1954.0,1964.0,1954.0,1964.0,run,chest+empatica,chest+empatica+forearm,gel,ecg/F408_w0179.npy,acc_chest/F408_w0179.npy,ppg_wrist/F408_w0179.npy,1.679,3.243,False,0.0,0.0,0.0
F408_w0180,F408,180,1964.0,1974.0,1964.0,1974.0,run,chest+empatica,chest+empatica+forearm,gel,ecg/F408_w0180.npy,acc_chest/F408_w0180.npy,ppg_wrist/F408_w0180.npy,1.69,4.009,False,0.0,0.0,0.0
F408_w0181,F408,181,1974.0,1984.0,1974.0,1984.0,run,chest+empatica,chest+empatica+forearm,gel,ecg/F408_w0181.npy,acc_chest/F408_w0181.npy,ppg_wrist/F408_w0181.npy,1.965,5.454,False,0.0,0.0,0.0
F408_w0182,F408,182,1984.0,1994.0,1984.0,1994.0,run,chest+empatica,chest+empatica+forearm,gel,ecg/F408_w0182.npy,acc_chest/F408_w0182.npy,ppg_wrist/F408_w0182.npy,1.599,4.035,False,0.0,0.0,0.0
F408_w0183,F408,183,1994.0,2004.0,1994.0,2004.0,run,chest+empatica,chest+empatica+forearm,gel,ecg/F408_w0183.npy,acc_chest/F408_w0183.npy,ppg_wrist/F408_w0183.npy,1.726,4.447,False,0.0,0.0,0.0
F408_w0184,F408,184,2004.0,2014.0,2004.0,2014.0,run,chest+empatica,chest+empatica+forearm,gel,ecg/F408_w0184.npy,acc_chest/F408_w0184.npy,ppg_wrist/F408_w0184.npy,1.646,4.146,False,0.0,0.0,0.0
F408_w0185,F408,185,2014.0,2024.0,2014.0,2024.0,run,chest+empatica,chest+empatica+forearm,gel,ecg/F408_w0185.npy,acc_chest/F408_w0185.npy,ppg_wrist/F408_w0185.npy,1.793,3.322,False,0.0,0.0,0.0
F408_w0186,F408,186,2024.0,2034.0,2024.0,2034.0,run,chest+empatica,chest+empatica+forearm,gel,ecg/F408_w0186.npy,acc_chest/F408_w0186.npy,ppg_wrist/F408_w0186.npy,1.544,3.161,False,0.0,0.0,0.0
F408_w0187,F408,187,2034.0,2044.0,2034.0,2044.0,run,chest+empatica,chest+empatica+forearm,gel,ecg/F408_w0187.npy,acc_chest/F408_w0187.npy,ppg_wrist/F408_w0187.npy,1.576,4.392,False,0.0,0.0,0.0
F408_w0188,F408,188,2044.0,2054.0,2044.0,2054.0,run,chest+empatica,chest+empatica+forearm,gel,ecg/F408_w0188.npy,acc_chest/F408_w0188.npy,ppg_wrist/F408_w0188.npy,1.704,4.956,False,0.0,0.0,0.0
F408_w0189,F408,189,2054.0,2064.0,2054.0,2064.0,run,chest+empatica,chest+empatica+forearm,gel,ecg/F408_w0189.npy,acc_chest/F408_w0189.npy,ppg_wrist/F408_w0189.npy,1.504,4.84,False,0.0,0.0,0.0
F408_w0190,F408,190,2064.0,2074.0,2064.0,2074.0,run,chest+empatica,chest+empatica+forearm,gel,ecg/F408_w0190.npy,acc_chest/F408_w0190.npy,ppg_wrist/F408_w0190.npy,1.509,4.373,False,0.0,0.0,0.0
F408_w0191,F408,191,2074.0,2084.0,2074.0,2084.0,run,chest+empatica,chest+empatica+forearm,gel,ecg/F408_w0191.npy,acc_chest/F408_w0191.npy,ppg_wrist/F408_w0191.npy,1.463,2.584,False,0.0,0.0,0.0
F408_w0192,F408,192,2084.0,2094.0,2084.0,2094.0,run,chest+empatica,chest+empatica+forearm,gel,ecg/F408_w0192.npy,acc_chest/F408_w0192.npy,ppg_wrist/F408_w0192.npy,1.608,3.056,False,0.0,0.0,0.0
F408_w0193,F408,193,2094.0,2104.0,2094.0,2104.0,run,chest+empatica,chest+empatica+forearm,gel,ecg/F408_w0193.npy,acc_chest/F408_w0193.npy,ppg_wrist/F408_w0193.npy,1.468,3.409,False,0.0,0.0,0.0
F408_w0194,F408,194,2104.0,2114.0,2104.0,2114.0,run,chest+empatica,chest+empatica+forearm,gel,ecg/F408_w0194.npy,acc_chest/F408_w0194.npy,ppg_wrist/F408_w0194.npy,1.788,5.33,False,0.0,0.0,0.0
F408_w0195,F408,195,2114.0,2124.0,2114.0,2124.0,run,chest+empatica,chest+empatica+forearm,gel,ecg/F408_w0195.npy,acc_chest/F408_w0195.npy,ppg_wrist/F408_w0195.npy,1.829,6.039,False,0.0,0.0,0.0
F408_w0196,F408,196,2124.0,2134.0,2124.0,2134.0,run,chest+empatica,chest+empatica+forearm,gel,ecg/F408_w0196.npy,acc_chest/F408_w0196.npy,ppg_wrist/F408_w0196.npy,1.595,4.27,False,0.0,0.0,0.0
F408_w0197,F408,197,2134.0,2144.0,2134.0,2144.0,run,chest+empatica,chest+empatica+forearm,gel,ecg/F408_w0197.npy,acc_chest/F408_w0197.npy,ppg_wrist/F408_w0197.npy,1.856,4.572,False,0.0,0.0,0.0
F408_w0198,F408,198,2144.0,2154.0,2144.0,2154.0,run,chest+empatica,chest+empatica+forearm,gel,ecg/F408_w0198.npy,acc_chest/F408_w0198.npy,ppg_wrist/F408_w0198.npy,1.978,5.334,False,0.0,0.0,0.0
F408_w0199,F408,199,2154.0,2164.0,2154.0,2164.0,run,chest+empatica,chest+empatica+forearm,gel,ecg/F408_w0199.npy,acc_chest/F408_w0199.npy,ppg_wrist/F408_w0199.npy,2.076,4.422,False,0.0,0.0,0.0
F408_w0200,F408,200,2164.0,2174.0,2164.0,2174.0,run,chest+empatica,chest+empatica+forearm,gel,ecg/F408_w0200.npy,acc_chest/F408_w0200.npy,ppg_wrist/F408_w0200.npy,1.793,3.805,False,0.0,0.0,0.0
F408_w0201,F408,201,2174.0,2184.0,2174.0,2184.0,run,chest+empatica,chest+empatica+forearm,gel,ecg/F408_w0201.npy,acc_chest/F408_w0201.npy,ppg_wrist/F408_w0201.npy,1.541,3.612,False,0.0,0.0,0.0
F408_w0202,F408,202,2184.0,2194.0,2184.0,2194.0,run,chest+empatica,chest+empatica+forearm,gel,ecg/F408_w0202.npy,acc_chest/F408_w0202.npy,ppg_wrist/F408_w0202.npy,1.643,3.897,False,0.0,0.0,0.0
F408_w0203,F408,203,2194.0,2204.0,2194.0,2204.0,run,chest+empatica,chest+empatica+forearm,gel,ecg/F408_w0203.npy,acc_chest/F408_w0203.npy,ppg_wrist/F408_w0203.npy,1.616,3.644,False,0.0,0.0,0.0
F408_w0204,F408,204,2204.0,2214.0,2204.0,2214.0,run,chest+empatica,chest+empatica+forearm,gel,ecg/F408_w0204.npy,acc_chest/F408_w0204.npy,ppg_wrist/F408_w0204.npy,1.816,5.001,False,0.0,0.0,0.0
F408_w0205,F408,205,2214.0,2224.0,2214.0,2224.0,run,chest+empatica,chest+empatica+forearm,gel,ecg/F408_w0205.npy,acc_chest/F408_w0205.npy,ppg_wrist/F408_w0205.npy,1.794,5.852,False,0.0,0.0,0.0
F408_w0206,F408,206,2224.0,2234.0,2224.0,2234.0,run,chest+empatica,chest+empatica+forearm,gel,ecg/F408_w0206.npy,acc_chest/F408_w0206.npy,ppg_wrist/F408_w0206.npy,1.842,4.633,False,0.0,0.0,0.0
F408_w0207,F408,207,2234.0,2244.0,2234.0,2244.0,run,chest+empatica,chest+empatica+forearm,gel,ecg/F408_w0207.npy,acc_chest/F408_w0207.npy,ppg_wrist/F408_w0207.npy,1.578,3.884,False,0.0,0.0,0.0
F408_w0208,F408,208,2244.0,2254.0,2244.0,2254.0,run,chest+empatica,chest+empatica+forearm,gel,ecg/F408_w0208.npy,acc_chest/F408_w0208.npy,ppg_wrist/F408_w0208.npy,1.705,3.464,False,0.0,0.0,0.0
F408_w0209,F408,209,2254.0,2264.0,2254.0,2264.0,run,chest+empatica,chest+empatica+forearm,gel,ecg/F408_w0209.npy,acc_chest/F408_w0209.npy,ppg_wrist/F408_w0209.npy,1.7,5.318,False,0.0,0.0,0.0
F408_w0210,F408,210,2264.0,2274.0,2264.0,2274.0,run,chest+empatica,chest+empatica+forearm,gel,ecg/F408_w0210.npy,acc_chest/F408_w0210.npy,ppg_wrist/F408_w0210.npy,1.591,5.429,False,0.0,0.0,0.0
F408_w0211,F408,211,2274.0,2284.0,2274.0,2284.0,run,chest+empatica,chest+empatica+forearm,gel,ecg/F408_w0211.npy,acc_chest/F408_w0211.npy,ppg_wrist/F408_w0211.npy,1.724,5.472,False,0.0,0.0,0.0
F408_w0212,F408,212,2284.0,2294.0,2284.0,2294.0,run,chest+empatica,chest+empatica+forearm,gel,ecg/F408_w0212.npy,acc_chest/F408_w0212.npy,ppg_wrist/F408_w0212.npy,1.719,5.431,False,0.0,0.0,0.0
F408_w0213,F408,213,2294.0,2304.0,2294.0,2304.0,run,chest+empatica,chest+empatica+forearm,gel,ecg/F408_w0213.npy,acc_chest/F408_w0213.npy,ppg_wrist/F408_w0213.npy,1.655,3.002,False,0.0,0.0,0.0
F408_w0214,F408,214,2304.0,2314.0,2304.0,2314.0,run,chest+empatica,chest+empatica+forearm,gel,ecg/F408_w0214.npy,acc_chest/F408_w0214.npy,ppg_wrist/F408_w0214.npy,1.603,2.985,False,0.0,0.0,0.0
F408_w0215,F408,215,2314.0,2324.0,2314.0,2324.0,run,chest+empatica,chest+empatica+forearm,gel,ecg/F408_w0215.npy,acc_chest/F408_w0215.npy,ppg_wrist/F408_w0215.npy,1.444,3.23,False,0.0,0.0,0.0
F408_w0216,F408,216,2324.0,2334.0,2324.0,2334.0,run,chest+empatica,chest+empatica+forearm,gel,ecg/F408_w0216.npy,acc_chest/F408_w0216.npy,ppg_wrist/F408_w0216.npy,0.942,3.463,False,0.0,0.0,0.0
F408_w0217,F408,217,2334.0,2344.0,2334.0,2344.0,run,chest+empatica,chest+empatica+forearm,gel,ecg/F408_w0217.npy,acc_chest/F408_w0217.npy,ppg_wrist/F408_w0217.npy,0.931,3.517,False,0.0,0.0,0.0
F408_w0218,F408,218,2344.0,2354.0,2344.0,2354.0,walk_after,chest+empatica,chest+empatica+forearm,gel,ecg/F408_w0218.npy,acc_chest/F408_w0218.npy,ppg_wrist/F408_w0218.npy,0.976,3.204,False,0.0,0.0,0.0
F408_w0219,F408,219,2354.0,2364.0,2354.0,2356.0,walk_after,chest+empatica,chest+empatica+forearm,gel,ecg/F408_w0219.npy,acc_chest/F408_w0219.npy,ppg_wrist/F408_w0219.npy,1.613,13.196,True,0.8,0.8,0.0
H39D_w0000,H39D,0,2311.0,2321.0,2311.0,2321.0,run,chest+empatica,chest+empatica+forearm,gel,ecg/H39D_w0000.npy,acc_chest/H39D_w0000.npy,ppg_wrist/H39D_w0000.npy,2.286,7.38,False,0.0,0.0,0.0
H39D_w0001,H39D,1,2321.0,2331.0,2321.0,2331.0,run,chest+empatica,chest+empatica+forearm,gel,ecg/H39D_w0001.npy,acc_chest/H39D_w0001.npy,ppg_wrist/H39D_w0001.npy,2.204,5.692,False,0.0,0.0,0.0
H39D_w0002,H39D,2,2331.0,2341.0,2331.0,2341.0,run,chest+empatica,chest+empatica+forearm,gel,ecg/H39D_w0002.npy,acc_chest/H39D_w0002.npy,ppg_wrist/H39D_w0002.npy,2.2,5.61,False,0.0,0.0,0.0
H39D_w0003,H39D,3,2341.0,2351.0,2341.0,2351.0,run,chest+empatica,chest+empatica+forearm,gel,ecg/H39D_w0003.npy,acc_chest/H39D_w0003.npy,ppg_wrist/H39D_w0003.npy,2.275,7.141,False,0.0,0.0,0.0
H39D_w0004,H39D,4,2351.0,2361.0,2351.0,2361.0,run,chest+empatica,chest+empatica+forearm,gel,ecg/H39D_w0004.npy,acc_chest/H39D_w0004.npy,ppg_wrist/H39D_w0004.npy,2.017,6.717,False,0.0,0.0,0.0
H39D_w0005,H39D,5,2361.0,2371.0,2361.0,2371.0,run,chest+empatica,chest+empatica+forearm,gel,ecg/H39D_w0005.npy,acc_chest/H39D_w0005.npy,ppg_wrist/H39D_w0005.npy,1.751,4.695,False,0.0,0.0,0.0
H39D_w0006,H39D,6,2371.0,2381.0,2371.0,2381.0,run,chest+empatica,chest+empatica+forearm,gel,ecg/H39D_w0006.npy,acc_chest/H39D_w0006.npy,ppg_wrist/H39D_w0006.npy,1.797,5.435,False,0.0,0.0,0.0
H39D_w0007,H39D,7,2381.0,2391.0,2381.0,2391.0,run,chest+empatica,chest+empatica+forearm,gel,ecg/H39D_w0007.npy,acc_chest/H39D_w0007.npy,ppg_wrist/H39D_w0007.npy,1.921,5.725,False,0.0,0.0,0.0
H39D_w0008,H39D,8,2391.0,2401.0,2391.0,2401.0,run,chest+empatica,chest+empatica+forearm,gel,ecg/H39D_w0008.npy,acc_chest/H39D_w0008.npy,ppg_wrist/H39D_w0008.npy,1.973,4.953,False,0.0,0.0,0.0
H39D_w0009,H39D,9,2401.0,2411.0,2401.0,2411.0,run,chest+empatica,chest+empatica+forearm,gel,ecg/H39D_w0009.npy,acc_chest/H39D_w0009.npy,ppg_wrist/H39D_w0009.npy,1.8,4.655,False,0.0,0.0,0.0
H39D_w0010,H39D,10,2411.0,2421.0,2411.0,2421.0,run,chest+empatica,chest+empatica+forearm,gel,ecg/H39D_w0010.npy,acc_chest/H39D_w0010.npy,ppg_wrist/H39D_w0010.npy,2.138,5.49,False,0.0,0.0,0.0
H39D_w0011,H39D,11,2421.0,2431.0,2421.0,2431.0,run,chest+empatica,chest+empatica+forearm,gel,ecg/H39D_w0011.npy,acc_chest/H39D_w0011.npy,ppg_wrist/H39D_w0011.npy,2.276,5.961,False,0.0,0.0,0.0
H39D_w0012,H39D,12,2431.0,2441.0,2431.0,2441.0,run,chest+empatica,chest+empatica+forearm,gel,ecg/H39D_w0012.npy,acc_chest/H39D_w0012.npy,ppg_wrist/H39D_w0012.npy,1.949,4.876,False,0.0,0.0,0.0
H39D_w0013,H39D,13,2441.0,2451.0,2441.0,2451.0,run,chest+empatica,chest+empatica+forearm,gel,ecg/H39D_w0013.npy,acc_chest/H39D_w0013.npy,ppg_wrist/H39D_w0013.npy,1.995,4.765,False,0.0,0.0,0.0
H39D_w0014,H39D,14,2451.0,2461.0,2451.0,2461.0,run,chest+empatica,chest+empatica+forearm,gel,ecg/H39D_w0014.npy,acc_chest/H39D_w0014.npy,ppg_wrist/H39D_w0014.npy,1.919,5.343,False,0.0,0.0,0.0
H39D_w0015,H39D,15,2461.0,2471.0,2461.0,2471.0,run,chest+empatica,chest+empatica+forearm,gel,ecg/H39D_w0015.npy,acc_chest/H39D_w0015.npy,ppg_wrist/H39D_w0015.npy,1.59,4.779,False,0.0,0.0,0.0
H39D_w0016,H39D,16,2471.0,2481.0,2471.0,2481.0,run,chest+empatica,chest+empatica+forearm,gel,ecg/H39D_w0016.npy,acc_chest/H39D_w0016.npy,ppg_wrist/H39D_w0016.npy,1.645,4.917,False,0.0,0.0,0.0
H39D_w0017,H39D,17,2481.0,2491.0,2481.0,2491.0,run,chest+empatica,chest+empatica+forearm,gel,ecg/H39D_w0017.npy,acc_chest/H39D_w0017.npy,ppg_wrist/H39D_w0017.npy,1.535,4.517,False,0.0,0.0,0.0
H39D_w0018,H39D,18,2491.0,2501.0,2491.0,2501.0,run,chest+empatica,chest+empatica+forearm,gel,ecg/H39D_w0018.npy,acc_chest/H39D_w0018.npy,ppg_wrist/H39D_w0018.npy,1.883,4.047,False,0.0,0.0,0.0
H39D_w0019,H39D,19,2501.0,2511.0,2501.0,2511.0,run,chest+empatica,chest+empatica+forearm,gel,ecg/H39D_w0019.npy,acc_chest/H39D_w0019.npy,ppg_wrist/H39D_w0019.npy,1.979,6.183,False,0.0,0.0,0.0
H39D_w0020,H39D,20,2511.0,2521.0,2511.0,2521.0,run,chest+empatica,chest+empatica+forearm,gel,ecg/H39D_w0020.npy,acc_chest/H39D_w0020.npy,ppg_wrist/H39D_w0020.npy,2.051,6.726,False,0.0,0.0,0.0
H39D_w0021,H39D,21,2521.0,2531.0,2521.0,2531.0,run,chest+empatica,chest+empatica+forearm,gel,ecg/H39D_w0021.npy,acc_chest/H39D_w0021.npy,ppg_wrist/H39D_w0021.npy,2.223,6.439,False,0.0,0.0,0.0
H39D_w0022,H39D,22,2531.0,2541.0,2531.0,2541.0,run,chest+empatica,chest+empatica+forearm,gel,ecg/H39D_w0022.npy,acc_chest/H39D_w0022.npy,ppg_wrist/H39D_w0022.npy,2.637,18.81,False,0.0,0.0,0.0
H39D_w0023,H39D,23,2541.0,2551.0,2541.0,2551.0,run,chest+empatica,chest+empatica+forearm,gel,ecg/H39D_w0023.npy,acc_chest/H39D_w0023.npy,ppg_wrist/H39D_w0023.npy,0.474,17.663,False,0.0,0.0,0.0
H39D_w0024,H39D,24,2551.0,2561.0,2551.0,2561.0,run,chest+empatica,chest+empatica+forearm,gel,ecg/H39D_w0024.npy,acc_chest/H39D_w0024.npy,ppg_wrist/H39D_w0024.npy,0.474,17.663,False,0.0,0.0,0.0
H39D_w0025,H39D,25,2561.0,2571.0,2561.0,2571.0,run,chest+empatica,chest+empatica+forearm,gel,ecg/H39D_w0025.npy,acc_chest/H39D_w0025.npy,ppg_wrist/H39D_w0025.npy,0.474,17.663,False,0.0,0.0,0.0
H39D_w0026,H39D,26,2571.0,2581.0,2571.0,2581.0,run,chest+empatica,chest+empatica+forearm,gel,ecg/H39D_w0026.npy,acc_chest/H39D_w0026.npy,ppg_wrist/H39D_w0026.npy,0.474,17.663,False,0.0,0.0,0.0
H39D_w0027,H39D,27,2581.0,2591.0,2581.0,2591.0,run,chest+empatica,chest+empatica+forearm,gel,ecg/H39D_w0027.npy,acc_chest/H39D_w0027.npy,ppg_wrist/H39D_w0027.npy,0.474,17.663,False,0.0,0.0,0.0
H39D_w0028,H39D,28,2591.0,2601.0,2591.0,2601.0,run,chest+empatica,chest+empatica+forearm,gel,ecg/H39D_w0028.npy,acc_chest/H39D_w0028.npy,ppg_wrist/H39D_w0028.npy,0.474,17.663,False,0.0,0.0,0.0
H39D_w0029,H39D,29,2601.0,2611.0,2601.0,2611.0,run,chest+empatica,chest+empatica+forearm,gel,ecg/H39D_w0029.npy,acc_chest/H39D_w0029.npy,ppg_wrist/H39D_w0029.npy,0.474,17.663,False,0.0,0.0,0.0
H39D_w0030,H39D,30,2611.0,2621.0,2611.0,2621.0,run,chest+empatica,chest+empatica+forearm,gel,ecg/H39D_w0030.npy,acc_chest/H39D_w0030.npy,ppg_wrist/H39D_w0030.npy,0.474,17.663,False,0.0,0.0,0.0
H39D_w0031,H39D,31,2621.0,2631.0,2621.0,2631.0,run,chest+empatica,chest+empatica+forearm,gel,ecg/H39D_w0031.npy,acc_chest/H39D_w0031.npy,ppg_wrist/H39D_w0031.npy,3.507,18.325,False,0.0,0.0,0.0
H39D_w0032,H39D,32,2631.0,2641.0,2631.0,2641.0,run,chest+empatica,chest+empatica+forearm,gel,ecg/H39D_w0032.npy,acc_chest/H39D_w0032.npy,ppg_wrist/H39D_w0032.npy,3.029,7.333,False,0.0,0.0,0.0
H39D_w0033,H39D,33,2641.0,2651.0,2641.0,2651.0,run,chest+empatica,chest+empatica+forearm,gel,ecg/H39D_w0033.npy,acc_chest/H39D_w0033.npy,ppg_wrist/H39D_w0033.npy,1.125,18.116,False,0.0,0.0,0.0
H39D_w0034,H39D,34,2651.0,2661.0,2651.0,2661.0,run,chest+empatica,chest+empatica+forearm,gel,ecg/H39D_w0034.npy,acc_chest/H39D_w0034.npy,ppg_wrist/H39D_w0034.npy,0.474,17.663,False,0.0,0.0,0.0
H39D_w0035,H39D,35,2661.0,2671.0,2661.0,2671.0,run,chest+empatica,chest+empatica+forearm,gel,ecg/H39D_w0035.npy,acc_chest/H39D_w0035.npy,ppg_wrist/H39D_w0035.npy,0.474,17.663,False,0.0,0.0,0.0
H39D_w0036,H39D,36,2671.0,2681.0,2671.0,2681.0,run,chest+empatica,chest+empatica+forearm,gel,ecg/H39D_w0036.npy,acc_chest/H39D_w0036.npy,ppg_wrist/H39D_w0036.npy,0.474,17.663,False,0.0,0.0,0.0
H39D_w0037,H39D,37,2681.0,2691.0,2681.0,2691.0,run,chest+empatica,chest+empatica+forearm,gel,ecg/H39D_w0037.npy,acc_chest/H39D_w0037.npy,ppg_wrist/H39D_w0037.npy,0.474,17.663,False,0.0,0.0,0.0
H39D_w0038,H39D,38,2691.0,2701.0,2691.0,2701.0,run,chest+empatica,chest+empatica+forearm,gel,ecg/H39D_w0038.npy,acc_chest/H39D_w0038.npy,ppg_wrist/H39D_w0038.npy,0.474,17.663,False,0.0,0.0,0.0
H39D_w0039,H39D,39,2701.0,2711.0,2701.0,2711.0,run,chest+empatica,chest+empatica+forearm,gel,ecg/H39D_w0039.npy,acc_chest/H39D_w0039.npy,ppg_wrist/H39D_w0039.npy,0.474,17.663,False,0.0,0.0,0.0
H39D_w0040,H39D,40,2711.0,2721.0,2711.0,2721.0,run,chest+empatica,chest+empatica+forearm,gel,ecg/H39D_w0040.npy,acc_chest/H39D_w0040.npy,ppg_wrist/H39D_w0040.npy,0.474,17.663,False,0.0,0.0,0.0
H39D_w0041,H39D,41,2721.0,2731.0,2721.0,2731.0,run,chest+empatica,chest+empatica+forearm,gel,ecg/H39D_w0041.npy,acc_chest/H39D_w0041.npy,ppg_wrist/H39D_w0041.npy,0.474,17.663,False,0.0,0.0,0.0
H39D_w0042,H39D,42,2731.0,2741.0,2731.0,2741.0,run,chest+empatica,chest+empatica+forearm,gel,ecg/H39D_w0042.npy,acc_chest/H39D_w0042.npy,ppg_wrist/H39D_w0042.npy,0.474,17.663,False,0.0,0.0,0.0
H39D_w0043,H39D,43,2741.0,2751.0,2741.0,2751.0,run,chest+empatica,chest+empatica+forearm,gel,ecg/H39D_w0043.npy,acc_chest/H39D_w0043.npy,ppg_wrist/H39D_w0043.npy,0.474,17.663,False,0.0,0.0,0.0
H39D_w0044,H39D,44,2751.0,2761.0,2751.0,2761.0,run,chest+empatica,chest+empatica+forearm,gel,ecg/H39D_w0044.npy,acc_chest/H39D_w0044.npy,ppg_wrist/H39D_w0044.npy,0.474,17.663,False,0.0,0.0,0.0
H39D_w0045,H39D,45,2761.0,2771.0,2761.0,2771.0,run,chest+empatica,chest+empatica+forearm,gel,ecg/H39D_w0045.npy,acc_chest/H39D_w0045.npy,ppg_wrist/H39D_w0045.npy,0.474,17.663,False,0.0,0.0,0.0
H39D_w0046,H39D,46,2771.0,2781.0,2771.0,2781.0,run,chest+empatica,chest+empatica+forearm,gel,ecg/H39D_w0046.npy,acc_chest/H39D_w0046.npy,ppg_wrist/H39D_w0046.npy,0.474,17.663,False,0.0,0.0,0.0
H39D_w0047,H39D,47,2781.0,2791.0,2781.0,2791.0,run,chest+empatica,chest+empatica+forearm,gel,ecg/H39D_w0047.npy,acc_chest/H39D_w0047.npy,ppg_wrist/H39D_w0047.npy,0.474,17.663,False,0.0,0.0,0.0
H39D_w0048,H39D,48,2791.0,2801.0,2791.0,2801.0,run,chest+empatica,chest+empatica+forearm,gel,ecg/H39D_w0048.npy,acc_chest/H39D_w0048.npy,ppg_wrist/H39D_w0048.npy,0.474,17.663,False,0.0,0.0,0.0
H39D_w0049,H39D,49,2801.0,2811.0,2801.0,2811.0,run,chest+empatica,chest+empatica+forearm,gel,ecg/H39D_w0049.npy,acc_chest/H39D_w0049.npy,ppg_wrist/H39D_w0049.npy,0.474,17.663,False,0.0,0.0,0.0
H39D_w0050,H39D,50,2811.0,2821.0,2811.0,2821.0,run,chest+empatica,chest+empatica+forearm,gel,ecg/H39D_w0050.npy,acc_chest/H39D_w0050.npy,ppg_wrist/H39D_w0050.npy,0.474,17.663,False,0.0,0.0,0.0
H39D_w0051,H39D,51,2821.0,2831.0,2821.0,2831.0,run,chest+empatica,chest+empatica+forearm,gel,ecg/H39D_w0051.npy,acc_chest/H39D_w0051.npy,ppg_wrist/H39D_w0051.npy,0.474,17.663,False,0.0,0.0,0.0
H39D_w0052,H39D,52,2831.0,2841.0,2831.0,2841.0,run,chest+empatica,chest+empatica+forearm,gel,ecg/H39D_w0052.npy,acc_chest/H39D_w0052.npy,ppg_wrist/H39D_w0052.npy,0.474,17.663,False,0.0,0.0,0.0
H39D_w0053,H39D,53,2841.0,2851.0,2841.0,2851.0,run,chest+empatica,chest+empatica+forearm,gel,ecg/H39D_w0053.npy,acc_chest/H39D_w0053.npy,ppg_wrist/H39D_w0053.npy,0.474,17.663,False,0.0,0.0,0.0
H39D_w0054,H39D,54,2851.0,2861.0,2851.0,2861.0,run,chest+empatica,chest+empatica+forearm,gel,ecg/H39D_w0054.npy,acc_chest/H39D_w0054.npy,ppg_wrist/H39D_w0054.npy,0.474,17.663,False,0.0,0.0,0.0
H39D_w0055,H39D,55,2861.0,2871.0,2861.0,2871.0,run,chest+empatica,chest+empatica+forearm,gel,ecg/H39D_w0055.npy,acc_chest/H39D_w0055.npy,ppg_wrist/H39D_w0055.npy,0.474,17.663,False,0.0,0.0,0.0
H39D_w0056,H39D,56,2871.0,2881.0,2871.0,2881.0,run,chest+empatica,chest+empatica+forearm,gel,ecg/H39D_w0056.npy,acc_chest/H39D_w0056.npy,ppg_wrist/H39D_w0056.npy,0.474,17.663,False,0.0,0.0,0.0
H39D_w0057,H39D,57,2881.0,2891.0,2881.0,2891.0,run,chest+empatica,chest+empatica+forearm,gel,ecg/H39D_w0057.npy,acc_chest/H39D_w0057.npy,ppg_wrist/H39D_w0057.npy,0.474,17.663,False,0.0,0.0,0.0
H39D_w0058,H39D,58,2891.0,2901.0,2891.0,2901.0,run,chest+empatica,chest+empatica+forearm,gel,ecg/H39D_w0058.npy,acc_chest/H39D_w0058.npy,ppg_wrist/H39D_w0058.npy,0.474,17.663,False,0.0,0.0,0.0
H39D_w0059,H39D,59,2901.0,2911.0,2901.0,2911.0,run,chest+empatica,chest+empatica+forearm,gel,ecg/H39D_w0059.npy,acc_chest/H39D_w0059.npy,ppg_wrist/H39D_w0059.npy,0.474,17.663,False,0.0,0.0,0.0
H39D_w0060,H39D,60,2911.0,2921.0,2911.0,2921.0,run,chest+empatica,chest+empatica+forearm,gel,ecg/H39D_w0060.npy,acc_chest/H39D_w0060.npy,ppg_wrist/H39D_w0060.npy,0.474,17.663,False,0.0,0.0,0.0
H39D_w0061,H39D,61,2921.0,2931.0,2921.0,2931.0,run,chest+empatica,chest+empatica+forearm,gel,ecg/H39D_w0061.npy,acc_chest/H39D_w0061.npy,ppg_wrist/H39D_w0061.npy,0.474,17.663,False,0.0,0.0,0.0
H39D_w0062,H39D,62,2931.0,2941.0,2931.0,2941.0,run,chest+empatica,chest+empatica+forearm,gel,ecg/H39D_w0062.npy,acc_chest/H39D_w0062.npy,ppg_wrist/H39D_w0062.npy,0.474,17.663,False,0.0,0.0,0.0
H39D_w0063,H39D,63,2941.0,2951.0,2941.0,2951.0,run,chest+empatica,chest+empatica+forearm,gel,ecg/H39D_w0063.npy,acc_chest/H39D_w0063.npy,ppg_wrist/H39D_w0063.npy,0.474,17.663,False,0.0,0.0,0.0
H39D_w0064,H39D,64,2951.0,2961.0,2951.0,2961.0,run,chest+empatica,chest+empatica+forearm,gel,ecg/H39D_w0064.npy,acc_chest/H39D_w0064.npy,ppg_wrist/H39D_w0064.npy,0.474,17.663,False,0.0,0.0,0.0
H39D_w0065,H39D,65,2961.0,2971.0,2961.0,2971.0,run,chest+empatica,chest+empatica+forearm,gel,ecg/H39D_w0065.npy,acc_chest/H39D_w0065.npy,ppg_wrist/H39D_w0065.npy,0.474,17.663,False,0.0,0.0,0.0
H39D_w0066,H39D,66,2971.0,2981.0,2971.0,2981.0,run,chest+empatica,chest+empatica+forearm,gel,ecg/H39D_w0066.npy,acc_chest/H39D_w0066.npy,ppg_wrist/H39D_w0066.npy,0.474,17.663,False,0.0,0.0,0.0
H39D_w0067,H39D,67,2981.0,2991.0,2981.0,2991.0,run,chest+empatica,chest+empatica+forearm,gel,ecg/H39D_w0067.npy,acc_chest/H39D_w0067.npy,ppg_wrist/H39D_w0067.npy,0.474,17.663,False,0.0,0.0,0.0
H39D_w0068,H39D,68,2991.0,3001.0,2991.0,3001.0,run,chest+empatica,chest+empatica+forearm,gel,ecg/H39D_w0068.npy,acc_chest/H39D_w0068.npy,ppg_wrist/H39D_w0068.npy,0.474,17.663,False,0.0,0.0,0.0
H39D_w0069,H39D,69,3001.0,3011.0,3001.0,3011.0,run,chest+empatica,chest+empatica+forearm,gel,ecg/H39D_w0069.npy,acc_chest/H39D_w0069.npy,ppg_wrist/H39D_w0069.npy,0.474,17.663,False,0.0,0.0,0.0
H39D_w0070,H39D,70,3011.0,3021.0,3011.0,3021.0,run,chest+empatica,chest+empatica+forearm,gel,ecg/H39D_w0070.npy,acc_chest/H39D_w0070.npy,ppg_wrist/H39D_w0070.npy,0.474,17.663,False,0.0,0.0,0.0
H39D_w0071,H39D,71,3021.0,3031.0,3021.0,3031.0,run,chest+empatica,chest+empatica+forearm,gel,ecg/H39D_w0071.npy,acc_chest/H39D_w0071.npy,ppg_wrist/H39D_w0071.npy,0.474,17.663,False,0.0,0.0,0.0
H39D_w0072,H39D,72,3031.0,3041.0,3031.0,3041.0,run,chest+empatica,chest+empatica+forearm,gel,ecg/H39D_w0072.npy,acc_chest/H39D_w0072.npy,ppg_wrist/H39D_w0072.npy,0.474,17.663,False,0.0,0.0,0.0
H39D_w0073,H39D,73,3041.0,3051.0,3041.0,3051.0,run,chest+empatica,chest+empatica+forearm,gel,ecg/H39D_w0073.npy,acc_chest/H39D_w0073.npy,ppg_wrist/H39D_w0073.npy,0.474,17.663,False,0.0,0.0,0.0
H39D_w0074,H39D,74,3051.0,3061.0,3051.0,3061.0,run,chest+empatica,chest+empatica+forearm,gel,ecg/H39D_w0074.npy,acc_chest/H39D_w0074.npy,ppg_wrist/H39D_w0074.npy,0.474,17.663,False,0.0,0.0,0.0
H39D_w0075,H39D,75,3061.0,3071.0,3061.0,3071.0,run,chest+empatica,chest+empatica+forearm,gel,ecg/H39D_w0075.npy,acc_chest/H39D_w0075.npy,ppg_wrist/H39D_w0075.npy,0.474,17.663,False,0.0,0.0,0.0
H39D_w0076,H39D,76,3071.0,3081.0,3071.0,3081.0,run,chest+empatica,chest+empatica+forearm,gel,ecg/H39D_w0076.npy,acc_chest/H39D_w0076.npy,ppg_wrist/H39D_w0076.npy,0.474,17.663,False,0.0,0.0,0.0
H39D_w0077,H39D,77,3081.0,3091.0,3081.0,3091.0,run,chest+empatica,chest+empatica+forearm,gel,ecg/H39D_w0077.npy,acc_chest/H39D_w0077.npy,ppg_wrist/H39D_w0077.npy,0.474,17.663,False,0.0,0.0,0.0
H39D_w0078,H39D,78,3091.0,3101.0,3091.0,3101.0,run,chest+empatica,chest+empatica+forearm,gel,ecg/H39D_w0078.npy,acc_chest/H39D_w0078.npy,ppg_wrist/H39D_w0078.npy,0.474,17.663,False,0.0,0.0,0.0
H39D_w0079,H39D,79,3101.0,3111.0,3101.0,3111.0,run,chest+empatica,chest+empatica+forearm,gel,ecg/H39D_w0079.npy,acc_chest/H39D_w0079.npy,ppg_wrist/H39D_w0079.npy,0.474,17.663,False,0.0,0.0,0.0
H39D_w0080,H39D,80,3111.0,3121.0,3111.0,3121.0,run,chest+empatica,chest+empatica+forearm,gel,ecg/H39D_w0080.npy,acc_chest/H39D_w0080.npy,ppg_wrist/H39D_w0080.npy,0.474,17.663,False,0.0,0.0,0.0
H39D_w0081,H39D,81,3121.0,3131.0,3121.0,3131.0,run,chest+empatica,chest+empatica+forearm,gel,ecg/H39D_w0081.npy,acc_chest/H39D_w0081.npy,ppg_wrist/H39D_w0081.npy,0.474,17.663,False,0.0,0.0,0.0
H39D_w0082,H39D,82,3131.0,3141.0,3131.0,3141.0,run,chest+empatica,chest+empatica+forearm,gel,ecg/H39D_w0082.npy,acc_chest/H39D_w0082.npy,ppg_wrist/H39D_w0082.npy,0.474,17.663,False,0.0,0.0,0.0
H39D_w0083,H39D,83,3141.0,3151.0,3141.0,3151.0,run,chest+empatica,chest+empatica+forearm,gel,ecg/H39D_w0083.npy,acc_chest/H39D_w0083.npy,ppg_wrist/H39D_w0083.npy,0.474,17.663,False,0.0,0.0,0.0
H39D_w0084,H39D,84,3151.0,3161.0,3151.0,3161.0,run,chest+empatica,chest+empatica+forearm,gel,ecg/H39D_w0084.npy,acc_chest/H39D_w0084.npy,ppg_wrist/H39D_w0084.npy,0.474,17.663,False,0.0,0.0,0.0
H39D_w0085,H39D,85,3161.0,3171.0,3161.0,3171.0,run,chest+empatica,chest+empatica+forearm,gel,ecg/H39D_w0085.npy,acc_chest/H39D_w0085.npy,ppg_wrist/H39D_w0085.npy,0.474,17.663,False,0.0,0.0,0.0
H39D_w0086,H39D,86,3171.0,3181.0,3171.0,3181.0,run,chest+empatica,chest+empatica+forearm,gel,ecg/H39D_w0086.npy,acc_chest/H39D_w0086.npy,ppg_wrist/H39D_w0086.npy,0.474,17.663,False,0.0,0.0,0.0
H39D_w0087,H39D,87,3181.0,3191.0,3181.0,3191.0,run,chest+empatica,chest+empatica+forearm,gel,ecg/H39D_w0087.npy,acc_chest/H39D_w0087.npy,ppg_wrist/H39D_w0087.npy,0.474,17.663,False,0.0,0.0,0.0
H39D_w0088,H39D,88,3191.0,3201.0,3191.0,3201.0,run,chest+empatica,chest+empatica+forearm,gel,ecg/H39D_w0088.npy,acc_chest/H39D_w0088.npy,ppg_wrist/H39D_w0088.npy,0.474,17.663,False,0.0,0.0,0.0
H39D_w0089,H39D,89,3201.0,3211.0,3201.0,3211.0,run,chest+empatica,chest+empatica+forearm,gel,ecg/H39D_w0089.npy,acc_chest/H39D_w0089.npy,ppg_wrist/H39D_w0089.npy,0.474,17.663,False,0.0,0.0,0.0
H39D_w0090,H39D,90,3211.0,3221.0,3211.0,3221.0,run,chest+empatica,chest+empatica+forearm,gel,ecg/H39D_w0090.npy,acc_chest/H39D_w0090.npy,ppg_wrist/H39D_w0090.npy,0.474,17.663,False,0.0,0.0,0.0
H39D_w0091,H39D,91,3221.0,3231.0,3221.0,3231.0,run,chest+empatica,chest+empatica+forearm,gel,ecg/H39D_w0091.npy,acc_chest/H39D_w0091.npy,ppg_wrist/H39D_w0091.npy,0.474,17.663,False,0.0,0.0,0.0
H39D_w0092,H39D,92,3231.0,3241.0,3231.0,3241.0,run,chest+empatica,chest+empatica+forearm,gel,ecg/H39D_w0092.npy,acc_chest/H39D_w0092.npy,ppg_wrist/H39D_w0092.npy,0.474,17.663,False,0.0,0.0,0.0
H39D_w0093,H39D,93,3241.0,3251.0,3241.0,3251.0,run,chest+empatica,chest+empatica+forearm,gel,ecg/H39D_w0093.npy,acc_chest/H39D_w0093.npy,ppg_wrist/H39D_w0093.npy,0.474,17.663,False,0.0,0.0,0.0
H39D_w0094,H39D,94,3251.0,3261.0,3251.0,3261.0,run,chest+empatica,chest+empatica+forearm,gel,ecg/H39D_w0094.npy,acc_chest/H39D_w0094.npy,ppg_wrist/H39D_w0094.npy,0.474,17.663,False,0.0,0.0,0.0
H39D_w0095,H39D,95,3261.0,3271.0,3261.0,3271.0,run,chest+empatica,chest+empatica+forearm,gel,ecg/H39D_w0095.npy,acc_chest/H39D_w0095.npy,ppg_wrist/H39D_w0095.npy,0.474,17.663,False,0.0,0.0,0.0
H39D_w0096,H39D,96,3271.0,3281.0,3271.0,3281.0,run,chest+empatica,chest+empatica+forearm,gel,ecg/H39D_w0096.npy,acc_chest/H39D_w0096.npy,ppg_wrist/H39D_w0096.npy,0.474,17.663,False,0.0,0.0,0.0
H39D_w0097,H39D,97,3281.0,3291.0,3281.0,3291.0,run,chest+empatica,chest+empatica+forearm,gel,ecg/H39D_w0097.npy,acc_chest/H39D_w0097.npy,ppg_wrist/H39D_w0097.npy,0.474,17.663,False,0.0,0.0,0.0
H39D_w0098,H39D,98,3291.0,3301.0,3291.0,3301.0,run,chest+empatica,chest+empatica+forearm,gel,ecg/H39D_w0098.npy,acc_chest/H39D_w0098.npy,ppg_wrist/H39D_w0098.npy,0.474,17.663,False,0.0,0.0,0.0
H39D_w0099,H39D,99,3301.0,3311.0,3301.0,3311.0,run,chest+empatica,chest+empatica+forearm,gel,ecg/H39D_w0099.npy,acc_chest/H39D_w0099.npy,ppg_wrist/H39D_w0099.npy,0.474,17.663,False,0.0,0.0,0.0
H39D_w0100,H39D,100,3311.0,3321.0,3311.0,3321.0,run,chest+empatica,chest+empatica+forearm,gel,ecg/H39D_w0100.npy,acc_chest/H39D_w0100.npy,ppg_wrist/H39D_w0100.npy,0.474,17.663,False,0.0,0.0,0.0
H39D_w0101,H39D,101,3321.0,3331.0,3321.0,3331.0,run,chest+empatica,chest+empatica+forearm,gel,ecg/H39D_w0101.npy,acc_chest/H39D_w0101.npy,ppg_wrist/H39D_w0101.npy,0.474,17.663,False,0.0,0.0,0.0
H39D_w0102,H39D,102,3331.0,3341.0,3331.0,3341.0,run,chest+empatica,chest+empatica+forearm,gel,ecg/H39D_w0102.npy,acc_chest/H39D_w0102.npy,ppg_wrist/H39D_w0102.npy,0.474,17.663,False,0.0,0.0,0.0
H39D_w0103,H39D,103,3341.0,3351.0,3341.0,3351.0,run,chest+empatica,chest+empatica+forearm,gel,ecg/H39D_w0103.npy,acc_chest/H39D_w0103.npy,ppg_wrist/H39D_w0103.npy,0.474,17.663,False,0.0,0.0,0.0
H39D_w0104,H39D,104,3351.0,3361.0,3351.0,3361.0,run,chest+empatica,chest+empatica+forearm,gel,ecg/H39D_w0104.npy,acc_chest/H39D_w0104.npy,ppg_wrist/H39D_w0104.npy,0.474,17.663,False,0.0,0.0,0.0
H39D_w0105,H39D,105,3361.0,3371.0,3361.0,3371.0,run,chest+empatica,chest+empatica+forearm,gel,ecg/H39D_w0105.npy,acc_chest/H39D_w0105.npy,ppg_wrist/H39D_w0105.npy,0.474,17.663,False,0.0,0.0,0.0
H39D_w0106,H39D,106,3371.0,3381.0,3371.0,3381.0,run,chest+empatica,chest+empatica+forearm,gel,ecg/H39D_w0106.npy,acc_chest/H39D_w0106.npy,ppg_wrist/H39D_w0106.npy,0.474,17.663,False,0.0,0.0,0.0
H39D_w0107,H39D,107,3381.0,3391.0,3381.0,3391.0,run,chest+empatica,chest+empatica+forearm,gel,ecg/H39D_w0107.npy,acc_chest/H39D_w0107.npy,ppg_wrist/H39D_w0107.npy,0.474,17.663,False,0.0,0.0,0.0
H39D_w0108,H39D,108,3391.0,3401.0,3391.0,3401.0,run,chest+empatica,chest+empatica+forearm,gel,ecg/H39D_w0108.npy,acc_chest/H39D_w0108.npy,ppg_wrist/H39D_w0108.npy,0.474,17.663,False,0.0,0.0,0.0
H39D_w0109,H39D,109,3401.0,3411.0,3401.0,3411.0,run,chest+empatica,chest+empatica+forearm,gel,ecg/H39D_w0109.npy,acc_chest/H39D_w0109.npy,ppg_wrist/H39D_w0109.npy,0.474,17.663,False,0.0,0.0,0.0
H39D_w0110,H39D,110,3411.0,3421.0,3411.0,3421.0,run,chest+empatica,chest+empatica+forearm,gel,ecg/H39D_w0110.npy,acc_chest/H39D_w0110.npy,ppg_wrist/H39D_w0110.npy,0.474,17.663,False,0.0,0.0,0.0
H39D_w0111,H39D,111,3421.0,3431.0,3421.0,3431.0,run,chest+empatica,chest+empatica+forearm,gel,ecg/H39D_w0111.npy,acc_chest/H39D_w0111.npy,ppg_wrist/H39D_w0111.npy,0.474,17.663,False,0.0,0.0,0.0
H39D_w0112,H39D,112,3431.0,3441.0,3431.0,3441.0,run,chest+empatica,chest+empatica+forearm,gel,ecg/H39D_w0112.npy,acc_chest/H39D_w0112.npy,ppg_wrist/H39D_w0112.npy,0.474,17.663,False,0.0,0.0,0.0
H39D_w0113,H39D,113,3441.0,3451.0,3441.0,3451.0,run,chest+empatica,chest+empatica+forearm,gel,ecg/H39D_w0113.npy,acc_chest/H39D_w0113.npy,ppg_wrist/H39D_w0113.npy,0.474,17.663,False,0.0,0.0,0.0
H39D_w0114,H39D,114,3451.0,3461.0,3451.0,3461.0,run,chest+empatica,chest+empatica+forearm,gel,ecg/H39D_w0114.npy,acc_chest/H39D_w0114.npy,ppg_wrist/H39D_w0114.npy,0.474,17.663,False,0.0,0.0,0.0
H39D_w0115,H39D,115,3461.0,3471.0,3461.0,3471.0,run,chest+empatica,chest+empatica+forearm,gel,ecg/H39D_w0115.npy,acc_chest/H39D_w0115.npy,ppg_wrist/H39D_w0115.npy,0.474,17.663,False,0.0,0.0,0.0
H39D_w0116,H39D,116,3471.0,3481.0,3471.0,3481.0,run,chest+empatica,chest+empatica+forearm,gel,ecg/H39D_w0116.npy,acc_chest/H39D_w0116.npy,ppg_wrist/H39D_w0116.npy,0.474,17.663,False,0.0,0.0,0.0
H39D_w0117,H39D,117,3481.0,3491.0,3481.0,3491.0,run,chest+empatica,chest+empatica+forearm,gel,ecg/H39D_w0117.npy,acc_chest/H39D_w0117.npy,ppg_wrist/H39D_w0117.npy,0.474,17.663,False,0.0,0.0,0.0
H39D_w0118,H39D,118,3491.0,3501.0,3491.0,3501.0,run,chest+empatica,chest+empatica+forearm,gel,ecg/H39D_w0118.npy,acc_chest/H39D_w0118.npy,ppg_wrist/H39D_w0118.npy,0.474,17.663,False,0.0,0.0,0.0
H39D_w0119,H39D,119,3501.0,3511.0,3501.0,3511.0,run,chest+empatica,chest+empatica+forearm,gel,ecg/H39D_w0119.npy,acc_chest/H39D_w0119.npy,ppg_wrist/H39D_w0119.npy,0.474,17.663,False,0.0,0.0,0.0
H39D_w0120,H39D,120,3511.0,3521.0,3511.0,3521.0,run,chest+empatica,chest+empatica+forearm,gel,ecg/H39D_w0120.npy,acc_chest/H39D_w0120.npy,ppg_wrist/H39D_w0120.npy,0.474,17.663,False,0.0,0.0,0.0
H39D_w0121,H39D,121,3521.0,3531.0,3521.0,3531.0,run,chest+empatica,chest+empatica+forearm,gel,ecg/H39D_w0121.npy,acc_chest/H39D_w0121.npy,ppg_wrist/H39D_w0121.npy,0.474,17.663,False,0.0,0.0,0.0
H39D_w0122,H39D,122,3531.0,3541.0,3531.0,3541.0,run,chest+empatica,chest+empatica+forearm,gel,ecg/H39D_w0122.npy,acc_chest/H39D_w0122.npy,ppg_wrist/H39D_w0122.npy,0.474,17.663,False,0.0,0.0,0.0
H39D_w0123,H39D,123,3541.0,3551.0,3541.0,3551.0,run,chest+empatica,chest+empatica+forearm,gel,ecg/H39D_w0123.npy,acc_chest/H39D_w0123.npy,ppg_wrist/H39D_w0123.npy,0.474,17.663,False,0.0,0.0,0.0
H39D_w0124,H39D,124,3551.0,3561.0,3551.0,3561.0,run,chest+empatica,chest+empatica+forearm,gel,ecg/H39D_w0124.npy,acc_chest/H39D_w0124.npy,ppg_wrist/H39D_w0124.npy,0.474,17.663,False,0.0,0.0,0.0
H39D_w0125,H39D,125,3561.0,3571.0,3561.0,3571.0,run,chest+empatica,chest+empatica+forearm,gel,ecg/H39D_w0125.npy,acc_chest/H39D_w0125.npy,ppg_wrist/H39D_w0125.npy,0.474,17.663,False,0.0,0.0,0.0
H39D_w0126,H39D,126,3571.0,3581.0,3571.0,3581.0,run,chest+empatica,chest+empatica+forearm,gel,ecg/H39D_w0126.npy,acc_chest/H39D_w0126.npy,ppg_wrist/H39D_w0126.npy,0.474,17.663,False,0.0,0.0,0.0
H39D_w0127,H39D,127,3581.0,3591.0,3581.0,3591.0,run,chest+empatica,chest+empatica+forearm,gel,ecg/H39D_w0127.npy,acc_chest/H39D_w0127.npy,ppg_wrist/H39D_w0127.npy,0.474,17.663,False,0.0,0.0,0.0
H39D_w0128,H39D,128,3591.0,3601.0,3591.0,3601.0,run,chest+empatica,chest+empatica+forearm,gel,ecg/H39D_w0128.npy,acc_chest/H39D_w0128.npy,ppg_wrist/H39D_w0128.npy,0.474,17.663,False,0.0,0.0,0.0
H39D_w0129,H39D,129,3601.0,3611.0,3601.0,3611.0,run,chest+empatica,chest+empatica+forearm,gel,ecg/H39D_w0129.npy,acc_chest/H39D_w0129.npy,ppg_wrist/H39D_w0129.npy,0.474,17.663,False,0.0,0.0,0.0
H39D_w0130,H39D,130,3611.0,3621.0,3611.0,3621.0,run,chest+empatica,chest+empatica+forearm,gel,ecg/H39D_w0130.npy,acc_chest/H39D_w0130.npy,ppg_wrist/H39D_w0130.npy,0.474,17.663,False,0.0,0.0,0.0
H39D_w0131,H39D,131,3621.0,3631.0,3621.0,3631.0,run,chest+empatica,chest+empatica+forearm,gel,ecg/H39D_w0131.npy,acc_chest/H39D_w0131.npy,ppg_wrist/H39D_w0131.npy,0.474,17.663,False,0.0,0.0,0.0
H39D_w0132,H39D,132,3631.0,3641.0,3631.0,3641.0,run,chest+empatica,chest+empatica+forearm,gel,ecg/H39D_w0132.npy,acc_chest/H39D_w0132.npy,ppg_wrist/H39D_w0132.npy,0.474,17.663,False,0.0,0.0,0.0
H39D_w0133,H39D,133,3641.0,3651.0,3641.0,3651.0,run,chest+empatica,chest+empatica+forearm,gel,ecg/H39D_w0133.npy,acc_chest/H39D_w0133.npy,ppg_wrist/H39D_w0133.npy,0.474,17.663,False,0.0,0.0,0.0
H39D_w0134,H39D,134,3651.0,3661.0,3651.0,3661.0,run,chest+empatica,chest+empatica+forearm,gel,ecg/H39D_w0134.npy,acc_chest/H39D_w0134.npy,ppg_wrist/H39D_w0134.npy,0.474,17.663,False,0.0,0.0,0.0
H39D_w0135,H39D,135,3661.0,3671.0,3661.0,3671.0,run,chest+empatica,chest+empatica+forearm,gel,ecg/H39D_w0135.npy,acc_chest/H39D_w0135.npy,ppg_wrist/H39D_w0135.npy,0.474,17.663,False,0.0,0.0,0.0
H39D_w0136,H39D,136,3671.0,3681.0,3671.0,3681.0,run,chest+empatica,chest+empatica+forearm,gel,ecg/H39D_w0136.npy,acc_chest/H39D_w0136.npy,ppg_wrist/H39D_w0136.npy,0.474,17.663,False,0.0,0.0,0.0
H39D_w0137,H39D,137,3681.0,3691.0,3681.0,3691.0,run,chest+empatica,chest+empatica+forearm,gel,ecg/H39D_w0137.npy,acc_chest/H39D_w0137.npy,ppg_wrist/H39D_w0137.npy,0.474,17.663,False,0.0,0.0,0.0
H39D_w0138,H39D,138,3691.0,3701.0,3691.0,3701.0,run,chest+empatica,chest+empatica+forearm,gel,ecg/H39D_w0138.npy,acc_chest/H39D_w0138.npy,ppg_wrist/H39D_w0138.npy,0.474,17.663,False,0.0,0.0,0.0
H39D_w0139,H39D,139,3701.0,3711.0,3701.0,3711.0,run,chest+empatica,chest+empatica+forearm,gel,ecg/H39D_w0139.npy,acc_chest/H39D_w0139.npy,ppg_wrist/H39D_w0139.npy,0.474,17.663,False,0.0,0.0,0.0
H39D_w0140,H39D,140,3711.0,3721.0,3711.0,3721.0,run,chest+empatica,chest+empatica+forearm,gel,ecg/H39D_w0140.npy,acc_chest/H39D_w0140.npy,ppg_wrist/H39D_w0140.npy,0.474,17.663,False,0.0,0.0,0.0
H39D_w0141,H39D,141,3721.0,3731.0,3721.0,3731.0,run,chest+empatica,chest+empatica+forearm,gel,ecg/H39D_w0141.npy,acc_chest/H39D_w0141.npy,ppg_wrist/H39D_w0141.npy,0.474,17.663,False,0.0,0.0,0.0
H39D_w0142,H39D,142,3731.0,3741.0,3731.0,3741.0,run,chest+empatica,chest+empatica+forearm,gel,ecg/H39D_w0142.npy,acc_chest/H39D_w0142.npy,ppg_wrist/H39D_w0142.npy,0.474,17.663,False,0.0,0.0,0.0
H39D_w0143,H39D,143,3741.0,3751.0,3741.0,3751.0,run,chest+empatica,chest+empatica+forearm,gel,ecg/H39D_w0143.npy,acc_chest/H39D_w0143.npy,ppg_wrist/H39D_w0143.npy,0.474,17.663,False,0.0,0.0,0.0
H39D_w0144,H39D,144,3751.0,3761.0,3751.0,3761.0,run,chest+empatica,chest+empatica+forearm,gel,ecg/H39D_w0144.npy,acc_chest/H39D_w0144.npy,ppg_wrist/H39D_w0144.npy,0.474,17.663,False,0.0,0.0,0.0
H39D_w0145,H39D,145,3761.0,3771.0,3761.0,3771.0,run,chest+empatica,chest+empatica+forearm,gel,ecg/H39D_w0145.npy,acc_chest/H39D_w0145.npy,ppg_wrist/H39D_w0145.npy,0.474,17.663,False,0.0,0.0,0.0
H39D_w0146,H39D,146,3771.0,3781.0,3771.0,3781.0,run,chest+empatica,chest+empatica+forearm,gel,ecg/H39D_w0146.npy,acc_chest/H39D_w0146.npy,ppg_wrist/H39D_w0146.npy,0.474,17.663,False,0.0,0.0,0.0
H39D_w0147,H39D,147,3781.0,3791.0,3781.0,3791.0,run,chest+empatica,chest+empatica+forearm,gel,ecg/H39D_w0147.npy,acc_chest/H39D_w0147.npy,ppg_wrist/H39D_w0147.npy,0.474,17.663,False,0.0,0.0,0.0
H39D_w0148,H39D,148,3791.0,3801.0,3791.0,3801.0,run,chest+empatica,chest+empatica+forearm,gel,ecg/H39D_w0148.npy,acc_chest/H39D_w0148.npy,ppg_wrist/H39D_w0148.npy,0.474,17.663,False,0.0,0.0,0.0
H39D_w0149,H39D,149,3801.0,3811.0,3801.0,3811.0,run,chest+empatica,chest+empatica+forearm,gel,ecg/H39D_w0149.npy,acc_chest/H39D_w0149.npy,ppg_wrist/H39D_w0149.npy,0.474,17.663,False,0.0,0.0,0.0
H39D_w0150,H39D,150,3811.0,3821.0,3811.0,3821.0,run,chest+empatica,chest+empatica+forearm,gel,ecg/H39D_w0150.npy,acc_chest/H39D_w0150.npy,ppg_wrist/H39D_w0150.npy,0.474,17.663,False,0.0,0.0,0.0
H39D_w0151,H39D,151,3821.0,3831.0,3821.0,3831.0,run,chest+empatica,chest+empatica+forearm,gel,ecg/H39D_w0151.npy,acc_chest/H39D_w0151.npy,ppg_wrist/H39D_w0151.npy,0.474,17.663,False,0.0,0.0,0.0
H39D_w0152,H39D,152,3831.0,3841.0,3831.0,3841.0,run,chest+empatica,chest+empatica+forearm,gel,ecg/H39D_w0152.npy,acc_chest/H39D_w0152.npy,ppg_wrist/H39D_w0152.npy,0.474,17.663,False,0.0,0.0,0.0
H39D_w0153,H39D,153,3841.0,3851.0,3841.0,3851.0,run,chest+empatica,chest+empatica+forearm,gel,ecg/H39D_w0153.npy,acc_chest/H39D_w0153.npy,ppg_wrist/H39D_w0153.npy,0.474,17.663,False,0.0,0.0,0.0
H39D_w0154,H39D,154,3851.0,3861.0,3851.0,3861.0,run,chest+empatica,chest+empatica+forearm,gel,ecg/H39D_w0154.npy,acc_chest/H39D_w0154.npy,ppg_wrist/H39D_w0154.npy,0.474,17.663,False,0.0,0.0,0.0
H39D_w0155,H39D,155,3861.0,3871.0,3861.0,3871.0,run,chest+empatica,chest+empatica+forearm,gel,ecg/H39D_w0155.npy,acc_chest/H39D_w0155.npy,ppg_wrist/H39D_w0155.npy,0.474,17.663,False,0.0,0.0,0.0
H39D_w0156,H39D,156,3871.0,3881.0,3871.0,3881.0,run,chest+empatica,chest+empatica+forearm,gel,ecg/H39D_w0156.npy,acc_chest/H39D_w0156.npy,ppg_wrist/H39D_w0156.npy,0.474,17.663,False,0.0,0.0,0.0
H39D_w0157,H39D,157,3881.0,3891.0,3881.0,3891.0,run,chest+empatica,chest+empatica+forearm,gel,ecg/H39D_w0157.npy,acc_chest/H39D_w0157.npy,ppg_wrist/H39D_w0157.npy,0.474,17.663,False,0.0,0.0,0.0
H39D_w0158,H39D,158,3891.0,3901.0,3891.0,3901.0,run,chest+empatica,chest+empatica+forearm,gel,ecg/H39D_w0158.npy,acc_chest/H39D_w0158.npy,ppg_wrist/H39D_w0158.npy,0.474,17.663,False,0.0,0.0,0.0
H39D_w0159,H39D,159,3901.0,3911.0,3901.0,3911.0,run,chest+empatica,chest+empatica+forearm,gel,ecg/H39D_w0159.npy,acc_chest/H39D_w0159.npy,ppg_wrist/H39D_w0159.npy,0.474,17.663,False,0.0,0.0,0.0
H39D_w0160,H39D,160,3911.0,3921.0,3911.0,3921.0,run,chest+empatica,chest+empatica+forearm,gel,ecg/H39D_w0160.npy,acc_chest/H39D_w0160.npy,ppg_wrist/H39D_w0160.npy,0.474,17.663,False,0.0,0.0,0.0
H39D_w0161,H39D,161,3921.0,3931.0,3921.0,3931.0,run,chest+empatica,chest+empatica+forearm,gel,ecg/H39D_w0161.npy,acc_chest/H39D_w0161.npy,ppg_wrist/H39D_w0161.npy,0.474,17.663,False,0.0,0.0,0.0
H39D_w0162,H39D,162,3931.0,3941.0,3931.0,3941.0,run,chest+empatica,chest+empatica+forearm,gel,ecg/H39D_w0162.npy,acc_chest/H39D_w0162.npy,ppg_wrist/H39D_w0162.npy,0.474,17.663,False,0.0,0.0,0.0
H39D_w0163,H39D,163,3941.0,3951.0,3941.0,3951.0,run,chest+empatica,chest+empatica+forearm,gel,ecg/H39D_w0163.npy,acc_chest/H39D_w0163.npy,ppg_wrist/H39D_w0163.npy,0.474,17.663,False,0.0,0.0,0.0
H39D_w0164,H39D,164,3951.0,3961.0,3951.0,3961.0,run,chest+empatica,chest+empatica+forearm,gel,ecg/H39D_w0164.npy,acc_chest/H39D_w0164.npy,ppg_wrist/H39D_w0164.npy,0.474,17.663,False,0.0,0.0,0.0
H39D_w0165,H39D,165,3961.0,3971.0,3961.0,3971.0,run,chest+empatica,chest+empatica+forearm,gel,ecg/H39D_w0165.npy,acc_chest/H39D_w0165.npy,ppg_wrist/H39D_w0165.npy,0.474,17.663,False,0.0,0.0,0.0
H39D_w0166,H39D,166,3971.0,3981.0,3971.0,3981.0,run,chest+empatica,chest+empatica+forearm,gel,ecg/H39D_w0166.npy,acc_chest/H39D_w0166.npy,ppg_wrist/H39D_w0166.npy,0.474,17.663,False,0.0,0.0,0.0
H39D_w0167,H39D,167,3981.0,3991.0,3981.0,3991.0,run,chest+empatica,chest+empatica+forearm,gel,ecg/H39D_w0167.npy,acc_chest/H39D_w0167.npy,ppg_wrist/H39D_w0167.npy,0.474,17.663,False,0.0,0.0,0.0
H39D_w0168,H39D,168,3991.0,4001.0,3991.0,4001.0,run,chest+empatica,chest+empatica+forearm,gel,ecg/H39D_w0168.npy,acc_chest/H39D_w0168.npy,ppg_wrist/H39D_w0168.npy,0.474,17.663,False,0.0,0.0,0.0
H39D_w0169,H39D,169,4001.0,4011.0,4001.0,4011.0,run,chest+empatica,chest+empatica+forearm,gel,ecg/H39D_w0169.npy,acc_chest/H39D_w0169.npy,ppg_wrist/H39D_w0169.npy,0.474,17.663,False,0.0,0.0,0.0
H39D_w0170,H39D,170,4011.0,4021.0,4011.0,4021.0,run,chest+empatica,chest+empatica+forearm,gel,ecg/H39D_w0170.npy,acc_chest/H39D_w0170.npy,ppg_wrist/H39D_w0170.npy,0.474,17.663,False,0.0,0.0,0.0
H39D_w0171,H39D,171,4021.0,4031.0,4021.0,4031.0,run,chest+empatica,chest+empatica+forearm,gel,ecg/H39D_w0171.npy,acc_chest/H39D_w0171.npy,ppg_wrist/H39D_w0171.npy,0.474,17.663,False,0.0,0.0,0.0
H39D_w0172,H39D,172,4031.0,4041.0,4031.0,4041.0,run,chest+empatica,chest+empatica+forearm,gel,ecg/H39D_w0172.npy,acc_chest/H39D_w0172.npy,ppg_wrist/H39D_w0172.npy,0.474,17.663,False,0.0,0.0,0.0
H39D_w0173,H39D,173,4041.0,4051.0,4041.0,4051.0,run,chest+empatica,chest+empatica+forearm,gel,ecg/H39D_w0173.npy,acc_chest/H39D_w0173.npy,ppg_wrist/H39D_w0173.npy,0.474,17.663,False,0.0,0.0,0.0
H39D_w0174,H39D,174,4051.0,4061.0,4051.0,4061.0,run,chest+empatica,chest+empatica+forearm,gel,ecg/H39D_w0174.npy,acc_chest/H39D_w0174.npy,ppg_wrist/H39D_w0174.npy,0.474,17.663,False,0.0,0.0,0.0
H39D_w0175,H39D,175,4061.0,4071.0,4061.0,4071.0,run,chest+empatica,chest+empatica+forearm,gel,ecg/H39D_w0175.npy,acc_chest/H39D_w0175.npy,ppg_wrist/H39D_w0175.npy,0.474,17.663,False,0.0,0.0,0.0
H39D_w0176,H39D,176,4071.0,4081.0,4071.0,4081.0,run,chest+empatica,chest+empatica+forearm,gel,ecg/H39D_w0176.npy,acc_chest/H39D_w0176.npy,ppg_wrist/H39D_w0176.npy,0.474,17.663,False,0.0,0.0,0.0
H39D_w0177,H39D,177,4081.0,4091.0,4081.0,4091.0,run,chest+empatica,chest+empatica+forearm,gel,ecg/H39D_w0177.npy,acc_chest/H39D_w0177.npy,ppg_wrist/H39D_w0177.npy,0.474,17.663,False,0.0,0.0,0.0
H39D_w0178,H39D,178,4091.0,4101.0,4091.0,4101.0,run,chest+empatica,chest+empatica+forearm,gel,ecg/H39D_w0178.npy,acc_chest/H39D_w0178.npy,ppg_wrist/H39D_w0178.npy,0.474,17.663,False,0.0,0.0,0.0
H39D_w0179,H39D,179,4101.0,4111.0,4101.0,4111.0,run,chest+empatica,chest+empatica+forearm,gel,ecg/H39D_w0179.npy,acc_chest/H39D_w0179.npy,ppg_wrist/H39D_w0179.npy,0.474,17.663,False,0.0,0.0,0.0
H39D_w0180,H39D,180,4111.0,4121.0,4111.0,4121.0,run,chest+empatica,chest+empatica+forearm,gel,ecg/H39D_w0180.npy,acc_chest/H39D_w0180.npy,ppg_wrist/H39D_w0180.npy,0.474,17.663,False,0.0,0.0,0.0
H39D_w0181,H39D,181,4121.0,4131.0,4121.0,4131.0,run,chest+empatica,chest+empatica+forearm,gel,ecg/H39D_w0181.npy,acc_chest/H39D_w0181.npy,ppg_wrist/H39D_w0181.npy,0.474,17.663,False,0.0,0.0,0.0
H39D_w0182,H39D,182,4131.0,4141.0,4131.0,4141.0,run,chest+empatica,chest+empatica+forearm,gel,ecg/H39D_w0182.npy,acc_chest/H39D_w0182.npy,ppg_wrist/H39D_w0182.npy,0.474,17.663,False,0.0,0.0,0.0
H39D_w0183,H39D,183,4141.0,4151.0,4141.0,4151.0,run,chest+empatica,chest+empatica+forearm,gel,ecg/H39D_w0183.npy,acc_chest/H39D_w0183.npy,ppg_wrist/H39D_w0183.npy,0.474,17.663,False,0.0,0.0,0.0
H39D_w0184,H39D,184,4151.0,4161.0,4151.0,4161.0,run,chest+empatica,chest+empatica+forearm,gel,ecg/H39D_w0184.npy,acc_chest/H39D_w0184.npy,ppg_wrist/H39D_w0184.npy,0.474,17.663,False,0.0,0.0,0.0
H39D_w0185,H39D,185,4161.0,4171.0,4161.0,4171.0,run,chest+empatica,chest+empatica+forearm,gel,ecg/H39D_w0185.npy,acc_chest/H39D_w0185.npy,ppg_wrist/H39D_w0185.npy,0.474,17.663,False,0.0,0.0,0.0
H39D_w0186,H39D,186,4171.0,4181.0,4171.0,4181.0,run,chest+empatica,chest+empatica+forearm,gel,ecg/H39D_w0186.npy,acc_chest/H39D_w0186.npy,ppg_wrist/H39D_w0186.npy,0.474,17.663,False,0.0,0.0,0.0
H39D_w0187,H39D,187,4181.0,4191.0,4181.0,4191.0,run,chest+empatica,chest+empatica+forearm,gel,ecg/H39D_w0187.npy,acc_chest/H39D_w0187.npy,ppg_wrist/H39D_w0187.npy,0.474,17.663,False,0.0,0.0,0.0
H39D_w0188,H39D,188,4191.0,4201.0,4191.0,4201.0,run,chest+empatica,chest+empatica+forearm,gel,ecg/H39D_w0188.npy,acc_chest/H39D_w0188.npy,ppg_wrist/H39D_w0188.npy,0.474,17.663,False,0.0,0.0,0.0
H39D_w0189,H39D,189,4201.0,4211.0,4201.0,4211.0,run,chest+empatica,chest+empatica+forearm,gel,ecg/H39D_w0189.npy,acc_chest/H39D_w0189.npy,ppg_wrist/H39D_w0189.npy,0.474,17.663,False,0.0,0.0,0.0
H39D_w0190,H39D,190,4211.0,4221.0,4211.0,4221.0,run,chest+empatica,chest+empatica+forearm,gel,ecg/H39D_w0190.npy,acc_chest/H39D_w0190.npy,ppg_wrist/H39D_w0190.npy,0.474,17.663,False,0.0,0.0,0.0
H39D_w0191,H39D,191,4221.0,4231.0,4221.0,4231.0,run,chest+empatica,chest+empatica+forearm,gel,ecg/H39D_w0191.npy,acc_chest/H39D_w0191.npy,ppg_wrist/H39D_w0191.npy,0.474,17.663,False,0.0,0.0,0.0
H39D_w0192,H39D,192,4231.0,4241.0,4231.0,4241.0,run,chest+empatica,chest+empatica+forearm,gel,ecg/H39D_w0192.npy,acc_chest/H39D_w0192.npy,ppg_wrist/H39D_w0192.npy,0.474,17.663,False,0.0,0.0,0.0
H39D_w0193,H39D,193,4241.0,4251.0,4241.0,4251.0,run,chest+empatica,chest+empatica+forearm,gel,ecg/H39D_w0193.npy,acc_chest/H39D_w0193.npy,ppg_wrist/H39D_w0193.npy,0.474,17.663,False,0.0,0.0,0.0
H39D_w0194,H39D,194,4251.0,4261.0,4251.0,4261.0,run,chest+empatica,chest+empatica+forearm,gel,ecg/H39D_w0194.npy,acc_chest/H39D_w0194.npy,ppg_wrist/H39D_w0194.npy,0.474,17.663,False,0.0,0.0,0.0
H39D_w0195,H39D,195,4261.0,4271.0,4261.0,4271.0,run,chest+empatica,chest+empatica+forearm,gel,ecg/H39D_w0195.npy,acc_chest/H39D_w0195.npy,ppg_wrist/H39D_w0195.npy,0.474,17.663,False,0.0,0.0,0.0
H39D_w0196,H39D,196,4271.0,4281.0,4271.0,4281.0,run,chest+empatica,chest+empatica+forearm,gel,ecg/H39D_w0196.npy,acc_chest/H39D_w0196.npy,ppg_wrist/H39D_w0196.npy,0.474,17.663,False,0.0,0.0,0.0
H39D_w0197,H39D,197,4281.0,4291.0,4281.0,4291.0,run,chest+empatica,chest+empatica+forearm,gel,ecg/H39D_w0197.npy,acc_chest/H39D_w0197.npy,ppg_wrist/H39D_w0197.npy,0.474,17.663,False,0.0,0.0,0.0
H39D_w0198,H39D,198,4291.0,4301.0,4291.0,4301.0,run,chest+empatica,chest+empatica+forearm,gel,ecg/H39D_w0198.npy,acc_chest/H39D_w0198.npy,ppg_wrist/H39D_w0198.npy,0.474,17.663,False,0.0,0.0,0.0
H39D_w0199,H39D,199,4301.0,4311.0,4301.0,4311.0,run,chest+empatica,chest+empatica+forearm,gel,ecg/H39D_w0199.npy,acc_chest/H39D_w0199.npy,ppg_wrist/H39D_w0199.npy,0.474,17.663,False,0.0,0.0,0.0
H39D_w0200,H39D,200,4311.0,4321.0,4311.0,4321.0,run,chest+empatica,chest+empatica+forearm,gel,ecg/H39D_w0200.npy,acc_chest/H39D_w0200.npy,ppg_wrist/H39D_w0200.npy,0.474,17.663,False,0.0,0.0,0.0
H39D_w0201,H39D,201,4321.0,4331.0,4321.0,4331.0,run,chest+empatica,chest+empatica+forearm,gel,ecg/H39D_w0201.npy,acc_chest/H39D_w0201.npy,ppg_wrist/H39D_w0201.npy,0.474,17.663,False,0.0,0.0,0.0
H39D_w0202,H39D,202,4331.0,4341.0,4331.0,4341.0,run,chest+empatica,chest+empatica+forearm,gel,ecg/H39D_w0202.npy,acc_chest/H39D_w0202.npy,ppg_wrist/H39D_w0202.npy,0.474,17.663,False,0.0,0.0,0.0
H39D_w0203,H39D,203,4341.0,4351.0,4341.0,4351.0,run,chest+empatica,chest+empatica+forearm,gel,ecg/H39D_w0203.npy,acc_chest/H39D_w0203.npy,ppg_wrist/H39D_w0203.npy,0.474,17.663,False,0.0,0.0,0.0
H39D_w0204,H39D,204,4351.0,4361.0,4351.0,4361.0,run,chest+empatica,chest+empatica+forearm,gel,ecg/H39D_w0204.npy,acc_chest/H39D_w0204.npy,ppg_wrist/H39D_w0204.npy,0.474,17.663,False,0.0,0.0,0.0
H39D_w0205,H39D,205,4361.0,4371.0,4361.0,4371.0,run,chest+empatica,chest+empatica+forearm,gel,ecg/H39D_w0205.npy,acc_chest/H39D_w0205.npy,ppg_wrist/H39D_w0205.npy,0.474,17.663,False,0.0,0.0,0.0
H39D_w0206,H39D,206,4371.0,4381.0,4371.0,4381.0,run,chest+empatica,chest+empatica+forearm,gel,ecg/H39D_w0206.npy,acc_chest/H39D_w0206.npy,ppg_wrist/H39D_w0206.npy,0.474,17.663,False,0.0,0.0,0.0
H39D_w0207,H39D,207,4381.0,4391.0,4381.0,4391.0,run,chest+empatica,chest+empatica+forearm,gel,ecg/H39D_w0207.npy,acc_chest/H39D_w0207.npy,ppg_wrist/H39D_w0207.npy,0.474,17.663,False,0.0,0.0,0.0
H39D_w0208,H39D,208,4391.0,4401.0,4391.0,4401.0,run,chest+empatica,chest+empatica+forearm,gel,ecg/H39D_w0208.npy,acc_chest/H39D_w0208.npy,ppg_wrist/H39D_w0208.npy,0.474,17.663,False,0.0,0.0,0.0
H39D_w0209,H39D,209,4401.0,4411.0,4401.0,4411.0,run,chest+empatica,chest+empatica+forearm,gel,ecg/H39D_w0209.npy,acc_chest/H39D_w0209.npy,ppg_wrist/H39D_w0209.npy,0.474,17.663,False,0.0,0.0,0.0
H39D_w0210,H39D,210,4411.0,4421.0,4411.0,4421.0,run,chest+empatica,chest+empatica+forearm,gel,ecg/H39D_w0210.npy,acc_chest/H39D_w0210.npy,ppg_wrist/H39D_w0210.npy,0.474,17.663,False,0.0,0.0,0.0
H39D_w0211,H39D,211,4421.0,4431.0,4421.0,4431.0,run,chest+empatica,chest+empatica+forearm,gel,ecg/H39D_w0211.npy,acc_chest/H39D_w0211.npy,ppg_wrist/H39D_w0211.npy,0.474,17.663,False,0.0,0.0,0.0
H39D_w0212,H39D,212,4431.0,4441.0,4431.0,4441.0,run,chest+empatica,chest+empatica+forearm,gel,ecg/H39D_w0212.npy,acc_chest/H39D_w0212.npy,ppg_wrist/H39D_w0212.npy,0.474,17.663,False,0.0,0.0,0.0
H39D_w0213,H39D,213,4441.0,4451.0,4441.0,4451.0,run,chest+empatica,chest+empatica+forearm,gel,ecg/H39D_w0213.npy,acc_chest/H39D_w0213.npy,ppg_wrist/H39D_w0213.npy,0.474,17.663,False,0.0,0.0,0.0
H39D_w0214,H39D,214,4451.0,4461.0,4451.0,4461.0,run,chest+empatica,chest+empatica+forearm,gel,ecg/H39D_w0214.npy,acc_chest/H39D_w0214.npy,ppg_wrist/H39D_w0214.npy,0.474,17.663,False,0.0,0.0,0.0
H39D_w0215,H39D,215,4461.0,4471.0,4461.0,4471.0,run,chest+empatica,chest+empatica+forearm,gel,ecg/H39D_w0215.npy,acc_chest/H39D_w0215.npy,ppg_wrist/H39D_w0215.npy,0.474,17.663,False,0.0,0.0,0.0
H39D_w0216,H39D,216,4471.0,4481.0,4471.0,4481.0,run,chest+empatica,chest+empatica+forearm,gel,ecg/H39D_w0216.npy,acc_chest/H39D_w0216.npy,ppg_wrist/H39D_w0216.npy,0.474,17.663,False,0.0,0.0,0.0
H39D_w0217,H39D,217,4481.0,4491.0,4481.0,4491.0,run,chest+empatica,chest+empatica+forearm,gel,ecg/H39D_w0217.npy,acc_chest/H39D_w0217.npy,ppg_wrist/H39D_w0217.npy,0.474,17.663,False,0.0,0.0,0.0
H39D_w0218,H39D,218,4491.0,4501.0,4491.0,4501.0,run,chest+empatica,chest+empatica+forearm,gel,ecg/H39D_w0218.npy,acc_chest/H39D_w0218.npy,ppg_wrist/H39D_w0218.npy,0.474,17.663,False,0.0,0.0,0.0
H39D_w0219,H39D,219,4501.0,4511.0,4501.0,4511.0,run,chest+empatica,chest+empatica+forearm,gel,ecg/H39D_w0219.npy,acc_chest/H39D_w0219.npy,ppg_wrist/H39D_w0219.npy,0.474,17.663,False,0.0,0.0,0.0
H39D_w0220,H39D,220,4511.0,4521.0,4511.0,4521.0,run,chest+empatica,chest+empatica+forearm,gel,ecg/H39D_w0220.npy,acc_chest/H39D_w0220.npy,ppg_wrist/H39D_w0220.npy,0.474,17.663,False,0.0,0.0,0.0
H39D_w0221,H39D,221,4521.0,4531.0,4521.0,4531.0,run,chest+empatica,chest+empatica+forearm,gel,ecg/H39D_w0221.npy,acc_chest/H39D_w0221.npy,ppg_wrist/H39D_w0221.npy,0.474,17.663,False,0.0,0.0,0.0
H39D_w0222,H39D,222,4531.0,4541.0,4531.0,4541.0,run,chest+empatica,chest+empatica+forearm,gel,ecg/H39D_w0222.npy,acc_chest/H39D_w0222.npy,ppg_wrist/H39D_w0222.npy,0.474,17.663,False,0.0,0.0,0.0
H39D_w0223,H39D,223,4541.0,4551.0,4541.0,4551.0,run,chest+empatica,chest+empatica+forearm,gel,ecg/H39D_w0223.npy,acc_chest/H39D_w0223.npy,ppg_wrist/H39D_w0223.npy,0.474,17.663,False,0.0,0.0,0.0
H39D_w0224,H39D,224,4551.0,4561.0,4551.0,4561.0,run,chest+empatica,chest+empatica+forearm,gel,ecg/H39D_w0224.npy,acc_chest/H39D_w0224.npy,ppg_wrist/H39D_w0224.npy,0.474,17.663,False,0.0,0.0,0.0
H39D_w0225,H39D,225,4561.0,4571.0,4561.0,4571.0,run,chest+empatica,chest+empatica+forearm,gel,ecg/H39D_w0225.npy,acc_chest/H39D_w0225.npy,ppg_wrist/H39D_w0225.npy,0.474,17.663,False,0.0,0.0,0.0
H39D_w0226,H39D,226,4571.0,4581.0,4571.0,4581.0,run,chest+empatica,chest+empatica+forearm,gel,ecg/H39D_w0226.npy,acc_chest/H39D_w0226.npy,ppg_wrist/H39D_w0226.npy,0.474,17.663,False,0.0,0.0,0.0
H39D_w0227,H39D,227,4581.0,4591.0,4581.0,4591.0,run,chest+empatica,chest+empatica+forearm,gel,ecg/H39D_w0227.npy,acc_chest/H39D_w0227.npy,ppg_wrist/H39D_w0227.npy,0.474,17.663,False,0.0,0.0,0.0
H39D_w0228,H39D,228,4591.0,4601.0,4591.0,4601.0,run,chest+empatica,chest+empatica+forearm,gel,ecg/H39D_w0228.npy,acc_chest/H39D_w0228.npy,ppg_wrist/H39D_w0228.npy,0.474,17.663,False,0.0,0.0,0.0
H39D_w0229,H39D,229,4601.0,4611.0,4601.0,4611.0,run,chest+empatica,chest+empatica+forearm,gel,ecg/H39D_w0229.npy,acc_chest/H39D_w0229.npy,ppg_wrist/H39D_w0229.npy,0.474,17.663,False,0.0,0.0,0.0
H39D_w0230,H39D,230,4611.0,4621.0,4611.0,4621.0,run,chest+empatica,chest+empatica+forearm,gel,ecg/H39D_w0230.npy,acc_chest/H39D_w0230.npy,ppg_wrist/H39D_w0230.npy,0.474,17.663,False,0.0,0.0,0.0
H39D_w0231,H39D,231,4621.0,4631.0,4621.0,4631.0,run,chest+empatica,chest+empatica+forearm,gel,ecg/H39D_w0231.npy,acc_chest/H39D_w0231.npy,ppg_wrist/H39D_w0231.npy,0.474,17.663,False,0.0,0.0,0.0
H39D_w0232,H39D,232,4631.0,4641.0,4631.0,4641.0,run,chest+empatica,chest+empatica+forearm,gel,ecg/H39D_w0232.npy,acc_chest/H39D_w0232.npy,ppg_wrist/H39D_w0232.npy,0.474,17.663,False,0.0,0.0,0.0
H39D_w0233,H39D,233,4641.0,4651.0,4641.0,4651.0,run,chest+empatica,chest+empatica+forearm,gel,ecg/H39D_w0233.npy,acc_chest/H39D_w0233.npy,ppg_wrist/H39D_w0233.npy,0.474,17.663,False,0.0,0.0,0.0
H39D_w0234,H39D,234,4651.0,4661.0,4651.0,4661.0,run,chest+empatica,chest+empatica+forearm,gel,ecg/H39D_w0234.npy,acc_chest/H39D_w0234.npy,ppg_wrist/H39D_w0234.npy,0.474,17.663,False,0.0,0.0,0.0
H39D_w0235,H39D,235,4661.0,4671.0,4661.0,4671.0,run,chest+empatica,chest+empatica+forearm,gel,ecg/H39D_w0235.npy,acc_chest/H39D_w0235.npy,ppg_wrist/H39D_w0235.npy,0.474,17.663,False,0.0,0.0,0.0
H39D_w0236,H39D,236,4671.0,4681.0,4671.0,4681.0,run,chest+empatica,chest+empatica+forearm,gel,ecg/H39D_w0236.npy,acc_chest/H39D_w0236.npy,ppg_wrist/H39D_w0236.npy,0.474,17.663,False,0.0,0.0,0.0
H39D_w0237,H39D,237,4681.0,4691.0,4681.0,4691.0,run,chest+empatica,chest+empatica+forearm,gel,ecg/H39D_w0237.npy,acc_chest/H39D_w0237.npy,ppg_wrist/H39D_w0237.npy,0.474,17.663,False,0.0,0.0,0.0
H39D_w0238,H39D,238,4691.0,4701.0,4691.0,4701.0,run,chest+empatica,chest+empatica+forearm,gel,ecg/H39D_w0238.npy,acc_chest/H39D_w0238.npy,ppg_wrist/H39D_w0238.npy,0.474,17.663,False,0.0,0.0,0.0
H39D_w0239,H39D,239,4701.0,4711.0,4701.0,4711.0,run,chest+empatica,chest+empatica+forearm,gel,ecg/H39D_w0239.npy,acc_chest/H39D_w0239.npy,ppg_wrist/H39D_w0239.npy,0.474,17.663,False,0.0,0.0,0.0
H39D_w0240,H39D,240,4711.0,4721.0,4711.0,4721.0,run,chest+empatica,chest+empatica+forearm,gel,ecg/H39D_w0240.npy,acc_chest/H39D_w0240.npy,ppg_wrist/H39D_w0240.npy,0.474,17.663,False,0.0,0.0,0.0
H39D_w0241,H39D,241,4721.0,4731.0,4721.0,4731.0,run,chest+empatica,chest+empatica+forearm,gel,ecg/H39D_w0241.npy,acc_chest/H39D_w0241.npy,ppg_wrist/H39D_w0241.npy,0.474,17.663,False,0.0,0.0,0.0
H39D_w0242,H39D,242,4731.0,4741.0,4731.0,4741.0,run,chest+empatica,chest+empatica+forearm,gel,ecg/H39D_w0242.npy,acc_chest/H39D_w0242.npy,ppg_wrist/H39D_w0242.npy,0.474,17.663,False,0.0,0.0,0.0
H39D_w0243,H39D,243,4741.0,4751.0,4741.0,4751.0,run,chest+empatica,chest+empatica+forearm,gel,ecg/H39D_w0243.npy,acc_chest/H39D_w0243.npy,ppg_wrist/H39D_w0243.npy,0.474,17.663,False,0.0,0.0,0.0
H39D_w0244,H39D,244,4751.0,4761.0,4751.0,4761.0,run,chest+empatica,chest+empatica+forearm,gel,ecg/H39D_w0244.npy,acc_chest/H39D_w0244.npy,ppg_wrist/H39D_w0244.npy,0.474,17.663,False,0.0,0.0,0.0
H39D_w0245,H39D,245,4761.0,4771.0,4761.0,4771.0,run,chest+empatica,chest+empatica+forearm,gel,ecg/H39D_w0245.npy,acc_chest/H39D_w0245.npy,ppg_wrist/H39D_w0245.npy,0.474,17.663,False,0.0,0.0,0.0
H39D_w0246,H39D,246,4771.0,4781.0,4771.0,4781.0,run,chest+empatica,chest+empatica+forearm,gel,ecg/H39D_w0246.npy,acc_chest/H39D_w0246.npy,ppg_wrist/H39D_w0246.npy,0.474,17.663,False,0.0,0.0,0.0
H39D_w0247,H39D,247,4781.0,4791.0,4781.0,4791.0,run,chest+empatica,chest+empatica+forearm,gel,ecg/H39D_w0247.npy,acc_chest/H39D_w0247.npy,ppg_wrist/H39D_w0247.npy,0.474,17.663,False,0.0,0.0,0.0
H39D_w0248,H39D,248,4791.0,4801.0,4791.0,4801.0,run,chest+empatica,chest+empatica+forearm,gel,ecg/H39D_w0248.npy,acc_chest/H39D_w0248.npy,ppg_wrist/H39D_w0248.npy,0.474,17.663,False,0.0,0.0,0.0
H39D_w0249,H39D,249,4801.0,4811.0,4801.0,4811.0,run,chest+empatica,chest+empatica+forearm,gel,ecg/H39D_w0249.npy,acc_chest/H39D_w0249.npy,ppg_wrist/H39D_w0249.npy,0.474,17.663,False,0.0,0.0,0.0
H39D_w0250,H39D,250,4811.0,4821.0,4811.0,4821.0,run,chest+empatica,chest+empatica+forearm,gel,ecg/H39D_w0250.npy,acc_chest/H39D_w0250.npy,ppg_wrist/H39D_w0250.npy,0.474,17.663,False,0.0,0.0,0.0
H39D_w0251,H39D,251,4821.0,4831.0,4821.0,4831.0,run,chest+empatica,chest+empatica+forearm,gel,ecg/H39D_w0251.npy,acc_chest/H39D_w0251.npy,ppg_wrist/H39D_w0251.npy,0.474,17.663,False,0.0,0.0,0.0
H39D_w0252,H39D,252,4831.0,4841.0,4831.0,4841.0,run,chest+empatica,chest+empatica+forearm,gel,ecg/H39D_w0252.npy,acc_chest/H39D_w0252.npy,ppg_wrist/H39D_w0252.npy,0.474,17.663,False,0.0,0.0,0.0
H39D_w0253,H39D,253,4841.0,4851.0,4841.0,4851.0,run,chest+empatica,chest+empatica+forearm,gel,ecg/H39D_w0253.npy,acc_chest/H39D_w0253.npy,ppg_wrist/H39D_w0253.npy,0.474,17.663,False,0.0,0.0,0.0
H39D_w0254,H39D,254,4851.0,4861.0,4851.0,4861.0,run,chest+empatica,chest+empatica+forearm,gel,ecg/H39D_w0254.npy,acc_chest/H39D_w0254.npy,ppg_wrist/H39D_w0254.npy,0.875,18.687,False,0.0,0.0,0.0
H39D_w0255,H39D,255,4861.0,4871.0,4861.0,4871.0,run,chest+empatica,chest+empatica+forearm,gel,ecg/H39D_w0255.npy,acc_chest/H39D_w0255.npy,ppg_wrist/H39D_w0255.npy,1.825,4.772,False,0.0,0.0,0.0
H39D_w0256,H39D,256,4871.0,4881.0,4871.0,4881.0,run,chest+empatica,chest+empatica+forearm,gel,ecg/H39D_w0256.npy,acc_chest/H39D_w0256.npy,ppg_wrist/H39D_w0256.npy,1.777,4.727,False,0.0,0.0,0.0
H39D_w0257,H39D,257,4881.0,4891.0,4881.0,4891.0,run,chest+empatica,chest+empatica+forearm,gel,ecg/H39D_w0257.npy,acc_chest/H39D_w0257.npy,ppg_wrist/H39D_w0257.npy,1.897,5.043,False,0.0,0.0,0.0
H39D_w0258,H39D,258,4891.0,4901.0,4891.0,4901.0,run,chest+empatica,chest+empatica+forearm,gel,ecg/H39D_w0258.npy,acc_chest/H39D_w0258.npy,ppg_wrist/H39D_w0258.npy,2.009,5.322,False,0.0,0.0,0.0
H39D_w0259,H39D,259,4901.0,4911.0,4901.0,4911.0,run,chest+empatica,chest+empatica+forearm,gel,ecg/H39D_w0259.npy,acc_chest/H39D_w0259.npy,ppg_wrist/H39D_w0259.npy,2.021,5.169,False,0.0,0.0,0.0
H39D_w0260,H39D,260,4911.0,4921.0,4911.0,4921.0,run,chest+empatica,chest+empatica+forearm,gel,ecg/H39D_w0260.npy,acc_chest/H39D_w0260.npy,ppg_wrist/H39D_w0260.npy,1.833,4.692,False,0.0,0.0,0.0
H39D_w0261,H39D,261,4921.0,4931.0,4921.0,4931.0,run,chest+empatica,chest+empatica+forearm,gel,ecg/H39D_w0261.npy,acc_chest/H39D_w0261.npy,ppg_wrist/H39D_w0261.npy,1.982,5.016,False,0.0,0.0,0.0
H39D_w0262,H39D,262,4931.0,4941.0,4931.0,4941.0,run,chest+empatica,chest+empatica+forearm,gel,ecg/H39D_w0262.npy,acc_chest/H39D_w0262.npy,ppg_wrist/H39D_w0262.npy,1.937,5.084,False,0.0,0.0,0.0
H39D_w0263,H39D,263,4941.0,4951.0,4941.0,4951.0,run,chest+empatica,chest+empatica+forearm,gel,ecg/H39D_w0263.npy,acc_chest/H39D_w0263.npy,ppg_wrist/H39D_w0263.npy,1.702,4.545,False,0.0,0.0,0.0
H39D_w0264,H39D,264,4951.0,4961.0,4951.0,4961.0,run,chest+empatica,chest+empatica+forearm,gel,ecg/H39D_w0264.npy,acc_chest/H39D_w0264.npy,ppg_wrist/H39D_w0264.npy,1.609,4.232,False,0.0,0.0,0.0
H39D_w0265,H39D,265,4961.0,4971.0,4961.0,4971.0,run,chest+empatica,chest+empatica+forearm,gel,ecg/H39D_w0265.npy,acc_chest/H39D_w0265.npy,ppg_wrist/H39D_w0265.npy,1.905,4.982,False,0.0,0.0,0.0
H39D_w0266,H39D,266,4971.0,4981.0,4971.0,4981.0,run,chest+empatica,chest+empatica+forearm,gel,ecg/H39D_w0266.npy,acc_chest/H39D_w0266.npy,ppg_wrist/H39D_w0266.npy,2.015,5.262,False,0.0,0.0,0.0
H39D_w0267,H39D,267,4981.0,4991.0,4981.0,4991.0,run,chest+empatica,chest+empatica+forearm,gel,ecg/H39D_w0267.npy,acc_chest/H39D_w0267.npy,ppg_wrist/H39D_w0267.npy,1.753,4.812,False,0.0,0.0,0.0
H39D_w0268,H39D,268,4991.0,5001.0,4991.0,5001.0,run,chest+empatica,chest+empatica+forearm,gel,ecg/H39D_w0268.npy,acc_chest/H39D_w0268.npy,ppg_wrist/H39D_w0268.npy,1.766,4.678,False,0.0,0.0,0.0
H39D_w0269,H39D,269,5001.0,5011.0,5001.0,5011.0,run,chest+empatica,chest+empatica+forearm,gel,ecg/H39D_w0269.npy,acc_chest/H39D_w0269.npy,ppg_wrist/H39D_w0269.npy,1.764,4.74,False,0.0,0.0,0.0
H39D_w0270,H39D,270,5011.0,5021.0,5011.0,5021.0,run,chest+empatica,chest+empatica+forearm,gel,ecg/H39D_w0270.npy,acc_chest/H39D_w0270.npy,ppg_wrist/H39D_w0270.npy,1.54,4.325,False,0.0,0.0,0.0
H39D_w0271,H39D,271,5021.0,5031.0,5021.0,5031.0,run,chest+empatica,chest+empatica+forearm,gel,ecg/H39D_w0271.npy,acc_chest/H39D_w0271.npy,ppg_wrist/H39D_w0271.npy,1.429,4.344,False,0.0,0.0,0.0
H39D_w0272,H39D,272,5031.0,5041.0,5031.0,5041.0,run,chest+empatica,chest+empatica+forearm,gel,ecg/H39D_w0272.npy,acc_chest/H39D_w0272.npy,ppg_wrist/H39D_w0272.npy,1.526,4.998,False,0.0,0.0,0.0
H39D_w0273,H39D,273,5041.0,5051.0,5041.0,5051.0,run,chest+empatica,chest+empatica+forearm,gel,ecg/H39D_w0273.npy,acc_chest/H39D_w0273.npy,ppg_wrist/H39D_w0273.npy,1.452,4.621,False,0.0,0.0,0.0
H39D_w0274,H39D,274,5051.0,5061.0,5051.0,5061.0,run,chest+empatica,chest+empatica+forearm,gel,ecg/H39D_w0274.npy,acc_chest/H39D_w0274.npy,ppg_wrist/H39D_w0274.npy,1.481,18.384,False,0.0,0.0,0.0
H39D_w0275,H39D,275,5061.0,5071.0,5061.0,5071.0,run,chest+empatica,chest+empatica+forearm,gel,ecg/H39D_w0275.npy,acc_chest/H39D_w0275.npy,ppg_wrist/H39D_w0275.npy,0.474,17.663,False,0.0,0.0,0.0
H39D_w0276,H39D,276,5071.0,5081.0,5071.0,5081.0,run,chest+empatica,chest+empatica+forearm,gel,ecg/H39D_w0276.npy,acc_chest/H39D_w0276.npy,ppg_wrist/H39D_w0276.npy,0.474,17.663,False,0.0,0.0,0.0
H39D_w0277,H39D,277,5081.0,5091.0,5081.0,5091.0,run,chest+empatica,chest+empatica+forearm,gel,ecg/H39D_w0277.npy,acc_chest/H39D_w0277.npy,ppg_wrist/H39D_w0277.npy,0.474,17.663,False,0.0,0.0,0.0
H39D_w0278,H39D,278,5091.0,5101.0,5091.0,5101.0,run,chest+empatica,chest+empatica+forearm,gel,ecg/H39D_w0278.npy,acc_chest/H39D_w0278.npy,ppg_wrist/H39D_w0278.npy,0.474,17.663,False,0.0,0.0,0.0
H39D_w0279,H39D,279,5101.0,5111.0,5101.0,5111.0,run,chest+empatica,chest+empatica+forearm,gel,ecg/H39D_w0279.npy,acc_chest/H39D_w0279.npy,ppg_wrist/H39D_w0279.npy,0.474,17.663,False,0.0,0.0,0.0
H39D_w0280,H39D,280,5111.0,5121.0,5111.0,5121.0,run,chest+empatica,chest+empatica+forearm,gel,ecg/H39D_w0280.npy,acc_chest/H39D_w0280.npy,ppg_wrist/H39D_w0280.npy,1.128,17.285,False,0.0,0.0,0.0
H39D_w0281,H39D,281,5121.0,5131.0,5121.0,5131.0,run,chest+empatica,chest+empatica+forearm,gel,ecg/H39D_w0281.npy,acc_chest/H39D_w0281.npy,ppg_wrist/H39D_w0281.npy,1.452,4.401,False,0.0,0.0,0.0
H39D_w0282,H39D,282,5131.0,5141.0,5131.0,5141.0,run,chest+empatica,chest+empatica+forearm,gel,ecg/H39D_w0282.npy,acc_chest/H39D_w0282.npy,ppg_wrist/H39D_w0282.npy,1.153,4.474,False,0.0,0.0,0.0
H39D_w0283,H39D,283,5141.0,5151.0,5141.0,5151.0,run,chest+empatica,chest+empatica+forearm,gel,ecg/H39D_w0283.npy,acc_chest/H39D_w0283.npy,ppg_wrist/H39D_w0283.npy,0.738,4.529,False,0.0,0.0,0.0
H39D_w0284,H39D,284,5151.0,5161.0,5151.0,5161.0,run,chest+empatica,chest+empatica+forearm,gel,ecg/H39D_w0284.npy,acc_chest/H39D_w0284.npy,ppg_wrist/H39D_w0284.npy,1.093,4.669,False,0.0,0.0,0.0
H39D_w0285,H39D,285,5161.0,5171.0,5161.0,5171.0,run,chest+empatica,chest+empatica+forearm,gel,ecg/H39D_w0285.npy,acc_chest/H39D_w0285.npy,ppg_wrist/H39D_w0285.npy,1.448,4.098,False,0.0,0.0,0.0
H39D_w0286,H39D,286,5171.0,5181.0,5171.0,5181.0,run,chest+empatica,chest+empatica+forearm,gel,ecg/H39D_w0286.npy,acc_chest/H39D_w0286.npy,ppg_wrist/H39D_w0286.npy,1.638,3.939,False,0.0,0.0,0.0
H39D_w0287,H39D,287,5181.0,5191.0,5181.0,5191.0,run,chest+empatica,chest+empatica+forearm,gel,ecg/H39D_w0287.npy,acc_chest/H39D_w0287.npy,ppg_wrist/H39D_w0287.npy,1.828,4.415,False,0.0,0.0,0.0
H39D_w0288,H39D,288,5191.0,5201.0,5191.0,5201.0,run,chest+empatica,chest+empatica+forearm,gel,ecg/H39D_w0288.npy,acc_chest/H39D_w0288.npy,ppg_wrist/H39D_w0288.npy,1.529,4.023,False,0.0,0.0,0.0
H39D_w0289,H39D,289,5201.0,5211.0,5201.0,5211.0,run,chest+empatica,chest+empatica+forearm,gel,ecg/H39D_w0289.npy,acc_chest/H39D_w0289.npy,ppg_wrist/H39D_w0289.npy,1.555,4.243,False,0.0,0.0,0.0
H39D_w0290,H39D,290,5211.0,5221.0,5211.0,5221.0,run,chest+empatica,chest+empatica+forearm,gel,ecg/H39D_w0290.npy,acc_chest/H39D_w0290.npy,ppg_wrist/H39D_w0290.npy,1.472,4.177,False,0.0,0.0,0.0
H39D_w0291,H39D,291,5221.0,5231.0,5221.0,5231.0,run,chest+empatica,chest+empatica+forearm,gel,ecg/H39D_w0291.npy,acc_chest/H39D_w0291.npy,ppg_wrist/H39D_w0291.npy,1.477,4.152,False,0.0,0.0,0.0
H39D_w0292,H39D,292,5231.0,5241.0,5231.0,5241.0,run,chest+empatica,chest+empatica+forearm,gel,ecg/H39D_w0292.npy,acc_chest/H39D_w0292.npy,ppg_wrist/H39D_w0292.npy,1.631,4.079,False,0.0,0.0,0.0
H39D_w0293,H39D,293,5241.0,5251.0,5241.0,5251.0,run,chest+empatica,chest+empatica+forearm,gel,ecg/H39D_w0293.npy,acc_chest/H39D_w0293.npy,ppg_wrist/H39D_w0293.npy,1.652,3.778,False,0.0,0.0,0.0
H39D_w0294,H39D,294,5251.0,5261.0,5251.0,5261.0,run,chest+empatica,chest+empatica+forearm,gel,ecg/H39D_w0294.npy,acc_chest/H39D_w0294.npy,ppg_wrist/H39D_w0294.npy,1.798,3.913,False,0.0,0.0,0.0
H39D_w0295,H39D,295,5261.0,5271.0,5261.0,5271.0,run,chest+empatica,chest+empatica+forearm,gel,ecg/H39D_w0295.npy,acc_chest/H39D_w0295.npy,ppg_wrist/H39D_w0295.npy,1.516,3.66,False,0.0,0.0,0.0
H39D_w0296,H39D,296,5271.0,5281.0,5271.0,5281.0,run,chest+empatica,chest+empatica+forearm,gel,ecg/H39D_w0296.npy,acc_chest/H39D_w0296.npy,ppg_wrist/H39D_w0296.npy,1.452,3.788,False,0.0,0.0,0.0
H39D_w0297,H39D,297,5281.0,5291.0,5281.0,5291.0,run,chest+empatica,chest+empatica+forearm,gel,ecg/H39D_w0297.npy,acc_chest/H39D_w0297.npy,ppg_wrist/H39D_w0297.npy,1.679,4.099,False,0.0,0.0,0.0
H39D_w0298,H39D,298,5291.0,5301.0,5291.0,5301.0,run,chest+empatica,chest+empatica+forearm,gel,ecg/H39D_w0298.npy,acc_chest/H39D_w0298.npy,ppg_wrist/H39D_w0298.npy,1.713,3.781,False,0.0,0.0,0.0
H39D_w0299,H39D,299,5301.0,5311.0,5301.0,5311.0,run,chest+empatica,chest+empatica+forearm,gel,ecg/H39D_w0299.npy,acc_chest/H39D_w0299.npy,ppg_wrist/H39D_w0299.npy,1.804,17.408,False,0.0,0.0,0.0
H39D_w0300,H39D,300,5311.0,5321.0,5311.0,5321.0,run,chest+empatica,chest+empatica+forearm,gel,ecg/H39D_w0300.npy,acc_chest/H39D_w0300.npy,ppg_wrist/H39D_w0300.npy,0.474,17.663,False,0.0,0.0,0.0
H39D_w0301,H39D,301,5321.0,5331.0,5321.0,5331.0,run,chest+empatica,chest+empatica+forearm,gel,ecg/H39D_w0301.npy,acc_chest/H39D_w0301.npy,ppg_wrist/H39D_w0301.npy,0.474,17.663,False,0.0,0.0,0.0
H39D_w0302,H39D,302,5331.0,5341.0,5331.0,5341.0,run,chest+empatica,chest+empatica+forearm,gel,ecg/H39D_w0302.npy,acc_chest/H39D_w0302.npy,ppg_wrist/H39D_w0302.npy,0.474,17.663,False,0.0,0.0,0.0
H39D_w0303,H39D,303,5341.0,5351.0,5341.0,5351.0,run,chest+empatica,chest+empatica+forearm,gel,ecg/H39D_w0303.npy,acc_chest/H39D_w0303.npy,ppg_wrist/H39D_w0303.npy,0.474,17.663,False,0.0,0.0,0.0
H39D_w0304,H39D,304,5351.0,5361.0,5351.0,5361.0,run,chest+empatica,chest+empatica+forearm,gel,ecg/H39D_w0304.npy,acc_chest/H39D_w0304.npy,ppg_wrist/H39D_w0304.npy,0.474,17.663,False,0.0,0.0,0.0
H39D_w0305,H39D,305,5361.0,5371.0,5361.0,5371.0,run,chest+empatica,chest+empatica+forearm,gel,ecg/H39D_w0305.npy,acc_chest/H39D_w0305.npy,ppg_wrist/H39D_w0305.npy,0.474,17.663,False,0.0,0.0,0.0
H39D_w0306,H39D,306,5371.0,5381.0,5371.0,5381.0,run,chest+empatica,chest+empatica+forearm,gel,ecg/H39D_w0306.npy,acc_chest/H39D_w0306.npy,ppg_wrist/H39D_w0306.npy,0.474,17.663,False,0.0,0.0,0.0
H39D_w0307,H39D,307,5381.0,5391.0,5381.0,5391.0,run,chest+empatica,chest+empatica+forearm,gel,ecg/H39D_w0307.npy,acc_chest/H39D_w0307.npy,ppg_wrist/H39D_w0307.npy,0.474,17.663,False,0.0,0.0,0.0
H39D_w0308,H39D,308,5391.0,5401.0,5391.0,5401.0,run,chest+empatica,chest+empatica+forearm,gel,ecg/H39D_w0308.npy,acc_chest/H39D_w0308.npy,ppg_wrist/H39D_w0308.npy,0.474,17.663,False,0.0,0.0,0.0
H39D_w0309,H39D,309,5401.0,5411.0,5401.0,5411.0,run,chest+empatica,chest+empatica+forearm,gel,ecg/H39D_w0309.npy,acc_chest/H39D_w0309.npy,ppg_wrist/H39D_w0309.npy,0.474,17.663,False,0.0,0.0,0.0
H39D_w0310,H39D,310,5411.0,5421.0,5411.0,5421.0,run,chest+empatica,chest+empatica+forearm,gel,ecg/H39D_w0310.npy,acc_chest/H39D_w0310.npy,ppg_wrist/H39D_w0310.npy,0.474,17.663,False,0.0,0.0,0.0
H39D_w0311,H39D,311,5421.0,5431.0,5421.0,5431.0,run,chest+empatica,chest+empatica+forearm,gel,ecg/H39D_w0311.npy,acc_chest/H39D_w0311.npy,ppg_wrist/H39D_w0311.npy,0.474,17.663,False,0.0,0.0,0.0
H39D_w0312,H39D,312,5431.0,5441.0,5431.0,5441.0,run,chest+empatica,chest+empatica+forearm,gel,ecg/H39D_w0312.npy,acc_chest/H39D_w0312.npy,ppg_wrist/H39D_w0312.npy,0.474,17.663,False,0.0,0.0,0.0
H39D_w0313,H39D,313,5441.0,5451.0,5441.0,5451.0,run,chest+empatica,chest+empatica+forearm,gel,ecg/H39D_w0313.npy,acc_chest/H39D_w0313.npy,ppg_wrist/H39D_w0313.npy,0.474,17.663,False,0.0,0.0,0.0
H39D_w0314,H39D,314,5451.0,5461.0,5451.0,5461.0,run,chest+empatica,chest+empatica+forearm,gel,ecg/H39D_w0314.npy,acc_chest/H39D_w0314.npy,ppg_wrist/H39D_w0314.npy,0.474,17.663,False,0.0,0.0,0.0
H39D_w0315,H39D,315,5461.0,5471.0,5461.0,5471.0,run,chest+empatica,chest+empatica+forearm,gel,ecg/H39D_w0315.npy,acc_chest/H39D_w0315.npy,ppg_wrist/H39D_w0315.npy,0.474,17.663,False,0.0,0.0,0.0
H39D_w0316,H39D,316,5471.0,5481.0,5471.0,5481.0,run,chest+empatica,chest+empatica+forearm,gel,ecg/H39D_w0316.npy,acc_chest/H39D_w0316.npy,ppg_wrist/H39D_w0316.npy,0.474,17.663,False,0.0,0.0,0.0
H39D_w0317,H39D,317,5481.0,5491.0,5481.0,5491.0,run,chest+empatica,chest+empatica+forearm,gel,ecg/H39D_w0317.npy,acc_chest/H39D_w0317.npy,ppg_wrist/H39D_w0317.npy,0.474,17.663,False,0.0,0.0,0.0
H39D_w0318,H39D,318,5491.0,5501.0,5491.0,5501.0,run,chest+empatica,chest+empatica+forearm,gel,ecg/H39D_w0318.npy,acc_chest/H39D_w0318.npy,ppg_wrist/H39D_w0318.npy,0.474,17.663,False,0.0,0.0,0.0
H39D_w0319,H39D,319,5501.0,5511.0,5501.0,5511.0,run,chest+empatica,chest+empatica+forearm,gel,ecg/H39D_w0319.npy,acc_chest/H39D_w0319.npy,ppg_wrist/H39D_w0319.npy,0.474,17.663,False,0.0,0.0,0.0
H39D_w0320,H39D,320,5511.0,5521.0,5511.0,5521.0,run,chest+empatica,chest+empatica+forearm,gel,ecg/H39D_w0320.npy,acc_chest/H39D_w0320.npy,ppg_wrist/H39D_w0320.npy,0.474,17.663,False,0.0,0.0,0.0
H39D_w0321,H39D,321,5521.0,5531.0,5521.0,5531.0,run,chest+empatica,chest+empatica+forearm,gel,ecg/H39D_w0321.npy,acc_chest/H39D_w0321.npy,ppg_wrist/H39D_w0321.npy,0.474,17.663,False,0.0,0.0,0.0
H39D_w0322,H39D,322,5531.0,5541.0,5531.0,5541.0,run,chest+empatica,chest+empatica+forearm,gel,ecg/H39D_w0322.npy,acc_chest/H39D_w0322.npy,ppg_wrist/H39D_w0322.npy,0.474,17.663,False,0.0,0.0,0.0
H39D_w0323,H39D,323,5541.0,5551.0,5541.0,5551.0,run,chest+empatica,chest+empatica+forearm,gel,ecg/H39D_w0323.npy,acc_chest/H39D_w0323.npy,ppg_wrist/H39D_w0323.npy,0.474,17.663,False,0.0,0.0,0.0
H39D_w0324,H39D,324,5551.0,5561.0,5551.0,5561.0,run,chest+empatica,chest+empatica+forearm,gel,ecg/H39D_w0324.npy,acc_chest/H39D_w0324.npy,ppg_wrist/H39D_w0324.npy,0.474,17.663,False,0.0,0.0,0.0
H39D_w0325,H39D,325,5561.0,5571.0,5561.0,5571.0,run,chest+empatica,chest+empatica+forearm,gel,ecg/H39D_w0325.npy,acc_chest/H39D_w0325.npy,ppg_wrist/H39D_w0325.npy,0.474,17.663,False,0.0,0.0,0.0
H39D_w0326,H39D,326,5571.0,5581.0,5571.0,5581.0,run,chest+empatica,chest+empatica+forearm,gel,ecg/H39D_w0326.npy,acc_chest/H39D_w0326.npy,ppg_wrist/H39D_w0326.npy,0.474,17.663,False,0.0,0.0,0.0
H39D_w0327,H39D,327,5581.0,5591.0,5581.0,5591.0,run,chest+empatica,chest+empatica+forearm,gel,ecg/H39D_w0327.npy,acc_chest/H39D_w0327.npy,ppg_wrist/H39D_w0327.npy,0.474,17.663,False,0.0,0.0,0.0
H39D_w0328,H39D,328,5591.0,5601.0,5591.0,5601.0,run,chest+empatica,chest+empatica+forearm,gel,ecg/H39D_w0328.npy,acc_chest/H39D_w0328.npy,ppg_wrist/H39D_w0328.npy,0.474,17.663,False,0.0,0.0,0.0
H39D_w0329,H39D,329,5601.0,5611.0,5601.0,5611.0,run,chest+empatica,chest+empatica+forearm,gel,ecg/H39D_w0329.npy,acc_chest/H39D_w0329.npy,ppg_wrist/H39D_w0329.npy,0.474,17.663,False,0.0,0.0,0.0
H39D_w0330,H39D,330,5611.0,5621.0,5611.0,5621.0,run,chest+empatica,chest+empatica+forearm,gel,ecg/H39D_w0330.npy,acc_chest/H39D_w0330.npy,ppg_wrist/H39D_w0330.npy,0.474,17.663,False,0.0,0.0,0.0
H39D_w0331,H39D,331,5621.0,5631.0,5621.0,5631.0,run,chest+empatica,chest+empatica+forearm,gel,ecg/H39D_w0331.npy,acc_chest/H39D_w0331.npy,ppg_wrist/H39D_w0331.npy,0.474,17.663,False,0.0,0.0,0.0
H39D_w0332,H39D,332,5631.0,5641.0,5631.0,5641.0,run,chest+empatica,chest+empatica+forearm,gel,ecg/H39D_w0332.npy,acc_chest/H39D_w0332.npy,ppg_wrist/H39D_w0332.npy,0.474,17.663,False,0.0,0.0,0.0
H39D_w0333,H39D,333,5641.0,5651.0,5641.0,5651.0,run,chest+empatica,chest+empatica+forearm,gel,ecg/H39D_w0333.npy,acc_chest/H39D_w0333.npy,ppg_wrist/H39D_w0333.npy,0.474,17.663,False,0.0,0.0,0.0
H39D_w0334,H39D,334,5651.0,5661.0,5651.0,5661.0,run,chest+empatica,chest+empatica+forearm,gel,ecg/H39D_w0334.npy,acc_chest/H39D_w0334.npy,ppg_wrist/H39D_w0334.npy,0.474,17.663,False,0.0,0.0,0.0
H39D_w0335,H39D,335,5661.0,5671.0,5661.0,5671.0,run,chest+empatica,chest+empatica+forearm,gel,ecg/H39D_w0335.npy,acc_chest/H39D_w0335.npy,ppg_wrist/H39D_w0335.npy,0.474,17.663,False,0.0,0.0,0.0
H39D_w0336,H39D,336,5671.0,5681.0,5671.0,5681.0,run,chest+empatica,chest+empatica+forearm,gel,ecg/H39D_w0336.npy,acc_chest/H39D_w0336.npy,ppg_wrist/H39D_w0336.npy,0.474,17.663,False,0.0,0.0,0.0
H39D_w0337,H39D,337,5681.0,5691.0,5681.0,5691.0,run,chest+empatica,chest+empatica+forearm,gel,ecg/H39D_w0337.npy,acc_chest/H39D_w0337.npy,ppg_wrist/H39D_w0337.npy,0.474,17.663,False,0.0,0.0,0.0
H39D_w0338,H39D,338,5691.0,5701.0,5691.0,5701.0,run,chest+empatica,chest+empatica+forearm,gel,ecg/H39D_w0338.npy,acc_chest/H39D_w0338.npy,ppg_wrist/H39D_w0338.npy,0.474,17.663,False,0.0,0.0,0.0
H39D_w0339,H39D,339,5701.0,5711.0,5701.0,5711.0,run,chest+empatica,chest+empatica+forearm,gel,ecg/H39D_w0339.npy,acc_chest/H39D_w0339.npy,ppg_wrist/H39D_w0339.npy,0.474,17.663,False,0.0,0.0,0.0
H39D_w0340,H39D,340,5711.0,5721.0,5711.0,5721.0,run,chest+empatica,chest+empatica+forearm,gel,ecg/H39D_w0340.npy,acc_chest/H39D_w0340.npy,ppg_wrist/H39D_w0340.npy,0.474,17.663,False,0.0,0.0,0.0
H39D_w0341,H39D,341,5721.0,5731.0,5721.0,5731.0,run,chest+empatica,chest+empatica+forearm,gel,ecg/H39D_w0341.npy,acc_chest/H39D_w0341.npy,ppg_wrist/H39D_w0341.npy,0.474,17.663,False,0.0,0.0,0.0
H39D_w0342,H39D,342,5731.0,5741.0,5731.0,5741.0,run,chest+empatica,chest+empatica+forearm,gel,ecg/H39D_w0342.npy,acc_chest/H39D_w0342.npy,ppg_wrist/H39D_w0342.npy,0.474,17.663,False,0.0,0.0,0.0
H39D_w0343,H39D,343,5741.0,5751.0,5741.0,5751.0,run,chest+empatica,chest+empatica+forearm,gel,ecg/H39D_w0343.npy,acc_chest/H39D_w0343.npy,ppg_wrist/H39D_w0343.npy,0.474,17.663,False,0.0,0.0,0.0
H39D_w0344,H39D,344,5751.0,5761.0,5751.0,5761.0,run,chest+empatica,chest+empatica+forearm,gel,ecg/H39D_w0344.npy,acc_chest/H39D_w0344.npy,ppg_wrist/H39D_w0344.npy,0.474,17.663,False,0.0,0.0,0.0
H39D_w0345,H39D,345,5761.0,5771.0,5761.0,5771.0,run,chest+empatica,chest+empatica+forearm,gel,ecg/H39D_w0345.npy,acc_chest/H39D_w0345.npy,ppg_wrist/H39D_w0345.npy,0.474,17.663,False,0.0,0.0,0.0
H39D_w0346,H39D,346,5771.0,5781.0,5771.0,5781.0,run,chest+empatica,chest+empatica+forearm,gel,ecg/H39D_w0346.npy,acc_chest/H39D_w0346.npy,ppg_wrist/H39D_w0346.npy,0.474,17.663,False,0.0,0.0,0.0
H39D_w0347,H39D,347,5781.0,5791.0,5781.0,5791.0,run,chest+empatica,chest+empatica+forearm,gel,ecg/H39D_w0347.npy,acc_chest/H39D_w0347.npy,ppg_wrist/H39D_w0347.npy,0.474,17.663,False,0.0,0.0,0.0
H39D_w0348,H39D,348,5791.0,5801.0,5791.0,5801.0,run,chest+empatica,chest+empatica+forearm,gel,ecg/H39D_w0348.npy,acc_chest/H39D_w0348.npy,ppg_wrist/H39D_w0348.npy,0.474,17.663,False,0.0,0.0,0.0
H39D_w0349,H39D,349,5801.0,5811.0,5801.0,5811.0,run,chest+empatica,chest+empatica+forearm,gel,ecg/H39D_w0349.npy,acc_chest/H39D_w0349.npy,ppg_wrist/H39D_w0349.npy,0.474,17.663,False,0.0,0.0,0.0
H39D_w0350,H39D,350,5811.0,5821.0,5811.0,5821.0,run,chest+empatica,chest+empatica+forearm,gel,ecg/H39D_w0350.npy,acc_chest/H39D_w0350.npy,ppg_wrist/H39D_w0350.npy,0.474,17.663,False,0.0,0.0,0.0
H39D_w0351,H39D,351,5821.0,5831.0,5821.0,5831.0,run,chest+empatica,chest+empatica+forearm,gel,ecg/H39D_w0351.npy,acc_chest/H39D_w0351.npy,ppg_wrist/H39D_w0351.npy,0.474,17.663,False,0.0,0.0,0.0
H39D_w0352,H39D,352,5831.0,5841.0,5831.0,5841.0,run,chest+empatica,chest+empatica+forearm,gel,ecg/H39D_w0352.npy,acc_chest/H39D_w0352.npy,ppg_wrist/H39D_w0352.npy,0.474,17.663,False,0.0,0.0,0.0
H39D_w0353,H39D,353,5841.0,5851.0,5841.0,5851.0,run,chest+empatica,chest+empatica+forearm,gel,ecg/H39D_w0353.npy,acc_chest/H39D_w0353.npy,ppg_wrist/H39D_w0353.npy,0.474,17.663,False,0.0,0.0,0.0
H39D_w0354,H39D,354,5851.0,5861.0,5851.0,5861.0,run,chest+empatica,chest+empatica+forearm,gel,ecg/H39D_w0354.npy,acc_chest/H39D_w0354.npy,ppg_wrist/H39D_w0354.npy,0.474,17.663,False,0.0,0.0,0.0
H39D_w0355,H39D,355,5861.0,5871.0,5861.0,5871.0,run,chest+empatica,chest+empatica+forearm,gel,ecg/H39D_w0355.npy,acc_chest/H39D_w0355.npy,ppg_wrist/H39D_w0355.npy,0.474,17.663,False,0.0,0.0,0.0
H39D_w0356,H39D,356,5871.0,5881.0,5871.0,5881.0,run,chest+empatica,chest+empatica+forearm,gel,ecg/H39D_w0356.npy,acc_chest/H39D_w0356.npy,ppg_wrist/H39D_w0356.npy,0.474,17.663,False,0.0,0.0,0.0
H39D_w0357,H39D,357,5881.0,5891.0,5881.0,5891.0,run,chest+empatica,chest+empatica+forearm,gel,ecg/H39D_w0357.npy,acc_chest/H39D_w0357.npy,ppg_wrist/H39D_w0357.npy,0.474,17.663,False,0.0,0.0,0.0
H39D_w0358,H39D,358,5891.0,5901.0,5891.0,5901.0,run,chest+empatica,chest+empatica+forearm,gel,ecg/H39D_w0358.npy,acc_chest/H39D_w0358.npy,ppg_wrist/H39D_w0358.npy,0.474,17.663,False,0.0,0.0,0.0
H39D_w0359,H39D,359,5901.0,5911.0,5901.0,5911.0,run,chest+empatica,chest+empatica+forearm,gel,ecg/H39D_w0359.npy,acc_chest/H39D_w0359.npy,ppg_wrist/H39D_w0359.npy,0.474,17.663,False,0.0,0.0,0.0
H39D_w0360,H39D,360,5911.0,5921.0,5911.0,5921.0,run,chest+empatica,chest+empatica+forearm,gel,ecg/H39D_w0360.npy,acc_chest/H39D_w0360.npy,ppg_wrist/H39D_w0360.npy,0.474,17.663,False,0.0,0.0,0.0
H39D_w0361,H39D,361,5921.0,5931.0,5921.0,5931.0,run,chest+empatica,chest+empatica+forearm,gel,ecg/H39D_w0361.npy,acc_chest/H39D_w0361.npy,ppg_wrist/H39D_w0361.npy,0.474,17.663,False,0.0,0.0,0.0
H39D_w0362,H39D,362,5931.0,5941.0,5931.0,5941.0,run,chest+empatica,chest+empatica+forearm,gel,ecg/H39D_w0362.npy,acc_chest/H39D_w0362.npy,ppg_wrist/H39D_w0362.npy,0.474,17.663,False,0.0,0.0,0.0
H39D_w0363,H39D,363,5941.0,5951.0,5941.0,5951.0,run,chest+empatica,chest+empatica+forearm,gel,ecg/H39D_w0363.npy,acc_chest/H39D_w0363.npy,ppg_wrist/H39D_w0363.npy,0.474,17.663,False,0.0,0.0,0.0
H39D_w0364,H39D,364,5951.0,5961.0,5951.0,5961.0,run,chest+empatica,chest+empatica+forearm,gel,ecg/H39D_w0364.npy,acc_chest/H39D_w0364.npy,ppg_wrist/H39D_w0364.npy,0.474,17.663,False,0.0,0.0,0.0
H39D_w0365,H39D,365,5961.0,5971.0,5961.0,5971.0,run,chest+empatica,chest+empatica+forearm,gel,ecg/H39D_w0365.npy,acc_chest/H39D_w0365.npy,ppg_wrist/H39D_w0365.npy,0.474,17.663,False,0.0,0.0,0.0
H39D_w0366,H39D,366,5971.0,5981.0,5971.0,5981.0,run,chest+empatica,chest+empatica+forearm,gel,ecg/H39D_w0366.npy,acc_chest/H39D_w0366.npy,ppg_wrist/H39D_w0366.npy,0.474,17.663,False,0.0,0.0,0.0
H39D_w0367,H39D,367,5981.0,5991.0,5981.0,5991.0,run,chest+empatica,chest+empatica+forearm,gel,ecg/H39D_w0367.npy,acc_chest/H39D_w0367.npy,ppg_wrist/H39D_w0367.npy,0.474,17.663,False,0.0,0.0,0.0
H39D_w0368,H39D,368,5991.0,6001.0,5991.0,6001.0,run,chest+empatica,chest+empatica+forearm,gel,ecg/H39D_w0368.npy,acc_chest/H39D_w0368.npy,ppg_wrist/H39D_w0368.npy,0.474,17.663,False,0.0,0.0,0.0
H39D_w0369,H39D,369,6001.0,6011.0,6001.0,6011.0,run,chest+empatica,chest+empatica+forearm,gel,ecg/H39D_w0369.npy,acc_chest/H39D_w0369.npy,ppg_wrist/H39D_w0369.npy,0.474,17.663,False,0.0,0.0,0.0
H39D_w0370,H39D,370,6011.0,6021.0,6011.0,6021.0,run,chest+empatica,chest+empatica+forearm,gel,ecg/H39D_w0370.npy,acc_chest/H39D_w0370.npy,ppg_wrist/H39D_w0370.npy,0.474,17.663,False,0.0,0.0,0.0
H39D_w0371,H39D,371,6021.0,6031.0,6021.0,6031.0,run,chest+empatica,chest+empatica+forearm,gel,ecg/H39D_w0371.npy,acc_chest/H39D_w0371.npy,ppg_wrist/H39D_w0371.npy,0.474,17.663,False,0.0,0.0,0.0
H39D_w0372,H39D,372,6031.0,6041.0,6031.0,6041.0,run,chest+empatica,chest+empatica+forearm,gel,ecg/H39D_w0372.npy,acc_chest/H39D_w0372.npy,ppg_wrist/H39D_w0372.npy,0.474,17.663,False,0.0,0.0,0.0
H39D_w0373,H39D,373,6041.0,6051.0,6041.0,6051.0,run,chest+empatica,chest+empatica+forearm,gel,ecg/H39D_w0373.npy,acc_chest/H39D_w0373.npy,ppg_wrist/H39D_w0373.npy,0.474,17.663,False,0.0,0.0,0.0
H39D_w0374,H39D,374,6051.0,6061.0,6051.0,6061.0,run,chest+empatica,chest+empatica+forearm,gel,ecg/H39D_w0374.npy,acc_chest/H39D_w0374.npy,ppg_wrist/H39D_w0374.npy,0.474,17.663,False,0.0,0.0,0.0
H39D_w0375,H39D,375,6061.0,6071.0,6061.0,6071.0,run,chest+empatica,chest+empatica+forearm,gel,ecg/H39D_w0375.npy,acc_chest/H39D_w0375.npy,ppg_wrist/H39D_w0375.npy,0.474,17.663,False,0.0,0.0,0.0
H39D_w0376,H39D,376,6071.0,6081.0,6071.0,6081.0,run,chest+empatica,chest+empatica+forearm,gel,ecg/H39D_w0376.npy,acc_chest/H39D_w0376.npy,ppg_wrist/H39D_w0376.npy,0.474,17.663,False,0.0,0.0,0.0
H39D_w0377,H39D,377,6081.0,6091.0,6081.0,6091.0,run,chest+empatica,chest+empatica+forearm,gel,ecg/H39D_w0377.npy,acc_chest/H39D_w0377.npy,ppg_wrist/H39D_w0377.npy,0.474,17.663,False,0.0,0.0,0.0
H39D_w0378,H39D,378,6091.0,6101.0,6091.0,6101.0,run,chest+empatica,chest+empatica+forearm,gel,ecg/H39D_w0378.npy,acc_chest/H39D_w0378.npy,ppg_wrist/H39D_w0378.npy,0.474,17.663,False,0.0,0.0,0.0
H39D_w0379,H39D,379,6101.0,6111.0,6101.0,6111.0,run,chest+empatica,chest+empatica+forearm,gel,ecg/H39D_w0379.npy,acc_chest/H39D_w0379.npy,ppg_wrist/H39D_w0379.npy,0.474,17.663,False,0.0,0.0,0.0
H39D_w0380,H39D,380,6111.0,6121.0,6111.0,6121.0,run,chest+empatica,chest+empatica+forearm,gel,ecg/H39D_w0380.npy,acc_chest/H39D_w0380.npy,ppg_wrist/H39D_w0380.npy,0.474,17.663,False,0.0,0.0,0.0
H39D_w0381,H39D,381,6121.0,6131.0,6121.0,6131.0,run,chest+empatica,chest+empatica+forearm,gel,ecg/H39D_w0381.npy,acc_chest/H39D_w0381.npy,ppg_wrist/H39D_w0381.npy,0.474,17.663,False,0.0,0.0,0.0
H39D_w0382,H39D,382,6131.0,6141.0,6131.0,6141.0,run,chest+empatica,chest+empatica+forearm,gel,ecg/H39D_w0382.npy,acc_chest/H39D_w0382.npy,ppg_wrist/H39D_w0382.npy,0.474,17.663,False,0.0,0.0,0.0
H39D_w0383,H39D,383,6141.0,6151.0,6141.0,6151.0,run,chest+empatica,chest+empatica+forearm,gel,ecg/H39D_w0383.npy,acc_chest/H39D_w0383.npy,ppg_wrist/H39D_w0383.npy,0.474,17.663,False,0.0,0.0,0.0
H39D_w0384,H39D,384,6151.0,6161.0,6151.0,6161.0,run,chest+empatica,chest+empatica+forearm,gel,ecg/H39D_w0384.npy,acc_chest/H39D_w0384.npy,ppg_wrist/H39D_w0384.npy,0.474,17.663,False,0.0,0.0,0.0
H39D_w0385,H39D,385,6161.0,6171.0,6161.0,6171.0,run,chest+empatica,chest+empatica+forearm,gel,ecg/H39D_w0385.npy,acc_chest/H39D_w0385.npy,ppg_wrist/H39D_w0385.npy,0.474,17.663,False,0.0,0.0,0.0
H39D_w0386,H39D,386,6171.0,6181.0,6171.0,6181.0,run,chest+empatica,chest+empatica+forearm,gel,ecg/H39D_w0386.npy,acc_chest/H39D_w0386.npy,ppg_wrist/H39D_w0386.npy,0.474,17.663,False,0.0,0.0,0.0
H39D_w0387,H39D,387,6181.0,6191.0,6181.0,6191.0,run,chest+empatica,chest+empatica+forearm,gel,ecg/H39D_w0387.npy,acc_chest/H39D_w0387.npy,ppg_wrist/H39D_w0387.npy,0.474,17.663,False,0.0,0.0,0.0
H39D_w0388,H39D,388,6191.0,6201.0,6191.0,6201.0,run,chest+empatica,chest+empatica+forearm,gel,ecg/H39D_w0388.npy,acc_chest/H39D_w0388.npy,ppg_wrist/H39D_w0388.npy,0.474,17.663,False,0.0,0.0,0.0
H39D_w0389,H39D,389,6201.0,6211.0,6201.0,6211.0,run,chest+empatica,chest+empatica+forearm,gel,ecg/H39D_w0389.npy,acc_chest/H39D_w0389.npy,ppg_wrist/H39D_w0389.npy,0.474,17.663,False,0.0,0.0,0.0
H39D_w0390,H39D,390,6211.0,6221.0,6211.0,6221.0,run,chest+empatica,chest+empatica+forearm,gel,ecg/H39D_w0390.npy,acc_chest/H39D_w0390.npy,ppg_wrist/H39D_w0390.npy,0.474,17.663,False,0.0,0.0,0.0
H39D_w0391,H39D,391,6221.0,6231.0,6221.0,6231.0,run,chest+empatica,chest+empatica+forearm,gel,ecg/H39D_w0391.npy,acc_chest/H39D_w0391.npy,ppg_wrist/H39D_w0391.npy,0.474,17.663,False,0.0,0.0,0.0
H39D_w0392,H39D,392,6231.0,6241.0,6231.0,6241.0,run,chest+empatica,chest+empatica+forearm,gel,ecg/H39D_w0392.npy,acc_chest/H39D_w0392.npy,ppg_wrist/H39D_w0392.npy,0.474,17.663,False,0.0,0.0,0.0
H39D_w0393,H39D,393,6241.0,6251.0,6241.0,6251.0,run,chest+empatica,chest+empatica+forearm,gel,ecg/H39D_w0393.npy,acc_chest/H39D_w0393.npy,ppg_wrist/H39D_w0393.npy,0.474,17.663,False,0.0,0.0,0.0
H39D_w0394,H39D,394,6251.0,6261.0,6251.0,6261.0,run,chest+empatica,chest+empatica+forearm,gel,ecg/H39D_w0394.npy,acc_chest/H39D_w0394.npy,ppg_wrist/H39D_w0394.npy,0.474,17.663,False,0.0,0.0,0.0
H39D_w0395,H39D,395,6261.0,6271.0,6261.0,6271.0,run,chest+empatica,chest+empatica+forearm,gel,ecg/H39D_w0395.npy,acc_chest/H39D_w0395.npy,ppg_wrist/H39D_w0395.npy,0.474,17.663,False,0.0,0.0,0.0
H39D_w0396,H39D,396,6271.0,6281.0,6271.0,6281.0,run,chest+empatica,chest+empatica+forearm,gel,ecg/H39D_w0396.npy,acc_chest/H39D_w0396.npy,ppg_wrist/H39D_w0396.npy,0.474,17.663,False,0.0,0.0,0.0
H39D_w0397,H39D,397,6281.0,6291.0,6281.0,6291.0,run,chest+empatica,chest+empatica+forearm,gel,ecg/H39D_w0397.npy,acc_chest/H39D_w0397.npy,ppg_wrist/H39D_w0397.npy,0.474,17.663,False,0.0,0.0,0.0
H39D_w0398,H39D,398,6291.0,6301.0,6291.0,6301.0,run,chest+empatica,chest+empatica+forearm,gel,ecg/H39D_w0398.npy,acc_chest/H39D_w0398.npy,ppg_wrist/H39D_w0398.npy,0.474,17.663,False,0.0,0.0,0.0
H39D_w0399,H39D,399,6301.0,6311.0,6301.0,6311.0,run,chest+empatica,chest+empatica+forearm,gel,ecg/H39D_w0399.npy,acc_chest/H39D_w0399.npy,ppg_wrist/H39D_w0399.npy,0.474,17.663,False,0.0,0.0,0.0
H39D_w0400,H39D,400,6311.0,6321.0,6311.0,6321.0,run,chest+empatica,chest+empatica+forearm,gel,ecg/H39D_w0400.npy,acc_chest/H39D_w0400.npy,ppg_wrist/H39D_w0400.npy,0.474,17.663,False,0.0,0.0,0.0
H39D_w0401,H39D,401,6321.0,6331.0,6321.0,6331.0,run,chest+empatica,chest+empatica+forearm,gel,ecg/H39D_w0401.npy,acc_chest/H39D_w0401.npy,ppg_wrist/H39D_w0401.npy,0.474,17.663,False,0.0,0.0,0.0
H39D_w0402,H39D,402,6331.0,6341.0,6331.0,6341.0,run,chest+empatica,chest+empatica+forearm,gel,ecg/H39D_w0402.npy,acc_chest/H39D_w0402.npy,ppg_wrist/H39D_w0402.npy,0.474,17.663,False,0.0,0.0,0.0
H39D_w0403,H39D,403,6341.0,6351.0,6341.0,6351.0,run,chest+empatica,chest+empatica+forearm,gel,ecg/H39D_w0403.npy,acc_chest/H39D_w0403.npy,ppg_wrist/H39D_w0403.npy,0.474,17.663,False,0.0,0.0,0.0
H39D_w0404,H39D,404,6351.0,6361.0,6351.0,6361.0,run,chest+empatica,chest+empatica+forearm,gel,ecg/H39D_w0404.npy,acc_chest/H39D_w0404.npy,ppg_wrist/H39D_w0404.npy,0.474,17.663,False,0.0,0.0,0.0
H39D_w0405,H39D,405,6361.0,6371.0,6361.0,6371.0,run,chest+empatica,chest+empatica+forearm,gel,ecg/H39D_w0405.npy,acc_chest/H39D_w0405.npy,ppg_wrist/H39D_w0405.npy,0.474,17.663,False,0.0,0.0,0.0
H39D_w0406,H39D,406,6371.0,6381.0,6371.0,6381.0,run,chest+empatica,chest+empatica+forearm,gel,ecg/H39D_w0406.npy,acc_chest/H39D_w0406.npy,ppg_wrist/H39D_w0406.npy,0.474,17.663,False,0.0,0.0,0.0
H39D_w0407,H39D,407,6381.0,6391.0,6381.0,6391.0,run,chest+empatica,chest+empatica+forearm,gel,ecg/H39D_w0407.npy,acc_chest/H39D_w0407.npy,ppg_wrist/H39D_w0407.npy,0.474,17.663,False,0.0,0.0,0.0
H39D_w0408,H39D,408,6391.0,6401.0,6391.0,6401.0,run,chest+empatica,chest+empatica+forearm,gel,ecg/H39D_w0408.npy,acc_chest/H39D_w0408.npy,ppg_wrist/H39D_w0408.npy,0.474,17.663,False,0.0,0.0,0.0
H39D_w0409,H39D,409,6401.0,6411.0,6401.0,6411.0,run,chest+empatica,chest+empatica+forearm,gel,ecg/H39D_w0409.npy,acc_chest/H39D_w0409.npy,ppg_wrist/H39D_w0409.npy,0.474,17.663,False,0.0,0.0,0.0
H39D_w0410,H39D,410,6411.0,6421.0,6411.0,6421.0,run,chest+empatica,chest+empatica+forearm,gel,ecg/H39D_w0410.npy,acc_chest/H39D_w0410.npy,ppg_wrist/H39D_w0410.npy,0.474,17.663,False,0.0,0.0,0.0
H39D_w0411,H39D,411,6421.0,6431.0,6421.0,6431.0,run,chest+empatica,chest+empatica+forearm,gel,ecg/H39D_w0411.npy,acc_chest/H39D_w0411.npy,ppg_wrist/H39D_w0411.npy,0.474,17.663,False,0.0,0.0,0.0
H39D_w0412,H39D,412,6431.0,6441.0,6431.0,6441.0,run,chest+empatica,chest+empatica+forearm,gel,ecg/H39D_w0412.npy,acc_chest/H39D_w0412.npy,ppg_wrist/H39D_w0412.npy,0.474,17.663,False,0.0,0.0,0.0
H39D_w0413,H39D,413,6441.0,6451.0,6441.0,6451.0,run,chest+empatica,chest+empatica+forearm,gel,ecg/H39D_w0413.npy,acc_chest/H39D_w0413.npy,ppg_wrist/H39D_w0413.npy,0.474,17.663,False,0.0,0.0,0.0
H39D_w0414,H39D,414,6451.0,6461.0,6451.0,6461.0,run,chest+empatica,chest+empatica+forearm,gel,ecg/H39D_w0414.npy,acc_chest/H39D_w0414.npy,ppg_wrist/H39D_w0414.npy,0.474,17.663,False,0.0,0.0,0.0
H39D_w0415,H39D,415,6461.0,6471.0,6461.0,6471.0,run,chest+empatica,chest+empatica+forearm,gel,ecg/H39D_w0415.npy,acc_chest/H39D_w0415.npy,ppg_wrist/H39D_w0415.npy,0.474,17.663,False,0.0,0.0,0.0
H39D_w0416,H39D,416,6471.0,6481.0,6471.0,6481.0,run,chest+empatica,chest+empatica+forearm,gel,ecg/H39D_w0416.npy,acc_chest/H39D_w0416.npy,ppg_wrist/H39D_w0416.npy,0.474,17.663,False,0.0,0.0,0.0
H39D_w0417,H39D,417,6481.0,6491.0,6481.0,6491.0,run,chest+empatica,chest+empatica+forearm,gel,ecg/H39D_w0417.npy,acc_chest/H39D_w0417.npy,ppg_wrist/H39D_w0417.npy,0.965,18.998,False,0.0,0.0,0.0
H39D_w0418,H39D,418,6491.0,6501.0,6491.0,6501.0,run,chest+empatica,chest+empatica+forearm,gel,ecg/H39D_w0418.npy,acc_chest/H39D_w0418.npy,ppg_wrist/H39D_w0418.npy,1.66,4.476,False,0.0,0.0,0.0
H39D_w0419,H39D,419,6501.0,6511.0,6501.0,6511.0,run,chest+empatica,chest+empatica+forearm,gel,ecg/H39D_w0419.npy,acc_chest/H39D_w0419.npy,ppg_wrist/H39D_w0419.npy,2.829,18.227,False,0.0,0.0,0.0
H39D_w0420,H39D,420,6511.0,6521.0,6511.0,6521.0,run,chest+empatica,chest+empatica+forearm,gel,ecg/H39D_w0420.npy,acc_chest/H39D_w0420.npy,ppg_wrist/H39D_w0420.npy,2.885,4.553,False,0.0,0.0,0.0
H39D_w0421,H39D,421,6521.0,6531.0,6521.0,6531.0,run,chest+empatica,chest+empatica+forearm,gel,ecg/H39D_w0421.npy,acc_chest/H39D_w0421.npy,ppg_wrist/H39D_w0421.npy,3.49,5.111,False,0.0,0.0,0.0
H39D_w0422,H39D,422,6531.0,6541.0,6531.0,6541.0,run,chest+empatica,chest+empatica+forearm,gel,ecg/H39D_w0422.npy,acc_chest/H39D_w0422.npy,ppg_wrist/H39D_w0422.npy,5.259,6.356,False,0.0,0.0,0.0
H39D_w0423,H39D,423,6541.0,6551.0,6541.0,6551.0,run,chest+empatica,chest+empatica+forearm,gel,ecg/H39D_w0423.npy,acc_chest/H39D_w0423.npy,ppg_wrist/H39D_w0423.npy,2.786,5.605,False,0.0,0.0,0.0
H39D_w0424,H39D,424,6551.0,6561.0,6551.0,6561.0,run,chest+empatica,chest+empatica+forearm,gel,ecg/H39D_w0424.npy,acc_chest/H39D_w0424.npy,ppg_wrist/H39D_w0424.npy,2.536,4.776,False,0.0,0.0,0.0
H39D_w0425,H39D,425,6561.0,6571.0,6561.0,6571.0,run,chest+empatica,chest+empatica+forearm,gel,ecg/H39D_w0425.npy,acc_chest/H39D_w0425.npy,ppg_wrist/H39D_w0425.npy,2.849,4.704,False,0.0,0.0,0.0
H39D_w0426,H39D,426,6571.0,6581.0,6571.0,6581.0,run,chest+empatica,chest+empatica+forearm,gel,ecg/H39D_w0426.npy,acc_chest/H39D_w0426.npy,ppg_wrist/H39D_w0426.npy,6.193,10.255,False,0.0,0.0,0.0
H39D_w0427,H39D,427,6581.0,6591.0,6581.0,6591.0,run,chest+empatica,chest+empatica+forearm,gel,ecg/H39D_w0427.npy,acc_chest/H39D_w0427.npy,ppg_wrist/H39D_w0427.npy,18.971,18.393,False,0.0,0.0,0.0
H39D_w0428,H39D,428,6591.0,6601.0,6591.0,6601.0,run,chest+empatica,chest+empatica+forearm,gel,ecg/H39D_w0428.npy,acc_chest/H39D_w0428.npy,ppg_wrist/H39D_w0428.npy,23.131,23.739,False,0.0,0.0,0.0
H39D_w0429,H39D,429,6601.0,6611.0,6601.0,6611.0,run,chest+empatica,chest+empatica+forearm,gel,ecg/H39D_w0429.npy,acc_chest/H39D_w0429.npy,ppg_wrist/H39D_w0429.npy,18.489,21.24,False,0.0,0.0,0.0
H39D_w0430,H39D,430,6611.0,6621.0,6611.0,6621.0,run,chest+empatica,chest+empatica+forearm,gel,ecg/H39D_w0430.npy,acc_chest/H39D_w0430.npy,ppg_wrist/H39D_w0430.npy,9.121,10.728,False,0.0,0.0,0.0
H39D_w0431,H39D,431,6621.0,6631.0,6621.0,6631.0,run,chest+empatica,chest+empatica+forearm,gel,ecg/H39D_w0431.npy,acc_chest/H39D_w0431.npy,ppg_wrist/H39D_w0431.npy,11.903,12.726,False,0.0,0.0,0.0
H39D_w0432,H39D,432,6631.0,6641.0,6631.0,6641.0,run,chest+empatica,chest+empatica+forearm,gel,ecg/H39D_w0432.npy,acc_chest/H39D_w0432.npy,ppg_wrist/H39D_w0432.npy,14.705,14.064,False,0.0,0.0,0.0
H39D_w0433,H39D,433,6641.0,6651.0,6641.0,6651.0,run,chest+empatica,chest+empatica+forearm,gel,ecg/H39D_w0433.npy,acc_chest/H39D_w0433.npy,ppg_wrist/H39D_w0433.npy,12.169,12.483,False,0.0,0.0,0.0
H39D_w0434,H39D,434,6651.0,6661.0,6651.0,6661.0,run,chest+empatica,chest+empatica+forearm,gel,ecg/H39D_w0434.npy,acc_chest/H39D_w0434.npy,ppg_wrist/H39D_w0434.npy,9.326,9.473,False,0.0,0.0,0.0
H39D_w0435,H39D,435,6661.0,6671.0,6661.0,6671.0,run,chest+empatica,chest+empatica+forearm,gel,ecg/H39D_w0435.npy,acc_chest/H39D_w0435.npy,ppg_wrist/H39D_w0435.npy,9.481,9.939,False,0.0,0.0,0.0
H39D_w0436,H39D,436,6671.0,6681.0,6671.0,6681.0,run,chest+empatica,chest+empatica+forearm,gel,ecg/H39D_w0436.npy,acc_chest/H39D_w0436.npy,ppg_wrist/H39D_w0436.npy,8.539,8.557,False,0.0,0.0,0.0
H39D_w0437,H39D,437,6681.0,6691.0,6681.0,6691.0,run,chest+empatica,chest+empatica+forearm,gel,ecg/H39D_w0437.npy,acc_chest/H39D_w0437.npy,ppg_wrist/H39D_w0437.npy,6.652,7.989,False,0.0,0.0,0.0
H39D_w0438,H39D,438,6691.0,6701.0,6691.0,6701.0,run,chest+empatica,chest+empatica+forearm,gel,ecg/H39D_w0438.npy,acc_chest/H39D_w0438.npy,ppg_wrist/H39D_w0438.npy,4.339,6.428,False,0.0,0.0,0.0
H39D_w0439,H39D,439,6701.0,6711.0,6701.0,6711.0,run,chest+empatica,chest+empatica+forearm,gel,ecg/H39D_w0439.npy,acc_chest/H39D_w0439.npy,ppg_wrist/H39D_w0439.npy,7.386,8.532,False,0.0,0.0,0.0
H39D_w0440,H39D,440,6711.0,6721.0,6711.0,6721.0,run,chest+empatica,chest+empatica+forearm,gel,ecg/H39D_w0440.npy,acc_chest/H39D_w0440.npy,ppg_wrist/H39D_w0440.npy,2.964,5.361,False,0.0,0.0,0.0
H39D_w0441,H39D,441,6721.0,6731.0,6721.0,6731.0,run,chest+empatica,chest+empatica+forearm,gel,ecg/H39D_w0441.npy,acc_chest/H39D_w0441.npy,ppg_wrist/H39D_w0441.npy,2.55,4.948,False,0.0,0.0,0.0
H39D_w0442,H39D,442,6731.0,6741.0,6731.0,6741.0,run,chest+empatica,chest+empatica+forearm,gel,ecg/H39D_w0442.npy,acc_chest/H39D_w0442.npy,ppg_wrist/H39D_w0442.npy,3.071,5.365,False,0.0,0.0,0.0
H39D_w0443,H39D,443,6741.0,6751.0,6741.0,6751.0,run,chest+empatica,chest+empatica+forearm,gel,ecg/H39D_w0443.npy,acc_chest/H39D_w0443.npy,ppg_wrist/H39D_w0443.npy,2.87,5.096,False,0.0,0.0,0.0
H39D_w0444,H39D,444,6751.0,6761.0,6751.0,6761.0,run,chest+empatica,chest+empatica+forearm,gel,ecg/H39D_w0444.npy,acc_chest/H39D_w0444.npy,ppg_wrist/H39D_w0444.npy,2.762,4.481,False,0.0,0.0,0.0
H39D_w0445,H39D,445,6761.0,6771.0,6761.0,6771.0,run,chest+empatica,chest+empatica+forearm,gel,ecg/H39D_w0445.npy,acc_chest/H39D_w0445.npy,ppg_wrist/H39D_w0445.npy,3.338,5.2,False,0.0,0.0,0.0
H39D_w0446,H39D,446,6771.0,6781.0,6771.0,6781.0,run,chest+empatica,chest+empatica+forearm,gel,ecg/H39D_w0446.npy,acc_chest/H39D_w0446.npy,ppg_wrist/H39D_w0446.npy,3.452,5.386,False,0.0,0.0,0.0
H39D_w0447,H39D,447,6781.0,6791.0,6781.0,6791.0,run,chest+empatica,chest+empatica+forearm,gel,ecg/H39D_w0447.npy,acc_chest/H39D_w0447.npy,ppg_wrist/H39D_w0447.npy,4.043,5.598,False,0.0,0.0,0.0
H39D_w0448,H39D,448,6791.0,6801.0,6791.0,6801.0,run,chest+empatica,chest+empatica+forearm,gel,ecg/H39D_w0448.npy,acc_chest/H39D_w0448.npy,ppg_wrist/H39D_w0448.npy,3.112,5.035,False,0.0,0.0,0.0
H39D_w0449,H39D,449,6801.0,6811.0,6801.0,6811.0,run,chest+empatica,chest+empatica+forearm,gel,ecg/H39D_w0449.npy,acc_chest/H39D_w0449.npy,ppg_wrist/H39D_w0449.npy,2.652,4.815,False,0.0,0.0,0.0
H39D_w0450,H39D,450,6811.0,6821.0,6811.0,6821.0,run,chest+empatica,chest+empatica+forearm,gel,ecg/H39D_w0450.npy,acc_chest/H39D_w0450.npy,ppg_wrist/H39D_w0450.npy,3.042,5.154,False,0.0,0.0,0.0
H39D_w0451,H39D,451,6821.0,6831.0,6821.0,6831.0,run,chest+empatica,chest+empatica+forearm,gel,ecg/H39D_w0451.npy,acc_chest/H39D_w0451.npy,ppg_wrist/H39D_w0451.npy,5.119,6.412,False,0.0,0.0,0.0
H39D_w0452,H39D,452,6831.0,6841.0,6831.0,6841.0,run,chest+empatica,chest+empatica+forearm,gel,ecg/H39D_w0452.npy,acc_chest/H39D_w0452.npy,ppg_wrist/H39D_w0452.npy,4.843,6.521,False,0.0,0.0,0.0
H39D_w0453,H39D,453,6841.0,6851.0,6841.0,6851.0,run,chest+empatica,chest+empatica+forearm,gel,ecg/H39D_w0453.npy,acc_chest/H39D_w0453.npy,ppg_wrist/H39D_w0453.npy,3.041,4.857,False,0.0,0.0,0.0
H39D_w0454,H39D,454,6851.0,6861.0,6851.0,6861.0,run,chest+empatica,chest+empatica+forearm,gel,ecg/H39D_w0454.npy,acc_chest/H39D_w0454.npy,ppg_wrist/H39D_w0454.npy,2.503,5.436,False,0.0,0.0,0.0
H39D_w0455,H39D,455,6861.0,6871.0,6861.0,6871.0,run,chest+empatica,chest+empatica+forearm,gel,ecg/H39D_w0455.npy,acc_chest/H39D_w0455.npy,ppg_wrist/H39D_w0455.npy,2.699,5.079,False,0.0,0.0,0.0
H39D_w0456,H39D,456,6871.0,6881.0,6871.0,6881.0,run,chest+empatica,chest+empatica+forearm,gel,ecg/H39D_w0456.npy,acc_chest/H39D_w0456.npy,ppg_wrist/H39D_w0456.npy,2.513,4.997,False,0.0,0.0,0.0
H39D_w0457,H39D,457,6881.0,6891.0,6881.0,6891.0,run,chest+empatica,chest+empatica+forearm,gel,ecg/H39D_w0457.npy,acc_chest/H39D_w0457.npy,ppg_wrist/H39D_w0457.npy,2.299,4.786,False,0.0,0.0,0.0
H39D_w0458,H39D,458,6891.0,6901.0,6891.0,6901.0,run,chest+empatica,chest+empatica+forearm,gel,ecg/H39D_w0458.npy,acc_chest/H39D_w0458.npy,ppg_wrist/H39D_w0458.npy,1.772,4.625,False,0.0,0.0,0.0
H39D_w0459,H39D,459,6901.0,6911.0,6901.0,6911.0,run,chest+empatica,chest+empatica+forearm,gel,ecg/H39D_w0459.npy,acc_chest/H39D_w0459.npy,ppg_wrist/H39D_w0459.npy,1.76,4.503,False,0.0,0.0,0.0
H39D_w0460,H39D,460,6911.0,6921.0,6911.0,6921.0,run,chest+empatica,chest+empatica+forearm,gel,ecg/H39D_w0460.npy,acc_chest/H39D_w0460.npy,ppg_wrist/H39D_w0460.npy,1.841,5.044,False,0.0,0.0,0.0
H39D_w0461,H39D,461,6921.0,6931.0,6921.0,6931.0,run,chest+empatica,chest+empatica+forearm,gel,ecg/H39D_w0461.npy,acc_chest/H39D_w0461.npy,ppg_wrist/H39D_w0461.npy,2.014,5.372,False,0.0,0.0,0.0
H39D_w0462,H39D,462,6931.0,6941.0,6931.0,6941.0,run,chest+empatica,chest+empatica+forearm,gel,ecg/H39D_w0462.npy,acc_chest/H39D_w0462.npy,ppg_wrist/H39D_w0462.npy,1.971,4.824,False,0.0,0.0,0.0
H39D_w0463,H39D,463,6941.0,6951.0,6941.0,6951.0,run,chest+empatica,chest+empatica+forearm,gel,ecg/H39D_w0463.npy,acc_chest/H39D_w0463.npy,ppg_wrist/H39D_w0463.npy,2.259,5.157,False,0.0,0.0,0.0
H39D_w0464,H39D,464,6951.0,6961.0,6951.0,6961.0,run,chest+empatica,chest+empatica+forearm,gel,ecg/H39D_w0464.npy,acc_chest/H39D_w0464.npy,ppg_wrist/H39D_w0464.npy,2.899,5.763,False,0.0,0.0,0.0
H39D_w0465,H39D,465,6961.0,6971.0,6961.0,6971.0,run,chest+empatica,chest+empatica+forearm,gel,ecg/H39D_w0465.npy,acc_chest/H39D_w0465.npy,ppg_wrist/H39D_w0465.npy,4.471,5.658,False,0.0,0.0,0.0
H39D_w0466,H39D,466,6971.0,6981.0,6971.0,6981.0,run,chest+empatica,chest+empatica+forearm,gel,ecg/H39D_w0466.npy,acc_chest/H39D_w0466.npy,ppg_wrist/H39D_w0466.npy,3.973,5.699,False,0.0,0.0,0.0
H39D_w0467,H39D,467,6981.0,6991.0,6981.0,6991.0,run,chest+empatica,chest+empatica+forearm,gel,ecg/H39D_w0467.npy,acc_chest/H39D_w0467.npy,ppg_wrist/H39D_w0467.npy,2.221,5.311,False,0.0,0.0,0.0
H39D_w0468,H39D,468,6991.0,7001.0,6991.0,7001.0,run,chest+empatica,chest+empatica+forearm,gel,ecg/H39D_w0468.npy,acc_chest/H39D_w0468.npy,ppg_wrist/H39D_w0468.npy,2.208,5.286,False,0.0,0.0,0.0
H39D_w0469,H39D,469,7001.0,7011.0,7001.0,7011.0,run,chest+empatica,chest+empatica+forearm,gel,ecg/H39D_w0469.npy,acc_chest/H39D_w0469.npy,ppg_wrist/H39D_w0469.npy,2.722,6.109,False,0.0,0.0,0.0
H39D_w0470,H39D,470,7011.0,7021.0,7011.0,7021.0,run,chest+empatica,chest+empatica+forearm,gel,ecg/H39D_w0470.npy,acc_chest/H39D_w0470.npy,ppg_wrist/H39D_w0470.npy,3.13,6.812,False,0.0,0.0,0.0
H39D_w0471,H39D,471,7021.0,7031.0,7021.0,7031.0,run,chest+empatica,chest+empatica+forearm,gel,ecg/H39D_w0471.npy,acc_chest/H39D_w0471.npy,ppg_wrist/H39D_w0471.npy,2.354,5.777,False,0.0,0.0,0.0
H39D_w0472,H39D,472,7031.0,7041.0,7031.0,7041.0,run,chest+empatica,chest+empatica+forearm,gel,ecg/H39D_w0472.npy,acc_chest/H39D_w0472.npy,ppg_wrist/H39D_w0472.npy,2.585,5.547,False,0.0,0.0,0.0
H39D_w0473,H39D,473,7041.0,7051.0,7041.0,7051.0,run,chest+empatica,chest+empatica+forearm,gel,ecg/H39D_w0473.npy,acc_chest/H39D_w0473.npy,ppg_wrist/H39D_w0473.npy,2.569,18.44,False,0.0,0.0,0.0
H39D_w0474,H39D,474,7051.0,7061.0,7051.0,7061.0,run,chest+empatica,chest+empatica+forearm,gel,ecg/H39D_w0474.npy,acc_chest/H39D_w0474.npy,ppg_wrist/H39D_w0474.npy,1.717,4.393,False,0.0,0.0,0.0
H39D_w0475,H39D,475,7061.0,7071.0,7061.0,7071.0,run,chest+empatica,chest+empatica+forearm,gel,ecg/H39D_w0475.npy,acc_chest/H39D_w0475.npy,ppg_wrist/H39D_w0475.npy,2.15,4.574,False,0.0,0.0,0.0
H39D_w0476,H39D,476,7071.0,7081.0,7071.0,7081.0,run,chest+empatica,chest+empatica+forearm,gel,ecg/H39D_w0476.npy,acc_chest/H39D_w0476.npy,ppg_wrist/H39D_w0476.npy,1.943,4.725,False,0.0,0.0,0.0
H39D_w0477,H39D,477,7081.0,7091.0,7081.0,7091.0,run,chest+empatica,chest+empatica+forearm,gel,ecg/H39D_w0477.npy,acc_chest/H39D_w0477.npy,ppg_wrist/H39D_w0477.npy,1.864,4.678,False,0.0,0.0,0.0
H39D_w0478,H39D,478,7091.0,7101.0,7091.0,7101.0,run,chest+empatica,chest+empatica+forearm,gel,ecg/H39D_w0478.npy,acc_chest/H39D_w0478.npy,ppg_wrist/H39D_w0478.npy,1.66,4.668,False,0.0,0.0,0.0
H39D_w0479,H39D,479,7101.0,7111.0,7101.0,7111.0,run,chest+empatica,chest+empatica+forearm,gel,ecg/H39D_w0479.npy,acc_chest/H39D_w0479.npy,ppg_wrist/H39D_w0479.npy,1.971,4.715,False,0.0,0.0,0.0
H39D_w0480,H39D,480,7111.0,7121.0,7111.0,7121.0,run,chest+empatica,chest+empatica+forearm,gel,ecg/H39D_w0480.npy,acc_chest/H39D_w0480.npy,ppg_wrist/H39D_w0480.npy,2.224,4.669,False,0.0,0.0,0.0
H39D_w0481,H39D,481,7121.0,7131.0,7121.0,7131.0,run,chest+empatica,chest+empatica+forearm,gel,ecg/H39D_w0481.npy,acc_chest/H39D_w0481.npy,ppg_wrist/H39D_w0481.npy,2.89,5.547,False,0.0,0.0,0.0
H39D_w0482,H39D,482,7131.0,7141.0,7131.0,7141.0,run,chest+empatica,chest+empatica+forearm,gel,ecg/H39D_w0482.npy,acc_chest/H39D_w0482.npy,ppg_wrist/H39D_w0482.npy,3.055,5.504,False,0.0,0.0,0.0
H39D_w0483,H39D,483,7141.0,7151.0,7141.0,7151.0,run,chest+empatica,chest+empatica+forearm,gel,ecg/H39D_w0483.npy,acc_chest/H39D_w0483.npy,ppg_wrist/H39D_w0483.npy,1.285,18.792,False,0.0,0.0,0.0
H39D_w0484,H39D,484,7151.0,7161.0,7151.0,7161.0,run,chest+empatica,chest+empatica+forearm,gel,ecg/H39D_w0484.npy,acc_chest/H39D_w0484.npy,ppg_wrist/H39D_w0484.npy,0.474,17.663,False,0.0,0.0,0.0
H39D_w0485,H39D,485,7161.0,7171.0,7161.0,7171.0,run,chest+empatica,chest+empatica+forearm,gel,ecg/H39D_w0485.npy,acc_chest/H39D_w0485.npy,ppg_wrist/H39D_w0485.npy,0.474,17.663,False,0.0,0.0,0.0
H39D_w0486,H39D,486,7171.0,7181.0,7171.0,7181.0,run,chest+empatica,chest+empatica+forearm,gel,ecg/H39D_w0486.npy,acc_chest/H39D_w0486.npy,ppg_wrist/H39D_w0486.npy,0.474,17.663,False,0.0,0.0,0.0
H39D_w0487,H39D,487,7181.0,7191.0,7181.0,7191.0,run,chest+empatica,chest+empatica+forearm,gel,ecg/H39D_w0487.npy,acc_chest/H39D_w0487.npy,ppg_wrist/H39D_w0487.npy,0.474,17.663,False,0.0,0.0,0.0
H39D_w0488,H39D,488,7191.0,7201.0,7191.0,7201.0,run,chest+empatica,chest+empatica+forearm,gel,ecg/H39D_w0488.npy,acc_chest/H39D_w0488.npy,ppg_wrist/H39D_w0488.npy,1.693,17.182,False,0.0,0.0,0.0
H39D_w0489,H39D,489,7201.0,7211.0,7201.0,7211.0,run,chest+empatica,chest+empatica+forearm,gel,ecg/H39D_w0489.npy,acc_chest/H39D_w0489.npy,ppg_wrist/H39D_w0489.npy,2.152,21.869,False,0.0,0.0,0.0
H39D_w0490,H39D,490,7211.0,7221.0,7211.0,7221.0,run,chest+empatica,chest+empatica+forearm,gel,ecg/H39D_w0490.npy,acc_chest/H39D_w0490.npy,ppg_wrist/H39D_w0490.npy,0.474,17.663,False,0.0,0.0,0.0
H39D_w0491,H39D,491,7221.0,7231.0,7221.0,7231.0,run,chest+empatica,chest+empatica+forearm,gel,ecg/H39D_w0491.npy,acc_chest/H39D_w0491.npy,ppg_wrist/H39D_w0491.npy,0.474,17.663,False,0.0,0.0,0.0
H39D_w0492,H39D,492,7231.0,7241.0,7231.0,7241.0,run,chest+empatica,chest+empatica+forearm,gel,ecg/H39D_w0492.npy,acc_chest/H39D_w0492.npy,ppg_wrist/H39D_w0492.npy,0.474,17.663,False,0.0,0.0,0.0
H39D_w0493,H39D,493,7241.0,7251.0,7241.0,7251.0,run,chest+empatica,chest+empatica+forearm,gel,ecg/H39D_w0493.npy,acc_chest/H39D_w0493.npy,ppg_wrist/H39D_w0493.npy,0.474,17.663,False,0.0,0.0,0.0
H39D_w0494,H39D,494,7251.0,7261.0,7251.0,7261.0,run,chest+empatica,chest+empatica+forearm,gel,ecg/H39D_w0494.npy,acc_chest/H39D_w0494.npy,ppg_wrist/H39D_w0494.npy,0.474,17.663,False,0.0,0.0,0.0
H39D_w0495,H39D,495,7261.0,7271.0,7261.0,7271.0,run,chest+empatica,chest+empatica+forearm,gel,ecg/H39D_w0495.npy,acc_chest/H39D_w0495.npy,ppg_wrist/H39D_w0495.npy,1.759,23.147,False,0.0,0.0,0.0
H39D_w0496,H39D,496,7271.0,7281.0,7271.0,7281.0,run,chest+empatica,chest+empatica+forearm,gel,ecg/H39D_w0496.npy,acc_chest/H39D_w0496.npy,ppg_wrist/H39D_w0496.npy,0.751,4.799,False,0.0,0.0,0.0
H39D_w0497,H39D,497,7281.0,7291.0,7281.0,7291.0,run,chest+empatica,chest+empatica+forearm,gel,ecg/H39D_w0497.npy,acc_chest/H39D_w0497.npy,ppg_wrist/H39D_w0497.npy,0.717,4.896,False,0.0,0.0,0.0
H39D_w0498,H39D,498,7291.0,7301.0,7291.0,7301.0,run,chest+empatica,chest+empatica+forearm,gel,ecg/H39D_w0498.npy,acc_chest/H39D_w0498.npy,ppg_wrist/H39D_w0498.npy,0.746,4.778,False,0.0,0.0,0.0
H39D_w0499,H39D,499,7301.0,7311.0,7301.0,7311.0,run,chest+empatica,chest+empatica+forearm,gel,ecg/H39D_w0499.npy,acc_chest/H39D_w0499.npy,ppg_wrist/H39D_w0499.npy,0.717,4.809,False,0.0,0.0,0.0
H39D_w0500,H39D,500,7311.0,7321.0,7311.0,7321.0,run,chest+empatica,chest+empatica+forearm,gel,ecg/H39D_w0500.npy,acc_chest/H39D_w0500.npy,ppg_wrist/H39D_w0500.npy,0.811,4.94,False,0.0,0.0,0.0
H39D_w0501,H39D,501,7321.0,7331.0,7321.0,7331.0,run,chest+empatica,chest+empatica+forearm,gel,ecg/H39D_w0501.npy,acc_chest/H39D_w0501.npy,ppg_wrist/H39D_w0501.npy,0.737,4.418,False,0.0,0.0,0.0
H39D_w0502,H39D,502,7331.0,7341.0,7331.0,7341.0,run,chest+empatica,chest+empatica+forearm,gel,ecg/H39D_w0502.npy,acc_chest/H39D_w0502.npy,ppg_wrist/H39D_w0502.npy,0.73,3.689,False,0.0,0.0,0.0
H39D_w0503,H39D,503,7341.0,7351.0,7341.0,7351.0,run,chest+empatica,chest+empatica+forearm,gel,ecg/H39D_w0503.npy,acc_chest/H39D_w0503.npy,ppg_wrist/H39D_w0503.npy,0.748,3.725,False,0.0,0.0,0.0
H39D_w0504,H39D,504,7351.0,7361.0,7351.0,7361.0,run,chest+empatica,chest+empatica+forearm,gel,ecg/H39D_w0504.npy,acc_chest/H39D_w0504.npy,ppg_wrist/H39D_w0504.npy,1.67,17.424,False,0.0,0.0,0.0
H39D_w0505,H39D,505,7361.0,7371.0,7361.0,7371.0,run,chest+empatica,chest+empatica+forearm,gel,ecg/H39D_w0505.npy,acc_chest/H39D_w0505.npy,ppg_wrist/H39D_w0505.npy,0.786,4.076,False,0.0,0.0,0.0
H39D_w0506,H39D,506,7371.0,7381.0,7371.0,7381.0,run,chest+empatica,chest+empatica+forearm,gel,ecg/H39D_w0506.npy,acc_chest/H39D_w0506.npy,ppg_wrist/H39D_w0506.npy,0.797,3.932,False,0.0,0.0,0.0
H39D_w0507,H39D,507,7381.0,7391.0,7381.0,7391.0,run,chest+empatica,chest+empatica+forearm,gel,ecg/H39D_w0507.npy,acc_chest/H39D_w0507.npy,ppg_wrist/H39D_w0507.npy,0.734,3.843,False,0.0,0.0,0.0
H39D_w0508,H39D,508,7391.0,7401.0,7391.0,7401.0,run,chest+empatica,chest+empatica+forearm,gel,ecg/H39D_w0508.npy,acc_chest/H39D_w0508.npy,ppg_wrist/H39D_w0508.npy,0.743,3.504,False,0.0,0.0,0.0
H39D_w0509,H39D,509,7401.0,7411.0,7401.0,7411.0,run,chest+empatica,chest+empatica+forearm,gel,ecg/H39D_w0509.npy,acc_chest/H39D_w0509.npy,ppg_wrist/H39D_w0509.npy,0.977,16.894,False,0.0,0.0,0.0
H39D_w0510,H39D,510,7411.0,7421.0,7411.0,7421.0,run,chest+empatica,chest+empatica+forearm,gel,ecg/H39D_w0510.npy,acc_chest/H39D_w0510.npy,ppg_wrist/H39D_w0510.npy,0.474,17.663,False,0.0,0.0,0.0
H39D_w0511,H39D,511,7421.0,7431.0,7421.0,7431.0,run,chest+empatica,chest+empatica+forearm,gel,ecg/H39D_w0511.npy,acc_chest/H39D_w0511.npy,ppg_wrist/H39D_w0511.npy,0.474,17.663,False,0.0,0.0,0.0
H39D_w0512,H39D,512,7431.0,7441.0,7431.0,7441.0,run,chest+empatica,chest+empatica+forearm,gel,ecg/H39D_w0512.npy,acc_chest/H39D_w0512.npy,ppg_wrist/H39D_w0512.npy,0.474,17.663,False,0.0,0.0,0.0
H39D_w0513,H39D,513,7441.0,7451.0,7441.0,7451.0,run,chest+empatica,chest+empatica+forearm,gel,ecg/H39D_w0513.npy,acc_chest/H39D_w0513.npy,ppg_wrist/H39D_w0513.npy,0.474,17.663,False,0.0,0.0,0.0
H39D_w0514,H39D,514,7451.0,7461.0,7451.0,7461.0,run,chest+empatica,chest+empatica+forearm,gel,ecg/H39D_w0514.npy,acc_chest/H39D_w0514.npy,ppg_wrist/H39D_w0514.npy,0.474,17.663,False,0.0,0.0,0.0
H39D_w0515,H39D,515,7461.0,7471.0,7461.0,7471.0,run,chest+empatica,chest+empatica+forearm,gel,ecg/H39D_w0515.npy,acc_chest/H39D_w0515.npy,ppg_wrist/H39D_w0515.npy,0.474,17.663,False,0.0,0.0,0.0
H39D_w0516,H39D,516,7471.0,7481.0,7471.0,7481.0,run,chest+empatica,chest+empatica+forearm,gel,ecg/H39D_w0516.npy,acc_chest/H39D_w0516.npy,ppg_wrist/H39D_w0516.npy,0.474,17.663,False,0.0,0.0,0.0
H39D_w0517,H39D,517,7481.0,7491.0,7481.0,7491.0,run,chest+empatica,chest+empatica+forearm,gel,ecg/H39D_w0517.npy,acc_chest/H39D_w0517.npy,ppg_wrist/H39D_w0517.npy,0.474,17.663,False,0.0,0.0,0.0
H39D_w0518,H39D,518,7491.0,7501.0,7491.0,7501.0,run,chest+empatica,chest+empatica+forearm,gel,ecg/H39D_w0518.npy,acc_chest/H39D_w0518.npy,ppg_wrist/H39D_w0518.npy,0.732,17.771,False,0.0,0.0,0.0
H39D_w0519,H39D,519,7501.0,7511.0,7501.0,7511.0,run,chest+empatica,chest+empatica+forearm,gel,ecg/H39D_w0519.npy,acc_chest/H39D_w0519.npy,ppg_wrist/H39D_w0519.npy,1.296,4.297,False,0.0,0.0,0.0
H39D_w0520,H39D,520,7511.0,7521.0,7511.0,7521.0,run,chest+empatica,chest+empatica+forearm,gel,ecg/H39D_w0520.npy,acc_chest/H39D_w0520.npy,ppg_wrist/H39D_w0520.npy,1.881,4.734,False,0.0,0.0,0.0
H39D_w0521,H39D,521,7521.0,7531.0,7521.0,7531.0,run,chest+empatica,chest+empatica+forearm,gel,ecg/H39D_w0521.npy,acc_chest/H39D_w0521.npy,ppg_wrist/H39D_w0521.npy,2.134,5.365,False,0.0,0.0,0.0
H39D_w0522,H39D,522,7531.0,7541.0,7531.0,7541.0,run,chest+empatica,chest+empatica+forearm,gel,ecg/H39D_w0522.npy,acc_chest/H39D_w0522.npy,ppg_wrist/H39D_w0522.npy,2.282,5.641,False,0.0,0.0,0.0
H39D_w0523,H39D,523,7541.0,7551.0,7541.0,7551.0,run,chest+empatica,chest+empatica+forearm,gel,ecg/H39D_w0523.npy,acc_chest/H39D_w0523.npy,ppg_wrist/H39D_w0523.npy,2.151,5.106,False,0.0,0.0,0.0
H39D_w0524,H39D,524,7551.0,7561.0,7551.0,7561.0,run,chest+empatica,chest+empatica+forearm,gel,ecg/H39D_w0524.npy,acc_chest/H39D_w0524.npy,ppg_wrist/H39D_w0524.npy,2.012,4.695,False,0.0,0.0,0.0
H39D_w0525,H39D,525,7561.0,7571.0,7561.0,7571.0,run,chest+empatica,chest+empatica+forearm,gel,ecg/H39D_w0525.npy,acc_chest/H39D_w0525.npy,ppg_wrist/H39D_w0525.npy,1.874,5.025,False,0.0,0.0,0.0
H39D_w0526,H39D,526,7571.0,7581.0,7571.0,7581.0,run,chest+empatica,chest+empatica+forearm,gel,ecg/H39D_w0526.npy,acc_chest/H39D_w0526.npy,ppg_wrist/H39D_w0526.npy,1.615,4.45,False,0.0,0.0,0.0
H39D_w0527,H39D,527,7581.0,7591.0,7581.0,7591.0,run,chest+empatica,chest+empatica+forearm,gel,ecg/H39D_w0527.npy,acc_chest/H39D_w0527.npy,ppg_wrist/H39D_w0527.npy,1.649,4.201,False,0.0,0.0,0.0
H39D_w0528,H39D,528,7591.0,7601.0,7591.0,7601.0,run,chest+empatica,chest+empatica+forearm,gel,ecg/H39D_w0528.npy,acc_chest/H39D_w0528.npy,ppg_wrist/H39D_w0528.npy,1.581,4.281,False,0.0,0.0,0.0
H39D_w0529,H39D,529,7601.0,7611.0,7601.0,7611.0,run,chest+empatica,chest+empatica+forearm,gel,ecg/H39D_w0529.npy,acc_chest/H39D_w0529.npy,ppg_wrist/H39D_w0529.npy,1.661,4.347,False,0.0,0.0,0.0
H39D_w0530,H39D,530,7611.0,7621.0,7611.0,7621.0,run,chest+empatica,chest+empatica+forearm,gel,ecg/H39D_w0530.npy,acc_chest/H39D_w0530.npy,ppg_wrist/H39D_w0530.npy,1.407,3.559,False,0.0,0.0,0.0
H39D_w0531,H39D,531,7621.0,7631.0,7621.0,7631.0,run,chest+empatica,chest+empatica+forearm,gel,ecg/H39D_w0531.npy,acc_chest/H39D_w0531.npy,ppg_wrist/H39D_w0531.npy,1.644,4.033,False,0.0,0.0,0.0
H39D_w0532,H39D,532,7631.0,7641.0,7631.0,7641.0,run,chest+empatica,chest+empatica+forearm,gel,ecg/H39D_w0532.npy,acc_chest/H39D_w0532.npy,ppg_wrist/H39D_w0532.npy,2.875,18.636,False,0.0,0.0,0.0
H39D_w0533,H39D,533,7641.0,7651.0,7641.0,7651.0,run,chest+empatica,chest+empatica+forearm,gel,ecg/H39D_w0533.npy,acc_chest/H39D_w0533.npy,ppg_wrist/H39D_w0533.npy,1.86,4.242,False,0.0,0.0,0.0
H39D_w0534,H39D,534,7651.0,7661.0,7651.0,7661.0,run,chest+empatica,chest+empatica+forearm,gel,ecg/H39D_w0534.npy,acc_chest/H39D_w0534.npy,ppg_wrist/H39D_w0534.npy,1.737,3.961,False,0.0,0.0,0.0
H39D_w0535,H39D,535,7661.0,7671.0,7661.0,7665.0,run,chest+empatica,chest+empatica+forearm,gel,ecg/H39D_w0535.npy,acc_chest/H39D_w0535.npy,ppg_wrist/H39D_w0535.npy,3.497,31.108,True,0.6,0.6,0.0
JD3K_w0000,JD3K,0,31.0,41.0,31.0,41.0,baseline,chest+empatica,chest+empatica+forearm,gel,ecg/JD3K_w0000.npy,acc_chest/JD3K_w0000.npy,ppg_wrist/JD3K_w0000.npy,0.726,3.449,False,0.0,0.0,0.0
JD3K_w0001,JD3K,1,41.0,51.0,41.0,51.0,baseline,chest+empatica,chest+empatica+forearm,gel,ecg/JD3K_w0001.npy,acc_chest/JD3K_w0001.npy,ppg_wrist/JD3K_w0001.npy,0.793,3.539,False,0.0,0.0,0.0
JD3K_w0002,JD3K,2,51.0,61.0,51.0,61.0,baseline,chest+empatica,chest+empatica+forearm,gel,ecg/JD3K_w0002.npy,acc_chest/JD3K_w0002.npy,ppg_wrist/JD3K_w0002.npy,0.724,3.477,False,0.0,0.0,0.0
JD3K_w0003,JD3K,3,61.0,71.0,61.0,71.0,baseline,chest+empatica,chest+empatica+forearm,gel,ecg/JD3K_w0003.npy,acc_chest/JD3K_w0003.npy,ppg_wrist/JD3K_w0003.npy,0.722,3.414,False,0.0,0.0,0.0
JD3K_w0004,JD3K,4,71.0,81.0,71.0,81.0,baseline,chest+empatica,chest+empatica+forearm,gel,ecg/JD3K_w0004.npy,acc_chest/JD3K_w0004.npy,ppg_wrist/JD3K_w0004.npy,0.81,16.545,False,0.0,0.0,0.0
JD3K_w0005,JD3K,5,81.0,91.0,81.0,91.0,baseline,chest+empatica,chest+empatica+forearm,gel,ecg/JD3K_w0005.npy,acc_chest/JD3K_w0005.npy,ppg_wrist/JD3K_w0005.npy,0.416,15.486,False,0.0,0.0,0.0
JD3K_w0006,JD3K,6,91.0,101.0,91.0,101.0,baseline,chest+empatica,chest+empatica+forearm,gel,ecg/JD3K_w0006.npy,acc_chest/JD3K_w0006.npy,ppg_wrist/JD3K_w0006.npy,0.416,15.486,False,0.0,0.0,0.0
JD3K_w0007,JD3K,7,101.0,111.0,101.0,111.0,baseline,chest+empatica,chest+empatica+forearm,gel,ecg/JD3K_w0007.npy,acc_chest/JD3K_w0007.npy,ppg_wrist/JD3K_w0007.npy,0.416,15.486,False,0.0,0.0,0.0
JD3K_w0008,JD3K,8,111.0,121.0,111.0,121.0,baseline,chest+empatica,chest+empatica+forearm,gel,ecg/JD3K_w0008.npy,acc_chest/JD3K_w0008.npy,ppg_wrist/JD3K_w0008.npy,0.416,15.486,False,0.0,0.0,0.0
JD3K_w0009,JD3K,9,121.0,131.0,121.0,131.0,baseline,chest+empatica,chest+empatica+forearm,gel,ecg/JD3K_w0009.npy,acc_chest/JD3K_w0009.npy,ppg_wrist/JD3K_w0009.npy,0.416,15.486,False,0.0,0.0,0.0
JD3K_w0010,JD3K,10,131.0,141.0,131.0,141.0,lift,chest+empatica,chest+empatica+forearm,gel,ecg/JD3K_w0010.npy,acc_chest/JD3K_w0010.npy,ppg_wrist/JD3K_w0010.npy,1.244,16.512,False,0.0,0.0,0.0
JD3K_w0011,JD3K,11,141.0,151.0,141.0,151.0,lift,chest+empatica,chest+empatica+forearm,gel,ecg/JD3K_w0011.npy,acc_chest/JD3K_w0011.npy,ppg_wrist/JD3K_w0011.npy,0.793,3.301,False,0.0,0.0,0.0
JD3K_w0012,JD3K,12,151.0,161.0,151.0,161.0,lift,chest+empatica,chest+empatica+forearm,gel,ecg/JD3K_w0012.npy,acc_chest/JD3K_w0012.npy,ppg_wrist/JD3K_w0012.npy,0.834,3.142,False,0.0,0.0,0.0
JD3K_w0013,JD3K,13,161.0,171.0,161.0,171.0,lift,chest+empatica,chest+empatica+forearm,gel,ecg/JD3K_w0013.npy,acc_chest/JD3K_w0013.npy,ppg_wrist/JD3K_w0013.npy,0.823,3.038,False,0.0,0.0,0.0
JD3K_w0014,JD3K,14,171.0,181.0,171.0,181.0,lift,chest+empatica,chest+empatica+forearm,gel,ecg/JD3K_w0014.npy,acc_chest/JD3K_w0014.npy,ppg_wrist/JD3K_w0014.npy,0.801,3.059,False,0.0,0.0,0.0
JD3K_w0015,JD3K,15,181.0,191.0,181.0,191.0,lift,chest+empatica,chest+empatica+forearm,gel,ecg/JD3K_w0015.npy,acc_chest/JD3K_w0015.npy,ppg_wrist/JD3K_w0015.npy,0.809,3.09,False,0.0,0.0,0.0
JD3K_w0016,JD3K,16,191.0,201.0,191.0,201.0,lift,chest+empatica,chest+empatica+forearm,gel,ecg/JD3K_w0016.npy,acc_chest/JD3K_w0016.npy,ppg_wrist/JD3K_w0016.npy,0.769,3.178,False,0.0,0.0,0.0
JD3K_w0017,JD3K,17,201.0,211.0,201.0,211.0,lift,chest+empatica,chest+empatica+forearm,gel,ecg/JD3K_w0017.npy,acc_chest/JD3K_w0017.npy,ppg_wrist/JD3K_w0017.npy,0.845,3.164,False,0.0,0.0,0.0
JD3K_w0018,JD3K,18,211.0,221.0,211.0,221.0,lift,chest+empatica,chest+empatica+forearm,gel,ecg/JD3K_w0018.npy,acc_chest/JD3K_w0018.npy,ppg_wrist/JD3K_w0018.npy,0.778,3.025,False,0.0,0.0,0.0
JD3K_w0019,JD3K,19,221.0,231.0,221.0,231.0,lift,chest+empatica,chest+empatica+forearm,gel,ecg/JD3K_w0019.npy,acc_chest/JD3K_w0019.npy,ppg_wrist/JD3K_w0019.npy,0.982,16.66,False,0.0,0.0,0.0
JD3K_w0020,JD3K,20,231.0,241.0,231.0,241.0,lift,chest+empatica,chest+empatica+forearm,gel,ecg/JD3K_w0020.npy,acc_chest/JD3K_w0020.npy,ppg_wrist/JD3K_w0020.npy,0.416,15.486,False,0.0,0.0,0.0
JD3K_w0021,JD3K,21,241.0,251.0,241.0,251.0,lift,chest+empatica,chest+empatica+forearm,gel,ecg/JD3K_w0021.npy,acc_chest/JD3K_w0021.npy,ppg_wrist/JD3K_w0021.npy,0.749,16.467,False,0.0,0.0,0.0
JD3K_w0022,JD3K,22,251.0,261.0,251.0,261.0,greetings,chest+empatica,chest+empatica+forearm,gel,ecg/JD3K_w0022.npy,acc_chest/JD3K_w0022.npy,ppg_wrist/JD3K_w0022.npy,0.733,3.332,False,0.0,0.0,0.0
JD3K_w0023,JD3K,23,261.0,271.0,261.0,271.0,greetings,chest+empatica,chest+empatica+forearm,gel,ecg/JD3K_w0023.npy,acc_chest/JD3K_w0023.npy,ppg_wrist/JD3K_w0023.npy,0.746,3.354,False,0.0,0.0,0.0
JD3K_w0024,JD3K,24,271.0,281.0,271.0,281.0,greetings,chest+empatica,chest+empatica+forearm,gel,ecg/JD3K_w0024.npy,acc_chest/JD3K_w0024.npy,ppg_wrist/JD3K_w0024.npy,0.773,3.515,False,0.0,0.0,0.0
JD3K_w0025,JD3K,25,281.0,291.0,281.0,291.0,greetings,chest+empatica,chest+empatica+forearm,gel,ecg/JD3K_w0025.npy,acc_chest/JD3K_w0025.npy,ppg_wrist/JD3K_w0025.npy,0.872,16.503,False,0.0,0.0,0.0
JD3K_w0026,JD3K,26,291.0,301.0,291.0,301.0,greetings,chest+empatica,chest+empatica+forearm,gel,ecg/JD3K_w0026.npy,acc_chest/JD3K_w0026.npy,ppg_wrist/JD3K_w0026.npy,0.416,15.486,False,0.0,0.0,0.0
JD3K_w0027,JD3K,27,301.0,311.0,301.0,311.0,greetings,chest+empatica,chest+empatica+forearm,gel,ecg/JD3K_w0027.npy,acc_chest/JD3K_w0027.npy,ppg_wrist/JD3K_w0027.npy,0.416,15.486,False,0.0,0.0,0.0
JD3K_w0028,JD3K,28,311.0,321.0,311.0,321.0,greetings,chest+empatica,chest+empatica+forearm,gel,ecg/JD3K_w0028.npy,acc_chest/JD3K_w0028.npy,ppg_wrist/JD3K_w0028.npy,0.416,15.486,False,0.0,0.0,0.0
JD3K_w0029,JD3K,29,321.0,331.0,321.0,331.0,gesticulate,chest+empatica,chest+empatica+forearm,gel,ecg/JD3K_w0029.npy,acc_chest/JD3K_w0029.npy,ppg_wrist/JD3K_w0029.npy,1.027,16.372,False,0.0,0.0,0.0
JD3K_w0030,JD3K,30,331.0,341.0,331.0,341.0,gesticulate,chest+empatica,chest+empatica+forearm,gel,ecg/JD3K_w0030.npy,acc_chest/JD3K_w0030.npy,ppg_wrist/JD3K_w0030.npy,0.726,3.587,False,0.0,0.0,0.0
JD3K_w0031,JD3K,31,341.0,351.0,341.0,351.0,gesticulate,chest+empatica,chest+empatica+forearm,gel,ecg/JD3K_w0031.npy,acc_chest/JD3K_w0031.npy,ppg_wrist/JD3K_w0031.npy,0.705,3.532,False,0.0,0.0,0.0
JD3K_w0032,JD3K,32,351.0,361.0,351.0,361.0,gesticulate,chest+empatica,chest+empatica+forearm,gel,ecg/JD3K_w0032.npy,acc_chest/JD3K_w0032.npy,ppg_wrist/JD3K_w0032.npy,0.773,3.478,False,0.0,0.0,0.0
JD3K_w0033,JD3K,33,361.0,371.0,361.0,371.0,gesticulate,chest+empatica,chest+empatica+forearm,gel,ecg/JD3K_w0033.npy,acc_chest/JD3K_w0033.npy,ppg_wrist/JD3K_w0033.npy,0.728,3.501,False,0.0,0.0,0.0
JD3K_w0034,JD3K,34,371.0,381.0,371.0,381.0,gesticulate,chest+empatica,chest+empatica+forearm,gel,ecg/JD3K_w0034.npy,acc_chest/JD3K_w0034.npy,ppg_wrist/JD3K_w0034.npy,0.718,3.587,False,0.0,0.0,0.0
JD3K_w0035,JD3K,35,381.0,391.0,381.0,391.0,gesticulate,chest+empatica,chest+empatica+forearm,gel,ecg/JD3K_w0035.npy,acc_chest/JD3K_w0035.npy,ppg_wrist/JD3K_w0035.npy,0.739,3.657,False,0.0,0.0,0.0
JD3K_w0036,JD3K,36,391.0,401.0,391.0,401.0,gesticulate,chest+empatica,chest+empatica+forearm,gel,ecg/JD3K_w0036.npy,acc_chest/JD3K_w0036.npy,ppg_wrist/JD3K_w0036.npy,0.75,16.335,False,0.0,0.0,0.0
JD3K_w0037,JD3K,37,401.0,411.0,401.0,411.0,gesticulate,chest+empatica,chest+empatica+forearm,gel,ecg/JD3K_w0037.npy,acc_chest/JD3K_w0037.npy,ppg_wrist/JD3K_w0037.npy,0.416,15.486,False,0.0,0.0,0.0
JD3K_w0038,JD3K,38,411.0,421.0,411.0,421.0,gesticulate,chest+empatica,chest+empatica+forearm,gel,ecg/JD3K_w0038.npy,acc_chest/JD3K_w0038.npy,ppg_wrist/JD3K_w0038.npy,0.416,15.486,False,0.0,0.0,0.0
JD3K_w0039,JD3K,39,421.0,431.0,421.0,431.0,gesticulate,chest+empatica,chest+empatica+forearm,gel,ecg/JD3K_w0039.npy,acc_chest/JD3K_w0039.npy,ppg_wrist/JD3K_w0039.npy,0.416,15.486,False,0.0,0.0,0.0
JD3K_w0040,JD3K,40,431.0,441.0,431.0,441.0,gesticulate,chest+empatica,chest+empatica+forearm,gel,ecg/JD3K_w0040.npy,acc_chest/JD3K_w0040.npy,ppg_wrist/JD3K_w0040.npy,0.964,16.347,False,0.0,0.0,0.0
JD3K_w0041,JD3K,41,441.0,451.0,441.0,451.0,gesticulate,chest+empatica,chest+empatica+forearm,gel,ecg/JD3K_w0041.npy,acc_chest/JD3K_w0041.npy,ppg_wrist/JD3K_w0041.npy,0.922,3.68,False,0.0,0.0,0.0
JD3K_w0042,JD3K,42,451.0,461.0,451.0,461.0,walk_before,chest+empatica,chest+empatica+forearm,gel,ecg/JD3K_w0042.npy,acc_chest/JD3K_w0042.npy,ppg_wrist/JD3K_w0042.npy,0.748,3.549,False,0.0,0.0,0.0
JD3K_w0043,JD3K,43,461.0,471.0,461.0,471.0,walk_before,chest+empatica,chest+empatica+forearm,gel,ecg/JD3K_w0043.npy,acc_chest/JD3K_w0043.npy,ppg_wrist/JD3K_w0043.npy,0.755,3.603,False,0.0,0.0,0.0
JD3K_w0044,JD3K,44,471.0,481.0,471.0,481.0,walk_before,chest+empatica,chest+empatica+forearm,gel,ecg/JD3K_w0044.npy,acc_chest/JD3K_w0044.npy,ppg_wrist/JD3K_w0044.npy,0.743,3.594,False,0.0,0.0,0.0
JD3K_w0045,JD3K,45,481.0,491.0,481.0,491.0,walk_before,chest+empatica,chest+empatica+forearm,gel,ecg/JD3K_w0045.npy,acc_chest/JD3K_w0045.npy,ppg_wrist/JD3K_w0045.npy,0.692,3.647,False,0.0,0.0,0.0
JD3K_w0046,JD3K,46,491.0,501.0,491.0,501.0,walk_before,chest+empatica,chest+empatica+forearm,gel,ecg/JD3K_w0046.npy,acc_chest/JD3K_w0046.npy,ppg_wrist/JD3K_w0046.npy,0.741,3.684,False,0.0,0.0,0.0
JD3K_w0047,JD3K,47,501.0,511.0,501.0,511.0,walk_before,chest+empatica,chest+empatica+forearm,gel,ecg/JD3K_w0047.npy,acc_chest/JD3K_w0047.npy,ppg_wrist/JD3K_w0047.npy,0.706,3.508,False,0.0,0.0,0.0
JD3K_w0048,JD3K,48,511.0,521.0,511.0,521.0,walk_before,chest+empatica,chest+empatica+forearm,gel,ecg/JD3K_w0048.npy,acc_chest/JD3K_w0048.npy,ppg_wrist/JD3K_w0048.npy,0.743,3.515,False,0.0,0.0,0.0
JD3K_w0049,JD3K,49,521.0,531.0,521.0,531.0,walk_before,chest+empatica,chest+empatica+forearm,gel,ecg/JD3K_w0049.npy,acc_chest/JD3K_w0049.npy,ppg_wrist/JD3K_w0049.npy,0.717,3.638,False,0.0,0.0,0.0
JD3K_w0050,JD3K,50,531.0,541.0,531.0,541.0,walk_before,chest+empatica,chest+empatica+forearm,gel,ecg/JD3K_w0050.npy,acc_chest/JD3K_w0050.npy,ppg_wrist/JD3K_w0050.npy,0.741,3.587,False,0.0,0.0,0.0
JD3K_w0051,JD3K,51,541.0,551.0,541.0,551.0,walk_before,chest+empatica,chest+empatica+forearm,gel,ecg/JD3K_w0051.npy,acc_chest/JD3K_w0051.npy,ppg_wrist/JD3K_w0051.npy,0.725,3.542,False,0.0,0.0,0.0
JD3K_w0052,JD3K,52,551.0,561.0,551.0,561.0,walk_before,chest+empatica,chest+empatica+forearm,gel,ecg/JD3K_w0052.npy,acc_chest/JD3K_w0052.npy,ppg_wrist/JD3K_w0052.npy,0.714,3.551,False,0.0,0.0,0.0
JD3K_w0053,JD3K,53,561.0,571.0,561.0,571.0,walk_before,chest+empatica,chest+empatica+forearm,gel,ecg/JD3K_w0053.npy,acc_chest/JD3K_w0053.npy,ppg_wrist/JD3K_w0053.npy,0.768,3.609,False,0.0,0.0,0.0
JD3K_w0054,JD3K,54,571.0,581.0,571.0,581.0,walk_before,chest+empatica,chest+empatica+forearm,gel,ecg/JD3K_w0054.npy,acc_chest/JD3K_w0054.npy,ppg_wrist/JD3K_w0054.npy,0.787,3.622,False,0.0,0.0,0.0
JD3K_w0055,JD3K,55,581.0,591.0,581.0,591.0,walk_before,chest+empatica,chest+empatica+forearm,gel,ecg/JD3K_w0055.npy,acc_chest/JD3K_w0055.npy,ppg_wrist/JD3K_w0055.npy,0.756,3.43,False,0.0,0.0,0.0
JD3K_w0056,JD3K,56,591.0,601.0,591.0,601.0,walk_before,chest+empatica,chest+empatica+forearm,gel,ecg/JD3K_w0056.npy,acc_chest/JD3K_w0056.npy,ppg_wrist/JD3K_w0056.npy,0.768,3.334,False,0.0,0.0,0.0
JD3K_w0057,JD3K,57,601.0,611.0,601.0,611.0,walk_before,chest+empatica,chest+empatica+forearm,gel,ecg/JD3K_w0057.npy,acc_chest/JD3K_w0057.npy,ppg_wrist/JD3K_w0057.npy,0.78,3.381,False,0.0,0.0,0.0
JD3K_w0058,JD3K,58,611.0,621.0,611.0,621.0,walk_before,chest+empatica,chest+empatica+forearm,gel,ecg/JD3K_w0058.npy,acc_chest/JD3K_w0058.npy,ppg_wrist/JD3K_w0058.npy,0.825,3.451,False,0.0,0.0,0.0
JD3K_w0059,JD3K,59,621.0,631.0,621.0,631.0,walk_before,chest+empatica,chest+empatica+forearm,gel,ecg/JD3K_w0059.npy,acc_chest/JD3K_w0059.npy,ppg_wrist/JD3K_w0059.npy,0.831,3.459,False,0.0,0.0,0.0
JD3K_w0060,JD3K,60,631.0,641.0,631.0,641.0,walk_before,chest+empatica,chest+empatica+forearm,gel,ecg/JD3K_w0060.npy,acc_chest/JD3K_w0060.npy,ppg_wrist/JD3K_w0060.npy,0.886,3.233,False,0.0,0.0,0.0
JD3K_w0061,JD3K,61,641.0,651.0,641.0,651.0,walk_before,chest+empatica,chest+empatica+forearm,gel,ecg/JD3K_w0061.npy,acc_chest/JD3K_w0061.npy,ppg_wrist/JD3K_w0061.npy,0.863,3.192,False,0.0,0.0,0.0
JD3K_w0062,JD3K,62,651.0,661.0,651.0,661.0,walk_before,chest+empatica,chest+empatica+forearm,gel,ecg/JD3K_w0062.npy,acc_chest/JD3K_w0062.npy,ppg_wrist/JD3K_w0062.npy,0.892,3.255,False,0.0,0.0,0.0
JD3K_w0063,JD3K,63,661.0,671.0,661.0,671.0,walk_before,chest+empatica,chest+empatica+forearm,gel,ecg/JD3K_w0063.npy,acc_chest/JD3K_w0063.npy,ppg_wrist/JD3K_w0063.npy,0.873,3.584,False,0.0,0.0,0.0
JD3K_w0064,JD3K,64,671.0,681.0,671.0,681.0,walk_before,chest+empatica,chest+empatica+forearm,gel,ecg/JD3K_w0064.npy,acc_chest/JD3K_w0064.npy,ppg_wrist/JD3K_w0064.npy,0.925,3.574,False,0.0,0.0,0.0
JD3K_w0065,JD3K,65,681.0,691.0,681.0,691.0,walk_before,chest+empatica,chest+empatica+forearm,gel,ecg/JD3K_w0065.npy,acc_chest/JD3K_w0065.npy,ppg_wrist/JD3K_w0065.npy,0.874,3.166,False,0.0,0.0,0.0
JD3K_w0066,JD3K,66,691.0,701.0,691.0,701.0,walk_before,chest+empatica,chest+empatica+forearm,gel,ecg/JD3K_w0066.npy,acc_chest/JD3K_w0066.npy,ppg_wrist/JD3K_w0066.npy,0.897,3.241,False,0.0,0.0,0.0
JD3K_w0067,JD3K,67,701.0,711.0,701.0,711.0,walk_before,chest+empatica,chest+empatica+forearm,gel,ecg/JD3K_w0067.npy,acc_chest/JD3K_w0067.npy,ppg_wrist/JD3K_w0067.npy,0.881,3.312,False,0.0,0.0,0.0
JD3K_w0068,JD3K,68,711.0,721.0,711.0,721.0,walk_before,chest+empatica,chest+empatica+forearm,gel,ecg/JD3K_w0068.npy,acc_chest/JD3K_w0068.npy,ppg_wrist/JD3K_w0068.npy,0.898,16.54,False,0.0,0.0,0.0
JD3K_w0069,JD3K,69,721.0,731.0,721.0,731.0,walk_before,chest+empatica,chest+empatica+forearm,gel,ecg/JD3K_w0069.npy,acc_chest/JD3K_w0069.npy,ppg_wrist/JD3K_w0069.npy,0.416,15.486,False,0.0,0.0,0.0
JD3K_w0070,JD3K,70,731.0,741.0,731.0,741.0,walk_before,chest+empatica,chest+empatica+forearm,gel,ecg/JD3K_w0070.npy,acc_chest/JD3K_w0070.npy,ppg_wrist/JD3K_w0070.npy,0.416,15.486,False,0.0,0.0,0.0
JD3K_w0071,JD3K,71,741.0,751.0,741.0,751.0,walk_before,chest+empatica,chest+empatica+forearm,gel,ecg/JD3K_w0071.npy,acc_chest/JD3K_w0071.npy,ppg_wrist/JD3K_w0071.npy,0.416,15.486,False,0.0,0.0,0.0
JD3K_w0072,JD3K,72,751.0,761.0,751.0,761.0,walk_before,chest+empatica,chest+empatica+forearm,gel,ecg/JD3K_w0072.npy,acc_chest/JD3K_w0072.npy,ppg_wrist/JD3K_w0072.npy,0.416,15.486,False,0.0,0.0,0.0
JD3K_w0073,JD3K,73,761.0,771.0,761.0,771.0,walk_before,chest+empatica,chest+empatica+forearm,gel,ecg/JD3K_w0073.npy,acc_chest/JD3K_w0073.npy,ppg_wrist/JD3K_w0073.npy,0.416,15.486,False,0.0,0.0,0.0
JD3K_w0074,JD3K,74,771.0,781.0,771.0,781.0,walk_before,chest+empatica,chest+empatica+forearm,gel,ecg/JD3K_w0074.npy,acc_chest/JD3K_w0074.npy,ppg_wrist/JD3K_w0074.npy,0.416,15.486,False,0.0,0.0,0.0
JD3K_w0075,JD3K,75,781.0,791.0,781.0,791.0,walk_before,chest+empatica,chest+empatica+forearm,gel,ecg/JD3K_w0075.npy,acc_chest/JD3K_w0075.npy,ppg_wrist/JD3K_w0075.npy,0.416,15.486,False,0.0,0.0,0.0
JD3K_w0076,JD3K,76,791.0,801.0,791.0,801.0,walk_before,chest+empatica,chest+empatica+forearm,gel,ecg/JD3K_w0076.npy,acc_chest/JD3K_w0076.npy,ppg_wrist/JD3K_w0076.npy,0.416,15.486,False,0.0,0.0,0.0
JD3K_w0077,JD3K,77,801.0,811.0,801.0,811.0,walk_before,chest+empatica,chest+empatica+forearm,gel,ecg/JD3K_w0077.npy,acc_chest/JD3K_w0077.npy,ppg_wrist/JD3K_w0077.npy,0.416,15.486,False,0.0,0.0,0.0
JD3K_w0078,JD3K,78,811.0,821.0,811.0,821.0,walk_before,chest+empatica,chest+empatica+forearm,gel,ecg/JD3K_w0078.npy,acc_chest/JD3K_w0078.npy,ppg_wrist/JD3K_w0078.npy,0.416,15.486,False,0.0,0.0,0.0
JD3K_w0079,JD3K,79,821.0,831.0,821.0,831.0,walk_before,chest+empatica,chest+empatica+forearm,gel,ecg/JD3K_w0079.npy,acc_chest/JD3K_w0079.npy,ppg_wrist/JD3K_w0079.npy,0.416,15.486,False,0.0,0.0,0.0
JD3K_w0080,JD3K,80,831.0,841.0,831.0,841.0,walk_before,chest+empatica,chest+empatica+forearm,gel,ecg/JD3K_w0080.npy,acc_chest/JD3K_w0080.npy,ppg_wrist/JD3K_w0080.npy,0.416,15.486,False,0.0,0.0,0.0
JD3K_w0081,JD3K,81,841.0,851.0,841.0,851.0,walk_before,chest+empatica,chest+empatica+forearm,gel,ecg/JD3K_w0081.npy,acc_chest/JD3K_w0081.npy,ppg_wrist/JD3K_w0081.npy,0.416,15.486,False,0.0,0.0,0.0
JD3K_w0082,JD3K,82,851.0,861.0,851.0,861.0,walk_before,chest+empatica,chest+empatica+forearm,gel,ecg/JD3K_w0082.npy,acc_chest/JD3K_w0082.npy,ppg_wrist/JD3K_w0082.npy,0.416,15.486,False,0.0,0.0,0.0
JD3K_w0083,JD3K,83,861.0,871.0,861.0,871.0,walk_before,chest+empatica,chest+empatica+forearm,gel,ecg/JD3K_w0083.npy,acc_chest/JD3K_w0083.npy,ppg_wrist/JD3K_w0083.npy,0.416,15.486,False,0.0,0.0,0.0
JD3K_w0084,JD3K,84,871.0,881.0,871.0,881.0,walk_before,chest+empatica,chest+empatica+forearm,gel,ecg/JD3K_w0084.npy,acc_chest/JD3K_w0084.npy,ppg_wrist/JD3K_w0084.npy,0.416,15.486,False,0.0,0.0,0.0
JD3K_w0085,JD3K,85,881.0,891.0,881.0,891.0,walk_before,chest+empatica,chest+empatica+forearm,gel,ecg/JD3K_w0085.npy,acc_chest/JD3K_w0085.npy,ppg_wrist/JD3K_w0085.npy,0.908,17.15,False,0.0,0.0,0.0
JD3K_w0086,JD3K,86,891.0,901.0,891.0,901.0,run,chest+empatica,chest+empatica+forearm,gel,ecg/JD3K_w0086.npy,acc_chest/JD3K_w0086.npy,ppg_wrist/JD3K_w0086.npy,2.19,6.221,False,0.0,0.0,0.0
JD3K_w0087,JD3K,87,901.0,911.0,901.0,911.0,run,chest+empatica,chest+empatica+forearm,gel,ecg/JD3K_w0087.npy,acc_chest/JD3K_w0087.npy,ppg_wrist/JD3K_w0087.npy,2.797,7.177,False,0.0,0.0,0.0
JD3K_w0088,JD3K,88,911.0,921.0,911.0,921.0,run,chest+empatica,chest+empatica+forearm,gel,ecg/JD3K_w0088.npy,acc_chest/JD3K_w0088.npy,ppg_wrist/JD3K_w0088.npy,2.851,7.763,False,0.0,0.0,0.0
JD3K_w0089,JD3K,89,921.0,931.0,921.0,931.0,run,chest+empatica,chest+empatica+forearm,gel,ecg/JD3K_w0089.npy,acc_chest/JD3K_w0089.npy,ppg_wrist/JD3K_w0089.npy,2.563,7.18,False,0.0,0.0,0.0
JD3K_w0090,JD3K,90,931.0,941.0,931.0,941.0,run,chest+empatica,chest+empatica+forearm,gel,ecg/JD3K_w0090.npy,acc_chest/JD3K_w0090.npy,ppg_wrist/JD3K_w0090.npy,2.496,6.211,False,0.0,0.0,0.0
JD3K_w0091,JD3K,91,941.0,951.0,941.0,951.0,run,chest+empatica,chest+empatica+forearm,gel,ecg/JD3K_w0091.npy,acc_chest/JD3K_w0091.npy,ppg_wrist/JD3K_w0091.npy,2.567,6.727,False,0.0,0.0,0.0
JD3K_w0092,JD3K,92,951.0,961.0,951.0,961.0,run,chest+empatica,chest+empatica+forearm,gel,ecg/JD3K_w0092.npy,acc_chest/JD3K_w0092.npy,ppg_wrist/JD3K_w0092.npy,2.297,5.75,False,0.0,0.0,0.0
JD3K_w0093,JD3K,93,961.0,971.0,961.0,971.0,run,chest+empatica,chest+empatica+forearm,gel,ecg/JD3K_w0093.npy,acc_chest/JD3K_w0093.npy,ppg_wrist/JD3K_w0093.npy,2.36,5.44,False,0.0,0.0,0.0
JD3K_w0094,JD3K,94,971.0,981.0,971.0,981.0,run,chest+empatica,chest+empatica+forearm,gel,ecg/JD3K_w0094.npy,acc_chest/JD3K_w0094.npy,ppg_wrist/JD3K_w0094.npy,2.345,5.002,False,0.0,0.0,0.0
JD3K_w0095,JD3K,95,981.0,991.0,981.0,991.0,run,chest+empatica,chest+empatica+forearm,gel,ecg/JD3K_w0095.npy,acc_chest/JD3K_w0095.npy,ppg_wrist/JD3K_w0095.npy,2.345,5.228,False,0.0,0.0,0.0
JD3K_w0096,JD3K,96,991.0,1001.0,991.0,1001.0,run,chest+empatica,chest+empatica+forearm,gel,ecg/JD3K_w0096.npy,acc_chest/JD3K_w0096.npy,ppg_wrist/JD3K_w0096.npy,3.076,22.552,False,0.0,0.0,0.0
JD3K_w0097,JD3K,97,1001.0,1011.0,1001.0,1011.0,run,chest+empatica,chest+empatica+forearm,gel,ecg/JD3K_w0097.npy,acc_chest/JD3K_w0097.npy,ppg_wrist/JD3K_w0097.npy,2.333,5.201,False,0.0,0.0,0.0
JD3K_w0098,JD3K,98,1011.0,1021.0,1011.0,1021.0,run,chest+empatica,chest+empatica+forearm,gel,ecg/JD3K_w0098.npy,acc_chest/JD3K_w0098.npy,ppg_wrist/JD3K_w0098.npy,2.281,4.929,False,0.0,0.0,0.0
JD3K_w0099,JD3K,99,1021.0,1031.0,1021.0,1031.0,run,chest+empatica,chest+empatica+forearm,gel,ecg/JD3K_w0099.npy,acc_chest/JD3K_w0099.npy,ppg_wrist/JD3K_w0099.npy,2.514,6.086,False,0.0,0.0,0.0
JD3K_w0100,JD3K,100,1031.0,1041.0,1031.0,1041.0,run,chest+empatica,chest+empatica+forearm,gel,ecg/JD3K_w0100.npy,acc_chest/JD3K_w0100.npy,ppg_wrist/JD3K_w0100.npy,2.46,6.66,False,0.0,0.0,0.0
JD3K_w0101,JD3K,101,1041.0,1051.0,1041.0,1051.0,run,chest+empatica,chest+empatica+forearm,gel,ecg/JD3K_w0101.npy,acc_chest/JD3K_w0101.npy,ppg_wrist/JD3K_w0101.npy,2.439,6.813,False,0.0,0.0,0.0
JD3K_w0102,JD3K,102,1051.0,1061.0,1051.0,1061.0,run,chest+empatica,chest+empatica+forearm,gel,ecg/JD3K_w0102.npy,acc_chest/JD3K_w0102.npy,ppg_wrist/JD3K_w0102.npy,2.578,5.671,False,0.0,0.0,0.0
JD3K_w0103,JD3K,103,1061.0,1071.0,1061.0,1071.0,run,chest+empatica,chest+empatica+forearm,gel,ecg/JD3K_w0103.npy,acc_chest/JD3K_w0103.npy,ppg_wrist/JD3K_w0103.npy,1.948,4.422,False,0.0,0.0,0.0
JD3K_w0104,JD3K,104,1071.0,1081.0,1071.0,1081.0,run,chest+empatica,chest+empatica+forearm,gel,ecg/JD3K_w0104.npy,acc_chest/JD3K_w0104.npy,ppg_wrist/JD3K_w0104.npy,3.3,24.642,False,0.0,0.0,0.0
JD3K_w0105,JD3K,105,1081.0,1091.0,1081.0,1091.0,run,chest+empatica,chest+empatica+forearm,gel,ecg/JD3K_w0105.npy,acc_chest/JD3K_w0105.npy,ppg_wrist/JD3K_w0105.npy,0.416,15.486,False,0.0,0.0,0.0
JD3K_w0106,JD3K,106,1091.0,1101.0,1091.0,1101.0,run,chest+empatica,chest+empatica+forearm,gel,ecg/JD3K_w0106.npy,acc_chest/JD3K_w0106.npy,ppg_wrist/JD3K_w0106.npy,0.416,15.486,False,0.0,0.0,0.0
JD3K_w0107,JD3K,107,1101.0,1111.0,1101.0,1111.0,run,chest+empatica,chest+empatica+forearm,gel,ecg/JD3K_w0107.npy,acc_chest/JD3K_w0107.npy,ppg_wrist/JD3K_w0107.npy,0.416,15.486,False,0.0,0.0,0.0
JD3K_w0108,JD3K,108,1111.0,1121.0,1111.0,1121.0,run,chest+empatica,chest+empatica+forearm,gel,ecg/JD3K_w0108.npy,acc_chest/JD3K_w0108.npy,ppg_wrist/JD3K_w0108.npy,0.416,15.486,False,0.0,0.0,0.0
JD3K_w0109,JD3K,109,1121.0,1131.0,1121.0,1131.0,run,chest+empatica,chest+empatica+forearm,gel,ecg/JD3K_w0109.npy,acc_chest/JD3K_w0109.npy,ppg_wrist/JD3K_w0109.npy,0.416,15.486,False,0.0,0.0,0.0
JD3K_w0110,JD3K,110,1131.0,1141.0,1131.0,1141.0,run,chest+empatica,chest+empatica+forearm,gel,ecg/JD3K_w0110.npy,acc_chest/JD3K_w0110.npy,ppg_wrist/JD3K_w0110.npy,1.743,16.821,False,0.0,0.0,0.0
JD3K_w0111,JD3K,111,1141.0,1151.0,1141.0,1151.0,run,chest+empatica,chest+empatica+forearm,gel,ecg/JD3K_w0111.npy,acc_chest/JD3K_w0111.npy,ppg_wrist/JD3K_w0111.npy,2.488,6.364,False,0.0,0.0,0.0
JD3K_w0112,JD3K,112,1151.0,1161.0,1151.0,1161.0,run,chest+empatica,chest+empatica+forearm,gel,ecg/JD3K_w0112.npy,acc_chest/JD3K_w0112.npy,ppg_wrist/JD3K_w0112.npy,2.671,5.898,False,0.0,0.0,0.0
JD3K_w0113,JD3K,113,1161.0,1171.0,1161.0,1171.0,run,chest+empatica,chest+empatica+forearm,gel,ecg/JD3K_w0113.npy,acc_chest/JD3K_w0113.npy,ppg_wrist/JD3K_w0113.npy,2.558,5.656,False,0.0,0.0,0.0
JD3K_w0114,JD3K,114,1171.0,1181.0,1171.0,1181.0,run,chest+empatica,chest+empatica+forearm,gel,ecg/JD3K_w0114.npy,acc_chest/JD3K_w0114.npy,ppg_wrist/JD3K_w0114.npy,2.719,5.953,False,0.0,0.0,0.0
JD3K_w0115,JD3K,115,1181.0,1191.0,1181.0,1191.0,run,chest+empatica,chest+empatica+forearm,gel,ecg/JD3K_w0115.npy,acc_chest/JD3K_w0115.npy,ppg_wrist/JD3K_w0115.npy,2.195,6.915,False,0.0,0.0,0.0
JD3K_w0116,JD3K,116,1191.0,1201.0,1191.0,1201.0,run,chest+empatica,chest+empatica+forearm,gel,ecg/JD3K_w0116.npy,acc_chest/JD3K_w0116.npy,ppg_wrist/JD3K_w0116.npy,1.971,6.112,False,0.0,0.0,0.0
JD3K_w0117,JD3K,117,1201.0,1211.0,1201.0,1211.0,run,chest+empatica,chest+empatica+forearm,gel,ecg/JD3K_w0117.npy,acc_chest/JD3K_w0117.npy,ppg_wrist/JD3K_w0117.npy,2.567,6.547,False,0.0,0.0,0.0
JD3K_w0118,JD3K,118,1211.0,1221.0,1211.0,1221.0,run,chest+empatica,chest+empatica+forearm,gel,ecg/JD3K_w0118.npy,acc_chest/JD3K_w0118.npy,ppg_wrist/JD3K_w0118.npy,2.705,6.796,False,0.0,0.0,0.0
JD3K_w0119,JD3K,119,1221.0,1231.0,1221.0,1231.0,run,chest+empatica,chest+empatica+forearm,gel,ecg/JD3K_w0119.npy,acc_chest/JD3K_w0119.npy,ppg_wrist/JD3K_w0119.npy,2.553,5.493,False,0.0,0.0,0.0
JD3K_w0120,JD3K,120,1231.0,1241.0,1231.0,1241.0,run,chest+empatica,chest+empatica+forearm,gel,ecg/JD3K_w0120.npy,acc_chest/JD3K_w0120.npy,ppg_wrist/JD3K_w0120.npy,2.58,5.821,False,0.0,0.0,0.0
JD3K_w0121,JD3K,121,1241.0,1251.0,1241.0,1251.0,run,chest+empatica,chest+empatica+forearm,gel,ecg/JD3K_w0121.npy,acc_chest/JD3K_w0121.npy,ppg_wrist/JD3K_w0121.npy,2.598,5.769,False,0.0,0.0,0.0
JD3K_w0122,JD3K,122,1251.0,1261.0,1251.0,1261.0,run,chest+empatica,chest+empatica+forearm,gel,ecg/JD3K_w0122.npy,acc_chest/JD3K_w0122.npy,ppg_wrist/JD3K_w0122.npy,2.563,5.548,False,0.0,0.0,0.0
JD3K_w0123,JD3K,123,1261.0,1271.0,1261.0,1271.0,run,chest+empatica,chest+empatica+forearm,gel,ecg/JD3K_w0123.npy,acc_chest/JD3K_w0123.npy,ppg_wrist/JD3K_w0123.npy,2.195,4.767,False,0.0,0.0,0.0
JD3K_w0124,JD3K,124,1271.0,1281.0,1271.0,1281.0,run,chest+empatica,chest+empatica+forearm,gel,ecg/JD3K_w0124.npy,acc_chest/JD3K_w0124.npy,ppg_wrist/JD3K_w0124.npy,1.61,4.376,False,0.0,0.0,0.0
JD3K_w0125,JD3K,125,1281.0,1291.0,1281.0,1291.0,run,chest+empatica,chest+empatica+forearm,gel,ecg/JD3K_w0125.npy,acc_chest/JD3K_w0125.npy,ppg_wrist/JD3K_w0125.npy,1.898,4.832,False,0.0,0.0,0.0
JD3K_w0126,JD3K,126,1291.0,1301.0,1291.0,1301.0,run,chest+empatica,chest+empatica+forearm,gel,ecg/JD3K_w0126.npy,acc_chest/JD3K_w0126.npy,ppg_wrist/JD3K_w0126.npy,2.583,5.83,False,0.0,0.0,0.0
JD3K_w0127,JD3K,127,1301.0,1311.0,1301.0,1311.0,run,chest+empatica,chest+empatica+forearm,gel,ecg/JD3K_w0127.npy,acc_chest/JD3K_w0127.npy,ppg_wrist/JD3K_w0127.npy,2.713,5.885,False,0.0,0.0,0.0
JD3K_w0128,JD3K,128,1311.0,1321.0,1311.0,1321.0,run,chest+empatica,chest+empatica+forearm,gel,ecg/JD3K_w0128.npy,acc_chest/JD3K_w0128.npy,ppg_wrist/JD3K_w0128.npy,2.885,6.195,False,0.0,0.0,0.0
JD3K_w0129,JD3K,129,1321.0,1331.0,1321.0,1331.0,run,chest+empatica,chest+empatica+forearm,gel,ecg/JD3K_w0129.npy,acc_chest/JD3K_w0129.npy,ppg_wrist/JD3K_w0129.npy,2.683,7.222,False,0.0,0.0,0.0
JD3K_w0130,JD3K,130,1331.0,1341.0,1331.0,1341.0,run,chest+empatica,chest+empatica+forearm,gel,ecg/JD3K_w0130.npy,acc_chest/JD3K_w0130.npy,ppg_wrist/JD3K_w0130.npy,3.029,8.156,False,0.0,0.0,0.0
JD3K_w0131,JD3K,131,1341.0,1351.0,1341.0,1351.0,run,chest+empatica,chest+empatica+forearm,gel,ecg/JD3K_w0131.npy,acc_chest/JD3K_w0131.npy,ppg_wrist/JD3K_w0131.npy,2.866,6.399,False,0.0,0.0,0.0
JD3K_w0132,JD3K,132,1351.0,1361.0,1351.0,1361.0,run,chest+empatica,chest+empatica+forearm,gel,ecg/JD3K_w0132.npy,acc_chest/JD3K_w0132.npy,ppg_wrist/JD3K_w0132.npy,2.65,5.404,False,0.0,0.0,0.0
JD3K_w0133,JD3K,133,1361.0,1371.0,1361.0,1371.0,run,chest+empatica,chest+empatica+forearm,gel,ecg/JD3K_w0133.npy,acc_chest/JD3K_w0133.npy,ppg_wrist/JD3K_w0133.npy,2.811,6.101,False,0.0,0.0,0.0
JD3K_w0134,JD3K,134,1371.0,1381.0,1371.0,1381.0,run,chest+empatica,chest+empatica+forearm,gel,ecg/JD3K_w0134.npy,acc_chest/JD3K_w0134.npy,ppg_wrist/JD3K_w0134.npy,2.692,6.764,False,0.0,0.0,0.0
JD3K_w0135,JD3K,135,1381.0,1391.0,1381.0,1391.0,run,chest+empatica,chest+empatica+forearm,gel,ecg/JD3K_w0135.npy,acc_chest/JD3K_w0135.npy,ppg_wrist/JD3K_w0135.npy,2.698,6.982,False,0.0,0.0,0.0
JD3K_w0136,JD3K,136,1391.0,1401.0,1391.0,1401.0,run,chest+empatica,chest+empatica+forearm,gel,ecg/JD3K_w0136.npy,acc_chest/JD3K_w0136.npy,ppg_wrist/JD3K_w0136.npy,2.72,6.385,False,0.0,0.0,0.0
JD3K_w0137,JD3K,137,1401.0,1411.0,1401.0,1411.0,run,chest+empatica,chest+empatica+forearm,gel,ecg/JD3K_w0137.npy,acc_chest/JD3K_w0137.npy,ppg_wrist/JD3K_w0137.npy,2.813,6.312,False,0.0,0.0,0.0
JD3K_w0138,JD3K,138,1411.0,1421.0,1411.0,1421.0,run,chest+empatica,chest+empatica+forearm,gel,ecg/JD3K_w0138.npy,acc_chest/JD3K_w0138.npy,ppg_wrist/JD3K_w0138.npy,0.886,17.019,False,0.0,0.0,0.0
JD3K_w0139,JD3K,139,1421.0,1431.0,1421.0,1431.0,run,chest+empatica,chest+empatica+forearm,gel,ecg/JD3K_w0139.npy,acc_chest/JD3K_w0139.npy,ppg_wrist/JD3K_w0139.npy,0.416,15.486,False,0.0,0.0,0.0
JD3K_w0140,JD3K,140,1431.0,1441.0,1431.0,1441.0,run,chest+empatica,chest+empatica+forearm,gel,ecg/JD3K_w0140.npy,acc_chest/JD3K_w0140.npy,ppg_wrist/JD3K_w0140.npy,0.672,16.295,False,0.0,0.0,0.0
JD3K_w0141,JD3K,141,1441.0,1451.0,1441.0,1451.0,run,chest+empatica,chest+empatica+forearm,gel,ecg/JD3K_w0141.npy,acc_chest/JD3K_w0141.npy,ppg_wrist/JD3K_w0141.npy,2.626,6.095,False,0.0,0.0,0.0
JD3K_w0142,JD3K,142,1451.0,1461.0,1451.0,1461.0,run,chest+empatica,chest+empatica+forearm,gel,ecg/JD3K_w0142.npy,acc_chest/JD3K_w0142.npy,ppg_wrist/JD3K_w0142.npy,2.608,5.525,False,0.0,0.0,0.0
JD3K_w0143,JD3K,143,1461.0,1471.0,1461.0,1471.0,run,chest+empatica,chest+empatica+forearm,gel,ecg/JD3K_w0143.npy,acc_chest/JD3K_w0143.npy,ppg_wrist/JD3K_w0143.npy,2.605,5.904,False,0.0,0.0,0.0
JD3K_w0144,JD3K,144,1471.0,1481.0,1471.0,1481.0,run,chest+empatica,chest+empatica+forearm,gel,ecg/JD3K_w0144.npy,acc_chest/JD3K_w0144.npy,ppg_wrist/JD3K_w0144.npy,2.733,6.102,False,0.0,0.0,0.0
JD3K_w0145,JD3K,145,1481.0,1491.0,1481.0,1491.0,run,chest+empatica,chest+empatica+forearm,gel,ecg/JD3K_w0145.npy,acc_chest/JD3K_w0145.npy,ppg_wrist/JD3K_w0145.npy,2.457,5.901,False,0.0,0.0,0.0
JD3K_w0146,JD3K,146,1491.0,1501.0,1491.0,1501.0,run,chest+empatica,chest+empatica+forearm,gel,ecg/JD3K_w0146.npy,acc_chest/JD3K_w0146.npy,ppg_wrist/JD3K_w0146.npy,1.696,4.498,False,0.0,0.0,0.0
JD3K_w0147,JD3K,147,1501.0,1511.0,1501.0,1511.0,run,chest+empatica,chest+empatica+forearm,gel,ecg/JD3K_w0147.npy,acc_chest/JD3K_w0147.npy,ppg_wrist/JD3K_w0147.npy,1.876,4.328,False,0.0,0.0,0.0
JD3K_w0148,JD3K,148,1511.0,1521.0,1511.0,1521.0,run,chest+empatica,chest+empatica+forearm,gel,ecg/JD3K_w0148.npy,acc_chest/JD3K_w0148.npy,ppg_wrist/JD3K_w0148.npy,1.714,4.234,False,0.0,0.0,0.0
JD3K_w0149,JD3K,149,1521.0,1531.0,1521.0,1531.0,run,chest+empatica,chest+empatica+forearm,gel,ecg/JD3K_w0149.npy,acc_chest/JD3K_w0149.npy,ppg_wrist/JD3K_w0149.npy,1.795,4.022,False,0.0,0.0,0.0
JD3K_w0150,JD3K,150,1531.0,1541.0,1531.0,1541.0,run,chest+empatica,chest+empatica+forearm,gel,ecg/JD3K_w0150.npy,acc_chest/JD3K_w0150.npy,ppg_wrist/JD3K_w0150.npy,2.138,4.85,False,0.0,0.0,0.0
JD3K_w0151,JD3K,151,1541.0,1551.0,1541.0,1551.0,run,chest+empatica,chest+empatica+forearm,gel,ecg/JD3K_w0151.npy,acc_chest/JD3K_w0151.npy,ppg_wrist/JD3K_w0151.npy,1.816,4.752,False,0.0,0.0,0.0
JD3K_w0152,JD3K,152,1551.0,1561.0,1551.0,1561.0,run,chest+empatica,chest+empatica+forearm,gel,ecg/JD3K_w0152.npy,acc_chest/JD3K_w0152.npy,ppg_wrist/JD3K_w0152.npy,1.927,4.625,False,0.0,0.0,0.0
JD3K_w0153,JD3K,153,1561.0,1571.0,1561.0,1571.0,run,chest+empatica,chest+empatica+forearm,gel,ecg/JD3K_w0153.npy,acc_chest/JD3K_w0153.npy,ppg_wrist/JD3K_w0153.npy,2.65,6.083,False,0.0,0.0,0.0
JD3K_w0154,JD3K,154,1571.0,1581.0,1571.0,1581.0,run,chest+empatica,chest+empatica+forearm,gel,ecg/JD3K_w0154.npy,acc_chest/JD3K_w0154.npy,ppg_wrist/JD3K_w0154.npy,1.835,5.279,False,0.0,0.0,0.0
JD3K_w0155,JD3K,155,1581.0,1591.0,1581.0,1591.0,run,chest+empatica,chest+empatica+forearm,gel,ecg/JD3K_w0155.npy,acc_chest/JD3K_w0155.npy,ppg_wrist/JD3K_w0155.npy,1.655,4.953,False,0.0,0.0,0.0
JD3K_w0156,JD3K,156,1591.0,1601.0,1591.0,1601.0,run,chest+empatica,chest+empatica+forearm,gel,ecg/JD3K_w0156.npy,acc_chest/JD3K_w0156.npy,ppg_wrist/JD3K_w0156.npy,2.526,5.616,False,0.0,0.0,0.0
JD3K_w0157,JD3K,157,1601.0,1611.0,1601.0,1611.0,run,chest+empatica,chest+empatica+forearm,gel,ecg/JD3K_w0157.npy,acc_chest/JD3K_w0157.npy,ppg_wrist/JD3K_w0157.npy,2.7,6.261,False,0.0,0.0,0.0
JD3K_w0158,JD3K,158,1611.0,1621.0,1611.0,1621.0,run,chest+empatica,chest+empatica+forearm,gel,ecg/JD3K_w0158.npy,acc_chest/JD3K_w0158.npy,ppg_wrist/JD3K_w0158.npy,2.781,6.179,False,0.0,0.0,0.0
JD3K_w0159,JD3K,159,1621.0,1631.0,1621.0,1631.0,run,chest+empatica,chest+empatica+forearm,gel,ecg/JD3K_w0159.npy,acc_chest/JD3K_w0159.npy,ppg_wrist/JD3K_w0159.npy,2.762,6.312,False,0.0,0.0,0.0
JD3K_w0160,JD3K,160,1631.0,1641.0,1631.0,1641.0,run,chest+empatica,chest+empatica+forearm,gel,ecg/JD3K_w0160.npy,acc_chest/JD3K_w0160.npy,ppg_wrist/JD3K_w0160.npy,2.644,6.109,False,0.0,0.0,0.0
JD3K_w0161,JD3K,161,1641.0,1651.0,1641.0,1651.0,run,chest+empatica,chest+empatica+forearm,gel,ecg/JD3K_w0161.npy,acc_chest/JD3K_w0161.npy,ppg_wrist/JD3K_w0161.npy,2.589,5.861,False,0.0,0.0,0.0
JD3K_w0162,JD3K,162,1651.0,1661.0,1651.0,1661.0,run,chest+empatica,chest+empatica+forearm,gel,ecg/JD3K_w0162.npy,acc_chest/JD3K_w0162.npy,ppg_wrist/JD3K_w0162.npy,2.608,5.814,False,0.0,0.0,0.0
JD3K_w0163,JD3K,163,1661.0,1671.0,1661.0,1671.0,run,chest+empatica,chest+empatica+forearm,gel,ecg/JD3K_w0163.npy,acc_chest/JD3K_w0163.npy,ppg_wrist/JD3K_w0163.npy,2.74,6.438,False,0.0,0.0,0.0
JD3K_w0164,JD3K,164,1671.0,1681.0,1671.0,1681.0,run,chest+empatica,chest+empatica+forearm,gel,ecg/JD3K_w0164.npy,acc_chest/JD3K_w0164.npy,ppg_wrist/JD3K_w0164.npy,2.862,6.545,False,0.0,0.0,0.0
JD3K_w0165,JD3K,165,1681.0,1691.0,1681.0,1691.0,run,chest+empatica,chest+empatica+forearm,gel,ecg/JD3K_w0165.npy,acc_chest/JD3K_w0165.npy,ppg_wrist/JD3K_w0165.npy,2.674,6.341,False,0.0,0.0,0.0
JD3K_w0166,JD3K,166,1691.0,1701.0,1691.0,1701.0,run,chest+empatica,chest+empatica+forearm,gel,ecg/JD3K_w0166.npy,acc_chest/JD3K_w0166.npy,ppg_wrist/JD3K_w0166.npy,2.687,6.035,False,0.0,0.0,0.0
JD3K_w0167,JD3K,167,1701.0,1711.0,1701.0,1711.0,run,chest+empatica,chest+empatica+forearm,gel,ecg/JD3K_w0167.npy,acc_chest/JD3K_w0167.npy,ppg_wrist/JD3K_w0167.npy,2.636,5.569,False,0.0,0.0,0.0
JD3K_w0168,JD3K,168,1711.0,1721.0,1711.0,1721.0,run,chest+empatica,chest+empatica+forearm,gel,ecg/JD3K_w0168.npy,acc_chest/JD3K_w0168.npy,ppg_wrist/JD3K_w0168.npy,2.579,5.879,False,0.0,0.0,0.0
JD3K_w0169,JD3K,169,1721.0,1731.0,1721.0,1731.0,run,chest+empatica,chest+empatica+forearm,gel,ecg/JD3K_w0169.npy,acc_chest/JD3K_w0169.npy,ppg_wrist/JD3K_w0169.npy,2.675,6.26,False,0.0,0.0,0.0
JD3K_w0170,JD3K,170,1731.0,1741.0,1731.0,1741.0,run,chest+empatica,chest+empatica+forearm,gel,ecg/JD3K_w0170.npy,acc_chest/JD3K_w0170.npy,ppg_wrist/JD3K_w0170.npy,2.769,5.586,False,0.0,0.0,0.0
JD3K_w0171,JD3K,171,1741.0,1751.0,1741.0,1751.0,run,chest+empatica,chest+empatica+forearm,gel,ecg/JD3K_w0171.npy,acc_chest/JD3K_w0171.npy,ppg_wrist/JD3K_w0171.npy,2.61,5.523,False,0.0,0.0,0.0
JD3K_w0172,JD3K,172,1751.0,1761.0,1751.0,1761.0,run,chest+empatica,chest+empatica+forearm,gel,ecg/JD3K_w0172.npy,acc_chest/JD3K_w0172.npy,ppg_wrist/JD3K_w0172.npy,2.608,5.659,False,0.0,0.0,0.0
JD3K_w0173,JD3K,173,1761.0,1771.0,1761.0,1771.0,run,chest+empatica,chest+empatica+forearm,gel,ecg/JD3K_w0173.npy,acc_chest/JD3K_w0173.npy,ppg_wrist/JD3K_w0173.npy,2.688,6.283,False,0.0,0.0,0.0
JD3K_w0174,JD3K,174,1771.0,1781.0,1771.0,1781.0,run,chest+empatica,chest+empatica+forearm,gel,ecg/JD3K_w0174.npy,acc_chest/JD3K_w0174.npy,ppg_wrist/JD3K_w0174.npy,2.747,5.999,False,0.0,0.0,0.0
JD3K_w0175,JD3K,175,1781.0,1791.0,1781.0,1791.0,run,chest+empatica,chest+empatica+forearm,gel,ecg/JD3K_w0175.npy,acc_chest/JD3K_w0175.npy,ppg_wrist/JD3K_w0175.npy,2.706,6.207,False,0.0,0.0,0.0
JD3K_w0176,JD3K,176,1791.0,1801.0,1791.0,1801.0,run,chest+empatica,chest+empatica+forearm,gel,ecg/JD3K_w0176.npy,acc_chest/JD3K_w0176.npy,ppg_wrist/JD3K_w0176.npy,2.603,6.107,False,0.0,0.0,0.0
JD3K_w0177,JD3K,177,1801.0,1811.0,1801.0,1811.0,run,chest+empatica,chest+empatica+forearm,gel,ecg/JD3K_w0177.npy,acc_chest/JD3K_w0177.npy,ppg_wrist/JD3K_w0177.npy,2.554,5.92,False,0.0,0.0,0.0
JD3K_w0178,JD3K,178,1811.0,1821.0,1811.0,1821.0,run,chest+empatica,chest+empatica+forearm,gel,ecg/JD3K_w0178.npy,acc_chest/JD3K_w0178.npy,ppg_wrist/JD3K_w0178.npy,2.555,5.596,False,0.0,0.0,0.0
JD3K_w0179,JD3K,179,1821.0,1831.0,1821.0,1831.0,run,chest+empatica,chest+empatica+forearm,gel,ecg/JD3K_w0179.npy,acc_chest/JD3K_w0179.npy,ppg_wrist/JD3K_w0179.npy,2.789,6.22,False,0.0,0.0,0.0
JD3K_w0180,JD3K,180,1831.0,1841.0,1831.0,1841.0,run,chest+empatica,chest+empatica+forearm,gel,ecg/JD3K_w0180.npy,acc_chest/JD3K_w0180.npy,ppg_wrist/JD3K_w0180.npy,2.596,5.829,False,0.0,0.0,0.0
JD3K_w0181,JD3K,181,1841.0,1851.0,1841.0,1851.0,run,chest+empatica,chest+empatica+forearm,gel,ecg/JD3K_w0181.npy,acc_chest/JD3K_w0181.npy,ppg_wrist/JD3K_w0181.npy,2.507,5.778,False,0.0,0.0,0.0
JD3K_w0182,JD3K,182,1851.0,1861.0,1851.0,1861.0,run,chest+empatica,chest+empatica+forearm,gel,ecg/JD3K_w0182.npy,acc_chest/JD3K_w0182.npy,ppg_wrist/JD3K_w0182.npy,2.752,6.024,False,0.0,0.0,0.0
JD3K_w0183,JD3K,183,1861.0,1871.0,1861.0,1871.0,run,chest+empatica,chest+empatica+forearm,gel,ecg/JD3K_w0183.npy,acc_chest/JD3K_w0183.npy,ppg_wrist/JD3K_w0183.npy,2.679,5.954,False,0.0,0.0,0.0
JD3K_w0184,JD3K,184,1871.0,1881.0,1871.0,1881.0,run,chest+empatica,chest+empatica+forearm,gel,ecg/JD3K_w0184.npy,acc_chest/JD3K_w0184.npy,ppg_wrist/JD3K_w0184.npy,2.817,6.474,False,0.0,0.0,0.0
JD3K_w0185,JD3K,185,1881.0,1891.0,1881.0,1891.0,run,chest+empatica,chest+empatica+forearm,gel,ecg/JD3K_w0185.npy,acc_chest/JD3K_w0185.npy,ppg_wrist/JD3K_w0185.npy,2.605,6.579,False,0.0,0.0,0.0
JD3K_w0186,JD3K,186,1891.0,1901.0,1891.0,1901.0,run,chest+empatica,chest+empatica+forearm,gel,ecg/JD3K_w0186.npy,acc_chest/JD3K_w0186.npy,ppg_wrist/JD3K_w0186.npy,2.751,6.717,False,0.0,0.0,0.0
JD3K_w0187,JD3K,187,1901.0,1911.0,1901.0,1911.0,run,chest+empatica,chest+empatica+forearm,gel,ecg/JD3K_w0187.npy,acc_chest/JD3K_w0187.npy,ppg_wrist/JD3K_w0187.npy,2.672,5.687,False,0.0,0.0,0.0
JD3K_w0188,JD3K,188,1911.0,1921.0,1911.0,1921.0,run,chest+empatica,chest+empatica+forearm,gel,ecg/JD3K_w0188.npy,acc_chest/JD3K_w0188.npy,ppg_wrist/JD3K_w0188.npy,2.754,6.148,False,0.0,0.0,0.0
JD3K_w0189,JD3K,189,1921.0,1931.0,1921.0,1931.0,run,chest+empatica,chest+empatica+forearm,gel,ecg/JD3K_w0189.npy,acc_chest/JD3K_w0189.npy,ppg_wrist/JD3K_w0189.npy,2.488,6.037,False,0.0,0.0,0.0
JD3K_w0190,JD3K,190,1931.0,1941.0,1931.0,1941.0,run,chest+empatica,chest+empatica+forearm,gel,ecg/JD3K_w0190.npy,acc_chest/JD3K_w0190.npy,ppg_wrist/JD3K_w0190.npy,2.836,6.379,False,0.0,0.0,0.0
JD3K_w0191,JD3K,191,1941.0,1951.0,1941.0,1951.0,run,chest+empatica,chest+empatica+forearm,gel,ecg/JD3K_w0191.npy,acc_chest/JD3K_w0191.npy,ppg_wrist/JD3K_w0191.npy,2.814,6.223,False,0.0,0.0,0.0
JD3K_w0192,JD3K,192,1951.0,1961.0,1951.0,1961.0,run,chest+empatica,chest+empatica+forearm,gel,ecg/JD3K_w0192.npy,acc_chest/JD3K_w0192.npy,ppg_wrist/JD3K_w0192.npy,2.74,6.402,False,0.0,0.0,0.0
JD3K_w0193,JD3K,193,1961.0,1971.0,1961.0,1971.0,run,chest+empatica,chest+empatica+forearm,gel,ecg/JD3K_w0193.npy,acc_chest/JD3K_w0193.npy,ppg_wrist/JD3K_w0193.npy,2.513,5.826,False,0.0,0.0,0.0
JD3K_w0194,JD3K,194,1971.0,1981.0,1971.0,1981.0,run,chest+empatica,chest+empatica+forearm,gel,ecg/JD3K_w0194.npy,acc_chest/JD3K_w0194.npy,ppg_wrist/JD3K_w0194.npy,2.694,8.886,False,0.0,0.0,0.0
JD3K_w0195,JD3K,195,1981.0,1991.0,1981.0,1991.0,run,chest+empatica,chest+empatica+forearm,gel,ecg/JD3K_w0195.npy,acc_chest/JD3K_w0195.npy,ppg_wrist/JD3K_w0195.npy,2.665,8.426,False,0.0,0.0,0.0
JD3K_w0196,JD3K,196,1991.0,2001.0,1991.0,2001.0,run,chest+empatica,chest+empatica+forearm,gel,ecg/JD3K_w0196.npy,acc_chest/JD3K_w0196.npy,ppg_wrist/JD3K_w0196.npy,2.696,6.219,False,0.0,0.0,0.0
JD3K_w0197,JD3K,197,2001.0,2011.0,2001.0,2011.0,run,chest+empatica,chest+empatica+forearm,gel,ecg/JD3K_w0197.npy,acc_chest/JD3K_w0197.npy,ppg_wrist/JD3K_w0197.npy,2.728,5.872,False,0.0,0.0,0.0
JD3K_w0198,JD3K,198,2011.0,2021.0,2011.0,2021.0,run,chest+empatica,chest+empatica+forearm,gel,ecg/JD3K_w0198.npy,acc_chest/JD3K_w0198.npy,ppg_wrist/JD3K_w0198.npy,2.788,6.116,False,0.0,0.0,0.0
JD3K_w0199,JD3K,199,2021.0,2031.0,2021.0,2031.0,run,chest+empatica,chest+empatica+forearm,gel,ecg/JD3K_w0199.npy,acc_chest/JD3K_w0199.npy,ppg_wrist/JD3K_w0199.npy,2.785,6.26,False,0.0,0.0,0.0
JD3K_w0200,JD3K,200,2031.0,2041.0,2031.0,2041.0,run,chest+empatica,chest+empatica+forearm,gel,ecg/JD3K_w0200.npy,acc_chest/JD3K_w0200.npy,ppg_wrist/JD3K_w0200.npy,2.828,6.051,False,0.0,0.0,0.0
JD3K_w0201,JD3K,201,2041.0,2051.0,2041.0,2051.0,run,chest+empatica,chest+empatica+forearm,gel,ecg/JD3K_w0201.npy,acc_chest/JD3K_w0201.npy,ppg_wrist/JD3K_w0201.npy,2.609,5.963,False,0.0,0.0,0.0
JD3K_w0202,JD3K,202,2051.0,2061.0,2051.0,2061.0,run,chest+empatica,chest+empatica+forearm,gel,ecg/JD3K_w0202.npy,acc_chest/JD3K_w0202.npy,ppg_wrist/JD3K_w0202.npy,2.469,6.011,False,0.0,0.0,0.0
JD3K_w0203,JD3K,203,2061.0,2071.0,2061.0,2071.0,run,chest+empatica,chest+empatica+forearm,gel,ecg/JD3K_w0203.npy,acc_chest/JD3K_w0203.npy,ppg_wrist/JD3K_w0203.npy,2.665,6.112,False,0.0,0.0,0.0
JD3K_w0204,JD3K,204,2071.0,2081.0,2071.0,2081.0,run,chest+empatica,chest+empatica+forearm,gel,ecg/JD3K_w0204.npy,acc_chest/JD3K_w0204.npy,ppg_wrist/JD3K_w0204.npy,2.766,6.958,False,0.0,0.0,0.0
JD3K_w0205,JD3K,205,2081.0,2091.0,2081.0,2091.0,run,chest+empatica,chest+empatica+forearm,gel,ecg/JD3K_w0205.npy,acc_chest/JD3K_w0205.npy,ppg_wrist/JD3K_w0205.npy,2.633,6.856,False,0.0,0.0,0.0
JD3K_w0206,JD3K,206,2091.0,2101.0,2091.0,2101.0,run,chest+empatica,chest+empatica+forearm,gel,ecg/JD3K_w0206.npy,acc_chest/JD3K_w0206.npy,ppg_wrist/JD3K_w0206.npy,2.661,6.3,False,0.0,0.0,0.0
JD3K_w0207,JD3K,207,2101.0,2111.0,2101.0,2111.0,run,chest+empatica,chest+empatica+forearm,gel,ecg/JD3K_w0207.npy,acc_chest/JD3K_w0207.npy,ppg_wrist/JD3K_w0207.npy,2.812,6.417,False,0.0,0.0,0.0
JD3K_w0208,JD3K,208,2111.0,2121.0,2111.0,2121.0,run,chest+empatica,chest+empatica+forearm,gel,ecg/JD3K_w0208.npy,acc_chest/JD3K_w0208.npy,ppg_wrist/JD3K_w0208.npy,2.857,6.489,False,0.0,0.0,0.0
JD3K_w0209,JD3K,209,2121.0,2131.0,2121.0,2131.0,run,chest+empatica,chest+empatica+forearm,gel,ecg/JD3K_w0209.npy,acc_chest/JD3K_w0209.npy,ppg_wrist/JD3K_w0209.npy,2.825,6.919,False,0.0,0.0,0.0
JD3K_w0210,JD3K,210,2131.0,2141.0,2131.0,2141.0,run,chest+empatica,chest+empatica+forearm,gel,ecg/JD3K_w0210.npy,acc_chest/JD3K_w0210.npy,ppg_wrist/JD3K_w0210.npy,2.935,6.842,False,0.0,0.0,0.0
JD3K_w0211,JD3K,211,2141.0,2151.0,2141.0,2151.0,run,chest+empatica,chest+empatica+forearm,gel,ecg/JD3K_w0211.npy,acc_chest/JD3K_w0211.npy,ppg_wrist/JD3K_w0211.npy,3.114,6.544,False,0.0,0.0,0.0
JD3K_w0212,JD3K,212,2151.0,2161.0,2151.0,2161.0,run,chest+empatica,chest+empatica+forearm,gel,ecg/JD3K_w0212.npy,acc_chest/JD3K_w0212.npy,ppg_wrist/JD3K_w0212.npy,2.993,6.428,False,0.0,0.0,0.0
JD3K_w0213,JD3K,213,2161.0,2171.0,2161.0,2171.0,run,chest+empatica,chest+empatica+forearm,gel,ecg/JD3K_w0213.npy,acc_chest/JD3K_w0213.npy,ppg_wrist/JD3K_w0213.npy,2.656,5.787,False,0.0,0.0,0.0
JD3K_w0214,JD3K,214,2171.0,2181.0,2171.0,2181.0,run,chest+empatica,chest+empatica+forearm,gel,ecg/JD3K_w0214.npy,acc_chest/JD3K_w0214.npy,ppg_wrist/JD3K_w0214.npy,2.836,6.533,False,0.0,0.0,0.0
JD3K_w0215,JD3K,215,2181.0,2191.0,2181.0,2191.0,run,chest+empatica,chest+empatica+forearm,gel,ecg/JD3K_w0215.npy,acc_chest/JD3K_w0215.npy,ppg_wrist/JD3K_w0215.npy,2.755,6.776,False,0.0,0.0,0.0
JD3K_w0216,JD3K,216,2191.0,2201.0,2191.0,2201.0,run,chest+empatica,chest+empatica+forearm,gel,ecg/JD3K_w0216.npy,acc_chest/JD3K_w0216.npy,ppg_wrist/JD3K_w0216.npy,2.992,6.827,False,0.0,0.0,0.0
JD3K_w0217,JD3K,217,2201.0,2211.0,2201.0,2211.0,run,chest+empatica,chest+empatica+forearm,gel,ecg/JD3K_w0217.npy,acc_chest/JD3K_w0217.npy,ppg_wrist/JD3K_w0217.npy,2.761,6.211,False,0.0,0.0,0.0
JD3K_w0218,JD3K,218,2211.0,2221.0,2211.0,2221.0,run,chest+empatica,chest+empatica+forearm,gel,ecg/JD3K_w0218.npy,acc_chest/JD3K_w0218.npy,ppg_wrist/JD3K_w0218.npy,2.85,7.389,False,0.0,0.0,0.0
JD3K_w0219,JD3K,219,2221.0,2231.0,2221.0,2231.0,run,chest+empatica,chest+empatica+forearm,gel,ecg/JD3K_w0219.npy,acc_chest/JD3K_w0219.npy,ppg_wrist/JD3K_w0219.npy,2.831,7.019,False,0.0,0.0,0.0
JD3K_w0220,JD3K,220,2231.0,2241.0,2231.0,2241.0,run,chest+empatica,chest+empatica+forearm,gel,ecg/JD3K_w0220.npy,acc_chest/JD3K_w0220.npy,ppg_wrist/JD3K_w0220.npy,2.926,6.928,False,0.0,0.0,0.0
JD3K_w0221,JD3K,221,2241.0,2251.0,2241.0,2251.0,run,chest+empatica,chest+empatica+forearm,gel,ecg/JD3K_w0221.npy,acc_chest/JD3K_w0221.npy,ppg_wrist/JD3K_w0221.npy,2.816,6.312,False,0.0,0.0,0.0
JD3K_w0222,JD3K,222,2251.0,2261.0,2251.0,2261.0,run,chest+empatica,chest+empatica+forearm,gel,ecg/JD3K_w0222.npy,acc_chest/JD3K_w0222.npy,ppg_wrist/JD3K_w0222.npy,2.732,6.073,False,0.0,0.0,0.0
JD3K_w0223,JD3K,223,2261.0,2271.0,2261.0,2271.0,run,chest+empatica,chest+empatica+forearm,gel,ecg/JD3K_w0223.npy,acc_chest/JD3K_w0223.npy,ppg_wrist/JD3K_w0223.npy,2.745,6.19,False,0.0,0.0,0.0
JD3K_w0224,JD3K,224,2271.0,2281.0,2271.0,2281.0,run,chest+empatica,chest+empatica+forearm,gel,ecg/JD3K_w0224.npy,acc_chest/JD3K_w0224.npy,ppg_wrist/JD3K_w0224.npy,2.888,7.533,False,0.0,0.0,0.0
JD3K_w0225,JD3K,225,2281.0,2291.0,2281.0,2291.0,run,chest+empatica,chest+empatica+forearm,gel,ecg/JD3K_w0225.npy,acc_chest/JD3K_w0225.npy,ppg_wrist/JD3K_w0225.npy,2.717,7.093,False,0.0,0.0,0.0
JD3K_w0226,JD3K,226,2291.0,2301.0,2291.0,2301.0,run,chest+empatica,chest+empatica+forearm,gel,ecg/JD3K_w0226.npy,acc_chest/JD3K_w0226.npy,ppg_wrist/JD3K_w0226.npy,3.045,6.482,False,0.0,0.0,0.0
JD3K_w0227,JD3K,227,2301.0,2311.0,2301.0,2311.0,run,chest+empatica,chest+empatica+forearm,gel,ecg/JD3K_w0227.npy,acc_chest/JD3K_w0227.npy,ppg_wrist/JD3K_w0227.npy,1.914,5.715,False,0.0,0.0,0.0
JD3K_w0228,JD3K,228,2311.0,2321.0,2311.0,2321.0,run,chest+empatica,chest+empatica+forearm,gel,ecg/JD3K_w0228.npy,acc_chest/JD3K_w0228.npy,ppg_wrist/JD3K_w0228.npy,1.902,6.494,False,0.0,0.0,0.0
JD3K_w0229,JD3K,229,2321.0,2331.0,2321.0,2331.0,run,chest+empatica,chest+empatica+forearm,gel,ecg/JD3K_w0229.npy,acc_chest/JD3K_w0229.npy,ppg_wrist/JD3K_w0229.npy,1.928,5.443,False,0.0,0.0,0.0
JD3K_w0230,JD3K,230,2331.0,2341.0,2331.0,2341.0,run,chest+empatica,chest+empatica+forearm,gel,ecg/JD3K_w0230.npy,acc_chest/JD3K_w0230.npy,ppg_wrist/JD3K_w0230.npy,1.951,4.648,False,0.0,0.0,0.0
JD3K_w0231,JD3K,231,2341.0,2351.0,2341.0,2351.0,run,chest+empatica,chest+empatica+forearm,gel,ecg/JD3K_w0231.npy,acc_chest/JD3K_w0231.npy,ppg_wrist/JD3K_w0231.npy,1.979,4.779,False,0.0,0.0,0.0
JD3K_w0232,JD3K,232,2351.0,2361.0,2351.0,2361.0,run,chest+empatica,chest+empatica+forearm,gel,ecg/JD3K_w0232.npy,acc_chest/JD3K_w0232.npy,ppg_wrist/JD3K_w0232.npy,2.775,6.496,False,0.0,0.0,0.0
JD3K_w0233,JD3K,233,2361.0,2371.0,2361.0,2371.0,run,chest+empatica,chest+empatica+forearm,gel,ecg/JD3K_w0233.npy,acc_chest/JD3K_w0233.npy,ppg_wrist/JD3K_w0233.npy,2.839,6.241,False,0.0,0.0,0.0
JD3K_w0234,JD3K,234,2371.0,2381.0,2371.0,2381.0,run,chest+empatica,chest+empatica+forearm,gel,ecg/JD3K_w0234.npy,acc_chest/JD3K_w0234.npy,ppg_wrist/JD3K_w0234.npy,3.993,26.219,False,0.0,0.0,0.0
JD3K_w0235,JD3K,235,2381.0,2391.0,2381.0,2391.0,run,chest+empatica,chest+empatica+forearm,gel,ecg/JD3K_w0235.npy,acc_chest/JD3K_w0235.npy,ppg_wrist/JD3K_w0235.npy,2.804,6.662,False,0.0,0.0,0.0
JD3K_w0236,JD3K,236,2391.0,2401.0,2391.0,2401.0,run,chest+empatica,chest+empatica+forearm,gel,ecg/JD3K_w0236.npy,acc_chest/JD3K_w0236.npy,ppg_wrist/JD3K_w0236.npy,2.909,7.316,False,0.0,0.0,0.0
JD3K_w0237,JD3K,237,2401.0,2411.0,2401.0,2411.0,run,chest+empatica,chest+empatica+forearm,gel,ecg/JD3K_w0237.npy,acc_chest/JD3K_w0237.npy,ppg_wrist/JD3K_w0237.npy,2.992,7.108,False,0.0,0.0,0.0
JD3K_w0238,JD3K,238,2411.0,2421.0,2411.0,2421.0,run,chest+empatica,chest+empatica+forearm,gel,ecg/JD3K_w0238.npy,acc_chest/JD3K_w0238.npy,ppg_wrist/JD3K_w0238.npy,2.921,6.966,False,0.0,0.0,0.0
JD3K_w0239,JD3K,239,2421.0,2431.0,2421.0,2431.0,run,chest+empatica,chest+empatica+forearm,gel,ecg/JD3K_w0239.npy,acc_chest/JD3K_w0239.npy,ppg_wrist/JD3K_w0239.npy,2.891,6.813,False,0.0,0.0,0.0
JD3K_w0240,JD3K,240,2431.0,2441.0,2431.0,2441.0,run,chest+empatica,chest+empatica+forearm,gel,ecg/JD3K_w0240.npy,acc_chest/JD3K_w0240.npy,ppg_wrist/JD3K_w0240.npy,3.165,7.28,False,0.0,0.0,0.0
JD3K_w0241,JD3K,241,2441.0,2451.0,2441.0,2451.0,run,chest+empatica,chest+empatica+forearm,gel,ecg/JD3K_w0241.npy,acc_chest/JD3K_w0241.npy,ppg_wrist/JD3K_w0241.npy,2.817,6.781,False,0.0,0.0,0.0
JD3K_w0242,JD3K,242,2451.0,2461.0,2451.0,2461.0,run,chest+empatica,chest+empatica+forearm,gel,ecg/JD3K_w0242.npy,acc_chest/JD3K_w0242.npy,ppg_wrist/JD3K_w0242.npy,3.506,9.164,False,0.0,0.0,0.0
JD3K_w0243,JD3K,243,2461.0,2471.0,2461.0,2471.0,run,chest+empatica,chest+empatica+forearm,gel,ecg/JD3K_w0243.npy,acc_chest/JD3K_w0243.npy,ppg_wrist/JD3K_w0243.npy,2.809,6.575,False,0.0,0.0,0.0
JD3K_w0244,JD3K,244,2471.0,2481.0,2471.0,2481.0,run,chest+empatica,chest+empatica+forearm,gel,ecg/JD3K_w0244.npy,acc_chest/JD3K_w0244.npy,ppg_wrist/JD3K_w0244.npy,2.942,6.923,False,0.0,0.0,0.0
JD3K_w0245,JD3K,245,2481.0,2491.0,2481.0,2491.0,run,chest+empatica,chest+empatica+forearm,gel,ecg/JD3K_w0245.npy,acc_chest/JD3K_w0245.npy,ppg_wrist/JD3K_w0245.npy,2.694,6.368,False,0.0,0.0,0.0
JD3K_w0246,JD3K,246,2491.0,2501.0,2491.0,2501.0,run,chest+empatica,chest+empatica+forearm,gel,ecg/JD3K_w0246.npy,acc_chest/JD3K_w0246.npy,ppg_wrist/JD3K_w0246.npy,2.931,6.974,False,0.0,0.0,0.0
JD3K_w0247,JD3K,247,2501.0,2511.0,2501.0,2511.0,run,chest+empatica,chest+empatica+forearm,gel,ecg/JD3K_w0247.npy,acc_chest/JD3K_w0247.npy,ppg_wrist/JD3K_w0247.npy,2.786,6.842,False,0.0,0.0,0.0
JD3K_w0248,JD3K,248,2511.0,2521.0,2511.0,2521.0,run,chest+empatica,chest+empatica+forearm,gel,ecg/JD3K_w0248.npy,acc_chest/JD3K_w0248.npy,ppg_wrist/JD3K_w0248.npy,2.898,6.839,False,0.0,0.0,0.0
JD3K_w0249,JD3K,249,2521.0,2531.0,2521.0,2531.0,run,chest+empatica,chest+empatica+forearm,gel,ecg/JD3K_w0249.npy,acc_chest/JD3K_w0249.npy,ppg_wrist/JD3K_w0249.npy,2.876,6.584,False,0.0,0.0,0.0
JD3K_w0250,JD3K,250,2531.0,2541.0,2531.0,2541.0,run,chest+empatica,chest+empatica+forearm,gel,ecg/JD3K_w0250.npy,acc_chest/JD3K_w0250.npy,ppg_wrist/JD3K_w0250.npy,2.059,4.941,False,0.0,0.0,0.0
JD3K_w0251,JD3K,251,2541.0,2551.0,2541.0,2551.0,run,chest+empatica,chest+empatica+forearm,gel,ecg/JD3K_w0251.npy,acc_chest/JD3K_w0251.npy,ppg_wrist/JD3K_w0251.npy,1.554,4.139,False,0.0,0.0,0.0
JD3K_w0252,JD3K,252,2551.0,2561.0,2551.0,2561.0,run,chest+empatica,chest+empatica+forearm,gel,ecg/JD3K_w0252.npy,acc_chest/JD3K_w0252.npy,ppg_wrist/JD3K_w0252.npy,2.023,6.997,False,0.0,0.0,0.0
JD3K_w0253,JD3K,253,2561.0,2571.0,2561.0,2571.0,run,chest+empatica,chest+empatica+forearm,gel,ecg/JD3K_w0253.npy,acc_chest/JD3K_w0253.npy,ppg_wrist/JD3K_w0253.npy,2.339,18.271,False,0.0,0.0,0.0
JD3K_w0254,JD3K,254,2571.0,2581.0,2571.0,2581.0,run,chest+empatica,chest+empatica+forearm,gel,ecg/JD3K_w0254.npy,acc_chest/JD3K_w0254.npy,ppg_wrist/JD3K_w0254.npy,0.416,15.486,False,0.0,0.0,0.0
JD3K_w0255,JD3K,255,2581.0,2591.0,2581.0,2591.0,run,chest+empatica,chest+empatica+forearm,gel,ecg/JD3K_w0255.npy,acc_chest/JD3K_w0255.npy,ppg_wrist/JD3K_w0255.npy,0.416,15.486,False,0.0,0.0,0.0
JD3K_w0256,JD3K,256,2591.0,2601.0,2591.0,2601.0,run,chest+empatica,chest+empatica+forearm,gel,ecg/JD3K_w0256.npy,acc_chest/JD3K_w0256.npy,ppg_wrist/JD3K_w0256.npy,0.416,15.486,False,0.0,0.0,0.0
JD3K_w0257,JD3K,257,2601.0,2611.0,2601.0,2611.0,run,chest+empatica,chest+empatica+forearm,gel,ecg/JD3K_w0257.npy,acc_chest/JD3K_w0257.npy,ppg_wrist/JD3K_w0257.npy,2.808,17.246,False,0.0,0.0,0.0
JD3K_w0258,JD3K,258,2611.0,2621.0,2611.0,2621.0,run,chest+empatica,chest+empatica+forearm,gel,ecg/JD3K_w0258.npy,acc_chest/JD3K_w0258.npy,ppg_wrist/JD3K_w0258.npy,2.807,6.255,False,0.0,0.0,0.0
JD3K_w0259,JD3K,259,2621.0,2631.0,2621.0,2631.0,run,chest+empatica,chest+empatica+forearm,gel,ecg/JD3K_w0259.npy,acc_chest/JD3K_w0259.npy,ppg_wrist/JD3K_w0259.npy,2.897,6.705,False,0.0,0.0,0.0
JD3K_w0260,JD3K,260,2631.0,2641.0,2631.0,2641.0,run,chest+empatica,chest+empatica+forearm,gel,ecg/JD3K_w0260.npy,acc_chest/JD3K_w0260.npy,ppg_wrist/JD3K_w0260.npy,2.747,6.193,False,0.0,0.0,0.0
JD3K_w0261,JD3K,261,2641.0,2651.0,2641.0,2651.0,run,chest+empatica,chest+empatica+forearm,gel,ecg/JD3K_w0261.npy,acc_chest/JD3K_w0261.npy,ppg_wrist/JD3K_w0261.npy,2.917,6.516,False,0.0,0.0,0.0
JD3K_w0262,JD3K,262,2651.0,2661.0,2651.0,2661.0,run,chest+empatica,chest+empatica+forearm,gel,ecg/JD3K_w0262.npy,acc_chest/JD3K_w0262.npy,ppg_wrist/JD3K_w0262.npy,2.704,5.891,False,0.0,0.0,0.0
JD3K_w0263,JD3K,263,2661.0,2671.0,2661.0,2671.0,run,chest+empatica,chest+empatica+forearm,gel,ecg/JD3K_w0263.npy,acc_chest/JD3K_w0263.npy,ppg_wrist/JD3K_w0263.npy,2.829,6.335,False,0.0,0.0,0.0
JD3K_w0264,JD3K,264,2671.0,2681.0,2671.0,2681.0,run,chest+empatica,chest+empatica+forearm,gel,ecg/JD3K_w0264.npy,acc_chest/JD3K_w0264.npy,ppg_wrist/JD3K_w0264.npy,2.293,6.287,False,0.0,0.0,0.0
JD3K_w0265,JD3K,265,2681.0,2691.0,2681.0,2691.0,run,chest+empatica,chest+empatica+forearm,gel,ecg/JD3K_w0265.npy,acc_chest/JD3K_w0265.npy,ppg_wrist/JD3K_w0265.npy,2.424,7.046,False,0.0,0.0,0.0
JD3K_w0266,JD3K,266,2691.0,2701.0,2691.0,2701.0,run,chest+empatica,chest+empatica+forearm,gel,ecg/JD3K_w0266.npy,acc_chest/JD3K_w0266.npy,ppg_wrist/JD3K_w0266.npy,2.766,6.236,False,0.0,0.0,0.0
JD3K_w0267,JD3K,267,2701.0,2711.0,2701.0,2711.0,run,chest+empatica,chest+empatica+forearm,gel,ecg/JD3K_w0267.npy,acc_chest/JD3K_w0267.npy,ppg_wrist/JD3K_w0267.npy,3.032,7.766,False,0.0,0.0,0.0
JD3K_w0268,JD3K,268,2711.0,2721.0,2711.0,2721.0,run,chest+empatica,chest+empatica+forearm,gel,ecg/JD3K_w0268.npy,acc_chest/JD3K_w0268.npy,ppg_wrist/JD3K_w0268.npy,2.782,6.194,False,0.0,0.0,0.0
JD3K_w0269,JD3K,269,2721.0,2731.0,2721.0,2731.0,run,chest+empatica,chest+empatica+forearm,gel,ecg/JD3K_w0269.npy,acc_chest/JD3K_w0269.npy,ppg_wrist/JD3K_w0269.npy,2.757,5.624,False,0.0,0.0,0.0
JD3K_w0270,JD3K,270,2731.0,2741.0,2731.0,2741.0,run,chest+empatica,chest+empatica+forearm,gel,ecg/JD3K_w0270.npy,acc_chest/JD3K_w0270.npy,ppg_wrist/JD3K_w0270.npy,2.849,6.659,False,0.0,0.0,0.0
JD3K_w0271,JD3K,271,2741.0,2751.0,2741.0,2751.0,run,chest+empatica,chest+empatica+forearm,gel,ecg/JD3K_w0271.npy,acc_chest/JD3K_w0271.npy,ppg_wrist/JD3K_w0271.npy,3.098,7.525,False,0.0,0.0,0.0
JD3K_w0272,JD3K,272,2751.0,2761.0,2751.0,2761.0,run,chest+empatica,chest+empatica+forearm,gel,ecg/JD3K_w0272.npy,acc_chest/JD3K_w0272.npy,ppg_wrist/JD3K_w0272.npy,2.971,6.737,False,0.0,0.0,0.0
JD3K_w0273,JD3K,273,2761.0,2771.0,2761.0,2771.0,run,chest+empatica,chest+empatica+forearm,gel,ecg/JD3K_w0273.npy,acc_chest/JD3K_w0273.npy,ppg_wrist/JD3K_w0273.npy,2.901,7.743,False,0.0,0.0,0.0
JD3K_w0274,JD3K,274,2771.0,2781.0,2771.0,2781.0,run,chest+empatica,chest+empatica+forearm,gel,ecg/JD3K_w0274.npy,acc_chest/JD3K_w0274.npy,ppg_wrist/JD3K_w0274.npy,2.929,7.999,False,0.0,0.0,0.0
JD3K_w0275,JD3K,275,2781.0,2791.0,2781.0,2791.0,run,chest+empatica,chest+empatica+forearm,gel,ecg/JD3K_w0275.npy,acc_chest/JD3K_w0275.npy,ppg_wrist/JD3K_w0275.npy,2.807,6.025,False,0.0,0.0,0.0
JD3K_w0276,JD3K,276,2791.0,2801.0,2791.0,2801.0,run,chest+empatica,chest+empatica+forearm,gel,ecg/JD3K_w0276.npy,acc_chest/JD3K_w0276.npy,ppg_wrist/JD3K_w0276.npy,2.933,6.04,False,0.0,0.0,0.0
JD3K_w0277,JD3K,277,2801.0,2811.0,2801.0,2811.0,run,chest+empatica,chest+empatica+forearm,gel,ecg/JD3K_w0277.npy,acc_chest/JD3K_w0277.npy,ppg_wrist/JD3K_w0277.npy,2.796,6.063,False,0.0,0.0,0.0
JD3K_w0278,JD3K,278,2811.0,2821.0,2811.0,2821.0,run,chest+empatica,chest+empatica+forearm,gel,ecg/JD3K_w0278.npy,acc_chest/JD3K_w0278.npy,ppg_wrist/JD3K_w0278.npy,2.989,7.902,False,0.0,0.0,0.0
JD3K_w0279,JD3K,279,2821.0,2831.0,2821.0,2831.0,run,chest+empatica,chest+empatica+forearm,gel,ecg/JD3K_w0279.npy,acc_chest/JD3K_w0279.npy,ppg_wrist/JD3K_w0279.npy,2.848,7.078,False,0.0,0.0,0.0
JD3K_w0280,JD3K,280,2831.0,2841.0,2831.0,2841.0,run,chest+empatica,chest+empatica+forearm,gel,ecg/JD3K_w0280.npy,acc_chest/JD3K_w0280.npy,ppg_wrist/JD3K_w0280.npy,1.504,4.467,False,0.0,0.0,0.0
JD3K_w0281,JD3K,281,2841.0,2851.0,2841.0,2851.0,walk_after,chest+empatica,chest+empatica+forearm,gel,ecg/JD3K_w0281.npy,acc_chest/JD3K_w0281.npy,ppg_wrist/JD3K_w0281.npy,0.843,3.032,False,0.0,0.0,0.0
JD3K_w0282,JD3K,282,2851.0,2861.0,2851.0,2861.0,walk_after,chest+empatica,chest+empatica+forearm,gel,ecg/JD3K_w0282.npy,acc_chest/JD3K_w0282.npy,ppg_wrist/JD3K_w0282.npy,0.847,2.927,False,0.0,0.0,0.0
JD3K_w0283,JD3K,283,2861.0,2871.0,2861.0,2871.0,walk_after,chest+empatica,chest+empatica+forearm,gel,ecg/JD3K_w0283.npy,acc_chest/JD3K_w0283.npy,ppg_wrist/JD3K_w0283.npy,0.818,2.598,False,0.0,0.0,0.0
JD3K_w0284,JD3K,284,2871.0,2881.0,2871.0,2881.0,walk_after,chest+empatica,chest+empatica+forearm,gel,ecg/JD3K_w0284.npy,acc_chest/JD3K_w0284.npy,ppg_wrist/JD3K_w0284.npy,0.858,2.823,False,0.0,0.0,0.0
JD3K_w0285,JD3K,285,2881.0,2891.0,2881.0,2891.0,walk_after,chest+empatica,chest+empatica+forearm,gel,ecg/JD3K_w0285.npy,acc_chest/JD3K_w0285.npy,ppg_wrist/JD3K_w0285.npy,0.826,3.126,False,0.0,0.0,0.0
JD3K_w0286,JD3K,286,2891.0,2901.0,2891.0,2901.0,walk_after,chest+empatica,chest+empatica+forearm,gel,ecg/JD3K_w0286.npy,acc_chest/JD3K_w0286.npy,ppg_wrist/JD3K_w0286.npy,0.806,3.277,False,0.0,0.0,0.0
JD3K_w0287,JD3K,287,2901.0,2911.0,2901.0,2911.0,walk_after,chest+empatica,chest+empatica+forearm,gel,ecg/JD3K_w0287.npy,acc_chest/JD3K_w0287.npy,ppg_wrist/JD3K_w0287.npy,0.821,3.495,False,0.0,0.0,0.0
JD3K_w0288,JD3K,288,2911.0,2921.0,2911.0,2921.0,walk_after,chest+empatica,chest+empatica+forearm,gel,ecg/JD3K_w0288.npy,acc_chest/JD3K_w0288.npy,ppg_wrist/JD3K_w0288.npy,0.84,3.364,False,0.0,0.0,0.0
JD3K_w0289,JD3K,289,2921.0,2931.0,2921.0,2931.0,walk_after,chest+empatica,chest+empatica+forearm,gel,ecg/JD3K_w0289.npy,acc_chest/JD3K_w0289.npy,ppg_wrist/JD3K_w0289.npy,0.798,3.127,False,0.0,0.0,0.0
JD3K_w0290,JD3K,290,2931.0,2941.0,2931.0,2941.0,walk_after,chest+empatica,chest+empatica+forearm,gel,ecg/JD3K_w0290.npy,acc_chest/JD3K_w0290.npy,ppg_wrist/JD3K_w0290.npy,0.821,2.921,False,0.0,0.0,0.0
JD3K_w0291,JD3K,291,2941.0,2951.0,2941.0,2951.0,walk_after,chest+empatica,chest+empatica+forearm,gel,ecg/JD3K_w0291.npy,acc_chest/JD3K_w0291.npy,ppg_wrist/JD3K_w0291.npy,0.8,3.005,False,0.0,0.0,0.0
JD3K_w0292,JD3K,292,2951.0,2961.0,2951.0,2961.0,walk_after,chest+empatica,chest+empatica+forearm,gel,ecg/JD3K_w0292.npy,acc_chest/JD3K_w0292.npy,ppg_wrist/JD3K_w0292.npy,0.829,2.95,False,0.0,0.0,0.0
JD3K_w0293,JD3K,293,2961.0,2971.0,2961.0,2971.0,walk_after,chest+empatica,chest+empatica+forearm,gel,ecg/JD3K_w0293.npy,acc_chest/JD3K_w0293.npy,ppg_wrist/JD3K_w0293.npy,0.838,3.076,False,0.0,0.0,0.0
JD3K_w0294,JD3K,294,2971.0,2981.0,2971.0,2974.0,walk_after,chest+empatica,chest+empatica+forearm,gel,ecg/JD3K_w0294.npy,acc_chest/JD3K_w0294.npy,ppg_wrist/JD3K_w0294.npy,0.948,5.766,True,0.7,0.7,0.0
K2Q2_w0000,K2Q2,0,118.0,128.0,118.0,128.0,unknown,chest+empatica,chest+empatica+forearm,gel,ecg/K2Q2_w0000.npy,acc_chest/K2Q2_w0000.npy,ppg_wrist/K2Q2_w0000.npy,0.75,3.724,False,0.0,0.0,0.0
K2Q2_w0001,K2Q2,1,128.0,138.0,128.0,138.0,unknown,chest+empatica,chest+empatica+forearm,gel,ecg/K2Q2_w0001.npy,acc_chest/K2Q2_w0001.npy,ppg_wrist/K2Q2_w0001.npy,0.725,3.703,False,0.0,0.0,0.0
K2Q2_w0002,K2Q2,2,138.0,148.0,138.0,148.0,unknown,chest+empatica,chest+empatica+forearm,gel,ecg/K2Q2_w0002.npy,acc_chest/K2Q2_w0002.npy,ppg_wrist/K2Q2_w0002.npy,0.723,4.057,False,0.0,0.0,0.0
K2Q2_w0003,K2Q2,3,148.0,158.0,148.0,158.0,unknown,chest+empatica,chest+empatica+forearm,gel,ecg/K2Q2_w0003.npy,acc_chest/K2Q2_w0003.npy,ppg_wrist/K2Q2_w0003.npy,0.882,4.784,False,0.0,0.0,0.0
K2Q2_w0004,K2Q2,4,158.0,168.0,158.0,168.0,unknown,chest+empatica,chest+empatica+forearm,gel,ecg/K2Q2_w0004.npy,acc_chest/K2Q2_w0004.npy,ppg_wrist/K2Q2_w0004.npy,0.771,4.681,False,0.0,0.0,0.0
K2Q2_w0005,K2Q2,5,168.0,178.0,168.0,178.0,unknown,chest+empatica,chest+empatica+forearm,gel,ecg/K2Q2_w0005.npy,acc_chest/K2Q2_w0005.npy,ppg_wrist/K2Q2_w0005.npy,0.805,4.091,False,0.0,0.0,0.0
K2Q2_w0006,K2Q2,6,178.0,188.0,178.0,188.0,unknown,chest+empatica,chest+empatica+forearm,gel,ecg/K2Q2_w0006.npy,acc_chest/K2Q2_w0006.npy,ppg_wrist/K2Q2_w0006.npy,0.729,3.738,False,0.0,0.0,0.0
K2Q2_w0007,K2Q2,7,188.0,198.0,188.0,198.0,unknown,chest+empatica,chest+empatica+forearm,gel,ecg/K2Q2_w0007.npy,acc_chest/K2Q2_w0007.npy,ppg_wrist/K2Q2_w0007.npy,0.734,3.952,False,0.0,0.0,0.0
K2Q2_w0008,K2Q2,8,198.0,208.0,198.0,208.0,unknown,chest+empatica,chest+empatica+forearm,gel,ecg/K2Q2_w0008.npy,acc_chest/K2Q2_w0008.npy,ppg_wrist/K2Q2_w0008.npy,0.72,4.599,False,0.0,0.0,0.0
K2Q2_w0009,K2Q2,9,208.0,218.0,208.0,218.0,unknown,chest+empatica,chest+empatica+forearm,gel,ecg/K2Q2_w0009.npy,acc_chest/K2Q2_w0009.npy,ppg_wrist/K2Q2_w0009.npy,0.768,4.617,False,0.0,0.0,0.0
K2Q2_w0010,K2Q2,10,218.0,228.0,218.0,228.0,unknown,chest+empatica,chest+empatica+forearm,gel,ecg/K2Q2_w0010.npy,acc_chest/K2Q2_w0010.npy,ppg_wrist/K2Q2_w0010.npy,0.348,12.948,False,0.0,0.0,0.0
K2Q2_w0011,K2Q2,11,228.0,238.0,228.0,238.0,unknown,chest+empatica,chest+empatica+forearm,gel,ecg/K2Q2_w0011.npy,acc_chest/K2Q2_w0011.npy,ppg_wrist/K2Q2_w0011.npy,0.348,12.948,False,0.0,0.0,0.0
K2Q2_w0012,K2Q2,12,238.0,248.0,238.0,248.0,unknown,chest+empatica,chest+empatica+forearm,gel,ecg/K2Q2_w0012.npy,acc_chest/K2Q2_w0012.npy,ppg_wrist/K2Q2_w0012.npy,0.348,12.948,False,0.0,0.0,0.0
K2Q2_w0013,K2Q2,13,248.0,258.0,248.0,258.0,unknown,chest+empatica,chest+empatica+forearm,gel,ecg/K2Q2_w0013.npy,acc_chest/K2Q2_w0013.npy,ppg_wrist/K2Q2_w0013.npy,0.348,12.948,False,0.0,0.0,0.0
K2Q2_w0014,K2Q2,14,258.0,268.0,258.0,268.0,unknown,chest+empatica,chest+empatica+forearm,gel,ecg/K2Q2_w0014.npy,acc_chest/K2Q2_w0014.npy,ppg_wrist/K2Q2_w0014.npy,0.348,12.948,False,0.0,0.0,0.0
K2Q2_w0015,K2Q2,15,268.0,278.0,268.0,278.0,baseline,chest+empatica,chest+empatica+forearm,gel,ecg/K2Q2_w0015.npy,acc_chest/K2Q2_w0015.npy,ppg_wrist/K2Q2_w0015.npy,0.676,11.733,False,0.0,0.0,0.0
K2Q2_w0016,K2Q2,16,278.0,288.0,278.0,288.0,baseline,chest+empatica,chest+empatica+forearm,gel,ecg/K2Q2_w0016.npy,acc_chest/K2Q2_w0016.npy,ppg_wrist/K2Q2_w0016.npy,0.694,3.313,False,0.0,0.0,0.0
K2Q2_w0017,K2Q2,17,288.0,298.0,288.0,298.0,baseline,chest+empatica,chest+empatica+forearm,gel,ecg/K2Q2_w0017.npy,acc_chest/K2Q2_w0017.npy,ppg_wrist/K2Q2_w0017.npy,0.721,4.269,False,0.0,0.0,0.0
K2Q2_w0018,K2Q2,18,298.0,308.0,298.0,308.0,baseline,chest+empatica,chest+empatica+forearm,gel,ecg/K2Q2_w0018.npy,acc_chest/K2Q2_w0018.npy,ppg_wrist/K2Q2_w0018.npy,0.727,4.364,False,0.0,0.0,0.0
K2Q2_w0019,K2Q2,19,308.0,318.0,308.0,318.0,baseline,chest+empatica,chest+empatica+forearm,gel,ecg/K2Q2_w0019.npy,acc_chest/K2Q2_w0019.npy,ppg_wrist/K2Q2_w0019.npy,0.715,2.803,False,0.0,0.0,0.0
K2Q2_w0020,K2Q2,20,318.0,328.0,318.0,328.0,baseline,chest+empatica,chest+empatica+forearm,gel,ecg/K2Q2_w0020.npy,acc_chest/K2Q2_w0020.npy,ppg_wrist/K2Q2_w0020.npy,0.705,3.668,False,0.0,0.0,0.0
K2Q2_w0021,K2Q2,21,328.0,338.0,328.0,338.0,baseline,chest+empatica,chest+empatica+forearm,gel,ecg/K2Q2_w0021.npy,acc_chest/K2Q2_w0021.npy,ppg_wrist/K2Q2_w0021.npy,0.722,4.189,False,0.0,0.0,0.0
K2Q2_w0022,K2Q2,22,338.0,348.0,338.0,348.0,baseline,chest+empatica,chest+empatica+forearm,gel,ecg/K2Q2_w0022.npy,acc_chest/K2Q2_w0022.npy,ppg_wrist/K2Q2_w0022.npy,0.732,3.745,False,0.0,0.0,0.0
K2Q2_w0023,K2Q2,23,348.0,358.0,348.0,358.0,baseline,chest+empatica,chest+empatica+forearm,gel,ecg/K2Q2_w0023.npy,acc_chest/K2Q2_w0023.npy,ppg_wrist/K2Q2_w0023.npy,0.755,3.621,False,0.0,0.0,0.0
K2Q2_w0024,K2Q2,24,358.0,368.0,358.0,368.0,baseline,chest+empatica,chest+empatica+forearm,gel,ecg/K2Q2_w0024.npy,acc_chest/K2Q2_w0024.npy,ppg_wrist/K2Q2_w0024.npy,1.065,13.127,False,0.0,0.0,0.0
K2Q2_w0025,K2Q2,25,368.0,378.0,368.0,378.0,baseline,chest+empatica,chest+empatica+forearm,gel,ecg/K2Q2_w0025.npy,acc_chest/K2Q2_w0025.npy,ppg_wrist/K2Q2_w0025.npy,0.348,12.948,False,0.0,0.0,0.0
K2Q2_w0026,K2Q2,26,378.0,388.0,378.0,388.0,baseline,chest+empatica,chest+empatica+forearm,gel,ecg/K2Q2_w0026.npy,acc_chest/K2Q2_w0026.npy,ppg_wrist/K2Q2_w0026.npy,0.348,12.948,False,0.0,0.0,0.0
K2Q2_w0027,K2Q2,27,388.0,398.0,388.0,398.0,baseline,chest+empatica,chest+empatica+forearm,gel,ecg/K2Q2_w0027.npy,acc_chest/K2Q2_w0027.npy,ppg_wrist/K2Q2_w0027.npy,0.348,12.948,False,0.0,0.0,0.0
K2Q2_w0028,K2Q2,28,398.0,408.0,398.0,408.0,lift,chest+empatica,chest+empatica+forearm,gel,ecg/K2Q2_w0028.npy,acc_chest/K2Q2_w0028.npy,ppg_wrist/K2Q2_w0028.npy,0.763,13.092,False,0.0,0.0,0.0
K2Q2_w0029,K2Q2,29,408.0,418.0,408.0,418.0,lift,chest+empatica,chest+empatica+forearm,gel,ecg/K2Q2_w0029.npy,acc_chest/K2Q2_w0029.npy,ppg_wrist/K2Q2_w0029.npy,0.73,4.202,False,0.0,0.0,0.0
K2Q2_w0030,K2Q2,30,418.0,428.0,418.0,428.0,lift,chest+empatica,chest+empatica+forearm,gel,ecg/K2Q2_w0030.npy,acc_chest/K2Q2_w0030.npy,ppg_wrist/K2Q2_w0030.npy,0.759,4.343,False,0.0,0.0,0.0
K2Q2_w0031,K2Q2,31,428.0,438.0,428.0,438.0,lift,chest+empatica,chest+empatica+forearm,gel,ecg/K2Q2_w0031.npy,acc_chest/K2Q2_w0031.npy,ppg_wrist/K2Q2_w0031.npy,0.81,3.865,False,0.0,0.0,0.0
K2Q2_w0032,K2Q2,32,438.0,448.0,438.0,448.0,lift,chest+empatica,chest+empatica+forearm,gel,ecg/K2Q2_w0032.npy,acc_chest/K2Q2_w0032.npy,ppg_wrist/K2Q2_w0032.npy,0.776,4.322,False,0.0,0.0,0.0
K2Q2_w0033,K2Q2,33,448.0,458.0,448.0,458.0,lift,chest+empatica,chest+empatica+forearm,gel,ecg/K2Q2_w0033.npy,acc_chest/K2Q2_w0033.npy,ppg_wrist/K2Q2_w0033.npy,0.744,4.351,False,0.0,0.0,0.0
K2Q2_w0034,K2Q2,34,458.0,468.0,458.0,468.0,lift,chest+empatica,chest+empatica+forearm,gel,ecg/K2Q2_w0034.npy,acc_chest/K2Q2_w0034.npy,ppg_wrist/K2Q2_w0034.npy,0.732,4.265,False,0.0,0.0,0.0
K2Q2_w0035,K2Q2,35,468.0,478.0,468.0,478.0,lift,chest+empatica,chest+empatica+forearm,gel,ecg/K2Q2_w0035.npy,acc_chest/K2Q2_w0035.npy,ppg_wrist/K2Q2_w0035.npy,0.63,12.841,False,0.0,0.0,0.0
K2Q2_w0036,K2Q2,36,478.0,488.0,478.0,488.0,lift,chest+empatica,chest+empatica+forearm,gel,ecg/K2Q2_w0036.npy,acc_chest/K2Q2_w0036.npy,ppg_wrist/K2Q2_w0036.npy,0.348,12.948,False,0.0,0.0,0.0
K2Q2_w0037,K2Q2,37,488.0,498.0,488.0,498.0,lift,chest+empatica,chest+empatica+forearm,gel,ecg/K2Q2_w0037.npy,acc_chest/K2Q2_w0037.npy,ppg_wrist/K2Q2_w0037.npy,0.348,12.948,False,0.0,0.0,0.0
K2Q2_w0038,K2Q2,38,498.0,508.0,498.0,508.0,lift,chest+empatica,chest+empatica+forearm,gel,ecg/K2Q2_w0038.npy,acc_chest/K2Q2_w0038.npy,ppg_wrist/K2Q2_w0038.npy,0.348,12.948,False,0.0,0.0,0.0
K2Q2_w0039,K2Q2,39,508.0,518.0,508.0,518.0,lift,chest+empatica,chest+empatica+forearm,gel,ecg/K2Q2_w0039.npy,acc_chest/K2Q2_w0039.npy,ppg_wrist/K2Q2_w0039.npy,0.348,12.948,False,0.0,0.0,0.0
K2Q2_w0040,K2Q2,40,518.0,528.0,518.0,528.0,lift,chest+empatica,chest+empatica+forearm,gel,ecg/K2Q2_w0040.npy,acc_chest/K2Q2_w0040.npy,ppg_wrist/K2Q2_w0040.npy,0.348,12.948,False,0.0,0.0,0.0
K2Q2_w0041,K2Q2,41,528.0,538.0,528.0,538.0,lift,chest+empatica,chest+empatica+forearm,gel,ecg/K2Q2_w0041.npy,acc_chest/K2Q2_w0041.npy,ppg_wrist/K2Q2_w0041.npy,0.348,12.948,False,0.0,0.0,0.0
K2Q2_w0042,K2Q2,42,538.0,548.0,538.0,548.0,lift,chest+empatica,chest+empatica+forearm,gel,ecg/K2Q2_w0042.npy,acc_chest/K2Q2_w0042.npy,ppg_wrist/K2Q2_w0042.npy,0.584,13.178,False,0.0,0.0,0.0
K2Q2_w0043,K2Q2,43,548.0,558.0,548.0,558.0,greetings,chest+empatica,chest+empatica+forearm,gel,ecg/K2Q2_w0043.npy,acc_chest/K2Q2_w0043.npy,ppg_wrist/K2Q2_w0043.npy,0.706,4.005,False,0.0,0.0,0.0
K2Q2_w0044,K2Q2,44,558.0,568.0,558.0,568.0,greetings,chest+empatica,chest+empatica+forearm,gel,ecg/K2Q2_w0044.npy,acc_chest/K2Q2_w0044.npy,ppg_wrist/K2Q2_w0044.npy,0.704,3.9,False,0.0,0.0,0.0
K2Q2_w0045,K2Q2,45,568.0,578.0,568.0,578.0,greetings,chest+empatica,chest+empatica+forearm,gel,ecg/K2Q2_w0045.npy,acc_chest/K2Q2_w0045.npy,ppg_wrist/K2Q2_w0045.npy,0.795,4.23,False,0.0,0.0,0.0
K2Q2_w0046,K2Q2,46,578.0,588.0,578.0,588.0,greetings,chest+empatica,chest+empatica+forearm,gel,ecg/K2Q2_w0046.npy,acc_chest/K2Q2_w0046.npy,ppg_wrist/K2Q2_w0046.npy,0.766,4.979,False,0.0,0.0,0.0
K2Q2_w0047,K2Q2,47,588.0,598.0,588.0,598.0,greetings,chest+empatica,chest+empatica+forearm,gel,ecg/K2Q2_w0047.npy,acc_chest/K2Q2_w0047.npy,ppg_wrist/K2Q2_w0047.npy,0.823,5.105,False,0.0,0.0,0.0
K2Q2_w0048,K2Q2,48,598.0,608.0,598.0,608.0,greetings,chest+empatica,chest+empatica+forearm,gel,ecg/K2Q2_w0048.npy,acc_chest/K2Q2_w0048.npy,ppg_wrist/K2Q2_w0048.npy,0.74,4.044,False,0.0,0.0,0.0
K2Q2_w0049,K2Q2,49,608.0,618.0,608.0,618.0,greetings,chest+empatica,chest+empatica+forearm,gel,ecg/K2Q2_w0049.npy,acc_chest/K2Q2_w0049.npy,ppg_wrist/K2Q2_w0049.npy,0.838,4.793,False,0.0,0.0,0.0
K2Q2_w0050,K2Q2,50,618.0,628.0,618.0,628.0,greetings,chest+empatica,chest+empatica+forearm,gel,ecg/K2Q2_w0050.npy,acc_chest/K2Q2_w0050.npy,ppg_wrist/K2Q2_w0050.npy,0.714,4.119,False,0.0,0.0,0.0
K2Q2_w0051,K2Q2,51,628.0,638.0,628.0,638.0,greetings,chest+empatica,chest+empatica+forearm,gel,ecg/K2Q2_w0051.npy,acc_chest/K2Q2_w0051.npy,ppg_wrist/K2Q2_w0051.npy,0.738,3.838,False,0.0,0.0,0.0
K2Q2_w0052,K2Q2,52,638.0,648.0,638.0,648.0,greetings,chest+empatica,chest+empatica+forearm,gel,ecg/K2Q2_w0052.npy,acc_chest/K2Q2_w0052.npy,ppg_wrist/K2Q2_w0052.npy,0.559,13.208,False,0.0,0.0,0.0
K2Q2_w0053,K2Q2,53,648.0,658.0,648.0,658.0,greetings,chest+empatica,chest+empatica+forearm,gel,ecg/K2Q2_w0053.npy,acc_chest/K2Q2_w0053.npy,ppg_wrist/K2Q2_w0053.npy,0.348,12.948,False,0.0,0.0,0.0
K2Q2_w0054,K2Q2,54,658.0,668.0,658.0,668.0,greetings,chest+empatica,chest+empatica+forearm,gel,ecg/K2Q2_w0054.npy,acc_chest/K2Q2_w0054.npy,ppg_wrist/K2Q2_w0054.npy,0.348,12.948,False,0.0,0.0,0.0
K2Q2_w0055,K2Q2,55,668.0,678.0,668.0,678.0,greetings,chest+empatica,chest+empatica+forearm,gel,ecg/K2Q2_w0055.npy,acc_chest/K2Q2_w0055.npy,ppg_wrist/K2Q2_w0055.npy,0.348,12.948,False,0.0,0.0,0.0
K2Q2_w0056,K2Q2,56,678.0,688.0,678.0,688.0,greetings,chest+empatica,chest+empatica+forearm,gel,ecg/K2Q2_w0056.npy,acc_chest/K2Q2_w0056.npy,ppg_wrist/K2Q2_w0056.npy,0.348,12.948,False,0.0,0.0,0.0
K2Q2_w0057,K2Q2,57,688.0,698.0,688.0,698.0,greetings,chest+empatica,chest+empatica+forearm,gel,ecg/K2Q2_w0057.npy,acc_chest/K2Q2_w0057.npy,ppg_wrist/K2Q2_w0057.npy,0.348,12.948,False,0.0,0.0,0.0
K2Q2_w0058,K2Q2,58,698.0,708.0,698.0,708.0,greetings,chest+empatica,chest+empatica+forearm,gel,ecg/K2Q2_w0058.npy,acc_chest/K2Q2_w0058.npy,ppg_wrist/K2Q2_w0058.npy,0.348,12.948,False,0.0,0.0,0.0
K2Q2_w0059,K2Q2,59,708.0,718.0,708.0,718.0,greetings,chest+empatica,chest+empatica+forearm,gel,ecg/K2Q2_w0059.npy,acc_chest/K2Q2_w0059.npy,ppg_wrist/K2Q2_w0059.npy,0.348,12.948,False,0.0,0.0,0.0
K2Q2_w0060,K2Q2,60,718.0,728.0,718.0,728.0,greetings,chest+empatica,chest+empatica+forearm,gel,ecg/K2Q2_w0060.npy,acc_chest/K2Q2_w0060.npy,ppg_wrist/K2Q2_w0060.npy,0.348,12.948,False,0.0,0.0,0.0
K2Q2_w0061,K2Q2,61,728.0,738.0,728.0,738.0,greetings,chest+empatica,chest+empatica+forearm,gel,ecg/K2Q2_w0061.npy,acc_chest/K2Q2_w0061.npy,ppg_wrist/K2Q2_w0061.npy,0.348,12.948,False,0.0,0.0,0.0
K2Q2_w0062,K2Q2,62,738.0,748.0,738.0,748.0,greetings,chest+empatica,chest+empatica+forearm,gel,ecg/K2Q2_w0062.npy,acc_chest/K2Q2_w0062.npy,ppg_wrist/K2Q2_w0062.npy,0.348,12.948,False,0.0,0.0,0.0
K2Q2_w0063,K2Q2,63,748.0,758.0,748.0,758.0,greetings,chest+empatica,chest+empatica+forearm,gel,ecg/K2Q2_w0063.npy,acc_chest/K2Q2_w0063.npy,ppg_wrist/K2Q2_w0063.npy,0.348,12.948,False,0.0,0.0,0.0
K2Q2_w0064,K2Q2,64,758.0,768.0,758.0,768.0,greetings,chest+empatica,chest+empatica+forearm,gel,ecg/K2Q2_w0064.npy,acc_chest/K2Q2_w0064.npy,ppg_wrist/K2Q2_w0064.npy,0.348,12.948,False,0.0,0.0,0.0
K2Q2_w0065,K2Q2,65,768.0,778.0,768.0,778.0,greetings,chest+empatica,chest+empatica+forearm,gel,ecg/K2Q2_w0065.npy,acc_chest/K2Q2_w0065.npy,ppg_wrist/K2Q2_w0065.npy,0.348,12.948,False,0.0,0.0,0.0
K2Q2_w0066,K2Q2,66,778.0,788.0,778.0,788.0,greetings,chest+empatica,chest+empatica+forearm,gel,ecg/K2Q2_w0066.npy,acc_chest/K2Q2_w0066.npy,ppg_wrist/K2Q2_w0066.npy,0.348,12.948,False,0.0,0.0,0.0
K2Q2_w0067,K2Q2,67,788.0,798.0,788.0,798.0,greetings,chest+empatica,chest+empatica+forearm,gel,ecg/K2Q2_w0067.npy,acc_chest/K2Q2_w0067.npy,ppg_wrist/K2Q2_w0067.npy,0.348,12.948,False,0.0,0.0,0.0
K2Q2_w0068,K2Q2,68,798.0,808.0,798.0,808.0,greetings,chest+empatica,chest+empatica+forearm,gel,ecg/K2Q2_w0068.npy,acc_chest/K2Q2_w0068.npy,ppg_wrist/K2Q2_w0068.npy,0.895,13.161,False,0.0,0.0,0.0
K2Q2_w0069,K2Q2,69,808.0,818.0,808.0,818.0,greetings,chest+empatica,chest+empatica+forearm,gel,ecg/K2Q2_w0069.npy,acc_chest/K2Q2_w0069.npy,ppg_wrist/K2Q2_w0069.npy,1.377,4.468,False,0.0,0.0,0.0
K2Q2_w0070,K2Q2,70,818.0,828.0,818.0,828.0,greetings,chest+empatica,chest+empatica+forearm,gel,ecg/K2Q2_w0070.npy,acc_chest/K2Q2_w0070.npy,ppg_wrist/K2Q2_w0070.npy,1.343,4.803,False,0.0,0.0,0.0
K2Q2_w0071,K2Q2,71,828.0,838.0,828.0,838.0,greetings,chest+empatica,chest+empatica+forearm,gel,ecg/K2Q2_w0071.npy,acc_chest/K2Q2_w0071.npy,ppg_wrist/K2Q2_w0071.npy,0.734,3.66,False,0.0,0.0,0.0
K2Q2_w0072,K2Q2,72,838.0,848.0,838.0,848.0,greetings,chest+empatica,chest+empatica+forearm,gel,ecg/K2Q2_w0072.npy,acc_chest/K2Q2_w0072.npy,ppg_wrist/K2Q2_w0072.npy,0.722,4.068,False,0.0,0.0,0.0
K2Q2_w0073,K2Q2,73,848.0,858.0,848.0,858.0,greetings,chest+empatica,chest+empatica+forearm,gel,ecg/K2Q2_w0073.npy,acc_chest/K2Q2_w0073.npy,ppg_wrist/K2Q2_w0073.npy,0.599,13.2,False,0.0,0.0,0.0
K2Q2_w0074,K2Q2,74,858.0,868.0,858.0,868.0,greetings,chest+empatica,chest+empatica+forearm,gel,ecg/K2Q2_w0074.npy,acc_chest/K2Q2_w0074.npy,ppg_wrist/K2Q2_w0074.npy,0.348,12.948,False,0.0,0.0,0.0
K2Q2_w0075,K2Q2,75,868.0,878.0,868.0,878.0,greetings,chest+empatica,chest+empatica+forearm,gel,ecg/K2Q2_w0075.npy,acc_chest/K2Q2_w0075.npy,ppg_wrist/K2Q2_w0075.npy,0.348,12.948,False,0.0,0.0,0.0
K2Q2_w0076,K2Q2,76,878.0,888.0,878.0,888.0,greetings,chest+empatica,chest+empatica+forearm,gel,ecg/K2Q2_w0076.npy,acc_chest/K2Q2_w0076.npy,ppg_wrist/K2Q2_w0076.npy,0.348,12.948,False,0.0,0.0,0.0
K2Q2_w0077,K2Q2,77,888.0,898.0,888.0,898.0,greetings,chest+empatica,chest+empatica+forearm,gel,ecg/K2Q2_w0077.npy,acc_chest/K2Q2_w0077.npy,ppg_wrist/K2Q2_w0077.npy,0.348,12.948,False,0.0,0.0,0.0
K2Q2_w0078,K2Q2,78,898.0,908.0,898.0,908.0,greetings,chest+empatica,chest+empatica+forearm,gel,ecg/K2Q2_w0078.npy,acc_chest/K2Q2_w0078.npy,ppg_wrist/K2Q2_w0078.npy,0.348,12.948,False,0.0,0.0,0.0
K2Q2_w0079,K2Q2,79,908.0,918.0,908.0,918.0,greetings,chest+empatica,chest+empatica+forearm,gel,ecg/K2Q2_w0079.npy,acc_chest/K2Q2_w0079.npy,ppg_wrist/K2Q2_w0079.npy,0.348,12.948,False,0.0,0.0,0.0
K2Q2_w0080,K2Q2,80,918.0,928.0,918.0,928.0,walk_before,chest+empatica,chest+empatica+forearm,gel,ecg/K2Q2_w0080.npy,acc_chest/K2Q2_w0080.npy,ppg_wrist/K2Q2_w0080.npy,0.884,12.805,False,0.0,0.0,0.0
K2Q2_w0081,K2Q2,81,928.0,938.0,928.0,938.0,walk_before,chest+empatica,chest+empatica+forearm,gel,ecg/K2Q2_w0081.npy,acc_chest/K2Q2_w0081.npy,ppg_wrist/K2Q2_w0081.npy,0.89,3.655,False,0.0,0.0,0.0
K2Q2_w0082,K2Q2,82,938.0,948.0,938.0,948.0,walk_before,chest+empatica,chest+empatica+forearm,gel,ecg/K2Q2_w0082.npy,acc_chest/K2Q2_w0082.npy,ppg_wrist/K2Q2_w0082.npy,0.847,3.79,False,0.0,0.0,0.0
K2Q2_w0083,K2Q2,83,948.0,958.0,948.0,958.0,walk_before,chest+empatica,chest+empatica+forearm,gel,ecg/K2Q2_w0083.npy,acc_chest/K2Q2_w0083.npy,ppg_wrist/K2Q2_w0083.npy,0.994,4.418,False,0.0,0.0,0.0
K2Q2_w0084,K2Q2,84,958.0,968.0,958.0,968.0,walk_before,chest+empatica,chest+empatica+forearm,gel,ecg/K2Q2_w0084.npy,acc_chest/K2Q2_w0084.npy,ppg_wrist/K2Q2_w0084.npy,1.598,5.371,False,0.0,0.0,0.0
K2Q2_w0085,K2Q2,85,968.0,978.0,968.0,978.0,walk_before,chest+empatica,chest+empatica+forearm,gel,ecg/K2Q2_w0085.npy,acc_chest/K2Q2_w0085.npy,ppg_wrist/K2Q2_w0085.npy,1.48,5.153,False,0.0,0.0,0.0
K2Q2_w0086,K2Q2,86,978.0,988.0,978.0,988.0,walk_before,chest+empatica,chest+empatica+forearm,gel,ecg/K2Q2_w0086.npy,acc_chest/K2Q2_w0086.npy,ppg_wrist/K2Q2_w0086.npy,1.014,4.318,False,0.0,0.0,0.0
K2Q2_w0087,K2Q2,87,988.0,998.0,988.0,998.0,walk_before,chest+empatica,chest+empatica+forearm,gel,ecg/K2Q2_w0087.npy,acc_chest/K2Q2_w0087.npy,ppg_wrist/K2Q2_w0087.npy,1.093,4.798,False,0.0,0.0,0.0
K2Q2_w0088,K2Q2,88,998.0,1008.0,998.0,1008.0,walk_before,chest+empatica,chest+empatica+forearm,gel,ecg/K2Q2_w0088.npy,acc_chest/K2Q2_w0088.npy,ppg_wrist/K2Q2_w0088.npy,1.014,4.071,False,0.0,0.0,0.0
K2Q2_w0089,K2Q2,89,1008.0,1018.0,1008.0,1018.0,walk_before,chest+empatica,chest+empatica+forearm,gel,ecg/K2Q2_w0089.npy,acc_chest/K2Q2_w0089.npy,ppg_wrist/K2Q2_w0089.npy,1.048,3.606,False,0.0,0.0,0.0
K2Q2_w0090,K2Q2,90,1018.0,1028.0,1018.0,1028.0,walk_before,chest+empatica,chest+empatica+forearm,gel,ecg/K2Q2_w0090.npy,acc_chest/K2Q2_w0090.npy,ppg_wrist/K2Q2_w0090.npy,1.121,4.163,False,0.0,0.0,0.0
K2Q2_w0091,K2Q2,91,1028.0,1038.0,1028.0,1038.0,walk_before,chest+empatica,chest+empatica+forearm,gel,ecg/K2Q2_w0091.npy,acc_chest/K2Q2_w0091.npy,ppg_wrist/K2Q2_w0091.npy,1.032,4.092,False,0.0,0.0,0.0
K2Q2_w0092,K2Q2,92,1038.0,1048.0,1038.0,1048.0,walk_before,chest+empatica,chest+empatica+forearm,gel,ecg/K2Q2_w0092.npy,acc_chest/K2Q2_w0092.npy,ppg_wrist/K2Q2_w0092.npy,1.06,3.642,False,0.0,0.0,0.0
K2Q2_w0093,K2Q2,93,1048.0,1058.0,1048.0,1058.0,walk_before,chest+empatica,chest+empatica+forearm,gel,ecg/K2Q2_w0093.npy,acc_chest/K2Q2_w0093.npy,ppg_wrist/K2Q2_w0093.npy,0.938,3.804,False,0.0,0.0,0.0
K2Q2_w0094,K2Q2,94,1058.0,1068.0,1058.0,1068.0,walk_before,chest+empatica,chest+empatica+forearm,gel,ecg/K2Q2_w0094.npy,acc_chest/K2Q2_w0094.npy,ppg_wrist/K2Q2_w0094.npy,0.952,4.029,False,0.0,0.0,0.0
K2Q2_w0095,K2Q2,95,1068.0,1078.0,1068.0,1078.0,walk_before,chest+empatica,chest+empatica+forearm,gel,ecg/K2Q2_w0095.npy,acc_chest/K2Q2_w0095.npy,ppg_wrist/K2Q2_w0095.npy,0.985,4.462,False,0.0,0.0,0.0
K2Q2_w0096,K2Q2,96,1078.0,1088.0,1078.0,1088.0,walk_before,chest+empatica,chest+empatica+forearm,gel,ecg/K2Q2_w0096.npy,acc_chest/K2Q2_w0096.npy,ppg_wrist/K2Q2_w0096.npy,0.929,4.554,False,0.0,0.0,0.0
K2Q2_w0097,K2Q2,97,1088.0,1098.0,1088.0,1098.0,walk_before,chest+empatica,chest+empatica+forearm,gel,ecg/K2Q2_w0097.npy,acc_chest/K2Q2_w0097.npy,ppg_wrist/K2Q2_w0097.npy,0.809,4.273,False,0.0,0.0,0.0
K2Q2_w0098,K2Q2,98,1098.0,1108.0,1098.0,1108.0,walk_before,chest+empatica,chest+empatica+forearm,gel,ecg/K2Q2_w0098.npy,acc_chest/K2Q2_w0098.npy,ppg_wrist/K2Q2_w0098.npy,0.864,4.008,False,0.0,0.0,0.0
K2Q2_w0099,K2Q2,99,1108.0,1118.0,1108.0,1118.0,walk_before,chest+empatica,chest+empatica+forearm,gel,ecg/K2Q2_w0099.npy,acc_chest/K2Q2_w0099.npy,ppg_wrist/K2Q2_w0099.npy,0.901,4.568,False,0.0,0.0,0.0
K2Q2_w0100,K2Q2,100,1118.0,1128.0,1118.0,1128.0,walk_before,chest+empatica,chest+empatica+forearm,gel,ecg/K2Q2_w0100.npy,acc_chest/K2Q2_w0100.npy,ppg_wrist/K2Q2_w0100.npy,0.935,4.962,False,0.0,0.0,0.0
K2Q2_w0101,K2Q2,101,1128.0,1138.0,1128.0,1138.0,walk_before,chest+empatica,chest+empatica+forearm,gel,ecg/K2Q2_w0101.npy,acc_chest/K2Q2_w0101.npy,ppg_wrist/K2Q2_w0101.npy,0.913,4.02,False,0.0,0.0,0.0
K2Q2_w0102,K2Q2,102,1138.0,1148.0,1138.0,1148.0,walk_before,chest+empatica,chest+empatica+forearm,gel,ecg/K2Q2_w0102.npy,acc_chest/K2Q2_w0102.npy,ppg_wrist/K2Q2_w0102.npy,0.942,3.441,False,0.0,0.0,0.0
K2Q2_w0103,K2Q2,103,1148.0,1158.0,1148.0,1158.0,walk_before,chest+empatica,chest+empatica+forearm,gel,ecg/K2Q2_w0103.npy,acc_chest/K2Q2_w0103.npy,ppg_wrist/K2Q2_w0103.npy,1.202,12.536,False,0.0,0.0,0.0
K2Q2_w0104,K2Q2,104,1158.0,1168.0,1158.0,1168.0,walk_before,chest+empatica,chest+empatica+forearm,gel,ecg/K2Q2_w0104.npy,acc_chest/K2Q2_w0104.npy,ppg_wrist/K2Q2_w0104.npy,0.348,12.948,False,0.0,0.0,0.0
K2Q2_w0105,K2Q2,105,1168.0,1178.0,1168.0,1178.0,walk_before,chest+empatica,chest+empatica+forearm,gel,ecg/K2Q2_w0105.npy,acc_chest/K2Q2_w0105.npy,ppg_wrist/K2Q2_w0105.npy,0.348,12.948,False,0.0,0.0,0.0
K2Q2_w0106,K2Q2,106,1178.0,1188.0,1178.0,1188.0,walk_before,chest+empatica,chest+empatica+forearm,gel,ecg/K2Q2_w0106.npy,acc_chest/K2Q2_w0106.npy,ppg_wrist/K2Q2_w0106.npy,0.348,12.948,False,0.0,0.0,0.0
K2Q2_w0107,K2Q2,107,1188.0,1198.0,1188.0,1198.0,walk_before,chest+empatica,chest+empatica+forearm,gel,ecg/K2Q2_w0107.npy,acc_chest/K2Q2_w0107.npy,ppg_wrist/K2Q2_w0107.npy,0.348,12.948,False,0.0,0.0,0.0
K2Q2_w0108,K2Q2,108,1198.0,1208.0,1198.0,1208.0,walk_before,chest+empatica,chest+empatica+forearm,gel,ecg/K2Q2_w0108.npy,acc_chest/K2Q2_w0108.npy,ppg_wrist/K2Q2_w0108.npy,0.348,12.948,False,0.0,0.0,0.0
K2Q2_w0109,K2Q2,109,1208.0,1218.0,1208.0,1218.0,walk_before,chest+empatica,chest+empatica+forearm,gel,ecg/K2Q2_w0109.npy,acc_chest/K2Q2_w0109.npy,ppg_wrist/K2Q2_w0109.npy,0.348,12.948,False,0.0,0.0,0.0
K2Q2_w0110,K2Q2,110,1218.0,1228.0,1218.0,1228.0,walk_before,chest+empatica,chest+empatica+forearm,gel,ecg/K2Q2_w0110.npy,acc_chest/K2Q2_w0110.npy,ppg_wrist/K2Q2_w0110.npy,0.348,12.948,False,0.0,0.0,0.0
K2Q2_w0111,K2Q2,111,1228.0,1238.0,1228.0,1238.0,walk_before,chest+empatica,chest+empatica+forearm,gel,ecg/K2Q2_w0111.npy,acc_chest/K2Q2_w0111.npy,ppg_wrist/K2Q2_w0111.npy,0.348,12.948,False,0.0,0.0,0.0
K2Q2_w0112,K2Q2,112,1238.0,1248.0,1238.0,1248.0,walk_before,chest+empatica,chest+empatica+forearm,gel,ecg/K2Q2_w0112.npy,acc_chest/K2Q2_w0112.npy,ppg_wrist/K2Q2_w0112.npy,0.348,12.948,False,0.0,0.0,0.0
K2Q2_w0113,K2Q2,113,1248.0,1258.0,1248.0,1258.0,walk_before,chest+empatica,chest+empatica+forearm,gel,ecg/K2Q2_w0113.npy,acc_chest/K2Q2_w0113.npy,ppg_wrist/K2Q2_w0113.npy,0.348,12.948,False,0.0,0.0,0.0
K2Q2_w0114,K2Q2,114,1258.0,1268.0,1258.0,1268.0,walk_before,chest+empatica,chest+empatica+forearm,gel,ecg/K2Q2_w0114.npy,acc_chest/K2Q2_w0114.npy,ppg_wrist/K2Q2_w0114.npy,0.348,12.948,False,0.0,0.0,0.0
K2Q2_w0115,K2Q2,115,1268.0,1278.0,1268.0,1278.0,walk_before,chest+empatica,chest+empatica+forearm,gel,ecg/K2Q2_w0115.npy,acc_chest/K2Q2_w0115.npy,ppg_wrist/K2Q2_w0115.npy,0.348,12.948,False,0.0,0.0,0.0
K2Q2_w0116,K2Q2,116,1278.0,1288.0,1278.0,1288.0,walk_before,chest+empatica,chest+empatica+forearm,gel,ecg/K2Q2_w0116.npy,acc_chest/K2Q2_w0116.npy,ppg_wrist/K2Q2_w0116.npy,0.348,12.948,False,0.0,0.0,0.0
K2Q2_w0117,K2Q2,117,1288.0,1298.0,1288.0,1298.0,walk_before,chest+empatica,chest+empatica+forearm,gel,ecg/K2Q2_w0117.npy,acc_chest/K2Q2_w0117.npy,ppg_wrist/K2Q2_w0117.npy,0.348,12.948,False,0.0,0.0,0.0
K2Q2_w0118,K2Q2,118,1298.0,1308.0,1298.0,1308.0,walk_before,chest+empatica,chest+empatica+forearm,gel,ecg/K2Q2_w0118.npy,acc_chest/K2Q2_w0118.npy,ppg_wrist/K2Q2_w0118.npy,0.348,12.948,False,0.0,0.0,0.0
K2Q2_w0119,K2Q2,119,1308.0,1318.0,1308.0,1318.0,walk_before,chest+empatica,chest+empatica+forearm,gel,ecg/K2Q2_w0119.npy,acc_chest/K2Q2_w0119.npy,ppg_wrist/K2Q2_w0119.npy,0.348,12.948,False,0.0,0.0,0.0
K2Q2_w0120,K2Q2,120,1318.0,1328.0,1318.0,1328.0,walk_before,chest+empatica,chest+empatica+forearm,gel,ecg/K2Q2_w0120.npy,acc_chest/K2Q2_w0120.npy,ppg_wrist/K2Q2_w0120.npy,0.348,12.948,False,0.0,0.0,0.0
K2Q2_w0121,K2Q2,121,1328.0,1338.0,1328.0,1338.0,walk_before,chest+empatica,chest+empatica+forearm,gel,ecg/K2Q2_w0121.npy,acc_chest/K2Q2_w0121.npy,ppg_wrist/K2Q2_w0121.npy,0.348,12.948,False,0.0,0.0,0.0
K2Q2_w0122,K2Q2,122,1338.0,1348.0,1338.0,1348.0,walk_before,chest+empatica,chest+empatica+forearm,gel,ecg/K2Q2_w0122.npy,acc_chest/K2Q2_w0122.npy,ppg_wrist/K2Q2_w0122.npy,0.348,12.948,False,0.0,0.0,0.0
K2Q2_w0123,K2Q2,123,1348.0,1358.0,1348.0,1358.0,walk_before,chest+empatica,chest+empatica+forearm,gel,ecg/K2Q2_w0123.npy,acc_chest/K2Q2_w0123.npy,ppg_wrist/K2Q2_w0123.npy,0.348,12.948,False,0.0,0.0,0.0
K2Q2_w0124,K2Q2,124,1358.0,1368.0,1358.0,1368.0,walk_before,chest+empatica,chest+empatica+forearm,gel,ecg/K2Q2_w0124.npy,acc_chest/K2Q2_w0124.npy,ppg_wrist/K2Q2_w0124.npy,0.348,12.948,False,0.0,0.0,0.0
K2Q2_w0125,K2Q2,125,1368.0,1378.0,1368.0,1378.0,run,chest+empatica,chest+empatica+forearm,gel,ecg/K2Q2_w0125.npy,acc_chest/K2Q2_w0125.npy,ppg_wrist/K2Q2_w0125.npy,1.09,12.981,False,0.0,0.0,0.0
K2Q2_w0126,K2Q2,126,1378.0,1388.0,1378.0,1388.0,run,chest+empatica,chest+empatica+forearm,gel,ecg/K2Q2_w0126.npy,acc_chest/K2Q2_w0126.npy,ppg_wrist/K2Q2_w0126.npy,2.143,6.647,False,0.0,0.0,0.0
K2Q2_w0127,K2Q2,127,1388.0,1398.0,1388.0,1398.0,run,chest+empatica,chest+empatica+forearm,gel,ecg/K2Q2_w0127.npy,acc_chest/K2Q2_w0127.npy,ppg_wrist/K2Q2_w0127.npy,2.412,6.002,False,0.0,0.0,0.0
K2Q2_w0128,K2Q2,128,1398.0,1408.0,1398.0,1408.0,run,chest+empatica,chest+empatica+forearm,gel,ecg/K2Q2_w0128.npy,acc_chest/K2Q2_w0128.npy,ppg_wrist/K2Q2_w0128.npy,2.358,5.584,False,0.0,0.0,0.0
K2Q2_w0129,K2Q2,129,1408.0,1418.0,1408.0,1418.0,run,chest+empatica,chest+empatica+forearm,gel,ecg/K2Q2_w0129.npy,acc_chest/K2Q2_w0129.npy,ppg_wrist/K2Q2_w0129.npy,0.88,4.4,False,0.0,0.0,0.0
K2Q2_w0130,K2Q2,130,1418.0,1428.0,1418.0,1428.0,run,chest+empatica,chest+empatica+forearm,gel,ecg/K2Q2_w0130.npy,acc_chest/K2Q2_w0130.npy,ppg_wrist/K2Q2_w0130.npy,1.213,4.314,False,0.0,0.0,0.0
K2Q2_w0131,K2Q2,131,1428.0,1438.0,1428.0,1438.0,run,chest+empatica,chest+empatica+forearm,gel,ecg/K2Q2_w0131.npy,acc_chest/K2Q2_w0131.npy,ppg_wrist/K2Q2_w0131.npy,1.171,4.8,False,0.0,0.0,0.0
K2Q2_w0132,K2Q2,132,1438.0,1448.0,1438.0,1448.0,run,chest+empatica,chest+empatica+forearm,gel,ecg/K2Q2_w0132.npy,acc_chest/K2Q2_w0132.npy,ppg_wrist/K2Q2_w0132.npy,0.805,4.204,False,0.0,0.0,0.0
K2Q2_w0133,K2Q2,133,1448.0,1458.0,1448.0,1458.0,run,chest+empatica,chest+empatica+forearm,gel,ecg/K2Q2_w0133.npy,acc_chest/K2Q2_w0133.npy,ppg_wrist/K2Q2_w0133.npy,0.875,3.911,False,0.0,0.0,0.0
K2Q2_w0134,K2Q2,134,1458.0,1468.0,1458.0,1468.0,run,chest+empatica,chest+empatica+forearm,gel,ecg/K2Q2_w0134.npy,acc_chest/K2Q2_w0134.npy,ppg_wrist/K2Q2_w0134.npy,1.362,5.56,False,0.0,0.0,0.0
K2Q2_w0135,K2Q2,135,1468.0,1478.0,1468.0,1478.0,run,chest+empatica,chest+empatica+forearm,gel,ecg/K2Q2_w0135.npy,acc_chest/K2Q2_w0135.npy,ppg_wrist/K2Q2_w0135.npy,2.424,7.916,False,0.0,0.0,0.0
K2Q2_w0136,K2Q2,136,1478.0,1488.0,1478.0,1488.0,run,chest+empatica,chest+empatica+forearm,gel,ecg/K2Q2_w0136.npy,acc_chest/K2Q2_w0136.npy,ppg_wrist/K2Q2_w0136.npy,2.368,6.614,False,0.0,0.0,0.0
K2Q2_w0137,K2Q2,137,1488.0,1498.0,1488.0,1498.0,run,chest+empatica,chest+empatica+forearm,gel,ecg/K2Q2_w0137.npy,acc_chest/K2Q2_w0137.npy,ppg_wrist/K2Q2_w0137.npy,2.341,6.002,False,0.0,0.0,0.0
K2Q2_w0138,K2Q2,138,1498.0,1508.0,1498.0,1508.0,run,chest+empatica,chest+empatica+forearm,gel,ecg/K2Q2_w0138.npy,acc_chest/K2Q2_w0138.npy,ppg_wrist/K2Q2_w0138.npy,2.396,5.65,False,0.0,0.0,0.0
K2Q2_w0139,K2Q2,139,1508.0,1518.0,1508.0,1518.0,run,chest+empatica,chest+empatica+forearm,gel,ecg/K2Q2_w0139.npy,acc_chest/K2Q2_w0139.npy,ppg_wrist/K2Q2_w0139.npy,2.632,6.005,False,0.0,0.0,0.0
K2Q2_w0140,K2Q2,140,1518.0,1528.0,1518.0,1528.0,run,chest+empatica,chest+empatica+forearm,gel,ecg/K2Q2_w0140.npy,acc_chest/K2Q2_w0140.npy,ppg_wrist/K2Q2_w0140.npy,2.331,7.322,False,0.0,0.0,0.0
K2Q2_w0141,K2Q2,141,1528.0,1538.0,1528.0,1538.0,run,chest+empatica,chest+empatica+forearm,gel,ecg/K2Q2_w0141.npy,acc_chest/K2Q2_w0141.npy,ppg_wrist/K2Q2_w0141.npy,2.481,7.914,False,0.0,0.0,0.0
K2Q2_w0142,K2Q2,142,1538.0,1548.0,1538.0,1548.0,run,chest+empatica,chest+empatica+forearm,gel,ecg/K2Q2_w0142.npy,acc_chest/K2Q2_w0142.npy,ppg_wrist/K2Q2_w0142.npy,2.35,6.321,False,0.0,0.0,0.0
K2Q2_w0143,K2Q2,143,1548.0,1558.0,1548.0,1558.0,run,chest+empatica,chest+empatica+forearm,gel,ecg/K2Q2_w0143.npy,acc_chest/K2Q2_w0143.npy,ppg_wrist/K2Q2_w0143.npy,2.048,5.543,False,0.0,0.0,0.0
K2Q2_w0144,K2Q2,144,1558.0,1568.0,1558.0,1568.0,run,chest+empatica,chest+empatica+forearm,gel,ecg/K2Q2_w0144.npy,acc_chest/K2Q2_w0144.npy,ppg_wrist/K2Q2_w0144.npy,2.187,5.726,False,0.0,0.0,0.0
K2Q2_w0145,K2Q2,145,1568.0,1578.0,1568.0,1578.0,run,chest+empatica,chest+empatica+forearm,gel,ecg/K2Q2_w0145.npy,acc_chest/K2Q2_w0145.npy,ppg_wrist/K2Q2_w0145.npy,2.134,5.409,False,0.0,0.0,0.0
K2Q2_w0146,K2Q2,146,1578.0,1588.0,1578.0,1588.0,run,chest+empatica,chest+empatica+forearm,gel,ecg/K2Q2_w0146.npy,acc_chest/K2Q2_w0146.npy,ppg_wrist/K2Q2_w0146.npy,2.262,7.458,False,0.0,0.0,0.0
K2Q2_w0147,K2Q2,147,1588.0,1598.0,1588.0,1598.0,run,chest+empatica,chest+empatica+forearm,gel,ecg/K2Q2_w0147.npy,acc_chest/K2Q2_w0147.npy,ppg_wrist/K2Q2_w0147.npy,2.31,8.187,False,0.0,0.0,0.0
K2Q2_w0148,K2Q2,148,1598.0,1608.0,1598.0,1608.0,run,chest+empatica,chest+empatica+forearm,gel,ecg/K2Q2_w0148.npy,acc_chest/K2Q2_w0148.npy,ppg_wrist/K2Q2_w0148.npy,2.368,7.722,False,0.0,0.0,0.0
K2Q2_w0149,K2Q2,149,1608.0,1618.0,1608.0,1618.0,run,chest+empatica,chest+empatica+forearm,gel,ecg/K2Q2_w0149.npy,acc_chest/K2Q2_w0149.npy,ppg_wrist/K2Q2_w0149.npy,2.228,7.508,False,0.0,0.0,0.0
K2Q2_w0150,K2Q2,150,1618.0,1628.0,1618.0,1628.0,run,chest+empatica,chest+empatica+forearm,gel,ecg/K2Q2_w0150.npy,acc_chest/K2Q2_w0150.npy,ppg_wrist/K2Q2_w0150.npy,2.322,6.668,False,0.0,0.0,0.0
K2Q2_w0151,K2Q2,151,1628.0,1638.0,1628.0,1638.0,run,chest+empatica,chest+empatica+forearm,gel,ecg/K2Q2_w0151.npy,acc_chest/K2Q2_w0151.npy,ppg_wrist/K2Q2_w0151.npy,2.13,5.328,False,0.0,0.0,0.0
K2Q2_w0152,K2Q2,152,1638.0,1648.0,1638.0,1648.0,run,chest+empatica,chest+empatica+forearm,gel,ecg/K2Q2_w0152.npy,acc_chest/K2Q2_w0152.npy,ppg_wrist/K2Q2_w0152.npy,2.28,6.476,False,0.0,0.0,0.0
K2Q2_w0153,K2Q2,153,1648.0,1658.0,1648.0,1658.0,run,chest+empatica,chest+empatica+forearm,gel,ecg/K2Q2_w0153.npy,acc_chest/K2Q2_w0153.npy,ppg_wrist/K2Q2_w0153.npy,2.188,6.052,False,0.0,0.0,0.0
K2Q2_w0154,K2Q2,154,1658.0,1668.0,1658.0,1668.0,run,chest+empatica,chest+empatica+forearm,gel,ecg/K2Q2_w0154.npy,acc_chest/K2Q2_w0154.npy,ppg_wrist/K2Q2_w0154.npy,2.184,5.416,False,0.0,0.0,0.0
K2Q2_w0155,K2Q2,155,1668.0,1678.0,1668.0,1678.0,run,chest+empatica,chest+empatica+forearm,gel,ecg/K2Q2_w0155.npy,acc_chest/K2Q2_w0155.npy,ppg_wrist/K2Q2_w0155.npy,2.292,5.791,False,0.0,0.0,0.0
K2Q2_w0156,K2Q2,156,1678.0,1688.0,1678.0,1688.0,run,chest+empatica,chest+empatica+forearm,gel,ecg/K2Q2_w0156.npy,acc_chest/K2Q2_w0156.npy,ppg_wrist/K2Q2_w0156.npy,2.306,5.757,False,0.0,0.0,0.0
K2Q2_w0157,K2Q2,157,1688.0,1698.0,1688.0,1698.0,run,chest+empatica,chest+empatica+forearm,gel,ecg/K2Q2_w0157.npy,acc_chest/K2Q2_w0157.npy,ppg_wrist/K2Q2_w0157.npy,2.475,6.692,False,0.0,0.0,0.0
K2Q2_w0158,K2Q2,158,1698.0,1708.0,1698.0,1708.0,run,chest+empatica,chest+empatica+forearm,gel,ecg/K2Q2_w0158.npy,acc_chest/K2Q2_w0158.npy,ppg_wrist/K2Q2_w0158.npy,2.39,7.242,False,0.0,0.0,0.0
K2Q2_w0159,K2Q2,159,1708.0,1718.0,1708.0,1718.0,run,chest+empatica,chest+empatica+forearm,gel,ecg/K2Q2_w0159.npy,acc_chest/K2Q2_w0159.npy,ppg_wrist/K2Q2_w0159.npy,2.484,6.521,False,0.0,0.0,0.0
K2Q2_w0160,K2Q2,160,1718.0,1728.0,1718.0,1728.0,run,chest+empatica,chest+empatica+forearm,gel,ecg/K2Q2_w0160.npy,acc_chest/K2Q2_w0160.npy,ppg_wrist/K2Q2_w0160.npy,2.03,5.326,False,0.0,0.0,0.0
K2Q2_w0161,K2Q2,161,1728.0,1738.0,1728.0,1738.0,run,chest+empatica,chest+empatica+forearm,gel,ecg/K2Q2_w0161.npy,acc_chest/K2Q2_w0161.npy,ppg_wrist/K2Q2_w0161.npy,2.277,6.0,False,0.0,0.0,0.0
K2Q2_w0162,K2Q2,162,1738.0,1748.0,1738.0,1748.0,run,chest+empatica,chest+empatica+forearm,gel,ecg/K2Q2_w0162.npy,acc_chest/K2Q2_w0162.npy,ppg_wrist/K2Q2_w0162.npy,2.287,5.908,False,0.0,0.0,0.0
K2Q2_w0163,K2Q2,163,1748.0,1758.0,1748.0,1758.0,run,chest+empatica,chest+empatica+forearm,gel,ecg/K2Q2_w0163.npy,acc_chest/K2Q2_w0163.npy,ppg_wrist/K2Q2_w0163.npy,2.441,6.204,False,0.0,0.0,0.0
K2Q2_w0164,K2Q2,164,1758.0,1768.0,1758.0,1768.0,run,chest+empatica,chest+empatica+forearm,gel,ecg/K2Q2_w0164.npy,acc_chest/K2Q2_w0164.npy,ppg_wrist/K2Q2_w0164.npy,2.378,5.552,False,0.0,0.0,0.0
K2Q2_w0165,K2Q2,165,1768.0,1778.0,1768.0,1778.0,run,chest+empatica,chest+empatica+forearm,gel,ecg/K2Q2_w0165.npy,acc_chest/K2Q2_w0165.npy,ppg_wrist/K2Q2_w0165.npy,2.177,6.48,False,0.0,0.0,0.0
K2Q2_w0166,K2Q2,166,1778.0,1788.0,1778.0,1788.0,run,chest+empatica,chest+empatica+forearm,gel,ecg/K2Q2_w0166.npy,acc_chest/K2Q2_w0166.npy,ppg_wrist/K2Q2_w0166.npy,2.459,6.94,False,0.0,0.0,0.0
K2Q2_w0167,K2Q2,167,1788.0,1798.0,1788.0,1798.0,run,chest+empatica,chest+empatica+forearm,gel,ecg/K2Q2_w0167.npy,acc_chest/K2Q2_w0167.npy,ppg_wrist/K2Q2_w0167.npy,2.455,7.831,False,0.0,0.0,0.0
K2Q2_w0168,K2Q2,168,1798.0,1808.0,1798.0,1808.0,run,chest+empatica,chest+empatica+forearm,gel,ecg/K2Q2_w0168.npy,acc_chest/K2Q2_w0168.npy,ppg_wrist/K2Q2_w0168.npy,2.225,7.677,False,0.0,0.0,0.0
K2Q2_w0169,K2Q2,169,1808.0,1818.0,1808.0,1818.0,run,chest+empatica,chest+empatica+forearm,gel,ecg/K2Q2_w0169.npy,acc_chest/K2Q2_w0169.npy,ppg_wrist/K2Q2_w0169.npy,2.018,6.745,False,0.0,0.0,0.0
K2Q2_w0170,K2Q2,170,1818.0,1828.0,1818.0,1828.0,run,chest+empatica,chest+empatica+forearm,gel,ecg/K2Q2_w0170.npy,acc_chest/K2Q2_w0170.npy,ppg_wrist/K2Q2_w0170.npy,2.039,7.14,False,0.0,0.0,0.0
K2Q2_w0171,K2Q2,171,1828.0,1838.0,1828.0,1838.0,run,chest+empatica,chest+empatica+forearm,gel,ecg/K2Q2_w0171.npy,acc_chest/K2Q2_w0171.npy,ppg_wrist/K2Q2_w0171.npy,1.975,5.719,False,0.0,0.0,0.0
K2Q2_w0172,K2Q2,172,1838.0,1848.0,1838.0,1848.0,run,chest+empatica,chest+empatica+forearm,gel,ecg/K2Q2_w0172.npy,acc_chest/K2Q2_w0172.npy,ppg_wrist/K2Q2_w0172.npy,2.103,5.733,False,0.0,0.0,0.0
K2Q2_w0173,K2Q2,173,1848.0,1858.0,1848.0,1858.0,run,chest+empatica,chest+empatica+forearm,gel,ecg/K2Q2_w0173.npy,acc_chest/K2Q2_w0173.npy,ppg_wrist/K2Q2_w0173.npy,2.14,6.137,False,0.0,0.0,0.0
K2Q2_w0174,K2Q2,174,1858.0,1868.0,1858.0,1868.0,run,chest+empatica,chest+empatica+forearm,gel,ecg/K2Q2_w0174.npy,acc_chest/K2Q2_w0174.npy,ppg_wrist/K2Q2_w0174.npy,1.98,4.838,False,0.0,0.0,0.0
K2Q2_w0175,K2Q2,175,1868.0,1878.0,1868.0,1878.0,run,chest+empatica,chest+empatica+forearm,gel,ecg/K2Q2_w0175.npy,acc_chest/K2Q2_w0175.npy,ppg_wrist/K2Q2_w0175.npy,1.893,4.909,False,0.0,0.0,0.0
K2Q2_w0176,K2Q2,176,1878.0,1888.0,1878.0,1888.0,run,chest+empatica,chest+empatica+forearm,gel,ecg/K2Q2_w0176.npy,acc_chest/K2Q2_w0176.npy,ppg_wrist/K2Q2_w0176.npy,2.098,5.691,False,0.0,0.0,0.0
K2Q2_w0177,K2Q2,177,1888.0,1898.0,1888.0,1898.0,run,chest+empatica,chest+empatica+forearm,gel,ecg/K2Q2_w0177.npy,acc_chest/K2Q2_w0177.npy,ppg_wrist/K2Q2_w0177.npy,2.158,8.15,False,0.0,0.0,0.0
K2Q2_w0178,K2Q2,178,1898.0,1908.0,1898.0,1908.0,run,chest+empatica,chest+empatica+forearm,gel,ecg/K2Q2_w0178.npy,acc_chest/K2Q2_w0178.npy,ppg_wrist/K2Q2_w0178.npy,2.007,7.668,False,0.0,0.0,0.0
K2Q2_w0179,K2Q2,179,1908.0,1918.0,1908.0,1918.0,run,chest+empatica,chest+empatica+forearm,gel,ecg/K2Q2_w0179.npy,acc_chest/K2Q2_w0179.npy,ppg_wrist/K2Q2_w0179.npy,1.856,4.847,False,0.0,0.0,0.0
K2Q2_w0180,K2Q2,180,1918.0,1928.0,1918.0,1928.0,run,chest+empatica,chest+empatica+forearm,gel,ecg/K2Q2_w0180.npy,acc_chest/K2Q2_w0180.npy,ppg_wrist/K2Q2_w0180.npy,2.054,6.161,False,0.0,0.0,0.0
K2Q2_w0181,K2Q2,181,1928.0,1938.0,1928.0,1938.0,run,chest+empatica,chest+empatica+forearm,gel,ecg/K2Q2_w0181.npy,acc_chest/K2Q2_w0181.npy,ppg_wrist/K2Q2_w0181.npy,1.751,13.365,False,0.0,0.0,0.0
K2Q2_w0182,K2Q2,182,1938.0,1948.0,1938.0,1948.0,run,chest+empatica,chest+empatica+forearm,gel,ecg/K2Q2_w0182.npy,acc_chest/K2Q2_w0182.npy,ppg_wrist/K2Q2_w0182.npy,0.348,12.948,False,0.0,0.0,0.0
K2Q2_w0183,K2Q2,183,1948.0,1958.0,1948.0,1958.0,run,chest+empatica,chest+empatica+forearm,gel,ecg/K2Q2_w0183.npy,acc_chest/K2Q2_w0183.npy,ppg_wrist/K2Q2_w0183.npy,0.348,12.948,False,0.0,0.0,0.0
K2Q2_w0184,K2Q2,184,1958.0,1968.0,1958.0,1968.0,walk_after,chest+empatica,chest+empatica+forearm,gel,ecg/K2Q2_w0184.npy,acc_chest/K2Q2_w0184.npy,ppg_wrist/K2Q2_w0184.npy,1.44,11.041,False,0.0,0.0,0.0
K2Q2_w0185,K2Q2,185,1968.0,1978.0,1968.0,1978.0,walk_after,chest+empatica,chest+empatica+forearm,gel,ecg/K2Q2_w0185.npy,acc_chest/K2Q2_w0185.npy,ppg_wrist/K2Q2_w0185.npy,2.069,6.212,False,0.0,0.0,0.0
K2Q2_w0186,K2Q2,186,1978.0,1988.0,1978.0,1988.0,walk_after,chest+empatica,chest+empatica+forearm,gel,ecg/K2Q2_w0186.npy,acc_chest/K2Q2_w0186.npy,ppg_wrist/K2Q2_w0186.npy,2.23,5.915,False,0.0,0.0,0.0
K2Q2_w0187,K2Q2,187,1988.0,1998.0,1988.0,1998.0,walk_after,chest+empatica,chest+empatica+forearm,gel,ecg/K2Q2_w0187.npy,acc_chest/K2Q2_w0187.npy,ppg_wrist/K2Q2_w0187.npy,2.24,6.625,False,0.0,0.0,0.0
K2Q2_w0188,K2Q2,188,1998.0,2008.0,1998.0,2008.0,walk_after,chest+empatica,chest+empatica+forearm,gel,ecg/K2Q2_w0188.npy,acc_chest/K2Q2_w0188.npy,ppg_wrist/K2Q2_w0188.npy,2.144,6.97,False,0.0,0.0,0.0
K2Q2_w0189,K2Q2,189,2008.0,2018.0,2008.0,2018.0,walk_after,chest+empatica,chest+empatica+forearm,gel,ecg/K2Q2_w0189.npy,acc_chest/K2Q2_w0189.npy,ppg_wrist/K2Q2_w0189.npy,2.082,4.676,False,0.0,0.0,0.0
K2Q2_w0190,K2Q2,190,2018.0,2028.0,2018.0,2028.0,walk_after,chest+empatica,chest+empatica+forearm,gel,ecg/K2Q2_w0190.npy,acc_chest/K2Q2_w0190.npy,ppg_wrist/K2Q2_w0190.npy,2.348,4.811,False,0.0,0.0,0.0
K2Q2_w0191,K2Q2,191,2028.0,2038.0,2028.0,2038.0,walk_after,chest+empatica,chest+empatica+forearm,gel,ecg/K2Q2_w0191.npy,acc_chest/K2Q2_w0191.npy,ppg_wrist/K2Q2_w0191.npy,2.139,4.561,False,0.0,0.0,0.0
K2Q2_w0192,K2Q2,192,2038.0,2048.0,2038.0,2048.0,walk_after,chest+empatica,chest+empatica+forearm,gel,ecg/K2Q2_w0192.npy,acc_chest/K2Q2_w0192.npy,ppg_wrist/K2Q2_w0192.npy,1.816,4.046,False,0.0,0.0,0.0
K2Q2_w0193,K2Q2,193,2048.0,2058.0,2048.0,2058.0,walk_after,chest+empatica,chest+empatica+forearm,gel,ecg/K2Q2_w0193.npy,acc_chest/K2Q2_w0193.npy,ppg_wrist/K2Q2_w0193.npy,1.791,4.137,False,0.0,0.0,0.0
K2Q2_w0194,K2Q2,194,2058.0,2068.0,2058.0,2068.0,walk_after,chest+empatica,chest+empatica+forearm,gel,ecg/K2Q2_w0194.npy,acc_chest/K2Q2_w0194.npy,ppg_wrist/K2Q2_w0194.npy,1.959,5.897,False,0.0,0.0,0.0
K2Q2_w0195,K2Q2,195,2068.0,2078.0,2068.0,2078.0,walk_after,chest+empatica,chest+empatica+forearm,gel,ecg/K2Q2_w0195.npy,acc_chest/K2Q2_w0195.npy,ppg_wrist/K2Q2_w0195.npy,1.954,6.664,False,0.0,0.0,0.0
K2Q2_w0196,K2Q2,196,2078.0,2088.0,2078.0,2088.0,walk_after,chest+empatica,chest+empatica+forearm,gel,ecg/K2Q2_w0196.npy,acc_chest/K2Q2_w0196.npy,ppg_wrist/K2Q2_w0196.npy,2.45,7.197,False,0.0,0.0,0.0
K2Q2_w0197,K2Q2,197,2088.0,2098.0,2088.0,2098.0,walk_after,chest+empatica,chest+empatica+forearm,gel,ecg/K2Q2_w0197.npy,acc_chest/K2Q2_w0197.npy,ppg_wrist/K2Q2_w0197.npy,2.299,6.745,False,0.0,0.0,0.0
K2Q2_w0198,K2Q2,198,2098.0,2108.0,2098.0,2108.0,walk_after,chest+empatica,chest+empatica+forearm,gel,ecg/K2Q2_w0198.npy,acc_chest/K2Q2_w0198.npy,ppg_wrist/K2Q2_w0198.npy,2.217,6.658,False,0.0,0.0,0.0
K2Q2_w0199,K2Q2,199,2108.0,2118.0,2108.0,2118.0,walk_after,chest+empatica,chest+empatica+forearm,gel,ecg/K2Q2_w0199.npy,acc_chest/K2Q2_w0199.npy,ppg_wrist/K2Q2_w0199.npy,2.276,6.553,False,0.0,0.0,0.0
K2Q2_w0200,K2Q2,200,2118.0,2128.0,2118.0,2128.0,walk_after,chest+empatica,chest+empatica+forearm,gel,ecg/K2Q2_w0200.npy,acc_chest/K2Q2_w0200.npy,ppg_wrist/K2Q2_w0200.npy,2.111,6.176,False,0.0,0.0,0.0
K2Q2_w0201,K2Q2,201,2128.0,2138.0,2128.0,2138.0,walk_after,chest+empatica,chest+empatica+forearm,gel,ecg/K2Q2_w0201.npy,acc_chest/K2Q2_w0201.npy,ppg_wrist/K2Q2_w0201.npy,2.325,6.61,False,0.0,0.0,0.0
K2Q2_w0202,K2Q2,202,2138.0,2148.0,2138.0,2148.0,walk_after,chest+empatica,chest+empatica+forearm,gel,ecg/K2Q2_w0202.npy,acc_chest/K2Q2_w0202.npy,ppg_wrist/K2Q2_w0202.npy,2.525,7.753,False,0.0,0.0,0.0
K2Q2_w0203,K2Q2,203,2148.0,2158.0,2148.0,2158.0,walk_after,chest+empatica,chest+empatica+forearm,gel,ecg/K2Q2_w0203.npy,acc_chest/K2Q2_w0203.npy,ppg_wrist/K2Q2_w0203.npy,2.308,6.972,False,0.0,0.0,0.0
K2Q2_w0204,K2Q2,204,2158.0,2168.0,2158.0,2168.0,walk_after,chest+empatica,chest+empatica+forearm,gel,ecg/K2Q2_w0204.npy,acc_chest/K2Q2_w0204.npy,ppg_wrist/K2Q2_w0204.npy,2.321,4.823,False,0.0,0.0,0.0
K2Q2_w0205,K2Q2,205,2168.0,2178.0,2168.0,2178.0,walk_after,chest+empatica,chest+empatica+forearm,gel,ecg/K2Q2_w0205.npy,acc_chest/K2Q2_w0205.npy,ppg_wrist/K2Q2_w0205.npy,2.228,4.526,False,0.0,0.0,0.0
K2Q2_w0206,K2Q2,206,2178.0,2188.0,2178.0,2188.0,walk_after,chest+empatica,chest+empatica+forearm,gel,ecg/K2Q2_w0206.npy,acc_chest/K2Q2_w0206.npy,ppg_wrist/K2Q2_w0206.npy,2.243,5.086,False,0.0,0.0,0.0
K2Q2_w0207,K2Q2,207,2188.0,2198.0,2188.0,2198.0,walk_after,chest+empatica,chest+empatica+forearm,gel,ecg/K2Q2_w0207.npy,acc_chest/K2Q2_w0207.npy,ppg_wrist/K2Q2_w0207.npy,2.388,6.614,False,0.0,0.0,0.0
K2Q2_w0208,K2Q2,208,2198.0,2208.0,2198.0,2208.0,walk_after,chest+empatica,chest+empatica+forearm,gel,ecg/K2Q2_w0208.npy,acc_chest/K2Q2_w0208.npy,ppg_wrist/K2Q2_w0208.npy,2.416,5.981,False,0.0,0.0,0.0
K2Q2_w0209,K2Q2,209,2208.0,2218.0,2208.0,2218.0,walk_after,chest+empatica,chest+empatica+forearm,gel,ecg/K2Q2_w0209.npy,acc_chest/K2Q2_w0209.npy,ppg_wrist/K2Q2_w0209.npy,2.288,4.51,False,0.0,0.0,0.0
K2Q2_w0210,K2Q2,210,2218.0,2228.0,2218.0,2228.0,walk_after,chest+empatica,chest+empatica+forearm,gel,ecg/K2Q2_w0210.npy,acc_chest/K2Q2_w0210.npy,ppg_wrist/K2Q2_w0210.npy,2.342,5.293,False,0.0,0.0,0.0
K2Q2_w0211,K2Q2,211,2228.0,2238.0,2228.0,2238.0,walk_after,chest+empatica,chest+empatica+forearm,gel,ecg/K2Q2_w0211.npy,acc_chest/K2Q2_w0211.npy,ppg_wrist/K2Q2_w0211.npy,2.168,5.024,False,0.0,0.0,0.0
K2Q2_w0212,K2Q2,212,2238.0,2248.0,2238.0,2248.0,walk_after,chest+empatica,chest+empatica+forearm,gel,ecg/K2Q2_w0212.npy,acc_chest/K2Q2_w0212.npy,ppg_wrist/K2Q2_w0212.npy,2.219,5.378,False,0.0,0.0,0.0
K2Q2_w0213,K2Q2,213,2248.0,2258.0,2248.0,2258.0,walk_after,chest+empatica,chest+empatica+forearm,gel,ecg/K2Q2_w0213.npy,acc_chest/K2Q2_w0213.npy,ppg_wrist/K2Q2_w0213.npy,2.38,5.648,False,0.0,0.0,0.0
K2Q2_w0214,K2Q2,214,2258.0,2268.0,2258.0,2268.0,walk_after,chest+empatica,chest+empatica+forearm,gel,ecg/K2Q2_w0214.npy,acc_chest/K2Q2_w0214.npy,ppg_wrist/K2Q2_w0214.npy,2.5,5.966,False,0.0,0.0,0.0
K2Q2_w0215,K2Q2,215,2268.0,2278.0,2268.0,2278.0,walk_after,chest+empatica,chest+empatica+forearm,gel,ecg/K2Q2_w0215.npy,acc_chest/K2Q2_w0215.npy,ppg_wrist/K2Q2_w0215.npy,2.705,7.039,False,0.0,0.0,0.0
K2Q2_w0216,K2Q2,216,2278.0,2288.0,2278.0,2288.0,walk_after,chest+empatica,chest+empatica+forearm,gel,ecg/K2Q2_w0216.npy,acc_chest/K2Q2_w0216.npy,ppg_wrist/K2Q2_w0216.npy,2.413,6.028,False,0.0,0.0,0.0
K2Q2_w0217,K2Q2,217,2288.0,2298.0,2288.0,2298.0,walk_after,chest+empatica,chest+empatica+forearm,gel,ecg/K2Q2_w0217.npy,acc_chest/K2Q2_w0217.npy,ppg_wrist/K2Q2_w0217.npy,2.378,6.075,False,0.0,0.0,0.0
K2Q2_w0218,K2Q2,218,2298.0,2308.0,2298.0,2308.0,walk_after,chest+empatica,chest+empatica+forearm,gel,ecg/K2Q2_w0218.npy,acc_chest/K2Q2_w0218.npy,ppg_wrist/K2Q2_w0218.npy,2.218,5.266,False,0.0,0.0,0.0
K2Q2_w0219,K2Q2,219,2308.0,2318.0,2308.0,2318.0,walk_after,chest+empatica,chest+empatica+forearm,gel,ecg/K2Q2_w0219.npy,acc_chest/K2Q2_w0219.npy,ppg_wrist/K2Q2_w0219.npy,2.049,5.421,False,0.0,0.0,0.0
K2Q2_w0220,K2Q2,220,2318.0,2328.0,2318.0,2328.0,walk_after,chest+empatica,chest+empatica+forearm,gel,ecg/K2Q2_w0220.npy,acc_chest/K2Q2_w0220.npy,ppg_wrist/K2Q2_w0220.npy,1.848,5.502,False,0.0,0.0,0.0
K2Q2_w0221,K2Q2,221,2328.0,2338.0,2328.0,2338.0,walk_after,chest+empatica,chest+empatica+forearm,gel,ecg/K2Q2_w0221.npy,acc_chest/K2Q2_w0221.npy,ppg_wrist/K2Q2_w0221.npy,2.111,5.619,False,0.0,0.0,0.0
K2Q2_w0222,K2Q2,222,2338.0,2348.0,2338.0,2348.0,walk_after,chest+empatica,chest+empatica+forearm,gel,ecg/K2Q2_w0222.npy,acc_chest/K2Q2_w0222.npy,ppg_wrist/K2Q2_w0222.npy,1.997,5.633,False,0.0,0.0,0.0
K2Q2_w0223,K2Q2,223,2348.0,2358.0,2348.0,2358.0,walk_after,chest+empatica,chest+empatica+forearm,gel,ecg/K2Q2_w0223.npy,acc_chest/K2Q2_w0223.npy,ppg_wrist/K2Q2_w0223.npy,2.16,5.521,False,0.0,0.0,0.0
K2Q2_w0224,K2Q2,224,2358.0,2368.0,2358.0,2368.0,walk_after,chest+empatica,chest+empatica+forearm,gel,ecg/K2Q2_w0224.npy,acc_chest/K2Q2_w0224.npy,ppg_wrist/K2Q2_w0224.npy,2.04,6.122,False,0.0,0.0,0.0
K2Q2_w0225,K2Q2,225,2368.0,2378.0,2368.0,2378.0,walk_after,chest+empatica,chest+empatica+forearm,gel,ecg/K2Q2_w0225.npy,acc_chest/K2Q2_w0225.npy,ppg_wrist/K2Q2_w0225.npy,1.84,6.297,False,0.0,0.0,0.0
K2Q2_w0226,K2Q2,226,2378.0,2388.0,2378.0,2388.0,walk_after,chest+empatica,chest+empatica+forearm,gel,ecg/K2Q2_w0226.npy,acc_chest/K2Q2_w0226.npy,ppg_wrist/K2Q2_w0226.npy,1.913,5.463,False,0.0,0.0,0.0
K2Q2_w0227,K2Q2,227,2388.0,2398.0,2388.0,2398.0,walk_after,chest+empatica,chest+empatica+forearm,gel,ecg/K2Q2_w0227.npy,acc_chest/K2Q2_w0227.npy,ppg_wrist/K2Q2_w0227.npy,1.597,6.666,False,0.0,0.0,0.0
K2Q2_w0228,K2Q2,228,2398.0,2408.0,2398.0,2408.0,walk_after,chest+empatica,chest+empatica+forearm,gel,ecg/K2Q2_w0228.npy,acc_chest/K2Q2_w0228.npy,ppg_wrist/K2Q2_w0228.npy,1.127,5.417,False,0.0,0.0,0.0
K2Q2_w0229,K2Q2,229,2408.0,2418.0,2408.0,2418.0,walk_after,chest+empatica,chest+empatica+forearm,gel,ecg/K2Q2_w0229.npy,acc_chest/K2Q2_w0229.npy,ppg_wrist/K2Q2_w0229.npy,0.864,3.451,False,0.0,0.0,0.0
K2Q2_w0230,K2Q2,230,2418.0,2428.0,2418.0,2428.0,walk_after,chest+empatica,chest+empatica+forearm,gel,ecg/K2Q2_w0230.npy,acc_chest/K2Q2_w0230.npy,ppg_wrist/K2Q2_w0230.npy,0.793,4.471,False,0.0,0.0,0.0
K2Q2_w0231,K2Q2,231,2428.0,2438.0,2428.0,2438.0,walk_after,chest+empatica,chest+empatica+forearm,gel,ecg/K2Q2_w0231.npy,acc_chest/K2Q2_w0231.npy,ppg_wrist/K2Q2_w0231.npy,0.856,4.493,False,0.0,0.0,0.0
K2Q2_w0232,K2Q2,232,2438.0,2448.0,2438.0,2448.0,walk_after,chest+empatica,chest+empatica+forearm,gel,ecg/K2Q2_w0232.npy,acc_chest/K2Q2_w0232.npy,ppg_wrist/K2Q2_w0232.npy,0.817,3.654,False,0.0,0.0,0.0
K2Q2_w0233,K2Q2,233,2448.0,2458.0,2448.0,2458.0,walk_after,chest+empatica,chest+empatica+forearm,gel,ecg/K2Q2_w0233.npy,acc_chest/K2Q2_w0233.npy,ppg_wrist/K2Q2_w0233.npy,0.898,3.838,False,0.0,0.0,0.0
K2Q2_w0234,K2Q2,234,2458.0,2468.0,2458.0,2468.0,walk_after,chest+empatica,chest+empatica+forearm,gel,ecg/K2Q2_w0234.npy,acc_chest/K2Q2_w0234.npy,ppg_wrist/K2Q2_w0234.npy,0.86,3.647,False,0.0,0.0,0.0
K2Q2_w0235,K2Q2,235,2468.0,2478.0,2468.0,2478.0,walk_after,chest+empatica,chest+empatica+forearm,gel,ecg/K2Q2_w0235.npy,acc_chest/K2Q2_w0235.npy,ppg_wrist/K2Q2_w0235.npy,0.98,3.966,False,0.0,0.0,0.0
K2Q2_w0236,K2Q2,236,2478.0,2488.0,2478.0,2488.0,walk_after,chest+empatica,chest+empatica+forearm,gel,ecg/K2Q2_w0236.npy,acc_chest/K2Q2_w0236.npy,ppg_wrist/K2Q2_w0236.npy,1.176,6.05,False,0.0,0.0,0.0
K2Q2_w0237,K2Q2,237,2488.0,2498.0,2488.0,2498.0,walk_after,chest+empatica,chest+empatica+forearm,gel,ecg/K2Q2_w0237.npy,acc_chest/K2Q2_w0237.npy,ppg_wrist/K2Q2_w0237.npy,0.94,4.615,False,0.0,0.0,0.0
K2Q2_w0238,K2Q2,238,2498.0,2508.0,2498.0,2508.0,walk_after,chest+empatica,chest+empatica+forearm,gel,ecg/K2Q2_w0238.npy,acc_chest/K2Q2_w0238.npy,ppg_wrist/K2Q2_w0238.npy,1.121,4.399,False,0.0,0.0,0.0
K2Q2_w0239,K2Q2,239,2508.0,2518.0,2508.0,2518.0,walk_after,chest+empatica,chest+empatica+forearm,gel,ecg/K2Q2_w0239.npy,acc_chest/K2Q2_w0239.npy,ppg_wrist/K2Q2_w0239.npy,1.619,4.779,False,0.0,0.0,0.0
K2Q2_w0240,K2Q2,240,2518.0,2528.0,2518.0,2528.0,walk_after,chest+empatica,chest+empatica+forearm,gel,ecg/K2Q2_w0240.npy,acc_chest/K2Q2_w0240.npy,ppg_wrist/K2Q2_w0240.npy,1.76,5.623,False,0.0,0.0,0.0
K2Q2_w0241,K2Q2,241,2528.0,2538.0,2528.0,2538.0,walk_after,chest+empatica,chest+empatica+forearm,gel,ecg/K2Q2_w0241.npy,acc_chest/K2Q2_w0241.npy,ppg_wrist/K2Q2_w0241.npy,1.764,4.413,False,0.0,0.0,0.0
K2Q2_w0242,K2Q2,242,2538.0,2548.0,2538.0,2548.0,walk_after,chest+empatica,chest+empatica+forearm,gel,ecg/K2Q2_w0242.npy,acc_chest/K2Q2_w0242.npy,ppg_wrist/K2Q2_w0242.npy,1.776,3.366,False,0.0,0.0,0.0
K2Q2_w0243,K2Q2,243,2548.0,2558.0,2548.0,2558.0,walk_after,chest+empatica,chest+empatica+forearm,gel,ecg/K2Q2_w0243.npy,acc_chest/K2Q2_w0243.npy,ppg_wrist/K2Q2_w0243.npy,1.802,3.285,False,0.0,0.0,0.0
K2Q2_w0244,K2Q2,244,2558.0,2568.0,2558.0,2568.0,walk_after,chest+empatica,chest+empatica+forearm,gel,ecg/K2Q2_w0244.npy,acc_chest/K2Q2_w0244.npy,ppg_wrist/K2Q2_w0244.npy,1.148,3.809,False,0.0,0.0,0.0
K2Q2_w0245,K2Q2,245,2568.0,2578.0,2568.0,2578.0,walk_after,chest+empatica,chest+empatica+forearm,gel,ecg/K2Q2_w0245.npy,acc_chest/K2Q2_w0245.npy,ppg_wrist/K2Q2_w0245.npy,0.881,3.921,False,0.0,0.0,0.0
K2Q2_w0246,K2Q2,246,2578.0,2588.0,2578.0,2588.0,walk_after,chest+empatica,chest+empatica+forearm,gel,ecg/K2Q2_w0246.npy,acc_chest/K2Q2_w0246.npy,ppg_wrist/K2Q2_w0246.npy,0.86,3.564,False,0.0,0.0,0.0
K2Q2_w0247,K2Q2,247,2588.0,2598.0,2588.0,2598.0,walk_after,chest+empatica,chest+empatica+forearm,gel,ecg/K2Q2_w0247.npy,acc_chest/K2Q2_w0247.npy,ppg_wrist/K2Q2_w0247.npy,0.859,3.973,False,0.0,0.0,0.0
K2Q2_w0248,K2Q2,248,2598.0,2608.0,2598.0,2608.0,walk_after,chest+empatica,chest+empatica+forearm,gel,ecg/K2Q2_w0248.npy,acc_chest/K2Q2_w0248.npy,ppg_wrist/K2Q2_w0248.npy,1.162,4.76,False,0.0,0.0,0.0
K2Q2_w0249,K2Q2,249,2608.0,2618.0,2608.0,2618.0,walk_after,chest+empatica,chest+empatica+forearm,gel,ecg/K2Q2_w0249.npy,acc_chest/K2Q2_w0249.npy,ppg_wrist/K2Q2_w0249.npy,1.29,4.168,False,0.0,0.0,0.0
K2Q2_w0250,K2Q2,250,2618.0,2628.0,2618.0,2628.0,walk_after,chest+empatica,chest+empatica+forearm,gel,ecg/K2Q2_w0250.npy,acc_chest/K2Q2_w0250.npy,ppg_wrist/K2Q2_w0250.npy,2.004,5.561,False,0.0,0.0,0.0
K2Q2_w0251,K2Q2,251,2628.0,2638.0,2628.0,2638.0,walk_after,chest+empatica,chest+empatica+forearm,gel,ecg/K2Q2_w0251.npy,acc_chest/K2Q2_w0251.npy,ppg_wrist/K2Q2_w0251.npy,2.062,5.212,False,0.0,0.0,0.0
K2Q2_w0252,K2Q2,252,2638.0,2648.0,2638.0,2648.0,walk_after,chest+empatica,chest+empatica+forearm,gel,ecg/K2Q2_w0252.npy,acc_chest/K2Q2_w0252.npy,ppg_wrist/K2Q2_w0252.npy,1.98,6.998,False,0.0,0.0,0.0
K2Q2_w0253,K2Q2,253,2648.0,2658.0,2648.0,2658.0,walk_after,chest+empatica,chest+empatica+forearm,gel,ecg/K2Q2_w0253.npy,acc_chest/K2Q2_w0253.npy,ppg_wrist/K2Q2_w0253.npy,2.095,7.258,False,0.0,0.0,0.0
K2Q2_w0254,K2Q2,254,2658.0,2668.0,2658.0,2668.0,walk_after,chest+empatica,chest+empatica+forearm,gel,ecg/K2Q2_w0254.npy,acc_chest/K2Q2_w0254.npy,ppg_wrist/K2Q2_w0254.npy,1.78,4.156,False,0.0,0.0,0.0
K2Q2_w0255,K2Q2,255,2668.0,2678.0,2668.0,2678.0,walk_after,chest+empatica,chest+empatica+forearm,gel,ecg/K2Q2_w0255.npy,acc_chest/K2Q2_w0255.npy,ppg_wrist/K2Q2_w0255.npy,1.924,3.803,False,0.0,0.0,0.0
K2Q2_w0256,K2Q2,256,2678.0,2688.0,2678.0,2688.0,walk_after,chest+empatica,chest+empatica+forearm,gel,ecg/K2Q2_w0256.npy,acc_chest/K2Q2_w0256.npy,ppg_wrist/K2Q2_w0256.npy,1.869,3.816,False,0.0,0.0,0.0
K2Q2_w0257,K2Q2,257,2688.0,2698.0,2688.0,2698.0,walk_after,chest+empatica,chest+empatica+forearm,gel,ecg/K2Q2_w0257.npy,acc_chest/K2Q2_w0257.npy,ppg_wrist/K2Q2_w0257.npy,1.961,4.339,False,0.0,0.0,0.0
K2Q2_w0258,K2Q2,258,2698.0,2708.0,2698.0,2708.0,walk_after,chest+empatica,chest+empatica+forearm,gel,ecg/K2Q2_w0258.npy,acc_chest/K2Q2_w0258.npy,ppg_wrist/K2Q2_w0258.npy,1.83,4.402,False,0.0,0.0,0.0
K2Q2_w0259,K2Q2,259,2708.0,2718.0,2708.0,2718.0,walk_after,chest+empatica,chest+empatica+forearm,gel,ecg/K2Q2_w0259.npy,acc_chest/K2Q2_w0259.npy,ppg_wrist/K2Q2_w0259.npy,1.033,3.661,False,0.0,0.0,0.0
K2Q2_w0260,K2Q2,260,2718.0,2728.0,2718.0,2728.0,walk_after,chest+empatica,chest+empatica+forearm,gel,ecg/K2Q2_w0260.npy,acc_chest/K2Q2_w0260.npy,ppg_wrist/K2Q2_w0260.npy,1.215,3.168,False,0.0,0.0,0.0
K2Q2_w0261,K2Q2,261,2728.0,2738.0,2728.0,2738.0,walk_after,chest+empatica,chest+empatica+forearm,gel,ecg/K2Q2_w0261.npy,acc_chest/K2Q2_w0261.npy,ppg_wrist/K2Q2_w0261.npy,1.883,4.66,False,0.0,0.0,0.0
K2Q2_w0262,K2Q2,262,2738.0,2748.0,2738.0,2748.0,walk_after,chest+empatica,chest+empatica+forearm,gel,ecg/K2Q2_w0262.npy,acc_chest/K2Q2_w0262.npy,ppg_wrist/K2Q2_w0262.npy,1.894,4.455,False,0.0,0.0,0.0
K2Q2_w0263,K2Q2,263,2748.0,2758.0,2748.0,2758.0,walk_after,chest+empatica,chest+empatica+forearm,gel,ecg/K2Q2_w0263.npy,acc_chest/K2Q2_w0263.npy,ppg_wrist/K2Q2_w0263.npy,1.811,3.922,False,0.0,0.0,0.0
K2Q2_w0264,K2Q2,264,2758.0,2768.0,2758.0,2768.0,walk_after,chest+empatica,chest+empatica+forearm,gel,ecg/K2Q2_w0264.npy,acc_chest/K2Q2_w0264.npy,ppg_wrist/K2Q2_w0264.npy,1.824,4.431,False,0.0,0.0,0.0
K2Q2_w0265,K2Q2,265,2768.0,2778.0,2768.0,2778.0,walk_after,chest+empatica,chest+empatica+forearm,gel,ecg/K2Q2_w0265.npy,acc_chest/K2Q2_w0265.npy,ppg_wrist/K2Q2_w0265.npy,1.79,3.831,False,0.0,0.0,0.0
K2Q2_w0266,K2Q2,266,2778.0,2788.0,2778.0,2788.0,walk_after,chest+empatica,chest+empatica+forearm,gel,ecg/K2Q2_w0266.npy,acc_chest/K2Q2_w0266.npy,ppg_wrist/K2Q2_w0266.npy,1.794,3.454,False,0.0,0.0,0.0
K2Q2_w0267,K2Q2,267,2788.0,2798.0,2788.0,2798.0,walk_after,chest+empatica,chest+empatica+forearm,gel,ecg/K2Q2_w0267.npy,acc_chest/K2Q2_w0267.npy,ppg_wrist/K2Q2_w0267.npy,1.829,4.081,False,0.0,0.0,0.0
K2Q2_w0268,K2Q2,268,2798.0,2808.0,2798.0,2808.0,walk_after,chest+empatica,chest+empatica+forearm,gel,ecg/K2Q2_w0268.npy,acc_chest/K2Q2_w0268.npy,ppg_wrist/K2Q2_w0268.npy,1.731,4.7,False,0.0,0.0,0.0
K2Q2_w0269,K2Q2,269,2808.0,2818.0,2808.0,2818.0,walk_after,chest+empatica,chest+empatica+forearm,gel,ecg/K2Q2_w0269.npy,acc_chest/K2Q2_w0269.npy,ppg_wrist/K2Q2_w0269.npy,1.642,4.967,False,0.0,0.0,0.0
K2Q2_w0270,K2Q2,270,2818.0,2828.0,2818.0,2828.0,walk_after,chest+empatica,chest+empatica+forearm,gel,ecg/K2Q2_w0270.npy,acc_chest/K2Q2_w0270.npy,ppg_wrist/K2Q2_w0270.npy,1.033,4.777,False,0.0,0.0,0.0
K2Q2_w0271,K2Q2,271,2828.0,2838.0,2828.0,2838.0,walk_after,chest+empatica,chest+empatica+forearm,gel,ecg/K2Q2_w0271.npy,acc_chest/K2Q2_w0271.npy,ppg_wrist/K2Q2_w0271.npy,1.028,4.736,False,0.0,0.0,0.0
K2Q2_w0272,K2Q2,272,2838.0,2848.0,2838.0,2848.0,walk_after,chest+empatica,chest+empatica+forearm,gel,ecg/K2Q2_w0272.npy,acc_chest/K2Q2_w0272.npy,ppg_wrist/K2Q2_w0272.npy,1.008,3.867,False,0.0,0.0,0.0
K2Q2_w0273,K2Q2,273,2848.0,2858.0,2848.0,2858.0,walk_after,chest+empatica,chest+empatica+forearm,gel,ecg/K2Q2_w0273.npy,acc_chest/K2Q2_w0273.npy,ppg_wrist/K2Q2_w0273.npy,0.981,13.407,False,0.0,0.0,0.0
K2Q2_w0274,K2Q2,274,2858.0,2868.0,2858.0,2868.0,walk_after,chest+empatica,chest+empatica+forearm,gel,ecg/K2Q2_w0274.npy,acc_chest/K2Q2_w0274.npy,ppg_wrist/K2Q2_w0274.npy,0.348,12.948,False,0.0,0.0,0.0
K2Q2_w0275,K2Q2,275,2868.0,2878.0,2868.0,2878.0,walk_after,chest+empatica,chest+empatica+forearm,gel,ecg/K2Q2_w0275.npy,acc_chest/K2Q2_w0275.npy,ppg_wrist/K2Q2_w0275.npy,0.348,12.948,False,0.0,0.0,0.0
K2Q2_w0276,K2Q2,276,2878.0,2888.0,2878.0,2888.0,walk_after,chest+empatica,chest+empatica+forearm,gel,ecg/K2Q2_w0276.npy,acc_chest/K2Q2_w0276.npy,ppg_wrist/K2Q2_w0276.npy,0.348,12.948,False,0.0,0.0,0.0
K2Q2_w0277,K2Q2,277,2888.0,2898.0,2888.0,2898.0,walk_after,chest+empatica,chest+empatica+forearm,gel,ecg/K2Q2_w0277.npy,acc_chest/K2Q2_w0277.npy,ppg_wrist/K2Q2_w0277.npy,0.348,12.948,False,0.0,0.0,0.0
K2Q2_w0278,K2Q2,278,2898.0,2908.0,2898.0,2908.0,walk_after,chest+empatica,chest+empatica+forearm,gel,ecg/K2Q2_w0278.npy,acc_chest/K2Q2_w0278.npy,ppg_wrist/K2Q2_w0278.npy,0.348,12.948,False,0.0,0.0,0.0
K2Q2_w0279,K2Q2,279,2908.0,2918.0,2908.0,2918.0,walk_after,chest+empatica,chest+empatica+forearm,gel,ecg/K2Q2_w0279.npy,acc_chest/K2Q2_w0279.npy,ppg_wrist/K2Q2_w0279.npy,0.348,12.948,False,0.0,0.0,0.0
K2Q2_w0280,K2Q2,280,2918.0,2928.0,2918.0,2928.0,walk_after,chest+empatica,chest+empatica+forearm,gel,ecg/K2Q2_w0280.npy,acc_chest/K2Q2_w0280.npy,ppg_wrist/K2Q2_w0280.npy,0.348,12.948,False,0.0,0.0,0.0
K2Q2_w0281,K2Q2,281,2928.0,2938.0,2928.0,2938.0,walk_after,chest+empatica,chest+empatica+forearm,gel,ecg/K2Q2_w0281.npy,acc_chest/K2Q2_w0281.npy,ppg_wrist/K2Q2_w0281.npy,0.348,12.948,False,0.0,0.0,0.0
K2Q2_w0282,K2Q2,282,2938.0,2948.0,2938.0,2948.0,walk_after,chest+empatica,chest+empatica+forearm,gel,ecg/K2Q2_w0282.npy,acc_chest/K2Q2_w0282.npy,ppg_wrist/K2Q2_w0282.npy,0.348,12.948,False,0.0,0.0,0.0
K2Q2_w0283,K2Q2,283,2948.0,2958.0,2948.0,2958.0,walk_after,chest+empatica,chest+empatica+forearm,gel,ecg/K2Q2_w0283.npy,acc_chest/K2Q2_w0283.npy,ppg_wrist/K2Q2_w0283.npy,0.348,12.948,False,0.0,0.0,0.0
K2Q2_w0284,K2Q2,284,2958.0,2968.0,2958.0,2968.0,walk_after,chest+empatica,chest+empatica+forearm,gel,ecg/K2Q2_w0284.npy,acc_chest/K2Q2_w0284.npy,ppg_wrist/K2Q2_w0284.npy,0.348,12.948,False,0.0,0.0,0.0
K2Q2_w0285,K2Q2,285,2968.0,2978.0,2968.0,2978.0,walk_after,chest+empatica,chest+empatica+forearm,gel,ecg/K2Q2_w0285.npy,acc_chest/K2Q2_w0285.npy,ppg_wrist/K2Q2_w0285.npy,0.348,12.948,False,0.0,0.0,0.0
K2Q2_w0286,K2Q2,286,2978.0,2988.0,2978.0,2988.0,walk_after,chest+empatica,chest+empatica+forearm,gel,ecg/K2Q2_w0286.npy,acc_chest/K2Q2_w0286.npy,ppg_wrist/K2Q2_w0286.npy,0.348,12.948,False,0.0,0.0,0.0
K2Q2_w0287,K2Q2,287,2988.0,2998.0,2988.0,2998.0,walk_after,chest+empatica,chest+empatica+forearm,gel,ecg/K2Q2_w0287.npy,acc_chest/K2Q2_w0287.npy,ppg_wrist/K2Q2_w0287.npy,1.085,14.31,False,0.0,0.0,0.0
K2Q2_w0288,K2Q2,288,2998.0,3008.0,2998.0,3008.0,walk_after,chest+empatica,chest+empatica+forearm,gel,ecg/K2Q2_w0288.npy,acc_chest/K2Q2_w0288.npy,ppg_wrist/K2Q2_w0288.npy,0.866,4.22,False,0.0,0.0,0.0
K2Q2_w0289,K2Q2,289,3008.0,3018.0,3008.0,3018.0,walk_after,chest+empatica,chest+empatica+forearm,gel,ecg/K2Q2_w0289.npy,acc_chest/K2Q2_w0289.npy,ppg_wrist/K2Q2_w0289.npy,1.1,4.54,False,0.0,0.0,0.0
K2Q2_w0290,K2Q2,290,3018.0,3028.0,3018.0,3028.0,walk_after,chest+empatica,chest+empatica+forearm,gel,ecg/K2Q2_w0290.npy,acc_chest/K2Q2_w0290.npy,ppg_wrist/K2Q2_w0290.npy,2.355,5.353,False,0.0,0.0,0.0
K2Q2_w0291,K2Q2,291,3028.0,3038.0,3028.0,3038.0,walk_after,chest+empatica,chest+empatica+forearm,gel,ecg/K2Q2_w0291.npy,acc_chest/K2Q2_w0291.npy,ppg_wrist/K2Q2_w0291.npy,0.892,3.317,False,0.0,0.0,0.0
K2Q2_w0292,K2Q2,292,3038.0,3048.0,3038.0,3048.0,walk_after,chest+empatica,chest+empatica+forearm,gel,ecg/K2Q2_w0292.npy,acc_chest/K2Q2_w0292.npy,ppg_wrist/K2Q2_w0292.npy,0.827,3.77,False,0.0,0.0,0.0
K2Q2_w0293,K2Q2,293,3048.0,3058.0,3048.0,3058.0,walk_after,chest+empatica,chest+empatica+forearm,gel,ecg/K2Q2_w0293.npy,acc_chest/K2Q2_w0293.npy,ppg_wrist/K2Q2_w0293.npy,0.829,4.165,False,0.0,0.0,0.0
K2Q2_w0294,K2Q2,294,3058.0,3068.0,3058.0,3068.0,walk_after,chest+empatica,chest+empatica+forearm,gel,ecg/K2Q2_w0294.npy,acc_chest/K2Q2_w0294.npy,ppg_wrist/K2Q2_w0294.npy,0.938,3.699,False,0.0,0.0,0.0
K2Q2_w0295,K2Q2,295,3068.0,3078.0,3068.0,3078.0,walk_after,chest+empatica,chest+empatica+forearm,gel,ecg/K2Q2_w0295.npy,acc_chest/K2Q2_w0295.npy,ppg_wrist/K2Q2_w0295.npy,1.357,3.887,False,0.0,0.0,0.0
K2Q2_w0296,K2Q2,296,3078.0,3088.0,3078.0,3088.0,walk_after,chest+empatica,chest+empatica+forearm,gel,ecg/K2Q2_w0296.npy,acc_chest/K2Q2_w0296.npy,ppg_wrist/K2Q2_w0296.npy,1.55,5.232,False,0.0,0.0,0.0
K2Q2_w0297,K2Q2,297,3088.0,3098.0,3088.0,3098.0,walk_after,chest+empatica,chest+empatica+forearm,gel,ecg/K2Q2_w0297.npy,acc_chest/K2Q2_w0297.npy,ppg_wrist/K2Q2_w0297.npy,1.724,5.14,False,0.0,0.0,0.0
K2Q2_w0298,K2Q2,298,3098.0,3108.0,3098.0,3108.0,walk_after,chest+empatica,chest+empatica+forearm,gel,ecg/K2Q2_w0298.npy,acc_chest/K2Q2_w0298.npy,ppg_wrist/K2Q2_w0298.npy,1.933,4.216,False,0.0,0.0,0.0
K2Q2_w0299,K2Q2,299,3108.0,3118.0,3108.0,3118.0,walk_after,chest+empatica,chest+empatica+forearm,gel,ecg/K2Q2_w0299.npy,acc_chest/K2Q2_w0299.npy,ppg_wrist/K2Q2_w0299.npy,2.035,4.529,False,0.0,0.0,0.0
K2Q2_w0300,K2Q2,300,3118.0,3128.0,3118.0,3128.0,walk_after,chest+empatica,chest+empatica+forearm,gel,ecg/K2Q2_w0300.npy,acc_chest/K2Q2_w0300.npy,ppg_wrist/K2Q2_w0300.npy,1.482,4.324,False,0.0,0.0,0.0
K2Q2_w0301,K2Q2,301,3128.0,3138.0,3128.0,3138.0,walk_after,chest+empatica,chest+empatica+forearm,gel,ecg/K2Q2_w0301.npy,acc_chest/K2Q2_w0301.npy,ppg_wrist/K2Q2_w0301.npy,0.972,3.839,False,0.0,0.0,0.0
K2Q2_w0302,K2Q2,302,3138.0,3148.0,3138.0,3148.0,walk_after,chest+empatica,chest+empatica+forearm,gel,ecg/K2Q2_w0302.npy,acc_chest/K2Q2_w0302.npy,ppg_wrist/K2Q2_w0302.npy,0.879,3.535,False,0.0,0.0,0.0
K2Q2_w0303,K2Q2,303,3148.0,3158.0,3148.0,3158.0,walk_after,chest+empatica,chest+empatica+forearm,gel,ecg/K2Q2_w0303.npy,acc_chest/K2Q2_w0303.npy,ppg_wrist/K2Q2_w0303.npy,0.84,3.322,False,0.0,0.0,0.0
K2Q2_w0304,K2Q2,304,3158.0,3168.0,3158.0,3168.0,walk_after,chest+empatica,chest+empatica+forearm,gel,ecg/K2Q2_w0304.npy,acc_chest/K2Q2_w0304.npy,ppg_wrist/K2Q2_w0304.npy,0.839,4.086,False,0.0,0.0,0.0
K2Q2_w0305,K2Q2,305,3168.0,3178.0,3168.0,3178.0,walk_after,chest+empatica,chest+empatica+forearm,gel,ecg/K2Q2_w0305.npy,acc_chest/K2Q2_w0305.npy,ppg_wrist/K2Q2_w0305.npy,0.825,4.235,False,0.0,0.0,0.0
K2Q2_w0306,K2Q2,306,3178.0,3188.0,3178.0,3188.0,walk_after,chest+empatica,chest+empatica+forearm,gel,ecg/K2Q2_w0306.npy,acc_chest/K2Q2_w0306.npy,ppg_wrist/K2Q2_w0306.npy,0.862,3.51,False,0.0,0.0,0.0
K2Q2_w0307,K2Q2,307,3188.0,3198.0,3188.0,3198.0,walk_after,chest+empatica,chest+empatica+forearm,gel,ecg/K2Q2_w0307.npy,acc_chest/K2Q2_w0307.npy,ppg_wrist/K2Q2_w0307.npy,0.836,3.842,False,0.0,0.0,0.0
K2Q2_w0308,K2Q2,308,3198.0,3208.0,3198.0,3208.0,walk_after,chest+empatica,chest+empatica+forearm,gel,ecg/K2Q2_w0308.npy,acc_chest/K2Q2_w0308.npy,ppg_wrist/K2Q2_w0308.npy,0.855,4.364,False,0.0,0.0,0.0
K2Q2_w0309,K2Q2,309,3208.0,3218.0,3208.0,3218.0,walk_after,chest+empatica,chest+empatica+forearm,gel,ecg/K2Q2_w0309.npy,acc_chest/K2Q2_w0309.npy,ppg_wrist/K2Q2_w0309.npy,0.871,4.064,False,0.0,0.0,0.0
K2Q2_w0310,K2Q2,310,3218.0,3228.0,3218.0,3228.0,walk_after,chest+empatica,chest+empatica+forearm,gel,ecg/K2Q2_w0310.npy,acc_chest/K2Q2_w0310.npy,ppg_wrist/K2Q2_w0310.npy,0.984,3.762,False,0.0,0.0,0.0
K2Q2_w0311,K2Q2,311,3228.0,3238.0,3228.0,3238.0,walk_after,chest+empatica,chest+empatica+forearm,gel,ecg/K2Q2_w0311.npy,acc_chest/K2Q2_w0311.npy,ppg_wrist/K2Q2_w0311.npy,1.144,13.826,False,0.0,0.0,0.0
K2Q2_w0312,K2Q2,312,3238.0,3248.0,3238.0,3248.0,walk_after,chest+empatica,chest+empatica+forearm,gel,ecg/K2Q2_w0312.npy,acc_chest/K2Q2_w0312.npy,ppg_wrist/K2Q2_w0312.npy,0.348,12.948,False,0.0,0.0,0.0
K2Q2_w0313,K2Q2,313,3248.0,3258.0,3248.0,3258.0,walk_after,chest+empatica,chest+empatica+forearm,gel,ecg/K2Q2_w0313.npy,acc_chest/K2Q2_w0313.npy,ppg_wrist/K2Q2_w0313.npy,0.348,12.948,False,0.0,0.0,0.0
K2Q2_w0314,K2Q2,314,3258.0,3268.0,3258.0,3268.0,walk_after,chest+empatica,chest+empatica+forearm,gel,ecg/K2Q2_w0314.npy,acc_chest/K2Q2_w0314.npy,ppg_wrist/K2Q2_w0314.npy,0.657,13.152,False,0.0,0.0,0.0
K2Q2_w0315,K2Q2,315,3268.0,3278.0,3268.0,3278.0,walk_after,chest+empatica,chest+empatica+forearm,gel,ecg/K2Q2_w0315.npy,acc_chest/K2Q2_w0315.npy,ppg_wrist/K2Q2_w0315.npy,1.783,17.846,False,0.0,0.0,0.0
K2Q2_w0316,K2Q2,316,3278.0,3288.0,3278.0,3288.0,walk_after,chest+empatica,chest+empatica+forearm,gel,ecg/K2Q2_w0316.npy,acc_chest/K2Q2_w0316.npy,ppg_wrist/K2Q2_w0316.npy,0.902,4.572,False,0.0,0.0,0.0
K2Q2_w0317,K2Q2,317,3288.0,3298.0,3288.0,3298.0,walk_after,chest+empatica,chest+empatica+forearm,gel,ecg/K2Q2_w0317.npy,acc_chest/K2Q2_w0317.npy,ppg_wrist/K2Q2_w0317.npy,0.881,4.022,False,0.0,0.0,0.0
K2Q2_w0318,K2Q2,318,3298.0,3308.0,3298.0,3308.0,walk_after,chest+empatica,chest+empatica+forearm,gel,ecg/K2Q2_w0318.npy,acc_chest/K2Q2_w0318.npy,ppg_wrist/K2Q2_w0318.npy,0.874,3.812,False,0.0,0.0,0.0
K2Q2_w0319,K2Q2,319,3308.0,3318.0,3308.0,3318.0,walk_after,chest+empatica,chest+empatica+forearm,gel,ecg/K2Q2_w0319.npy,acc_chest/K2Q2_w0319.npy,ppg_wrist/K2Q2_w0319.npy,0.879,3.948,False,0.0,0.0,0.0
K2Q2_w0320,K2Q2,320,3318.0,3328.0,3318.0,3328.0,walk_after,chest+empatica,chest+empatica+forearm,gel,ecg/K2Q2_w0320.npy,acc_chest/K2Q2_w0320.npy,ppg_wrist/K2Q2_w0320.npy,0.791,3.732,False,0.0,0.0,0.0
K2Q2_w0321,K2Q2,321,3328.0,3338.0,3328.0,3338.0,walk_after,chest+empatica,chest+empatica+forearm,gel,ecg/K2Q2_w0321.npy,acc_chest/K2Q2_w0321.npy,ppg_wrist/K2Q2_w0321.npy,0.805,3.623,False,0.0,0.0,0.0
K2Q2_w0322,K2Q2,322,3338.0,3348.0,3338.0,3348.0,walk_after,chest+empatica,chest+empatica+forearm,gel,ecg/K2Q2_w0322.npy,acc_chest/K2Q2_w0322.npy,ppg_wrist/K2Q2_w0322.npy,0.774,3.585,False,0.0,0.0,0.0
K2Q2_w0323,K2Q2,323,3348.0,3358.0,3348.0,3358.0,walk_after,chest+empatica,chest+empatica+forearm,gel,ecg/K2Q2_w0323.npy,acc_chest/K2Q2_w0323.npy,ppg_wrist/K2Q2_w0323.npy,0.784,3.539,False,0.0,0.0,0.0
K2Q2_w0324,K2Q2,324,3358.0,3368.0,3358.0,3368.0,walk_after,chest+empatica,chest+empatica+forearm,gel,ecg/K2Q2_w0324.npy,acc_chest/K2Q2_w0324.npy,ppg_wrist/K2Q2_w0324.npy,0.758,3.694,False,0.0,0.0,0.0
K2Q2_w0325,K2Q2,325,3368.0,3378.0,3368.0,3378.0,walk_after,chest+empatica,chest+empatica+forearm,gel,ecg/K2Q2_w0325.npy,acc_chest/K2Q2_w0325.npy,ppg_wrist/K2Q2_w0325.npy,0.867,4.509,False,0.0,0.0,0.0
K2Q2_w0326,K2Q2,326,3378.0,3388.0,3378.0,3388.0,walk_after,chest+empatica,chest+empatica+forearm,gel,ecg/K2Q2_w0326.npy,acc_chest/K2Q2_w0326.npy,ppg_wrist/K2Q2_w0326.npy,0.816,4.589,False,0.0,0.0,0.0
K2Q2_w0327,K2Q2,327,3388.0,3398.0,3388.0,3398.0,walk_after,chest+empatica,chest+empatica+forearm,gel,ecg/K2Q2_w0327.npy,acc_chest/K2Q2_w0327.npy,ppg_wrist/K2Q2_w0327.npy,0.814,3.978,False,0.0,0.0,0.0
K2Q2_w0328,K2Q2,328,3398.0,3408.0,3398.0,3408.0,walk_after,chest+empatica,chest+empatica+forearm,gel,ecg/K2Q2_w0328.npy,acc_chest/K2Q2_w0328.npy,ppg_wrist/K2Q2_w0328.npy,0.823,4.332,False,0.0,0.0,0.0
K2Q2_w0329,K2Q2,329,3408.0,3418.0,3408.0,3418.0,walk_after,chest+empatica,chest+empatica+forearm,gel,ecg/K2Q2_w0329.npy,acc_chest/K2Q2_w0329.npy,ppg_wrist/K2Q2_w0329.npy,0.851,4.679,False,0.0,0.0,0.0
K2Q2_w0330,K2Q2,330,3418.0,3428.0,3418.0,3428.0,walk_after,chest+empatica,chest+empatica+forearm,gel,ecg/K2Q2_w0330.npy,acc_chest/K2Q2_w0330.npy,ppg_wrist/K2Q2_w0330.npy,0.856,4.635,False,0.0,0.0,0.0
K2Q2_w0331,K2Q2,331,3428.0,3438.0,3428.0,3438.0,walk_after,chest+empatica,chest+empatica+forearm,gel,ecg/K2Q2_w0331.npy,acc_chest/K2Q2_w0331.npy,ppg_wrist/K2Q2_w0331.npy,0.811,4.527,False,0.0,0.0,0.0
K2Q2_w0332,K2Q2,332,3438.0,3448.0,3438.0,3448.0,walk_after,chest+empatica,chest+empatica+forearm,gel,ecg/K2Q2_w0332.npy,acc_chest/K2Q2_w0332.npy,ppg_wrist/K2Q2_w0332.npy,0.8,3.997,False,0.0,0.0,0.0
K2Q2_w0333,K2Q2,333,3448.0,3458.0,3448.0,3458.0,walk_after,chest+empatica,chest+empatica+forearm,gel,ecg/K2Q2_w0333.npy,acc_chest/K2Q2_w0333.npy,ppg_wrist/K2Q2_w0333.npy,0.834,3.709,False,0.0,0.0,0.0
K2Q2_w0334,K2Q2,334,3458.0,3468.0,3458.0,3459.0,walk_after,chest+empatica,chest+empatica+forearm,gel,ecg/K2Q2_w0334.npy,acc_chest/K2Q2_w0334.npy,ppg_wrist/K2Q2_w0334.npy,2.132,18.844,True,0.9,0.9,0.0
KF93_w0000,KF93,0,95.0,105.0,95.0,105.0,baseline,chest+empatica,chest+empatica+forearm,gel,ecg/KF93_w0000.npy,acc_chest/KF93_w0000.npy,ppg_wrist/KF93_w0000.npy,0.7,2.847,False,0.0,0.0,0.0
KF93_w0001,KF93,1,105.0,115.0,105.0,115.0,baseline,chest+empatica,chest+empatica+forearm,gel,ecg/KF93_w0001.npy,acc_chest/KF93_w0001.npy,ppg_wrist/KF93_w0001.npy,0.67,2.943,False,0.0,0.0,0.0
KF93_w0002,KF93,2,115.0,125.0,115.0,125.0,baseline,chest+empatica,chest+empatica+forearm,gel,ecg/KF93_w0002.npy,acc_chest/KF93_w0002.npy,ppg_wrist/KF93_w0002.npy,0.658,2.888,False,0.0,0.0,0.0
KF93_w0003,KF93,3,125.0,135.0,125.0,135.0,baseline,chest+empatica,chest+empatica+forearm,gel,ecg/KF93_w0003.npy,acc_chest/KF93_w0003.npy,ppg_wrist/KF93_w0003.npy,0.669,2.861,False,0.0,0.0,0.0
KF93_w0004,KF93,4,135.0,145.0,135.0,145.0,baseline,chest+empatica,chest+empatica+forearm,gel,ecg/KF93_w0004.npy,acc_chest/KF93_w0004.npy,ppg_wrist/KF93_w0004.npy,0.679,2.865,False,0.0,0.0,0.0
KF93_w0005,KF93,5,145.0,155.0,145.0,155.0,baseline,chest+empatica,chest+empatica+forearm,gel,ecg/KF93_w0005.npy,acc_chest/KF93_w0005.npy,ppg_wrist/KF93_w0005.npy,0.651,2.735,False,0.0,0.0,0.0
KF93_w0006,KF93,6,155.0,165.0,155.0,165.0,baseline,chest+empatica,chest+empatica+forearm,gel,ecg/KF93_w0006.npy,acc_chest/KF93_w0006.npy,ppg_wrist/KF93_w0006.npy,2.684,30.689,False,0.0,0.0,0.0
KF93_w0007,KF93,7,165.0,175.0,165.0,175.0,baseline,chest+empatica,chest+empatica+forearm,gel,ecg/KF93_w0007.npy,acc_chest/KF93_w0007.npy,ppg_wrist/KF93_w0007.npy,0.697,2.55,False,0.0,0.0,0.0
KF93_w0008,KF93,8,175.0,185.0,175.0,185.0,baseline,chest+empatica,chest+empatica+forearm,gel,ecg/KF93_w0008.npy,acc_chest/KF93_w0008.npy,ppg_wrist/KF93_w0008.npy,0.686,2.839,False,0.0,0.0,0.0
KF93_w0009,KF93,9,185.0,195.0,185.0,195.0,baseline,chest+empatica,chest+empatica+forearm,gel,ecg/KF93_w0009.npy,acc_chest/KF93_w0009.npy,ppg_wrist/KF93_w0009.npy,0.658,2.953,False,0.0,0.0,0.0
KF93_w0010,KF93,10,195.0,205.0,195.0,205.0,baseline,chest+empatica,chest+empatica+forearm,gel,ecg/KF93_w0010.npy,acc_chest/KF93_w0010.npy,ppg_wrist/KF93_w0010.npy,0.683,2.753,False,0.0,0.0,0.0
KF93_w0011,KF93,11,205.0,215.0,205.0,215.0,baseline,chest+empatica,chest+empatica+forearm,gel,ecg/KF93_w0011.npy,acc_chest/KF93_w0011.npy,ppg_wrist/KF93_w0011.npy,0.675,2.822,False,0.0,0.0,0.0
KF93_w0012,KF93,12,215.0,225.0,215.0,225.0,baseline,chest+empatica,chest+empatica+forearm,gel,ecg/KF93_w0012.npy,acc_chest/KF93_w0012.npy,ppg_wrist/KF93_w0012.npy,0.669,2.653,False,0.0,0.0,0.0
KF93_w0013,KF93,13,225.0,235.0,225.0,235.0,baseline,chest+empatica,chest+empatica+forearm,gel,ecg/KF93_w0013.npy,acc_chest/KF93_w0013.npy,ppg_wrist/KF93_w0013.npy,0.681,2.833,False,0.0,0.0,0.0
KF93_w0014,KF93,14,235.0,245.0,235.0,245.0,baseline,chest+empatica,chest+empatica+forearm,gel,ecg/KF93_w0014.npy,acc_chest/KF93_w0014.npy,ppg_wrist/KF93_w0014.npy,0.712,2.973,False,0.0,0.0,0.0
KF93_w0015,KF93,15,245.0,255.0,245.0,255.0,baseline,chest+empatica,chest+empatica+forearm,gel,ecg/KF93_w0015.npy,acc_chest/KF93_w0015.npy,ppg_wrist/KF93_w0015.npy,0.7,2.66,False,0.0,0.0,0.0
KF93_w0016,KF93,16,255.0,265.0,255.0,265.0,baseline,chest+empatica,chest+empatica+forearm,gel,ecg/KF93_w0016.npy,acc_chest/KF93_w0016.npy,ppg_wrist/KF93_w0016.npy,0.671,2.868,False,0.0,0.0,0.0
KF93_w0017,KF93,17,265.0,275.0,265.0,275.0,baseline,chest+empatica,chest+empatica+forearm,gel,ecg/KF93_w0017.npy,acc_chest/KF93_w0017.npy,ppg_wrist/KF93_w0017.npy,1.035,16.992,False,0.0,0.0,0.0
KF93_w0018,KF93,18,275.0,285.0,275.0,285.0,baseline,chest+empatica,chest+empatica+forearm,gel,ecg/KF93_w0018.npy,acc_chest/KF93_w0018.npy,ppg_wrist/KF93_w0018.npy,0.416,15.486,False,0.0,0.0,0.0
KF93_w0019,KF93,19,285.0,295.0,285.0,295.0,baseline,chest+empatica,chest+empatica+forearm,gel,ecg/KF93_w0019.npy,acc_chest/KF93_w0019.npy,ppg_wrist/KF93_w0019.npy,0.416,15.486,False,0.0,0.0,0.0
KF93_w0020,KF93,20,295.0,305.0,295.0,305.0,baseline,chest+empatica,chest+empatica+forearm,gel,ecg/KF93_w0020.npy,acc_chest/KF93_w0020.npy,ppg_wrist/KF93_w0020.npy,0.416,15.486,False,0.0,0.0,0.0
KF93_w0021,KF93,21,305.0,315.0,305.0,315.0,baseline,chest+empatica,chest+empatica+forearm,gel,ecg/KF93_w0021.npy,acc_chest/KF93_w0021.npy,ppg_wrist/KF93_w0021.npy,0.416,15.486,False,0.0,0.0,0.0
KF93_w0022,KF93,22,315.0,325.0,315.0,325.0,baseline,chest+empatica,chest+empatica+forearm,gel,ecg/KF93_w0022.npy,acc_chest/KF93_w0022.npy,ppg_wrist/KF93_w0022.npy,0.416,15.486,False,0.0,0.0,0.0
KF93_w0023,KF93,23,325.0,335.0,325.0,335.0,baseline,chest+empatica,chest+empatica+forearm,gel,ecg/KF93_w0023.npy,acc_chest/KF93_w0023.npy,ppg_wrist/KF93_w0023.npy,0.416,15.486,False,0.0,0.0,0.0
KF93_w0024,KF93,24,335.0,345.0,335.0,345.0,baseline,chest+empatica,chest+empatica+forearm,gel,ecg/KF93_w0024.npy,acc_chest/KF93_w0024.npy,ppg_wrist/KF93_w0024.npy,0.631,16.691,False,0.0,0.0,0.0
KF93_w0025,KF93,25,345.0,355.0,345.0,355.0,lift,chest+empatica,chest+empatica+forearm,gel,ecg/KF93_w0025.npy,acc_chest/KF93_w0025.npy,ppg_wrist/KF93_w0025.npy,0.726,3.573,False,0.0,0.0,0.0
KF93_w0026,KF93,26,355.0,365.0,355.0,365.0,lift,chest+empatica,chest+empatica+forearm,gel,ecg/KF93_w0026.npy,acc_chest/KF93_w0026.npy,ppg_wrist/KF93_w0026.npy,0.711,3.182,False,0.0,0.0,0.0
KF93_w0027,KF93,27,365.0,375.0,365.0,375.0,lift,chest+empatica,chest+empatica+forearm,gel,ecg/KF93_w0027.npy,acc_chest/KF93_w0027.npy,ppg_wrist/KF93_w0027.npy,0.691,2.275,False,0.0,0.0,0.0
KF93_w0028,KF93,28,375.0,385.0,375.0,385.0,lift,chest+empatica,chest+empatica+forearm,gel,ecg/KF93_w0028.npy,acc_chest/KF93_w0028.npy,ppg_wrist/KF93_w0028.npy,0.728,2.633,False,0.0,0.0,0.0
KF93_w0029,KF93,29,385.0,395.0,385.0,395.0,lift,chest+empatica,chest+empatica+forearm,gel,ecg/KF93_w0029.npy,acc_chest/KF93_w0029.npy,ppg_wrist/KF93_w0029.npy,0.7,2.933,False,0.0,0.0,0.0
KF93_w0030,KF93,30,395.0,405.0,395.0,405.0,lift,chest+empatica,chest+empatica+forearm,gel,ecg/KF93_w0030.npy,acc_chest/KF93_w0030.npy,ppg_wrist/KF93_w0030.npy,0.684,2.854,False,0.0,0.0,0.0
KF93_w0031,KF93,31,405.0,415.0,405.0,415.0,lift,chest+empatica,chest+empatica+forearm,gel,ecg/KF93_w0031.npy,acc_chest/KF93_w0031.npy,ppg_wrist/KF93_w0031.npy,0.711,2.942,False,0.0,0.0,0.0
KF93_w0032,KF93,32,415.0,425.0,415.0,425.0,lift,chest+empatica,chest+empatica+forearm,gel,ecg/KF93_w0032.npy,acc_chest/KF93_w0032.npy,ppg_wrist/KF93_w0032.npy,0.694,3.455,False,0.0,0.0,0.0
KF93_w0033,KF93,33,425.0,435.0,425.0,435.0,lift,chest+empatica,chest+empatica+forearm,gel,ecg/KF93_w0033.npy,acc_chest/KF93_w0033.npy,ppg_wrist/KF93_w0033.npy,0.799,16.534,False,0.0,0.0,0.0
KF93_w0034,KF93,34,435.0,445.0,435.0,445.0,lift,chest+empatica,chest+empatica+forearm,gel,ecg/KF93_w0034.npy,acc_chest/KF93_w0034.npy,ppg_wrist/KF93_w0034.npy,0.416,15.486,False,0.0,0.0,0.0
KF93_w0035,KF93,35,445.0,455.0,445.0,455.0,lift,chest+empatica,chest+empatica+forearm,gel,ecg/KF93_w0035.npy,acc_chest/KF93_w0035.npy,ppg_wrist/KF93_w0035.npy,0.416,15.486,False,0.0,0.0,0.0
KF93_w0036,KF93,36,455.0,465.0,455.0,465.0,lift,chest+empatica,chest+empatica+forearm,gel,ecg/KF93_w0036.npy,acc_chest/KF93_w0036.npy,ppg_wrist/KF93_w0036.npy,0.768,16.994,False,0.0,0.0,0.0
KF93_w0037,KF93,37,465.0,475.0,465.0,475.0,greetings,chest+empatica,chest+empatica+forearm,gel,ecg/KF93_w0037.npy,acc_chest/KF93_w0037.npy,ppg_wrist/KF93_w0037.npy,0.697,2.898,False,0.0,0.0,0.0
KF93_w0038,KF93,38,475.0,485.0,475.0,485.0,greetings,chest+empatica,chest+empatica+forearm,gel,ecg/KF93_w0038.npy,acc_chest/KF93_w0038.npy,ppg_wrist/KF93_w0038.npy,0.681,2.943,False,0.0,0.0,0.0
KF93_w0039,KF93,39,485.0,495.0,485.0,495.0,greetings,chest+empatica,chest+empatica+forearm,gel,ecg/KF93_w0039.npy,acc_chest/KF93_w0039.npy,ppg_wrist/KF93_w0039.npy,0.728,3.078,False,0.0,0.0,0.0
KF93_w0040,KF93,40,495.0,505.0,495.0,505.0,greetings,chest+empatica,chest+empatica+forearm,gel,ecg/KF93_w0040.npy,acc_chest/KF93_w0040.npy,ppg_wrist/KF93_w0040.npy,0.792,17.047,False,0.0,0.0,0.0
KF93_w0041,KF93,41,505.0,515.0,505.0,515.0,greetings,chest+empatica,chest+empatica+forearm,gel,ecg/KF93_w0041.npy,acc_chest/KF93_w0041.npy,ppg_wrist/KF93_w0041.npy,0.416,15.486,False,0.0,0.0,0.0
KF93_w0042,KF93,42,515.0,525.0,515.0,525.0,greetings,chest+empatica,chest+empatica+forearm,gel,ecg/KF93_w0042.npy,acc_chest/KF93_w0042.npy,ppg_wrist/KF93_w0042.npy,0.416,15.486,False,0.0,0.0,0.0
KF93_w0043,KF93,43,525.0,535.0,525.0,535.0,greetings,chest+empatica,chest+empatica+forearm,gel,ecg/KF93_w0043.npy,acc_chest/KF93_w0043.npy,ppg_wrist/KF93_w0043.npy,0.416,15.486,False,0.0,0.0,0.0
KF93_w0044,KF93,44,535.0,545.0,535.0,545.0,greetings,chest+empatica,chest+empatica+forearm,gel,ecg/KF93_w0044.npy,acc_chest/KF93_w0044.npy,ppg_wrist/KF93_w0044.npy,0.987,16.882,False,0.0,0.0,0.0
KF93_w0045,KF93,45,545.0,555.0,545.0,555.0,gesticulate,chest+empatica,chest+empatica+forearm,gel,ecg/KF93_w0045.npy,acc_chest/KF93_w0045.npy,ppg_wrist/KF93_w0045.npy,0.677,3.24,False,0.0,0.0,0.0
KF93_w0046,KF93,46,555.0,565.0,555.0,565.0,gesticulate,chest+empatica,chest+empatica+forearm,gel,ecg/KF93_w0046.npy,acc_chest/KF93_w0046.npy,ppg_wrist/KF93_w0046.npy,0.695,3.07,False,0.0,0.0,0.0
KF93_w0047,KF93,47,565.0,575.0,565.0,575.0,gesticulate,chest+empatica,chest+empatica+forearm,gel,ecg/KF93_w0047.npy,acc_chest/KF93_w0047.npy,ppg_wrist/KF93_w0047.npy,0.687,2.846,False,0.0,0.0,0.0
KF93_w0048,KF93,48,575.0,585.0,575.0,585.0,gesticulate,chest+empatica,chest+empatica+forearm,gel,ecg/KF93_w0048.npy,acc_chest/KF93_w0048.npy,ppg_wrist/KF93_w0048.npy,0.717,3.134,False,0.0,0.0,0.0
KF93_w0049,KF93,49,585.0,595.0,585.0,595.0,gesticulate,chest+empatica,chest+empatica+forearm,gel,ecg/KF93_w0049.npy,acc_chest/KF93_w0049.npy,ppg_wrist/KF93_w0049.npy,0.701,3.18,False,0.0,0.0,0.0
KF93_w0050,KF93,50,595.0,605.0,595.0,605.0,gesticulate,chest+empatica,chest+empatica+forearm,gel,ecg/KF93_w0050.npy,acc_chest/KF93_w0050.npy,ppg_wrist/KF93_w0050.npy,0.649,2.982,False,0.0,0.0,0.0
KF93_w0051,KF93,51,605.0,615.0,605.0,615.0,gesticulate,chest+empatica,chest+empatica+forearm,gel,ecg/KF93_w0051.npy,acc_chest/KF93_w0051.npy,ppg_wrist/KF93_w0051.npy,0.681,3.147,False,0.0,0.0,0.0
KF93_w0052,KF93,52,615.0,625.0,615.0,625.0,gesticulate,chest+empatica,chest+empatica+forearm,gel,ecg/KF93_w0052.npy,acc_chest/KF93_w0052.npy,ppg_wrist/KF93_w0052.npy,0.686,3.235,False,0.0,0.0,0.0
KF93_w0053,KF93,53,625.0,635.0,625.0,635.0,gesticulate,chest+empatica,chest+empatica+forearm,gel,ecg/KF93_w0053.npy,acc_chest/KF93_w0053.npy,ppg_wrist/KF93_w0053.npy,0.674,3.175,False,0.0,0.0,0.0
KF93_w0054,KF93,54,635.0,645.0,635.0,645.0,gesticulate,chest+empatica,chest+empatica+forearm,gel,ecg/KF93_w0054.npy,acc_chest/KF93_w0054.npy,ppg_wrist/KF93_w0054.npy,0.673,2.872,False,0.0,0.0,0.0
KF93_w0055,KF93,55,645.0,655.0,645.0,655.0,gesticulate,chest+empatica,chest+empatica+forearm,gel,ecg/KF93_w0055.npy,acc_chest/KF93_w0055.npy,ppg_wrist/KF93_w0055.npy,0.698,2.841,False,0.0,0.0,0.0
KF93_w0056,KF93,56,655.0,665.0,655.0,665.0,gesticulate,chest+empatica,chest+empatica+forearm,gel,ecg/KF93_w0056.npy,acc_chest/KF93_w0056.npy,ppg_wrist/KF93_w0056.npy,0.688,2.955,False,0.0,0.0,0.0
KF93_w0057,KF93,57,665.0,675.0,665.0,675.0,gesticulate,chest+empatica,chest+empatica+forearm,gel,ecg/KF93_w0057.npy,acc_chest/KF93_w0057.npy,ppg_wrist/KF93_w0057.npy,0.84,16.742,False,0.0,0.0,0.0
KF93_w0058,KF93,58,675.0,685.0,675.0,685.0,gesticulate,chest+empatica,chest+empatica+forearm,gel,ecg/KF93_w0058.npy,acc_chest/KF93_w0058.npy,ppg_wrist/KF93_w0058.npy,0.416,15.486,False,0.0,0.0,0.0
KF93_w0059,KF93,59,685.0,695.0,685.0,695.0,gesticulate,chest+empatica,chest+empatica+forearm,gel,ecg/KF93_w0059.npy,acc_chest/KF93_w0059.npy,ppg_wrist/KF93_w0059.npy,0.416,15.486,False,0.0,0.0,0.0
KF93_w0060,KF93,60,695.0,705.0,695.0,705.0,gesticulate,chest+empatica,chest+empatica+forearm,gel,ecg/KF93_w0060.npy,acc_chest/KF93_w0060.npy,ppg_wrist/KF93_w0060.npy,0.416,15.486,False,0.0,0.0,0.0
KF93_w0061,KF93,61,705.0,715.0,705.0,715.0,gesticulate,chest+empatica,chest+empatica+forearm,gel,ecg/KF93_w0061.npy,acc_chest/KF93_w0061.npy,ppg_wrist/KF93_w0061.npy,0.416,15.486,False,0.0,0.0,0.0
KF93_w0062,KF93,62,715.0,725.0,715.0,725.0,gesticulate,chest+empatica,chest+empatica+forearm,gel,ecg/KF93_w0062.npy,acc_chest/KF93_w0062.npy,ppg_wrist/KF93_w0062.npy,0.416,15.486,False,0.0,0.0,0.0
KF93_w0063,KF93,63,725.0,735.0,725.0,735.0,gesticulate,chest+empatica,chest+empatica+forearm,gel,ecg/KF93_w0063.npy,acc_chest/KF93_w0063.npy,ppg_wrist/KF93_w0063.npy,0.416,15.486,False,0.0,0.0,0.0
KF93_w0064,KF93,64,735.0,745.0,735.0,745.0,gesticulate,chest+empatica,chest+empatica+forearm,gel,ecg/KF93_w0064.npy,acc_chest/KF93_w0064.npy,ppg_wrist/KF93_w0064.npy,0.416,15.486,False,0.0,0.0,0.0
KF93_w0065,KF93,65,745.0,755.0,745.0,755.0,gesticulate,chest+empatica,chest+empatica+forearm,gel,ecg/KF93_w0065.npy,acc_chest/KF93_w0065.npy,ppg_wrist/KF93_w0065.npy,0.844,16.798,False,0.0,0.0,0.0
KF93_w0066,KF93,66,755.0,765.0,755.0,765.0,gesticulate,chest+empatica,chest+empatica+forearm,gel,ecg/KF93_w0066.npy,acc_chest/KF93_w0066.npy,ppg_wrist/KF93_w0066.npy,0.621,2.824,False,0.0,0.0,0.0
KF93_w0067,KF93,67,765.0,775.0,765.0,775.0,gesticulate,chest+empatica,chest+empatica+forearm,gel,ecg/KF93_w0067.npy,acc_chest/KF93_w0067.npy,ppg_wrist/KF93_w0067.npy,0.633,2.988,False,0.0,0.0,0.0
KF93_w0068,KF93,68,775.0,785.0,775.0,785.0,gesticulate,chest+empatica,chest+empatica+forearm,gel,ecg/KF93_w0068.npy,acc_chest/KF93_w0068.npy,ppg_wrist/KF93_w0068.npy,0.642,3.186,False,0.0,0.0,0.0
KF93_w0069,KF93,69,785.0,795.0,785.0,795.0,gesticulate,chest+empatica,chest+empatica+forearm,gel,ecg/KF93_w0069.npy,acc_chest/KF93_w0069.npy,ppg_wrist/KF93_w0069.npy,0.632,3.281,False,0.0,0.0,0.0
KF93_w0070,KF93,70,795.0,805.0,795.0,805.0,gesticulate,chest+empatica,chest+empatica+forearm,gel,ecg/KF93_w0070.npy,acc_chest/KF93_w0070.npy,ppg_wrist/KF93_w0070.npy,0.637,3.151,False,0.0,0.0,0.0
KF93_w0071,KF93,71,805.0,815.0,805.0,815.0,walk_before,chest+empatica,chest+empatica+forearm,gel,ecg/KF93_w0071.npy,acc_chest/KF93_w0071.npy,ppg_wrist/KF93_w0071.npy,0.67,3.173,False,0.0,0.0,0.0
KF93_w0072,KF93,72,815.0,825.0,815.0,825.0,walk_before,chest+empatica,chest+empatica+forearm,gel,ecg/KF93_w0072.npy,acc_chest/KF93_w0072.npy,ppg_wrist/KF93_w0072.npy,0.664,3.143,False,0.0,0.0,0.0
KF93_w0073,KF93,73,825.0,835.0,825.0,835.0,walk_before,chest+empatica,chest+empatica+forearm,gel,ecg/KF93_w0073.npy,acc_chest/KF93_w0073.npy,ppg_wrist/KF93_w0073.npy,0.634,3.121,False,0.0,0.0,0.0
KF93_w0074,KF93,74,835.0,845.0,835.0,845.0,walk_before,chest+empatica,chest+empatica+forearm,gel,ecg/KF93_w0074.npy,acc_chest/KF93_w0074.npy,ppg_wrist/KF93_w0074.npy,0.652,3.091,False,0.0,0.0,0.0
KF93_w0075,KF93,75,845.0,855.0,845.0,855.0,walk_before,chest+empatica,chest+empatica+forearm,gel,ecg/KF93_w0075.npy,acc_chest/KF93_w0075.npy,ppg_wrist/KF93_w0075.npy,0.649,2.908,False,0.0,0.0,0.0
KF93_w0076,KF93,76,855.0,865.0,855.0,865.0,walk_before,chest+empatica,chest+empatica+forearm,gel,ecg/KF93_w0076.npy,acc_chest/KF93_w0076.npy,ppg_wrist/KF93_w0076.npy,0.743,3.117,False,0.0,0.0,0.0
KF93_w0077,KF93,77,865.0,875.0,865.0,875.0,walk_before,chest+empatica,chest+empatica+forearm,gel,ecg/KF93_w0077.npy,acc_chest/KF93_w0077.npy,ppg_wrist/KF93_w0077.npy,0.774,2.825,False,0.0,0.0,0.0
KF93_w0078,KF93,78,875.0,885.0,875.0,885.0,walk_before,chest+empatica,chest+empatica+forearm,gel,ecg/KF93_w0078.npy,acc_chest/KF93_w0078.npy,ppg_wrist/KF93_w0078.npy,0.828,2.304,False,0.0,0.0,0.0
KF93_w0079,KF93,79,885.0,895.0,885.0,895.0,walk_before,chest+empatica,chest+empatica+forearm,gel,ecg/KF93_w0079.npy,acc_chest/KF93_w0079.npy,ppg_wrist/KF93_w0079.npy,0.901,2.855,False,0.0,0.0,0.0
KF93_w0080,KF93,80,895.0,905.0,895.0,905.0,walk_before,chest+empatica,chest+empatica+forearm,gel,ecg/KF93_w0080.npy,acc_chest/KF93_w0080.npy,ppg_wrist/KF93_w0080.npy,0.897,2.896,False,0.0,0.0,0.0
KF93_w0081,KF93,81,905.0,915.0,905.0,915.0,walk_before,chest+empatica,chest+empatica+forearm,gel,ecg/KF93_w0081.npy,acc_chest/KF93_w0081.npy,ppg_wrist/KF93_w0081.npy,0.897,2.221,False,0.0,0.0,0.0
KF93_w0082,KF93,82,915.0,925.0,915.0,925.0,walk_before,chest+empatica,chest+empatica+forearm,gel,ecg/KF93_w0082.npy,acc_chest/KF93_w0082.npy,ppg_wrist/KF93_w0082.npy,0.897,3.214,False,0.0,0.0,0.0
KF93_w0083,KF93,83,925.0,935.0,925.0,935.0,walk_before,chest+empatica,chest+empatica+forearm,gel,ecg/KF93_w0083.npy,acc_chest/KF93_w0083.npy,ppg_wrist/KF93_w0083.npy,0.922,3.419,False,0.0,0.0,0.0
KF93_w0084,KF93,84,935.0,945.0,935.0,945.0,walk_before,chest+empatica,chest+empatica+forearm,gel,ecg/KF93_w0084.npy,acc_chest/KF93_w0084.npy,ppg_wrist/KF93_w0084.npy,0.879,2.775,False,0.0,0.0,0.0
KF93_w0085,KF93,85,945.0,955.0,945.0,955.0,walk_before,chest+empatica,chest+empatica+forearm,gel,ecg/KF93_w0085.npy,acc_chest/KF93_w0085.npy,ppg_wrist/KF93_w0085.npy,0.887,2.674,False,0.0,0.0,0.0
KF93_w0086,KF93,86,955.0,965.0,955.0,965.0,walk_before,chest+empatica,chest+empatica+forearm,gel,ecg/KF93_w0086.npy,acc_chest/KF93_w0086.npy,ppg_wrist/KF93_w0086.npy,0.874,2.555,False,0.0,0.0,0.0
KF93_w0087,KF93,87,965.0,975.0,965.0,975.0,walk_before,chest+empatica,chest+empatica+forearm,gel,ecg/KF93_w0087.npy,acc_chest/KF93_w0087.npy,ppg_wrist/KF93_w0087.npy,0.875,2.957,False,0.0,0.0,0.0
KF93_w0088,KF93,88,975.0,985.0,975.0,985.0,walk_before,chest+empatica,chest+empatica+forearm,gel,ecg/KF93_w0088.npy,acc_chest/KF93_w0088.npy,ppg_wrist/KF93_w0088.npy,0.848,2.728,False,0.0,0.0,0.0
KF93_w0089,KF93,89,985.0,995.0,985.0,995.0,walk_before,chest+empatica,chest+empatica+forearm,gel,ecg/KF93_w0089.npy,acc_chest/KF93_w0089.npy,ppg_wrist/KF93_w0089.npy,0.901,2.359,False,0.0,0.0,0.0
KF93_w0090,KF93,90,995.0,1005.0,995.0,1005.0,walk_before,chest+empatica,chest+empatica+forearm,gel,ecg/KF93_w0090.npy,acc_chest/KF93_w0090.npy,ppg_wrist/KF93_w0090.npy,0.902,3.93,False,0.0,0.0,0.0
KF93_w0091,KF93,91,1005.0,1015.0,1005.0,1015.0,walk_before,chest+empatica,chest+empatica+forearm,gel,ecg/KF93_w0091.npy,acc_chest/KF93_w0091.npy,ppg_wrist/KF93_w0091.npy,0.916,3.895,False,0.0,0.0,0.0
KF93_w0092,KF93,92,1015.0,1025.0,1015.0,1025.0,walk_before,chest+empatica,chest+empatica+forearm,gel,ecg/KF93_w0092.npy,acc_chest/KF93_w0092.npy,ppg_wrist/KF93_w0092.npy,0.928,2.833,False,0.0,0.0,0.0
KF93_w0093,KF93,93,1025.0,1035.0,1025.0,1035.0,walk_before,chest+empatica,chest+empatica+forearm,gel,ecg/KF93_w0093.npy,acc_chest/KF93_w0093.npy,ppg_wrist/KF93_w0093.npy,1.269,17.416,False,0.0,0.0,0.0
KF93_w0094,KF93,94,1035.0,1045.0,1035.0,1045.0,walk_before,chest+empatica,chest+empatica+forearm,gel,ecg/KF93_w0094.npy,acc_chest/KF93_w0094.npy,ppg_wrist/KF93_w0094.npy,0.416,15.486,False,0.0,0.0,0.0
KF93_w0095,KF93,95,1045.0,1055.0,1045.0,1055.0,walk_before,chest+empatica,chest+empatica+forearm,gel,ecg/KF93_w0095.npy,acc_chest/KF93_w0095.npy,ppg_wrist/KF93_w0095.npy,0.416,15.486,False,0.0,0.0,0.0
KF93_w0096,KF93,96,1055.0,1065.0,1055.0,1065.0,walk_before,chest+empatica,chest+empatica+forearm,gel,ecg/KF93_w0096.npy,acc_chest/KF93_w0096.npy,ppg_wrist/KF93_w0096.npy,0.416,15.486,False,0.0,0.0,0.0
KF93_w0097,KF93,97,1065.0,1075.0,1065.0,1075.0,walk_before,chest+empatica,chest+empatica+forearm,gel,ecg/KF93_w0097.npy,acc_chest/KF93_w0097.npy,ppg_wrist/KF93_w0097.npy,0.416,15.486,False,0.0,0.0,0.0
KF93_w0098,KF93,98,1075.0,1085.0,1075.0,1085.0,walk_before,chest+empatica,chest+empatica+forearm,gel,ecg/KF93_w0098.npy,acc_chest/KF93_w0098.npy,ppg_wrist/KF93_w0098.npy,3.271,34.241,False,0.0,0.0,0.0
KF93_w0099,KF93,99,1085.0,1095.0,1085.0,1095.0,walk_before,chest+empatica,chest+empatica+forearm,gel,ecg/KF93_w0099.npy,acc_chest/KF93_w0099.npy,ppg_wrist/KF93_w0099.npy,1.063,2.802,False,0.0,0.0,0.0
KF93_w0100,KF93,100,1095.0,1105.0,1095.0,1105.0,run,chest+empatica,chest+empatica+forearm,gel,ecg/KF93_w0100.npy,acc_chest/KF93_w0100.npy,ppg_wrist/KF93_w0100.npy,2.948,6.172,False,0.0,0.0,0.0
KF93_w0101,KF93,101,1105.0,1115.0,1105.0,1115.0,run,chest+empatica,chest+empatica+forearm,gel,ecg/KF93_w0101.npy,acc_chest/KF93_w0101.npy,ppg_wrist/KF93_w0101.npy,4.083,9.413,False,0.0,0.0,0.0
KF93_w0102,KF93,102,1115.0,1125.0,1115.0,1125.0,run,chest+empatica,chest+empatica+forearm,gel,ecg/KF93_w0102.npy,acc_chest/KF93_w0102.npy,ppg_wrist/KF93_w0102.npy,4.252,10.502,False,0.0,0.0,0.0
KF93_w0103,KF93,103,1125.0,1135.0,1125.0,1135.0,run,chest+empatica,chest+empatica+forearm,gel,ecg/KF93_w0103.npy,acc_chest/KF93_w0103.npy,ppg_wrist/KF93_w0103.npy,4.336,11.853,False,0.0,0.0,0.0
KF93_w0104,KF93,104,1135.0,1145.0,1135.0,1145.0,run,chest+empatica,chest+empatica+forearm,gel,ecg/KF93_w0104.npy,acc_chest/KF93_w0104.npy,ppg_wrist/KF93_w0104.npy,3.925,10.609,False,0.0,0.0,0.0
KF93_w0105,KF93,105,1145.0,1155.0,1145.0,1155.0,run,chest+empatica,chest+empatica+forearm,gel,ecg/KF93_w0105.npy,acc_chest/KF93_w0105.npy,ppg_wrist/KF93_w0105.npy,3.502,8.667,False,0.0,0.0,0.0
KF93_w0106,KF93,106,1155.0,1165.0,1155.0,1165.0,run,chest+empatica,chest+empatica+forearm,gel,ecg/KF93_w0106.npy,acc_chest/KF93_w0106.npy,ppg_wrist/KF93_w0106.npy,3.232,8.364,False,0.0,0.0,0.0
KF93_w0107,KF93,107,1165.0,1175.0,1165.0,1175.0,run,chest+empatica,chest+empatica+forearm,gel,ecg/KF93_w0107.npy,acc_chest/KF93_w0107.npy,ppg_wrist/KF93_w0107.npy,3.306,7.454,False,0.0,0.0,0.0
KF93_w0108,KF93,108,1175.0,1185.0,1175.0,1185.0,run,chest+empatica,chest+empatica+forearm,gel,ecg/KF93_w0108.npy,acc_chest/KF93_w0108.npy,ppg_wrist/KF93_w0108.npy,2.63,19.466,False,0.0,0.0,0.0
KF93_w0109,KF93,109,1185.0,1195.0,1185.0,1195.0,run,chest+empatica,chest+empatica+forearm,gel,ecg/KF93_w0109.npy,acc_chest/KF93_w0109.npy,ppg_wrist/KF93_w0109.npy,0.416,15.486,False,0.0,0.0,0.0
KF93_w0110,KF93,110,1195.0,1205.0,1195.0,1205.0,run,chest+empatica,chest+empatica+forearm,gel,ecg/KF93_w0110.npy,acc_chest/KF93_w0110.npy,ppg_wrist/KF93_w0110.npy,0.416,15.486,False,0.0,0.0,0.0
KF93_w0111,KF93,111,1205.0,1215.0,1205.0,1215.0,run,chest+empatica,chest+empatica+forearm,gel,ecg/KF93_w0111.npy,acc_chest/KF93_w0111.npy,ppg_wrist/KF93_w0111.npy,0.416,15.486,False,0.0,0.0,0.0
KF93_w0112,KF93,112,1215.0,1225.0,1215.0,1225.0,run,chest+empatica,chest+empatica+forearm,gel,ecg/KF93_w0112.npy,acc_chest/KF93_w0112.npy,ppg_wrist/KF93_w0112.npy,3.304,19.814,False,0.0,0.0,0.0
KF93_w0113,KF93,113,1225.0,1235.0,1225.0,1235.0,run,chest+empatica,chest+empatica+forearm,gel,ecg/KF93_w0113.npy,acc_chest/KF93_w0113.npy,ppg_wrist/KF93_w0113.npy,4.963,13.204,False,0.0,0.0,0.0
KF93_w0114,KF93,114,1235.0,1245.0,1235.0,1245.0,run,chest+empatica,chest+empatica+forearm,gel,ecg/KF93_w0114.npy,acc_chest/KF93_w0114.npy,ppg_wrist/KF93_w0114.npy,5.013,13.044,False,0.0,0.0,0.0
KF93_w0115,KF93,115,1245.0,1255.0,1245.0,1255.0,run,chest+empatica,chest+empatica+forearm,gel,ecg/KF93_w0115.npy,acc_chest/KF93_w0115.npy,ppg_wrist/KF93_w0115.npy,5.062,13.713,False,0.0,0.0,0.0
KF93_w0116,KF93,116,1255.0,1265.0,1255.0,1265.0,run,chest+empatica,chest+empatica+forearm,gel,ecg/KF93_w0116.npy,acc_chest/KF93_w0116.npy,ppg_wrist/KF93_w0116.npy,4.32,11.883,False,0.0,0.0,0.0
KF93_w0117,KF93,117,1265.0,1275.0,1265.0,1275.0,run,chest+empatica,chest+empatica+forearm,gel,ecg/KF93_w0117.npy,acc_chest/KF93_w0117.npy,ppg_wrist/KF93_w0117.npy,3.853,11.088,False,0.0,0.0,0.0
KF93_w0118,KF93,118,1275.0,1285.0,1275.0,1285.0,run,chest+empatica,chest+empatica+forearm,gel,ecg/KF93_w0118.npy,acc_chest/KF93_w0118.npy,ppg_wrist/KF93_w0118.npy,4.593,13.091,False,0.0,0.0,0.0
KF93_w0119,KF93,119,1285.0,1295.0,1285.0,1295.0,run,chest+empatica,chest+empatica+forearm,gel,ecg/KF93_w0119.npy,acc_chest/KF93_w0119.npy,ppg_wrist/KF93_w0119.npy,5.326,14.424,False,0.0,0.0,0.0
KF93_w0120,KF93,120,1295.0,1305.0,1295.0,1305.0,run,chest+empatica,chest+empatica+forearm,gel,ecg/KF93_w0120.npy,acc_chest/KF93_w0120.npy,ppg_wrist/KF93_w0120.npy,4.317,11.45,False,0.0,0.0,0.0
KF93_w0121,KF93,121,1305.0,1315.0,1305.0,1315.0,run,chest+empatica,chest+empatica+forearm,gel,ecg/KF93_w0121.npy,acc_chest/KF93_w0121.npy,ppg_wrist/KF93_w0121.npy,4.456,12.875,False,0.0,0.0,0.0
KF93_w0122,KF93,122,1315.0,1325.0,1315.0,1325.0,run,chest+empatica,chest+empatica+forearm,gel,ecg/KF93_w0122.npy,acc_chest/KF93_w0122.npy,ppg_wrist/KF93_w0122.npy,4.754,12.713,False,0.0,0.0,0.0
KF93_w0123,KF93,123,1325.0,1335.0,1325.0,1335.0,run,chest+empatica,chest+empatica+forearm,gel,ecg/KF93_w0123.npy,acc_chest/KF93_w0123.npy,ppg_wrist/KF93_w0123.npy,4.677,12.399,False,0.0,0.0,0.0
KF93_w0124,KF93,124,1335.0,1345.0,1335.0,1345.0,run,chest+empatica,chest+empatica+forearm,gel,ecg/KF93_w0124.npy,acc_chest/KF93_w0124.npy,ppg_wrist/KF93_w0124.npy,4.321,12.313,False,0.0,0.0,0.0
KF93_w0125,KF93,125,1345.0,1355.0,1345.0,1355.0,run,chest+empatica,chest+empatica+forearm,gel,ecg/KF93_w0125.npy,acc_chest/KF93_w0125.npy,ppg_wrist/KF93_w0125.npy,4.881,13.164,False,0.0,0.0,0.0
KF93_w0126,KF93,126,1355.0,1365.0,1355.0,1365.0,run,chest+empatica,chest+empatica+forearm,gel,ecg/KF93_w0126.npy,acc_chest/KF93_w0126.npy,ppg_wrist/KF93_w0126.npy,3.4,8.792,False,0.0,0.0,0.0
KF93_w0127,KF93,127,1365.0,1375.0,1365.0,1375.0,run,chest+empatica,chest+empatica+forearm,gel,ecg/KF93_w0127.npy,acc_chest/KF93_w0127.npy,ppg_wrist/KF93_w0127.npy,4.332,11.388,False,0.0,0.0,0.0
KF93_w0128,KF93,128,1375.0,1385.0,1375.0,1385.0,run,chest+empatica,chest+empatica+forearm,gel,ecg/KF93_w0128.npy,acc_chest/KF93_w0128.npy,ppg_wrist/KF93_w0128.npy,2.408,6.811,False,0.0,0.0,0.0
KF93_w0129,KF93,129,1385.0,1395.0,1385.0,1395.0,run,chest+empatica,chest+empatica+forearm,gel,ecg/KF93_w0129.npy,acc_chest/KF93_w0129.npy,ppg_wrist/KF93_w0129.npy,1.188,2.58,False,0.0,0.0,0.0
KF93_w0130,KF93,130,1395.0,1405.0,1395.0,1405.0,run,chest+empatica,chest+empatica+forearm,gel,ecg/KF93_w0130.npy,acc_chest/KF93_w0130.npy,ppg_wrist/KF93_w0130.npy,1.676,5.208,False,0.0,0.0,0.0
KF93_w0131,KF93,131,1405.0,1415.0,1405.0,1415.0,run,chest+empatica,chest+empatica+forearm,gel,ecg/KF93_w0131.npy,acc_chest/KF93_w0131.npy,ppg_wrist/KF93_w0131.npy,3.169,9.712,False,0.0,0.0,0.0
KF93_w0132,KF93,132,1415.0,1425.0,1415.0,1425.0,run,chest+empatica,chest+empatica+forearm,gel,ecg/KF93_w0132.npy,acc_chest/KF93_w0132.npy,ppg_wrist/KF93_w0132.npy,4.239,10.576,False,0.0,0.0,0.0
KF93_w0133,KF93,133,1425.0,1435.0,1425.0,1435.0,run,chest+empatica,chest+empatica+forearm,gel,ecg/KF93_w0133.npy,acc_chest/KF93_w0133.npy,ppg_wrist/KF93_w0133.npy,4.039,10.39,False,0.0,0.0,0.0
KF93_w0134,KF93,134,1435.0,1445.0,1435.0,1445.0,run,chest+empatica,chest+empatica+forearm,gel,ecg/KF93_w0134.npy,acc_chest/KF93_w0134.npy,ppg_wrist/KF93_w0134.npy,3.577,8.057,False,0.0,0.0,0.0
KF93_w0135,KF93,135,1445.0,1455.0,1445.0,1455.0,run,chest+empatica,chest+empatica+forearm,gel,ecg/KF93_w0135.npy,acc_chest/KF93_w0135.npy,ppg_wrist/KF93_w0135.npy,3.467,8.186,False,0.0,0.0,0.0
KF93_w0136,KF93,136,1455.0,1465.0,1455.0,1465.0,run,chest+empatica,chest+empatica+forearm,gel,ecg/KF93_w0136.npy,acc_chest/KF93_w0136.npy,ppg_wrist/KF93_w0136.npy,4.168,10.843,False,0.0,0.0,0.0
KF93_w0137,KF93,137,1465.0,1475.0,1465.0,1475.0,run,chest+empatica,chest+empatica+forearm,gel,ecg/KF93_w0137.npy,acc_chest/KF93_w0137.npy,ppg_wrist/KF93_w0137.npy,4.72,12.66,False,0.0,0.0,0.0
KF93_w0138,KF93,138,1475.0,1485.0,1475.0,1485.0,run,chest+empatica,chest+empatica+forearm,gel,ecg/KF93_w0138.npy,acc_chest/KF93_w0138.npy,ppg_wrist/KF93_w0138.npy,4.416,12.057,False,0.0,0.0,0.0
KF93_w0139,KF93,139,1485.0,1495.0,1485.0,1495.0,run,chest+empatica,chest+empatica+forearm,gel,ecg/KF93_w0139.npy,acc_chest/KF93_w0139.npy,ppg_wrist/KF93_w0139.npy,3.983,9.819,False,0.0,0.0,0.0
KF93_w0140,KF93,140,1495.0,1505.0,1495.0,1505.0,run,chest+empatica,chest+empatica+forearm,gel,ecg/KF93_w0140.npy,acc_chest/KF93_w0140.npy,ppg_wrist/KF93_w0140.npy,4.049,10.13,False,0.0,0.0,0.0
KF93_w0141,KF93,141,1505.0,1515.0,1505.0,1515.0,run,chest+empatica,chest+empatica+forearm,gel,ecg/KF93_w0141.npy,acc_chest/KF93_w0141.npy,ppg_wrist/KF93_w0141.npy,3.459,8.508,False,0.0,0.0,0.0
KF93_w0142,KF93,142,1515.0,1525.0,1515.0,1525.0,run,chest+empatica,chest+empatica+forearm,gel,ecg/KF93_w0142.npy,acc_chest/KF93_w0142.npy,ppg_wrist/KF93_w0142.npy,4.816,12.731,False,0.0,0.0,0.0
KF93_w0143,KF93,143,1525.0,1535.0,1525.0,1535.0,run,chest+empatica,chest+empatica+forearm,gel,ecg/KF93_w0143.npy,acc_chest/KF93_w0143.npy,ppg_wrist/KF93_w0143.npy,3.954,10.061,False,0.0,0.0,0.0
KF93_w0144,KF93,144,1535.0,1545.0,1535.0,1545.0,run,chest+empatica,chest+empatica+forearm,gel,ecg/KF93_w0144.npy,acc_chest/KF93_w0144.npy,ppg_wrist/KF93_w0144.npy,3.811,9.192,False,0.0,0.0,0.0
KF93_w0145,KF93,145,1545.0,1555.0,1545.0,1555.0,run,chest+empatica,chest+empatica+forearm,gel,ecg/KF93_w0145.npy,acc_chest/KF93_w0145.npy,ppg_wrist/KF93_w0145.npy,3.41,7.684,False,0.0,0.0,0.0
KF93_w0146,KF93,146,1555.0,1565.0,1555.0,1565.0,run,chest+empatica,chest+empatica+forearm,gel,ecg/KF93_w0146.npy,acc_chest/KF93_w0146.npy,ppg_wrist/KF93_w0146.npy,4.299,10.59,False,0.0,0.0,0.0
KF93_w0147,KF93,147,1565.0,1575.0,1565.0,1575.0,run,chest+empatica,chest+empatica+forearm,gel,ecg/KF93_w0147.npy,acc_chest/KF93_w0147.npy,ppg_wrist/KF93_w0147.npy,4.144,10.367,False,0.0,0.0,0.0
KF93_w0148,KF93,148,1575.0,1585.0,1575.0,1585.0,run,chest+empatica,chest+empatica+forearm,gel,ecg/KF93_w0148.npy,acc_chest/KF93_w0148.npy,ppg_wrist/KF93_w0148.npy,4.929,12.717,False,0.0,0.0,0.0
KF93_w0149,KF93,149,1585.0,1595.0,1585.0,1595.0,run,chest+empatica,chest+empatica+forearm,gel,ecg/KF93_w0149.npy,acc_chest/KF93_w0149.npy,ppg_wrist/KF93_w0149.npy,5.076,12.898,False,0.0,0.0,0.0
KF93_w0150,KF93,150,1595.0,1605.0,1595.0,1605.0,run,chest+empatica,chest+empatica+forearm,gel,ecg/KF93_w0150.npy,acc_chest/KF93_w0150.npy,ppg_wrist/KF93_w0150.npy,4.665,11.354,False,0.0,0.0,0.0
KF93_w0151,KF93,151,1605.0,1615.0,1605.0,1615.0,run,chest+empatica,chest+empatica+forearm,gel,ecg/KF93_w0151.npy,acc_chest/KF93_w0151.npy,ppg_wrist/KF93_w0151.npy,4.87,12.021,False,0.0,0.0,0.0
KF93_w0152,KF93,152,1615.0,1625.0,1615.0,1625.0,run,chest+empatica,chest+empatica+forearm,gel,ecg/KF93_w0152.npy,acc_chest/KF93_w0152.npy,ppg_wrist/KF93_w0152.npy,4.276,10.659,False,0.0,0.0,0.0
KF93_w0153,KF93,153,1625.0,1635.0,1625.0,1635.0,run,chest+empatica,chest+empatica+forearm,gel,ecg/KF93_w0153.npy,acc_chest/KF93_w0153.npy,ppg_wrist/KF93_w0153.npy,4.008,10.45,False,0.0,0.0,0.0
KF93_w0154,KF93,154,1635.0,1645.0,1635.0,1645.0,run,chest+empatica,chest+empatica+forearm,gel,ecg/KF93_w0154.npy,acc_chest/KF93_w0154.npy,ppg_wrist/KF93_w0154.npy,3.312,7.891,False,0.0,0.0,0.0
KF93_w0155,KF93,155,1645.0,1655.0,1645.0,1655.0,run,chest+empatica,chest+empatica+forearm,gel,ecg/KF93_w0155.npy,acc_chest/KF93_w0155.npy,ppg_wrist/KF93_w0155.npy,3.968,10.649,False,0.0,0.0,0.0
KF93_w0156,KF93,156,1655.0,1665.0,1655.0,1665.0,run,chest+empatica,chest+empatica+forearm,gel,ecg/KF93_w0156.npy,acc_chest/KF93_w0156.npy,ppg_wrist/KF93_w0156.npy,3.279,8.885,False,0.0,0.0,0.0
KF93_w0157,KF93,157,1665.0,1675.0,1665.0,1675.0,run,chest+empatica,chest+empatica+forearm,gel,ecg/KF93_w0157.npy,acc_chest/KF93_w0157.npy,ppg_wrist/KF93_w0157.npy,3.928,9.951,False,0.0,0.0,0.0
KF93_w0158,KF93,158,1675.0,1685.0,1675.0,1685.0,run,chest+empatica,chest+empatica+forearm,gel,ecg/KF93_w0158.npy,acc_chest/KF93_w0158.npy,ppg_wrist/KF93_w0158.npy,3.165,7.605,False,0.0,0.0,0.0
KF93_w0159,KF93,159,1685.0,1695.0,1685.0,1695.0,run,chest+empatica,chest+empatica+forearm,gel,ecg/KF93_w0159.npy,acc_chest/KF93_w0159.npy,ppg_wrist/KF93_w0159.npy,3.323,8.572,False,0.0,0.0,0.0
KF93_w0160,KF93,160,1695.0,1705.0,1695.0,1705.0,run,chest+empatica,chest+empatica+forearm,gel,ecg/KF93_w0160.npy,acc_chest/KF93_w0160.npy,ppg_wrist/KF93_w0160.npy,3.552,9.597,False,0.0,0.0,0.0
KF93_w0161,KF93,161,1705.0,1715.0,1705.0,1715.0,run,chest+empatica,chest+empatica+forearm,gel,ecg/KF93_w0161.npy,acc_chest/KF93_w0161.npy,ppg_wrist/KF93_w0161.npy,3.549,7.979,False,0.0,0.0,0.0
KF93_w0162,KF93,162,1715.0,1725.0,1715.0,1725.0,run,chest+empatica,chest+empatica+forearm,gel,ecg/KF93_w0162.npy,acc_chest/KF93_w0162.npy,ppg_wrist/KF93_w0162.npy,3.875,9.729,False,0.0,0.0,0.0
KF93_w0163,KF93,163,1725.0,1735.0,1725.0,1735.0,run,chest+empatica,chest+empatica+forearm,gel,ecg/KF93_w0163.npy,acc_chest/KF93_w0163.npy,ppg_wrist/KF93_w0163.npy,3.763,9.861,False,0.0,0.0,0.0
KF93_w0164,KF93,164,1735.0,1745.0,1735.0,1745.0,run,chest+empatica,chest+empatica+forearm,gel,ecg/KF93_w0164.npy,acc_chest/KF93_w0164.npy,ppg_wrist/KF93_w0164.npy,4.062,10.39,False,0.0,0.0,0.0
KF93_w0165,KF93,165,1745.0,1755.0,1745.0,1755.0,run,chest+empatica,chest+empatica+forearm,gel,ecg/KF93_w0165.npy,acc_chest/KF93_w0165.npy,ppg_wrist/KF93_w0165.npy,2.51,7.404,False,0.0,0.0,0.0
KF93_w0166,KF93,166,1755.0,1765.0,1755.0,1765.0,run,chest+empatica,chest+empatica+forearm,gel,ecg/KF93_w0166.npy,acc_chest/KF93_w0166.npy,ppg_wrist/KF93_w0166.npy,2.576,6.623,False,0.0,0.0,0.0
KF93_w0167,KF93,167,1765.0,1775.0,1765.0,1775.0,run,chest+empatica,chest+empatica+forearm,gel,ecg/KF93_w0167.npy,acc_chest/KF93_w0167.npy,ppg_wrist/KF93_w0167.npy,3.342,8.674,False,0.0,0.0,0.0
KF93_w0168,KF93,168,1775.0,1785.0,1775.0,1785.0,run,chest+empatica,chest+empatica+forearm,gel,ecg/KF93_w0168.npy,acc_chest/KF93_w0168.npy,ppg_wrist/KF93_w0168.npy,4.129,10.932,False,0.0,0.0,0.0
KF93_w0169,KF93,169,1785.0,1795.0,1785.0,1795.0,run,chest+empatica,chest+empatica+forearm,gel,ecg/KF93_w0169.npy,acc_chest/KF93_w0169.npy,ppg_wrist/KF93_w0169.npy,3.851,10.174,False,0.0,0.0,0.0
KF93_w0170,KF93,170,1795.0,1805.0,1795.0,1805.0,run,chest+empatica,chest+empatica+forearm,gel,ecg/KF93_w0170.npy,acc_chest/KF93_w0170.npy,ppg_wrist/KF93_w0170.npy,3.728,9.907,False,0.0,0.0,0.0
KF93_w0171,KF93,171,1805.0,1815.0,1805.0,1815.0,run,chest+empatica,chest+empatica+forearm,gel,ecg/KF93_w0171.npy,acc_chest/KF93_w0171.npy,ppg_wrist/KF93_w0171.npy,3.885,10.268,False,0.0,0.0,0.0
KF93_w0172,KF93,172,1815.0,1825.0,1815.0,1825.0,run,chest+empatica,chest+empatica+forearm,gel,ecg/KF93_w0172.npy,acc_chest/KF93_w0172.npy,ppg_wrist/KF93_w0172.npy,3.585,8.949,False,0.0,0.0,0.0
KF93_w0173,KF93,173,1825.0,1835.0,1825.0,1835.0,run,chest+empatica,chest+empatica+forearm,gel,ecg/KF93_w0173.npy,acc_chest/KF93_w0173.npy,ppg_wrist/KF93_w0173.npy,3.647,9.948,False,0.0,0.0,0.0
KF93_w0174,KF93,174,1835.0,1845.0,1835.0,1845.0,run,chest+empatica,chest+empatica+forearm,gel,ecg/KF93_w0174.npy,acc_chest/KF93_w0174.npy,ppg_wrist/KF93_w0174.npy,3.891,10.443,False,0.0,0.0,0.0
KF93_w0175,KF93,175,1845.0,1855.0,1845.0,1855.0,run,chest+empatica,chest+empatica+forearm,gel,ecg/KF93_w0175.npy,acc_chest/KF93_w0175.npy,ppg_wrist/KF93_w0175.npy,3.664,9.574,False,0.0,0.0,0.0
KF93_w0176,KF93,176,1855.0,1865.0,1855.0,1865.0,run,chest+empatica,chest+empatica+forearm,gel,ecg/KF93_w0176.npy,acc_chest/KF93_w0176.npy,ppg_wrist/KF93_w0176.npy,3.743,9.909,False,0.0,0.0,0.0
KF93_w0177,KF93,177,1865.0,1875.0,1865.0,1875.0,run,chest+empatica,chest+empatica+forearm,gel,ecg/KF93_w0177.npy,acc_chest/KF93_w0177.npy,ppg_wrist/KF93_w0177.npy,3.194,8.434,False,0.0,0.0,0.0
KF93_w0178,KF93,178,1875.0,1885.0,1875.0,1885.0,run,chest+empatica,chest+empatica+forearm,gel,ecg/KF93_w0178.npy,acc_chest/KF93_w0178.npy,ppg_wrist/KF93_w0178.npy,3.72,10.878,False,0.0,0.0,0.0
KF93_w0179,KF93,179,1885.0,1895.0,1885.0,1895.0,run,chest+empatica,chest+empatica+forearm,gel,ecg/KF93_w0179.npy,acc_chest/KF93_w0179.npy,ppg_wrist/KF93_w0179.npy,3.446,9.862,False,0.0,0.0,0.0
KF93_w0180,KF93,180,1895.0,1905.0,1895.0,1905.0,run,chest+empatica,chest+empatica+forearm,gel,ecg/KF93_w0180.npy,acc_chest/KF93_w0180.npy,ppg_wrist/KF93_w0180.npy,3.12,9.694,False,0.0,0.0,0.0
KF93_w0181,KF93,181,1905.0,1915.0,1905.0,1915.0,run,chest+empatica,chest+empatica+forearm,gel,ecg/KF93_w0181.npy,acc_chest/KF93_w0181.npy,ppg_wrist/KF93_w0181.npy,3.814,11.002,False,0.0,0.0,0.0
KF93_w0182,KF93,182,1915.0,1925.0,1915.0,1925.0,run,chest+empatica,chest+empatica+forearm,gel,ecg/KF93_w0182.npy,acc_chest/KF93_w0182.npy,ppg_wrist/KF93_w0182.npy,4.029,11.493,False,0.0,0.0,0.0
KF93_w0183,KF93,183,1925.0,1935.0,1925.0,1935.0,run,chest+empatica,chest+empatica+forearm,gel,ecg/KF93_w0183.npy,acc_chest/KF93_w0183.npy,ppg_wrist/KF93_w0183.npy,3.953,11.485,False,0.0,0.0,0.0
KF93_w0184,KF93,184,1935.0,1945.0,1935.0,1945.0,run,chest+empatica,chest+empatica+forearm,gel,ecg/KF93_w0184.npy,acc_chest/KF93_w0184.npy,ppg_wrist/KF93_w0184.npy,1.993,16.612,False,0.0,0.0,0.0
KF93_w0185,KF93,185,1945.0,1955.0,1945.0,1955.0,run,chest+empatica,chest+empatica+forearm,gel,ecg/KF93_w0185.npy,acc_chest/KF93_w0185.npy,ppg_wrist/KF93_w0185.npy,0.416,15.486,False,0.0,0.0,0.0
KF93_w0186,KF93,186,1955.0,1965.0,1955.0,1965.0,run,chest+empatica,chest+empatica+forearm,gel,ecg/KF93_w0186.npy,acc_chest/KF93_w0186.npy,ppg_wrist/KF93_w0186.npy,0.543,16.103,False,0.0,0.0,0.0
KF93_w0187,KF93,187,1965.0,1975.0,1965.0,1975.0,run,chest+empatica,chest+empatica+forearm,gel,ecg/KF93_w0187.npy,acc_chest/KF93_w0187.npy,ppg_wrist/KF93_w0187.npy,1.193,4.449,False,0.0,0.0,0.0
KF93_w0188,KF93,188,1975.0,1985.0,1975.0,1985.0,run,chest+empatica,chest+empatica+forearm,gel,ecg/KF93_w0188.npy,acc_chest/KF93_w0188.npy,ppg_wrist/KF93_w0188.npy,2.977,9.041,False,0.0,0.0,0.0
KF93_w0189,KF93,189,1985.0,1995.0,1985.0,1995.0,run,chest+empatica,chest+empatica+forearm,gel,ecg/KF93_w0189.npy,acc_chest/KF93_w0189.npy,ppg_wrist/KF93_w0189.npy,2.892,8.588,False,0.0,0.0,0.0
KF93_w0190,KF93,190,1995.0,2005.0,1995.0,2005.0,run,chest+empatica,chest+empatica+forearm,gel,ecg/KF93_w0190.npy,acc_chest/KF93_w0190.npy,ppg_wrist/KF93_w0190.npy,3.115,8.006,False,0.0,0.0,0.0
KF93_w0191,KF93,191,2005.0,2015.0,2005.0,2015.0,run,chest+empatica,chest+empatica+forearm,gel,ecg/KF93_w0191.npy,acc_chest/KF93_w0191.npy,ppg_wrist/KF93_w0191.npy,3.594,9.814,False,0.0,0.0,0.0
KF93_w0192,KF93,192,2015.0,2025.0,2015.0,2025.0,run,chest+empatica,chest+empatica+forearm,gel,ecg/KF93_w0192.npy,acc_chest/KF93_w0192.npy,ppg_wrist/KF93_w0192.npy,3.686,10.073,False,0.0,0.0,0.0
KF93_w0193,KF93,193,2025.0,2035.0,2025.0,2035.0,run,chest+empatica,chest+empatica+forearm,gel,ecg/KF93_w0193.npy,acc_chest/KF93_w0193.npy,ppg_wrist/KF93_w0193.npy,3.638,9.572,False,0.0,0.0,0.0
KF93_w0194,KF93,194,2035.0,2045.0,2035.0,2045.0,run,chest+empatica,chest+empatica+forearm,gel,ecg/KF93_w0194.npy,acc_chest/KF93_w0194.npy,ppg_wrist/KF93_w0194.npy,3.354,8.617,False,0.0,0.0,0.0
KF93_w0195,KF93,195,2045.0,2055.0,2045.0,2055.0,run,chest+empatica,chest+empatica+forearm,gel,ecg/KF93_w0195.npy,acc_chest/KF93_w0195.npy,ppg_wrist/KF93_w0195.npy,3.916,10.744,False,0.0,0.0,0.0
KF93_w0196,KF93,196,2055.0,2065.0,2055.0,2065.0,run,chest+empatica,chest+empatica+forearm,gel,ecg/KF93_w0196.npy,acc_chest/KF93_w0196.npy,ppg_wrist/KF93_w0196.npy,3.539,9.758,False,0.0,0.0,0.0
KF93_w0197,KF93,197,2065.0,2075.0,2065.0,2075.0,run,chest+empatica,chest+empatica+forearm,gel,ecg/KF93_w0197.npy,acc_chest/KF93_w0197.npy,ppg_wrist/KF93_w0197.npy,3.331,8.795,False,0.0,0.0,0.0
KF93_w0198,KF93,198,2075.0,2085.0,2075.0,2085.0,run,chest+empatica,chest+empatica+forearm,gel,ecg/KF93_w0198.npy,acc_chest/KF93_w0198.npy,ppg_wrist/KF93_w0198.npy,3.31,9.162,False,0.0,0.0,0.0
KF93_w0199,KF93,199,2085.0,2095.0,2085.0,2095.0,run,chest+empatica,chest+empatica+forearm,gel,ecg/KF93_w0199.npy,acc_chest/KF93_w0199.npy,ppg_wrist/KF93_w0199.npy,3.812,10.595,False,0.0,0.0,0.0
KF93_w0200,KF93,200,2095.0,2105.0,2095.0,2105.0,run,chest+empatica,chest+empatica+forearm,gel,ecg/KF93_w0200.npy,acc_chest/KF93_w0200.npy,ppg_wrist/KF93_w0200.npy,3.322,9.151,False,0.0,0.0,0.0
KF93_w0201,KF93,201,2105.0,2115.0,2105.0,2115.0,run,chest+empatica,chest+empatica+forearm,gel,ecg/KF93_w0201.npy,acc_chest/KF93_w0201.npy,ppg_wrist/KF93_w0201.npy,3.152,8.553,False,0.0,0.0,0.0
KF93_w0202,KF93,202,2115.0,2125.0,2115.0,2125.0,run,chest+empatica,chest+empatica+forearm,gel,ecg/KF93_w0202.npy,acc_chest/KF93_w0202.npy,ppg_wrist/KF93_w0202.npy,2.637,6.963,False,0.0,0.0,0.0
KF93_w0203,KF93,203,2125.0,2135.0,2125.0,2135.0,run,chest+empatica,chest+empatica+forearm,gel,ecg/KF93_w0203.npy,acc_chest/KF93_w0203.npy,ppg_wrist/KF93_w0203.npy,2.354,6.07,False,0.0,0.0,0.0
KF93_w0204,KF93,204,2135.0,2145.0,2135.0,2145.0,run,chest+empatica,chest+empatica+forearm,gel,ecg/KF93_w0204.npy,acc_chest/KF93_w0204.npy,ppg_wrist/KF93_w0204.npy,3.151,7.914,False,0.0,0.0,0.0
KF93_w0205,KF93,205,2145.0,2155.0,2145.0,2155.0,run,chest+empatica,chest+empatica+forearm,gel,ecg/KF93_w0205.npy,acc_chest/KF93_w0205.npy,ppg_wrist/KF93_w0205.npy,2.976,8.435,False,0.0,0.0,0.0
KF93_w0206,KF93,206,2155.0,2165.0,2155.0,2165.0,run,chest+empatica,chest+empatica+forearm,gel,ecg/KF93_w0206.npy,acc_chest/KF93_w0206.npy,ppg_wrist/KF93_w0206.npy,3.2,8.024,False,0.0,0.0,0.0
KF93_w0207,KF93,207,2165.0,2175.0,2165.0,2175.0,run,chest+empatica,chest+empatica+forearm,gel,ecg/KF93_w0207.npy,acc_chest/KF93_w0207.npy,ppg_wrist/KF93_w0207.npy,3.961,10.997,False,0.0,0.0,0.0
KF93_w0208,KF93,208,2175.0,2185.0,2175.0,2185.0,run,chest+empatica,chest+empatica+forearm,gel,ecg/KF93_w0208.npy,acc_chest/KF93_w0208.npy,ppg_wrist/KF93_w0208.npy,3.583,9.089,False,0.0,0.0,0.0
KF93_w0209,KF93,209,2185.0,2195.0,2185.0,2195.0,run,chest+empatica,chest+empatica+forearm,gel,ecg/KF93_w0209.npy,acc_chest/KF93_w0209.npy,ppg_wrist/KF93_w0209.npy,3.912,10.724,False,0.0,0.0,0.0
KF93_w0210,KF93,210,2195.0,2205.0,2195.0,2205.0,run,chest+empatica,chest+empatica+forearm,gel,ecg/KF93_w0210.npy,acc_chest/KF93_w0210.npy,ppg_wrist/KF93_w0210.npy,3.709,10.491,False,0.0,0.0,0.0
KF93_w0211,KF93,211,2205.0,2215.0,2205.0,2215.0,run,chest+empatica,chest+empatica+forearm,gel,ecg/KF93_w0211.npy,acc_chest/KF93_w0211.npy,ppg_wrist/KF93_w0211.npy,3.903,10.902,False,0.0,0.0,0.0
KF93_w0212,KF93,212,2215.0,2225.0,2215.0,2225.0,run,chest+empatica,chest+empatica+forearm,gel,ecg/KF93_w0212.npy,acc_chest/KF93_w0212.npy,ppg_wrist/KF93_w0212.npy,3.836,10.726,False,0.0,0.0,0.0
KF93_w0213,KF93,213,2225.0,2235.0,2225.0,2235.0,run,chest+empatica,chest+empatica+forearm,gel,ecg/KF93_w0213.npy,acc_chest/KF93_w0213.npy,ppg_wrist/KF93_w0213.npy,3.806,10.769,False,0.0,0.0,0.0
KF93_w0214,KF93,214,2235.0,2245.0,2235.0,2245.0,run,chest+empatica,chest+empatica+forearm,gel,ecg/KF93_w0214.npy,acc_chest/KF93_w0214.npy,ppg_wrist/KF93_w0214.npy,3.43,9.721,False,0.0,0.0,0.0
KF93_w0215,KF93,215,2245.0,2255.0,2245.0,2255.0,run,chest+empatica,chest+empatica+forearm,gel,ecg/KF93_w0215.npy,acc_chest/KF93_w0215.npy,ppg_wrist/KF93_w0215.npy,3.376,8.669,False,0.0,0.0,0.0
KF93_w0216,KF93,216,2255.0,2265.0,2255.0,2265.0,run,chest+empatica,chest+empatica+forearm,gel,ecg/KF93_w0216.npy,acc_chest/KF93_w0216.npy,ppg_wrist/KF93_w0216.npy,4.021,12.722,False,0.0,0.0,0.0
KF93_w0217,KF93,217,2265.0,2275.0,2265.0,2275.0,run,chest+empatica,chest+empatica+forearm,gel,ecg/KF93_w0217.npy,acc_chest/KF93_w0217.npy,ppg_wrist/KF93_w0217.npy,4.465,13.283,False,0.0,0.0,0.0
KF93_w0218,KF93,218,2275.0,2285.0,2275.0,2285.0,run,chest+empatica,chest+empatica+forearm,gel,ecg/KF93_w0218.npy,acc_chest/KF93_w0218.npy,ppg_wrist/KF93_w0218.npy,4.282,11.903,False,0.0,0.0,0.0
KF93_w0219,KF93,219,2285.0,2295.0,2285.0,2295.0,run,chest+empatica,chest+empatica+forearm,gel,ecg/KF93_w0219.npy,acc_chest/KF93_w0219.npy,ppg_wrist/KF93_w0219.npy,4.335,12.409,False,0.0,0.0,0.0
KF93_w0220,KF93,220,2295.0,2305.0,2295.0,2305.0,run,chest+empatica,chest+empatica+forearm,gel,ecg/KF93_w0220.npy,acc_chest/KF93_w0220.npy,ppg_wrist/KF93_w0220.npy,3.999,11.365,False,0.0,0.0,0.0
KF93_w0221,KF93,221,2305.0,2315.0,2305.0,2315.0,run,chest+empatica,chest+empatica+forearm,gel,ecg/KF93_w0221.npy,acc_chest/KF93_w0221.npy,ppg_wrist/KF93_w0221.npy,3.366,10.096,False,0.0,0.0,0.0
KF93_w0222,KF93,222,2315.0,2325.0,2315.0,2325.0,run,chest+empatica,chest+empatica+forearm,gel,ecg/KF93_w0222.npy,acc_chest/KF93_w0222.npy,ppg_wrist/KF93_w0222.npy,4.274,11.996,False,0.0,0.0,0.0
KF93_w0223,KF93,223,2325.0,2335.0,2325.0,2335.0,run,chest+empatica,chest+empatica+forearm,gel,ecg/KF93_w0223.npy,acc_chest/KF93_w0223.npy,ppg_wrist/KF93_w0223.npy,5.723,29.917,False,0.0,0.0,0.0
KF93_w0224,KF93,224,2335.0,2345.0,2335.0,2345.0,run,chest+empatica,chest+empatica+forearm,gel,ecg/KF93_w0224.npy,acc_chest/KF93_w0224.npy,ppg_wrist/KF93_w0224.npy,3.536,9.226,False,0.0,0.0,0.0
KF93_w0225,KF93,225,2345.0,2355.0,2345.0,2355.0,run,chest+empatica,chest+empatica+forearm,gel,ecg/KF93_w0225.npy,acc_chest/KF93_w0225.npy,ppg_wrist/KF93_w0225.npy,3.509,9.234,False,0.0,0.0,0.0
KF93_w0226,KF93,226,2355.0,2365.0,2355.0,2365.0,run,chest+empatica,chest+empatica+forearm,gel,ecg/KF93_w0226.npy,acc_chest/KF93_w0226.npy,ppg_wrist/KF93_w0226.npy,3.182,8.177,False,0.0,0.0,0.0
KF93_w0227,KF93,227,2365.0,2375.0,2365.0,2375.0,run,chest+empatica,chest+empatica+forearm,gel,ecg/KF93_w0227.npy,acc_chest/KF93_w0227.npy,ppg_wrist/KF93_w0227.npy,3.537,10.269,False,0.0,0.0,0.0
KF93_w0228,KF93,228,2375.0,2385.0,2375.0,2385.0,run,chest+empatica,chest+empatica+forearm,gel,ecg/KF93_w0228.npy,acc_chest/KF93_w0228.npy,ppg_wrist/KF93_w0228.npy,3.459,9.722,False,0.0,0.0,0.0
KF93_w0229,KF93,229,2385.0,2395.0,2385.0,2395.0,run,chest+empatica,chest+empatica+forearm,gel,ecg/KF93_w0229.npy,acc_chest/KF93_w0229.npy,ppg_wrist/KF93_w0229.npy,3.495,9.426,False,0.0,0.0,0.0
KF93_w0230,KF93,230,2395.0,2405.0,2395.0,2405.0,run,chest+empatica,chest+empatica+forearm,gel,ecg/KF93_w0230.npy,acc_chest/KF93_w0230.npy,ppg_wrist/KF93_w0230.npy,3.694,10.572,False,0.0,0.0,0.0
KF93_w0231,KF93,231,2405.0,2415.0,2405.0,2415.0,run,chest+empatica,chest+empatica+forearm,gel,ecg/KF93_w0231.npy,acc_chest/KF93_w0231.npy,ppg_wrist/KF93_w0231.npy,3.429,9.728,False,0.0,0.0,0.0
KF93_w0232,KF93,232,2415.0,2425.0,2415.0,2425.0,run,chest+empatica,chest+empatica+forearm,gel,ecg/KF93_w0232.npy,acc_chest/KF93_w0232.npy,ppg_wrist/KF93_w0232.npy,3.705,9.802,False,0.0,0.0,0.0
KF93_w0233,KF93,233,2425.0,2435.0,2425.0,2435.0,run,chest+empatica,chest+empatica+forearm,gel,ecg/KF93_w0233.npy,acc_chest/KF93_w0233.npy,ppg_wrist/KF93_w0233.npy,3.701,10.593,False,0.0,0.0,0.0
KF93_w0234,KF93,234,2435.0,2445.0,2435.0,2445.0,run,chest+empatica,chest+empatica+forearm,gel,ecg/KF93_w0234.npy,acc_chest/KF93_w0234.npy,ppg_wrist/KF93_w0234.npy,3.528,9.43,False,0.0,0.0,0.0
KF93_w0235,KF93,235,2445.0,2455.0,2445.0,2455.0,run,chest+empatica,chest+empatica+forearm,gel,ecg/KF93_w0235.npy,acc_chest/KF93_w0235.npy,ppg_wrist/KF93_w0235.npy,3.539,9.984,False,0.0,0.0,0.0
KF93_w0236,KF93,236,2455.0,2465.0,2455.0,2465.0,run,chest+empatica,chest+empatica+forearm,gel,ecg/KF93_w0236.npy,acc_chest/KF93_w0236.npy,ppg_wrist/KF93_w0236.npy,3.526,9.31,False,0.0,0.0,0.0
KF93_w0237,KF93,237,2465.0,2475.0,2465.0,2475.0,run,chest+empatica,chest+empatica+forearm,gel,ecg/KF93_w0237.npy,acc_chest/KF93_w0237.npy,ppg_wrist/KF93_w0237.npy,3.328,9.292,False,0.0,0.0,0.0
KF93_w0238,KF93,238,2475.0,2485.0,2475.0,2485.0,run,chest+empatica,chest+empatica+forearm,gel,ecg/KF93_w0238.npy,acc_chest/KF93_w0238.npy,ppg_wrist/KF93_w0238.npy,3.548,9.718,False,0.0,0.0,0.0
KF93_w0239,KF93,239,2485.0,2495.0,2485.0,2495.0,run,chest+empatica,chest+empatica+forearm,gel,ecg/KF93_w0239.npy,acc_chest/KF93_w0239.npy,ppg_wrist/KF93_w0239.npy,4.017,11.503,False,0.0,0.0,0.0
KF93_w0240,KF93,240,2495.0,2505.0,2495.0,2505.0,run,chest+empatica,chest+empatica+forearm,gel,ecg/KF93_w0240.npy,acc_chest/KF93_w0240.npy,ppg_wrist/KF93_w0240.npy,3.859,10.457,False,0.0,0.0,0.0
KF93_w0241,KF93,241,2505.0,2515.0,2505.0,2515.0,run,chest+empatica,chest+empatica+forearm,gel,ecg/KF93_w0241.npy,acc_chest/KF93_w0241.npy,ppg_wrist/KF93_w0241.npy,3.684,9.992,False,0.0,0.0,0.0
KF93_w0242,KF93,242,2515.0,2525.0,2515.0,2525.0,run,chest+empatica,chest+empatica+forearm,gel,ecg/KF93_w0242.npy,acc_chest/KF93_w0242.npy,ppg_wrist/KF93_w0242.npy,3.176,8.676,False,0.0,0.0,0.0
KF93_w0243,KF93,243,2525.0,2535.0,2525.0,2535.0,run,chest+empatica,chest+empatica+forearm,gel,ecg/KF93_w0243.npy,acc_chest/KF93_w0243.npy,ppg_wrist/KF93_w0243.npy,3.513,10.633,False,0.0,0.0,0.0
KF93_w0244,KF93,244,2535.0,2545.0,2535.0,2545.0,run,chest+empatica,chest+empatica+forearm,gel,ecg/KF93_w0244.npy,acc_chest/KF93_w0244.npy,ppg_wrist/KF93_w0244.npy,2.687,7.55,False,0.0,0.0,0.0
KF93_w0245,KF93,245,2545.0,2555.0,2545.0,2555.0,run,chest+empatica,chest+empatica+forearm,gel,ecg/KF93_w0245.npy,acc_chest/KF93_w0245.npy,ppg_wrist/KF93_w0245.npy,1.106,4.032,False,0.0,0.0,0.0
KF93_w0246,KF93,246,2555.0,2565.0,2555.0,2565.0,run,chest+empatica,chest+empatica+forearm,gel,ecg/KF93_w0246.npy,acc_chest/KF93_w0246.npy,ppg_wrist/KF93_w0246.npy,1.933,7.563,False,0.0,0.0,0.0
KF93_w0247,KF93,247,2565.0,2575.0,2565.0,2575.0,run,chest+empatica,chest+empatica+forearm,gel,ecg/KF93_w0247.npy,acc_chest/KF93_w0247.npy,ppg_wrist/KF93_w0247.npy,4.005,12.634,False,0.0,0.0,0.0
KF93_w0248,KF93,248,2575.0,2585.0,2575.0,2585.0,run,chest+empatica,chest+empatica+forearm,gel,ecg/KF93_w0248.npy,acc_chest/KF93_w0248.npy,ppg_wrist/KF93_w0248.npy,3.307,10.274,False,0.0,0.0,0.0
KF93_w0249,KF93,249,2585.0,2595.0,2585.0,2595.0,run,chest+empatica,chest+empatica+forearm,gel,ecg/KF93_w0249.npy,acc_chest/KF93_w0249.npy,ppg_wrist/KF93_w0249.npy,3.398,9.205,False,0.0,0.0,0.0
KF93_w0250,KF93,250,2595.0,2605.0,2595.0,2605.0,run,chest+empatica,chest+empatica+forearm,gel,ecg/KF93_w0250.npy,acc_chest/KF93_w0250.npy,ppg_wrist/KF93_w0250.npy,3.137,7.981,False,0.0,0.0,0.0
KF93_w0251,KF93,251,2605.0,2615.0,2605.0,2615.0,run,chest+empatica,chest+empatica+forearm,gel,ecg/KF93_w0251.npy,acc_chest/KF93_w0251.npy,ppg_wrist/KF93_w0251.npy,3.38,9.213,False,0.0,0.0,0.0
KF93_w0252,KF93,252,2615.0,2625.0,2615.0,2625.0,run,chest+empatica,chest+empatica+forearm,gel,ecg/KF93_w0252.npy,acc_chest/KF93_w0252.npy,ppg_wrist/KF93_w0252.npy,3.774,10.522,False,0.0,0.0,0.0
KF93_w0253,KF93,253,2625.0,2635.0,2625.0,2635.0,run,chest+empatica,chest+empatica+forearm,gel,ecg/KF93_w0253.npy,acc_chest/KF93_w0253.npy,ppg_wrist/KF93_w0253.npy,1.14,16.678,False,0.0,0.0,0.0
KF93_w0254,KF93,254,2635.0,2645.0,2635.0,2645.0,run,chest+empatica,chest+empatica+forearm,gel,ecg/KF93_w0254.npy,acc_chest/KF93_w0254.npy,ppg_wrist/KF93_w0254.npy,0.416,15.486,False,0.0,0.0,0.0
KF93_w0255,KF93,255,2645.0,2655.0,2645.0,2655.0,run,chest+empatica,chest+empatica+forearm,gel,ecg/KF93_w0255.npy,acc_chest/KF93_w0255.npy,ppg_wrist/KF93_w0255.npy,3.118,18.35,False,0.0,0.0,0.0
KF93_w0256,KF93,256,2655.0,2665.0,2655.0,2665.0,run,chest+empatica,chest+empatica+forearm,gel,ecg/KF93_w0256.npy,acc_chest/KF93_w0256.npy,ppg_wrist/KF93_w0256.npy,3.789,10.871,False,0.0,0.0,0.0
KF93_w0257,KF93,257,2665.0,2675.0,2665.0,2675.0,run,chest+empatica,chest+empatica+forearm,gel,ecg/KF93_w0257.npy,acc_chest/KF93_w0257.npy,ppg_wrist/KF93_w0257.npy,3.857,10.835,False,0.0,0.0,0.0
KF93_w0258,KF93,258,2675.0,2685.0,2675.0,2685.0,run,chest+empatica,chest+empatica+forearm,gel,ecg/KF93_w0258.npy,acc_chest/KF93_w0258.npy,ppg_wrist/KF93_w0258.npy,3.343,9.308,False,0.0,0.0,0.0
KF93_w0259,KF93,259,2685.0,2695.0,2685.0,2695.0,run,chest+empatica,chest+empatica+forearm,gel,ecg/KF93_w0259.npy,acc_chest/KF93_w0259.npy,ppg_wrist/KF93_w0259.npy,3.676,10.125,False,0.0,0.0,0.0
KF93_w0260,KF93,260,2695.0,2705.0,2695.0,2705.0,run,chest+empatica,chest+empatica+forearm,gel,ecg/KF93_w0260.npy,acc_chest/KF93_w0260.npy,ppg_wrist/KF93_w0260.npy,2.521,6.455,False,0.0,0.0,0.0
KF93_w0261,KF93,261,2705.0,2715.0,2705.0,2715.0,run,chest+empatica,chest+empatica+forearm,gel,ecg/KF93_w0261.npy,acc_chest/KF93_w0261.npy,ppg_wrist/KF93_w0261.npy,2.277,6.187,False,0.0,0.0,0.0
KF93_w0262,KF93,262,2715.0,2725.0,2715.0,2725.0,run,chest+empatica,chest+empatica+forearm,gel,ecg/KF93_w0262.npy,acc_chest/KF93_w0262.npy,ppg_wrist/KF93_w0262.npy,2.446,6.331,False,0.0,0.0,0.0
KF93_w0263,KF93,263,2725.0,2735.0,2725.0,2735.0,run,chest+empatica,chest+empatica+forearm,gel,ecg/KF93_w0263.npy,acc_chest/KF93_w0263.npy,ppg_wrist/KF93_w0263.npy,2.356,5.833,False,0.0,0.0,0.0
KF93_w0264,KF93,264,2735.0,2745.0,2735.0,2745.0,run,chest+empatica,chest+empatica+forearm,gel,ecg/KF93_w0264.npy,acc_chest/KF93_w0264.npy,ppg_wrist/KF93_w0264.npy,2.341,6.376,False,0.0,0.0,0.0
KF93_w0265,KF93,265,2745.0,2755.0,2745.0,2755.0,run,chest+empatica,chest+empatica+forearm,gel,ecg/KF93_w0265.npy,acc_chest/KF93_w0265.npy,ppg_wrist/KF93_w0265.npy,1.434,4.529,False,0.0,0.0,0.0
KF93_w0266,KF93,266,2755.0,2765.0,2755.0,2765.0,run,chest+empatica,chest+empatica+forearm,gel,ecg/KF93_w0266.npy,acc_chest/KF93_w0266.npy,ppg_wrist/KF93_w0266.npy,2.595,7.231,False,0.0,0.0,0.0
KF93_w0267,KF93,267,2765.0,2775.0,2765.0,2775.0,run,chest+empatica,chest+empatica+forearm,gel,ecg/KF93_w0267.npy,acc_chest/KF93_w0267.npy,ppg_wrist/KF93_w0267.npy,2.652,7.808,False,0.0,0.0,0.0
KF93_w0268,KF93,268,2775.0,2785.0,2775.0,2785.0,run,chest+empatica,chest+empatica+forearm,gel,ecg/KF93_w0268.npy,acc_chest/KF93_w0268.npy,ppg_wrist/KF93_w0268.npy,3.231,8.92,False,0.0,0.0,0.0
KF93_w0269,KF93,269,2785.0,2795.0,2785.0,2795.0,run,chest+empatica,chest+empatica+forearm,gel,ecg/KF93_w0269.npy,acc_chest/KF93_w0269.npy,ppg_wrist/KF93_w0269.npy,1.955,6.194,False,0.0,0.0,0.0
KF93_w0270,KF93,270,2795.0,2805.0,2795.0,2805.0,run,chest+empatica,chest+empatica+forearm,gel,ecg/KF93_w0270.npy,acc_chest/KF93_w0270.npy,ppg_wrist/KF93_w0270.npy,3.091,9.551,False,0.0,0.0,0.0
KF93_w0271,KF93,271,2805.0,2815.0,2805.0,2815.0,run,chest+empatica,chest+empatica+forearm,gel,ecg/KF93_w0271.npy,acc_chest/KF93_w0271.npy,ppg_wrist/KF93_w0271.npy,2.888,8.174,False,0.0,0.0,0.0
KF93_w0272,KF93,272,2815.0,2825.0,2815.0,2825.0,run,chest+empatica,chest+empatica+forearm,gel,ecg/KF93_w0272.npy,acc_chest/KF93_w0272.npy,ppg_wrist/KF93_w0272.npy,2.257,5.924,False,0.0,0.0,0.0
KF93_w0273,KF93,273,2825.0,2835.0,2825.0,2835.0,run,chest+empatica,chest+empatica+forearm,gel,ecg/KF93_w0273.npy,acc_chest/KF93_w0273.npy,ppg_wrist/KF93_w0273.npy,2.971,7.837,False,0.0,0.0,0.0
KF93_w0274,KF93,274,2835.0,2845.0,2835.0,2845.0,run,chest+empatica,chest+empatica+forearm,gel,ecg/KF93_w0274.npy,acc_chest/KF93_w0274.npy,ppg_wrist/KF93_w0274.npy,3.546,10.162,False,0.0,0.0,0.0
KF93_w0275,KF93,275,2845.0,2855.0,2845.0,2855.0,run,chest+empatica,chest+empatica+forearm,gel,ecg/KF93_w0275.npy,acc_chest/KF93_w0275.npy,ppg_wrist/KF93_w0275.npy,3.416,10.506,False,0.0,0.0,0.0
KF93_w0276,KF93,276,2855.0,2865.0,2855.0,2865.0,run,chest+empatica,chest+empatica+forearm,gel,ecg/KF93_w0276.npy,acc_chest/KF93_w0276.npy,ppg_wrist/KF93_w0276.npy,2.926,8.176,False,0.0,0.0,0.0
KF93_w0277,KF93,277,2865.0,2875.0,2865.0,2875.0,run,chest+empatica,chest+empatica+forearm,gel,ecg/KF93_w0277.npy,acc_chest/KF93_w0277.npy,ppg_wrist/KF93_w0277.npy,3.174,9.191,False,0.0,0.0,0.0
KF93_w0278,KF93,278,2875.0,2885.0,2875.0,2885.0,run,chest+empatica,chest+empatica+forearm,gel,ecg/KF93_w0278.npy,acc_chest/KF93_w0278.npy,ppg_wrist/KF93_w0278.npy,2.834,7.597,False,0.0,0.0,0.0
KF93_w0279,KF93,279,2885.0,2895.0,2885.0,2895.0,run,chest+empatica,chest+empatica+forearm,gel,ecg/KF93_w0279.npy,acc_chest/KF93_w0279.npy,ppg_wrist/KF93_w0279.npy,2.489,7.487,False,0.0,0.0,0.0
KF93_w0280,KF93,280,2895.0,2905.0,2895.0,2905.0,run,chest+empatica,chest+empatica+forearm,gel,ecg/KF93_w0280.npy,acc_chest/KF93_w0280.npy,ppg_wrist/KF93_w0280.npy,2.824,8.742,False,0.0,0.0,0.0
KF93_w0281,KF93,281,2905.0,2915.0,2905.0,2915.0,run,chest+empatica,chest+empatica+forearm,gel,ecg/KF93_w0281.npy,acc_chest/KF93_w0281.npy,ppg_wrist/KF93_w0281.npy,2.883,8.707,False,0.0,0.0,0.0
KF93_w0282,KF93,282,2915.0,2925.0,2915.0,2925.0,run,chest+empatica,chest+empatica+forearm,gel,ecg/KF93_w0282.npy,acc_chest/KF93_w0282.npy,ppg_wrist/KF93_w0282.npy,3.06,7.233,False,0.0,0.0,0.0
KF93_w0283,KF93,283,2925.0,2935.0,2925.0,2935.0,run,chest+empatica,chest+empatica+forearm,gel,ecg/KF93_w0283.npy,acc_chest/KF93_w0283.npy,ppg_wrist/KF93_w0283.npy,2.848,6.633,False,0.0,0.0,0.0
KF93_w0284,KF93,284,2935.0,2945.0,2935.0,2945.0,run,chest+empatica,chest+empatica+forearm,gel,ecg/KF93_w0284.npy,acc_chest/KF93_w0284.npy,ppg_wrist/KF93_w0284.npy,3.41,10.158,False,0.0,0.0,0.0
KF93_w0285,KF93,285,2945.0,2955.0,2945.0,2955.0,run,chest+empatica,chest+empatica+forearm,gel,ecg/KF93_w0285.npy,acc_chest/KF93_w0285.npy,ppg_wrist/KF93_w0285.npy,3.175,8.599,False,0.0,0.0,0.0
KF93_w0286,KF93,286,2955.0,2965.0,2955.0,2965.0,run,chest+empatica,chest+empatica+forearm,gel,ecg/KF93_w0286.npy,acc_chest/KF93_w0286.npy,ppg_wrist/KF93_w0286.npy,2.886,7.834,False,0.0,0.0,0.0
KF93_w0287,KF93,287,2965.0,2975.0,2965.0,2975.0,run,chest+empatica,chest+empatica+forearm,gel,ecg/KF93_w0287.npy,acc_chest/KF93_w0287.npy,ppg_wrist/KF93_w0287.npy,3.29,7.819,False,0.0,0.0,0.0
KF93_w0288,KF93,288,2975.0,2985.0,2975.0,2985.0,run,chest+empatica,chest+empatica+forearm,gel,ecg/KF93_w0288.npy,acc_chest/KF93_w0288.npy,ppg_wrist/KF93_w0288.npy,2.952,7.019,False,0.0,0.0,0.0
KF93_w0289,KF93,289,2985.0,2995.0,2985.0,2995.0,run,chest+empatica,chest+empatica+forearm,gel,ecg/KF93_w0289.npy,acc_chest/KF93_w0289.npy,ppg_wrist/KF93_w0289.npy,2.766,6.826,False,0.0,0.0,0.0
KF93_w0290,KF93,290,2995.0,3005.0,2995.0,3005.0,run,chest+empatica,chest+empatica+forearm,gel,ecg/KF93_w0290.npy,acc_chest/KF93_w0290.npy,ppg_wrist/KF93_w0290.npy,2.489,6.687,False,0.0,0.0,0.0
KF93_w0291,KF93,291,3005.0,3015.0,3005.0,3015.0,run,chest+empatica,chest+empatica+forearm,gel,ecg/KF93_w0291.npy,acc_chest/KF93_w0291.npy,ppg_wrist/KF93_w0291.npy,2.496,7.23,False,0.0,0.0,0.0
KF93_w0292,KF93,292,3015.0,3025.0,3015.0,3025.0,run,chest+empatica,chest+empatica+forearm,gel,ecg/KF93_w0292.npy,acc_chest/KF93_w0292.npy,ppg_wrist/KF93_w0292.npy,2.863,7.129,False,0.0,0.0,0.0
KF93_w0293,KF93,293,3025.0,3035.0,3025.0,3035.0,run,chest+empatica,chest+empatica+forearm,gel,ecg/KF93_w0293.npy,acc_chest/KF93_w0293.npy,ppg_wrist/KF93_w0293.npy,2.382,5.881,False,0.0,0.0,0.0
KF93_w0294,KF93,294,3035.0,3045.0,3035.0,3045.0,run,chest+empatica,chest+empatica+forearm,gel,ecg/KF93_w0294.npy,acc_chest/KF93_w0294.npy,ppg_wrist/KF93_w0294.npy,2.798,8.217,False,0.0,0.0,0.0
KF93_w0295,KF93,295,3045.0,3055.0,3045.0,3055.0,run,chest+empatica,chest+empatica+forearm,gel,ecg/KF93_w0295.npy,acc_chest/KF93_w0295.npy,ppg_wrist/KF93_w0295.npy,1.93,4.937,False,0.0,0.0,0.0
KF93_w0296,KF93,296,3055.0,3065.0,3055.0,3065.0,run,chest+empatica,chest+empatica+forearm,gel,ecg/KF93_w0296.npy,acc_chest/KF93_w0296.npy,ppg_wrist/KF93_w0296.npy,1.527,4.819,False,0.0,0.0,0.0
KF93_w0297,KF93,297,3065.0,3075.0,3065.0,3075.0,run,chest+empatica,chest+empatica+forearm,gel,ecg/KF93_w0297.npy,acc_chest/KF93_w0297.npy,ppg_wrist/KF93_w0297.npy,0.755,3.67,False,0.0,0.0,0.0
KF93_w0298,KF93,298,3075.0,3085.0,3075.0,3085.0,run,chest+empatica,chest+empatica+forearm,gel,ecg/KF93_w0298.npy,acc_chest/KF93_w0298.npy,ppg_wrist/KF93_w0298.npy,1.491,5.019,False,0.0,0.0,0.0
KF93_w0299,KF93,299,3085.0,3095.0,3085.0,3095.0,run,chest+empatica,chest+empatica+forearm,gel,ecg/KF93_w0299.npy,acc_chest/KF93_w0299.npy,ppg_wrist/KF93_w0299.npy,1.503,5.138,False,0.0,0.0,0.0
KF93_w0300,KF93,300,3095.0,3105.0,3095.0,3105.0,run,chest+empatica,chest+empatica+forearm,gel,ecg/KF93_w0300.npy,acc_chest/KF93_w0300.npy,ppg_wrist/KF93_w0300.npy,0.76,3.446,False,0.0,0.0,0.0
KF93_w0301,KF93,301,3105.0,3115.0,3105.0,3115.0,walk_after,chest+empatica,chest+empatica+forearm,gel,ecg/KF93_w0301.npy,acc_chest/KF93_w0301.npy,ppg_wrist/KF93_w0301.npy,0.764,3.403,False,0.0,0.0,0.0
KF93_w0302,KF93,302,3115.0,3125.0,3115.0,3125.0,walk_after,chest+empatica,chest+empatica+forearm,gel,ecg/KF93_w0302.npy,acc_chest/KF93_w0302.npy,ppg_wrist/KF93_w0302.npy,0.754,3.595,False,0.0,0.0,0.0
KF93_w0303,KF93,303,3125.0,3135.0,3125.0,3135.0,walk_after,chest+empatica,chest+empatica+forearm,gel,ecg/KF93_w0303.npy,acc_chest/KF93_w0303.npy,ppg_wrist/KF93_w0303.npy,0.798,3.741,False,0.0,0.0,0.0
KF93_w0304,KF93,304,3135.0,3145.0,3135.0,3145.0,walk_after,chest+empatica,chest+empatica+forearm,gel,ecg/KF93_w0304.npy,acc_chest/KF93_w0304.npy,ppg_wrist/KF93_w0304.npy,0.75,3.786,False,0.0,0.0,0.0
KF93_w0305,KF93,305,3145.0,3155.0,3145.0,3155.0,walk_after,chest+empatica,chest+empatica+forearm,gel,ecg/KF93_w0305.npy,acc_chest/KF93_w0305.npy,ppg_wrist/KF93_w0305.npy,0.766,3.858,False,0.0,0.0,0.0
KF93_w0306,KF93,306,3155.0,3165.0,3155.0,3165.0,walk_after,chest+empatica,chest+empatica+forearm,gel,ecg/KF93_w0306.npy,acc_chest/KF93_w0306.npy,ppg_wrist/KF93_w0306.npy,0.756,3.852,False,0.0,0.0,0.0
KF93_w0307,KF93,307,3165.0,3175.0,3165.0,3175.0,walk_after,chest+empatica,chest+empatica+forearm,gel,ecg/KF93_w0307.npy,acc_chest/KF93_w0307.npy,ppg_wrist/KF93_w0307.npy,0.793,3.857,False,0.0,0.0,0.0
KF93_w0308,KF93,308,3175.0,3185.0,3175.0,3185.0,walk_after,chest+empatica,chest+empatica+forearm,gel,ecg/KF93_w0308.npy,acc_chest/KF93_w0308.npy,ppg_wrist/KF93_w0308.npy,0.803,3.798,False,0.0,0.0,0.0
KF93_w0309,KF93,309,3185.0,3195.0,3185.0,3190.0,walk_after,chest+empatica,chest+empatica+forearm,gel,ecg/KF93_w0309.npy,acc_chest/KF93_w0309.npy,ppg_wrist/KF93_w0309.npy,0.889,6.211,True,0.5,0.5,0.0
KS03_w0000,KS03,0,414.0,424.0,414.0,424.0,baseline,chest+empatica,chest+empatica+forearm,gel,ecg/KS03_w0000.npy,acc_chest/KS03_w0000.npy,ppg_wrist/KS03_w0000.npy,0.416,15.486,False,0.0,0.0,0.0
KS03_w0001,KS03,1,424.0,434.0,424.0,434.0,baseline,chest+empatica,chest+empatica+forearm,gel,ecg/KS03_w0001.npy,acc_chest/KS03_w0001.npy,ppg_wrist/KS03_w0001.npy,0.416,15.486,False,0.0,0.0,0.0
KS03_w0002,KS03,2,434.0,444.0,434.0,444.0,baseline,chest+empatica,chest+empatica+forearm,gel,ecg/KS03_w0002.npy,acc_chest/KS03_w0002.npy,ppg_wrist/KS03_w0002.npy,0.416,15.486,False,0.0,0.0,0.0
KS03_w0003,KS03,3,444.0,454.0,444.0,454.0,baseline,chest+empatica,chest+empatica+forearm,gel,ecg/KS03_w0003.npy,acc_chest/KS03_w0003.npy,ppg_wrist/KS03_w0003.npy,0.416,15.486,False,0.0,0.0,0.0
KS03_w0004,KS03,4,454.0,464.0,454.0,464.0,baseline,chest+empatica,chest+empatica+forearm,gel,ecg/KS03_w0004.npy,acc_chest/KS03_w0004.npy,ppg_wrist/KS03_w0004.npy,0.416,15.486,False,0.0,0.0,0.0
KS03_w0005,KS03,5,464.0,474.0,464.0,474.0,baseline,chest+empatica,chest+empatica+forearm,gel,ecg/KS03_w0005.npy,acc_chest/KS03_w0005.npy,ppg_wrist/KS03_w0005.npy,0.717,16.802,False,0.0,0.0,0.0
KS03_w0006,KS03,6,474.0,484.0,474.0,484.0,baseline,chest+empatica,chest+empatica+forearm,gel,ecg/KS03_w0006.npy,acc_chest/KS03_w0006.npy,ppg_wrist/KS03_w0006.npy,0.73,3.97,False,0.0,0.0,0.0
KS03_w0007,KS03,7,484.0,494.0,484.0,494.0,walk_before,chest+empatica,chest+empatica+forearm,gel,ecg/KS03_w0007.npy,acc_chest/KS03_w0007.npy,ppg_wrist/KS03_w0007.npy,0.722,3.307,False,0.0,0.0,0.0
KS03_w0008,KS03,8,494.0,504.0,494.0,504.0,walk_before,chest+empatica,chest+empatica+forearm,gel,ecg/KS03_w0008.npy,acc_chest/KS03_w0008.npy,ppg_wrist/KS03_w0008.npy,0.729,2.833,False,0.0,0.0,0.0
KS03_w0009,KS03,9,504.0,514.0,504.0,514.0,walk_before,chest+empatica,chest+empatica+forearm,gel,ecg/KS03_w0009.npy,acc_chest/KS03_w0009.npy,ppg_wrist/KS03_w0009.npy,0.732,2.715,False,0.0,0.0,0.0
KS03_w0010,KS03,10,514.0,524.0,514.0,524.0,walk_before,chest+empatica,chest+empatica+forearm,gel,ecg/KS03_w0010.npy,acc_chest/KS03_w0010.npy,ppg_wrist/KS03_w0010.npy,0.759,3.817,False,0.0,0.0,0.0
KS03_w0011,KS03,11,524.0,534.0,524.0,534.0,walk_before,chest+empatica,chest+empatica+forearm,gel,ecg/KS03_w0011.npy,acc_chest/KS03_w0011.npy,ppg_wrist/KS03_w0011.npy,0.761,3.578,False,0.0,0.0,0.0
KS03_w0012,KS03,12,534.0,544.0,534.0,544.0,walk_before,chest+empatica,chest+empatica+forearm,gel,ecg/KS03_w0012.npy,acc_chest/KS03_w0012.npy,ppg_wrist/KS03_w0012.npy,0.791,4.64,False,0.0,0.0,0.0
KS03_w0013,KS03,13,544.0,554.0,544.0,554.0,walk_before,chest+empatica,chest+empatica+forearm,gel,ecg/KS03_w0013.npy,acc_chest/KS03_w0013.npy,ppg_wrist/KS03_w0013.npy,0.817,4.689,False,0.0,0.0,0.0
KS03_w0014,KS03,14,554.0,564.0,554.0,564.0,walk_before,chest+empatica,chest+empatica+forearm,gel,ecg/KS03_w0014.npy,acc_chest/KS03_w0014.npy,ppg_wrist/KS03_w0014.npy,0.775,3.619,False,0.0,0.0,0.0
KS03_w0015,KS03,15,564.0,574.0,564.0,574.0,walk_before,chest+empatica,chest+empatica+forearm,gel,ecg/KS03_w0015.npy,acc_chest/KS03_w0015.npy,ppg_wrist/KS03_w0015.npy,0.847,6.218,False,0.0,0.0,0.0
KS03_w0016,KS03,16,574.0,584.0,574.0,584.0,walk_before,chest+empatica,chest+empatica+forearm,gel,ecg/KS03_w0016.npy,acc_chest/KS03_w0016.npy,ppg_wrist/KS03_w0016.npy,0.822,5.694,False,0.0,0.0,0.0
KS03_w0017,KS03,17,584.0,594.0,584.0,594.0,walk_before,chest+empatica,chest+empatica+forearm,gel,ecg/KS03_w0017.npy,acc_chest/KS03_w0017.npy,ppg_wrist/KS03_w0017.npy,1.087,15.881,False,0.0,0.0,0.0
KS03_w0018,KS03,18,594.0,604.0,594.0,604.0,walk_before,chest+empatica,chest+empatica+forearm,gel,ecg/KS03_w0018.npy,acc_chest/KS03_w0018.npy,ppg_wrist/KS03_w0018.npy,0.416,15.486,False,0.0,0.0,0.0
KS03_w0019,KS03,19,604.0,614.0,604.0,614.0,walk_before,chest+empatica,chest+empatica+forearm,gel,ecg/KS03_w0019.npy,acc_chest/KS03_w0019.npy,ppg_wrist/KS03_w0019.npy,0.416,15.486,False,0.0,0.0,0.0
KS03_w0020,KS03,20,614.0,624.0,614.0,624.0,walk_before,chest+empatica,chest+empatica+forearm,gel,ecg/KS03_w0020.npy,acc_chest/KS03_w0020.npy,ppg_wrist/KS03_w0020.npy,0.416,15.486,False,0.0,0.0,0.0
KS03_w0021,KS03,21,624.0,634.0,624.0,634.0,walk_before,chest+empatica,chest+empatica+forearm,gel,ecg/KS03_w0021.npy,acc_chest/KS03_w0021.npy,ppg_wrist/KS03_w0021.npy,0.416,15.486,False,0.0,0.0,0.0
KS03_w0022,KS03,22,634.0,644.0,634.0,644.0,walk_before,chest+empatica,chest+empatica+forearm,gel,ecg/KS03_w0022.npy,acc_chest/KS03_w0022.npy,ppg_wrist/KS03_w0022.npy,0.416,15.486,False,0.0,0.0,0.0
KS03_w0023,KS03,23,644.0,654.0,644.0,654.0,walk_before,chest+empatica,chest+empatica+forearm,gel,ecg/KS03_w0023.npy,acc_chest/KS03_w0023.npy,ppg_wrist/KS03_w0023.npy,0.416,15.486,False,0.0,0.0,0.0
KS03_w0024,KS03,24,654.0,664.0,654.0,664.0,walk_before,chest+empatica,chest+empatica+forearm,gel,ecg/KS03_w0024.npy,acc_chest/KS03_w0024.npy,ppg_wrist/KS03_w0024.npy,0.416,15.486,False,0.0,0.0,0.0
KS03_w0025,KS03,25,664.0,674.0,664.0,674.0,walk_before,chest+empatica,chest+empatica+forearm,gel,ecg/KS03_w0025.npy,acc_chest/KS03_w0025.npy,ppg_wrist/KS03_w0025.npy,0.416,15.486,False,0.0,0.0,0.0
KS03_w0026,KS03,26,674.0,684.0,674.0,684.0,walk_before,chest+empatica,chest+empatica+forearm,gel,ecg/KS03_w0026.npy,acc_chest/KS03_w0026.npy,ppg_wrist/KS03_w0026.npy,0.416,15.486,False,0.0,0.0,0.0
KS03_w0027,KS03,27,684.0,694.0,684.0,694.0,walk_before,chest+empatica,chest+empatica+forearm,gel,ecg/KS03_w0027.npy,acc_chest/KS03_w0027.npy,ppg_wrist/KS03_w0027.npy,0.416,15.486,False,0.0,0.0,0.0
KS03_w0028,KS03,28,694.0,704.0,694.0,704.0,walk_before,chest+empatica,chest+empatica+forearm,gel,ecg/KS03_w0028.npy,acc_chest/KS03_w0028.npy,ppg_wrist/KS03_w0028.npy,0.416,15.486,False,0.0,0.0,0.0
KS03_w0029,KS03,29,704.0,714.0,704.0,714.0,walk_before,chest+empatica,chest+empatica+forearm,gel,ecg/KS03_w0029.npy,acc_chest/KS03_w0029.npy,ppg_wrist/KS03_w0029.npy,0.416,15.486,False,0.0,0.0,0.0
KS03_w0030,KS03,30,714.0,724.0,714.0,724.0,walk_before,chest+empatica,chest+empatica+forearm,gel,ecg/KS03_w0030.npy,acc_chest/KS03_w0030.npy,ppg_wrist/KS03_w0030.npy,0.416,15.486,False,0.0,0.0,0.0
KS03_w0031,KS03,31,724.0,734.0,724.0,734.0,walk_before,chest+empatica,chest+empatica+forearm,gel,ecg/KS03_w0031.npy,acc_chest/KS03_w0031.npy,ppg_wrist/KS03_w0031.npy,0.987,14.944,False,0.0,0.0,0.0
KS03_w0032,KS03,32,734.0,744.0,734.0,744.0,walk_before,chest+empatica,chest+empatica+forearm,gel,ecg/KS03_w0032.npy,acc_chest/KS03_w0032.npy,ppg_wrist/KS03_w0032.npy,0.688,2.506,False,0.0,0.0,0.0
KS03_w0033,KS03,33,744.0,754.0,744.0,754.0,walk_before,chest+empatica,chest+empatica+forearm,gel,ecg/KS03_w0033.npy,acc_chest/KS03_w0033.npy,ppg_wrist/KS03_w0033.npy,0.763,2.851,False,0.0,0.0,0.0
KS03_w0034,KS03,34,754.0,764.0,754.0,764.0,walk_before,chest+empatica,chest+empatica+forearm,gel,ecg/KS03_w0034.npy,acc_chest/KS03_w0034.npy,ppg_wrist/KS03_w0034.npy,0.841,3.243,False,0.0,0.0,0.0
KS03_w0035,KS03,35,764.0,774.0,764.0,774.0,walk_before,chest+empatica,chest+empatica+forearm,gel,ecg/KS03_w0035.npy,acc_chest/KS03_w0035.npy,ppg_wrist/KS03_w0035.npy,0.858,2.434,False,0.0,0.0,0.0
KS03_w0036,KS03,36,774.0,784.0,774.0,784.0,walk_before,chest+empatica,chest+empatica+forearm,gel,ecg/KS03_w0036.npy,acc_chest/KS03_w0036.npy,ppg_wrist/KS03_w0036.npy,0.761,1.771,False,0.0,0.0,0.0
KS03_w0037,KS03,37,784.0,794.0,784.0,794.0,walk_before,chest+empatica,chest+empatica+forearm,gel,ecg/KS03_w0037.npy,acc_chest/KS03_w0037.npy,ppg_wrist/KS03_w0037.npy,0.765,2.212,False,0.0,0.0,0.0
KS03_w0038,KS03,38,794.0,804.0,794.0,804.0,walk_before,chest+empatica,chest+empatica+forearm,gel,ecg/KS03_w0038.npy,acc_chest/KS03_w0038.npy,ppg_wrist/KS03_w0038.npy,0.85,3.746,False,0.0,0.0,0.0
KS03_w0039,KS03,39,804.0,814.0,804.0,814.0,walk_before,chest+empatica,chest+empatica+forearm,gel,ecg/KS03_w0039.npy,acc_chest/KS03_w0039.npy,ppg_wrist/KS03_w0039.npy,0.812,3.712,False,0.0,0.0,0.0
KS03_w0040,KS03,40,814.0,824.0,814.0,824.0,walk_before,chest+empatica,chest+empatica+forearm,gel,ecg/KS03_w0040.npy,acc_chest/KS03_w0040.npy,ppg_wrist/KS03_w0040.npy,0.761,2.918,False,0.0,0.0,0.0
KS03_w0041,KS03,41,824.0,834.0,824.0,834.0,walk_before,chest+empatica,chest+empatica+forearm,gel,ecg/KS03_w0041.npy,acc_chest/KS03_w0041.npy,ppg_wrist/KS03_w0041.npy,0.786,2.69,False,0.0,0.0,0.0
KS03_w0042,KS03,42,834.0,844.0,834.0,844.0,walk_before,chest+empatica,chest+empatica+forearm,gel,ecg/KS03_w0042.npy,acc_chest/KS03_w0042.npy,ppg_wrist/KS03_w0042.npy,0.73,2.282,False,0.0,0.0,0.0
KS03_w0043,KS03,43,844.0,854.0,844.0,854.0,walk_before,chest+empatica,chest+empatica+forearm,gel,ecg/KS03_w0043.npy,acc_chest/KS03_w0043.npy,ppg_wrist/KS03_w0043.npy,0.746,2.242,False,0.0,0.0,0.0
KS03_w0044,KS03,44,854.0,864.0,854.0,864.0,walk_before,chest+empatica,chest+empatica+forearm,gel,ecg/KS03_w0044.npy,acc_chest/KS03_w0044.npy,ppg_wrist/KS03_w0044.npy,0.689,1.944,False,0.0,0.0,0.0
KS03_w0045,KS03,45,864.0,874.0,864.0,874.0,walk_before,chest+empatica,chest+empatica+forearm,gel,ecg/KS03_w0045.npy,acc_chest/KS03_w0045.npy,ppg_wrist/KS03_w0045.npy,0.745,3.087,False,0.0,0.0,0.0
KS03_w0046,KS03,46,874.0,884.0,874.0,884.0,walk_before,chest+empatica,chest+empatica+forearm,gel,ecg/KS03_w0046.npy,acc_chest/KS03_w0046.npy,ppg_wrist/KS03_w0046.npy,0.791,3.464,False,0.0,0.0,0.0
KS03_w0047,KS03,47,884.0,894.0,884.0,894.0,walk_before,chest+empatica,chest+empatica+forearm,gel,ecg/KS03_w0047.npy,acc_chest/KS03_w0047.npy,ppg_wrist/KS03_w0047.npy,0.768,2.826,False,0.0,0.0,0.0
KS03_w0048,KS03,48,894.0,904.0,894.0,904.0,walk_before,chest+empatica,chest+empatica+forearm,gel,ecg/KS03_w0048.npy,acc_chest/KS03_w0048.npy,ppg_wrist/KS03_w0048.npy,0.792,2.594,False,0.0,0.0,0.0
KS03_w0049,KS03,49,904.0,914.0,904.0,914.0,walk_before,chest+empatica,chest+empatica+forearm,gel,ecg/KS03_w0049.npy,acc_chest/KS03_w0049.npy,ppg_wrist/KS03_w0049.npy,0.707,2.533,False,0.0,0.0,0.0
KS03_w0050,KS03,50,914.0,924.0,914.0,924.0,walk_before,chest+empatica,chest+empatica+forearm,gel,ecg/KS03_w0050.npy,acc_chest/KS03_w0050.npy,ppg_wrist/KS03_w0050.npy,0.739,2.435,False,0.0,0.0,0.0
KS03_w0051,KS03,51,924.0,934.0,924.0,934.0,walk_before,chest+empatica,chest+empatica+forearm,gel,ecg/KS03_w0051.npy,acc_chest/KS03_w0051.npy,ppg_wrist/KS03_w0051.npy,0.827,2.314,False,0.0,0.0,0.0
KS03_w0052,KS03,52,934.0,944.0,934.0,944.0,walk_before,chest+empatica,chest+empatica+forearm,gel,ecg/KS03_w0052.npy,acc_chest/KS03_w0052.npy,ppg_wrist/KS03_w0052.npy,0.988,15.989,False,0.0,0.0,0.0
KS03_w0053,KS03,53,944.0,954.0,944.0,954.0,walk_before,chest+empatica,chest+empatica+forearm,gel,ecg/KS03_w0053.npy,acc_chest/KS03_w0053.npy,ppg_wrist/KS03_w0053.npy,0.416,15.486,False,0.0,0.0,0.0
KS03_w0054,KS03,54,954.0,964.0,954.0,964.0,walk_before,chest+empatica,chest+empatica+forearm,gel,ecg/KS03_w0054.npy,acc_chest/KS03_w0054.npy,ppg_wrist/KS03_w0054.npy,0.416,15.486,False,0.0,0.0,0.0
KS03_w0055,KS03,55,964.0,974.0,964.0,974.0,walk_before,chest+empatica,chest+empatica+forearm,gel,ecg/KS03_w0055.npy,acc_chest/KS03_w0055.npy,ppg_wrist/KS03_w0055.npy,0.416,15.486,False,0.0,0.0,0.0
KS03_w0056,KS03,56,974.0,984.0,974.0,984.0,walk_before,chest+empatica,chest+empatica+forearm,gel,ecg/KS03_w0056.npy,acc_chest/KS03_w0056.npy,ppg_wrist/KS03_w0056.npy,0.416,15.486,False,0.0,0.0,0.0
KS03_w0057,KS03,57,984.0,994.0,984.0,994.0,walk_before,chest+empatica,chest+empatica+forearm,gel,ecg/KS03_w0057.npy,acc_chest/KS03_w0057.npy,ppg_wrist/KS03_w0057.npy,0.416,15.486,False,0.0,0.0,0.0
KS03_w0058,KS03,58,994.0,1004.0,994.0,1004.0,walk_before,chest+empatica,chest+empatica+forearm,gel,ecg/KS03_w0058.npy,acc_chest/KS03_w0058.npy,ppg_wrist/KS03_w0058.npy,1.302,17.638,False,0.0,0.0,0.0
KS03_w0059,KS03,59,1004.0,1014.0,1004.0,1014.0,walk_before,chest+empatica,chest+empatica+forearm,gel,ecg/KS03_w0059.npy,acc_chest/KS03_w0059.npy,ppg_wrist/KS03_w0059.npy,0.796,3.705,False,0.0,0.0,0.0
KS03_w0060,KS03,60,1014.0,1024.0,1014.0,1024.0,walk_before,chest+empatica,chest+empatica+forearm,gel,ecg/KS03_w0060.npy,acc_chest/KS03_w0060.npy,ppg_wrist/KS03_w0060.npy,0.823,3.379,False,0.0,0.0,0.0
KS03_w0061,KS03,61,1024.0,1034.0,1024.0,1034.0,gesticulate,chest+empatica,chest+empatica+forearm,gel,ecg/KS03_w0061.npy,acc_chest/KS03_w0061.npy,ppg_wrist/KS03_w0061.npy,0.806,3.697,False,0.0,0.0,0.0
KS03_w0062,KS03,62,1034.0,1044.0,1034.0,1044.0,gesticulate,chest+empatica,chest+empatica+forearm,gel,ecg/KS03_w0062.npy,acc_chest/KS03_w0062.npy,ppg_wrist/KS03_w0062.npy,0.808,2.895,False,0.0,0.0,0.0
KS03_w0063,KS03,63,1044.0,1054.0,1044.0,1054.0,gesticulate,chest+empatica,chest+empatica+forearm,gel,ecg/KS03_w0063.npy,acc_chest/KS03_w0063.npy,ppg_wrist/KS03_w0063.npy,0.865,3.754,False,0.0,0.0,0.0
KS03_w0064,KS03,64,1054.0,1064.0,1054.0,1064.0,gesticulate,chest+empatica,chest+empatica+forearm,gel,ecg/KS03_w0064.npy,acc_chest/KS03_w0064.npy,ppg_wrist/KS03_w0064.npy,0.886,4.825,False,0.0,0.0,0.0
KS03_w0065,KS03,65,1064.0,1074.0,1064.0,1074.0,gesticulate,chest+empatica,chest+empatica+forearm,gel,ecg/KS03_w0065.npy,acc_chest/KS03_w0065.npy,ppg_wrist/KS03_w0065.npy,0.918,4.661,False,0.0,0.0,0.0
KS03_w0066,KS03,66,1074.0,1084.0,1074.0,1084.0,gesticulate,chest+empatica,chest+empatica+forearm,gel,ecg/KS03_w0066.npy,acc_chest/KS03_w0066.npy,ppg_wrist/KS03_w0066.npy,0.876,4.517,False,0.0,0.0,0.0
KS03_w0067,KS03,67,1084.0,1094.0,1084.0,1094.0,gesticulate,chest+empatica,chest+empatica+forearm,gel,ecg/KS03_w0067.npy,acc_chest/KS03_w0067.npy,ppg_wrist/KS03_w0067.npy,0.888,4.678,False,0.0,0.0,0.0
KS03_w0068,KS03,68,1094.0,1104.0,1094.0,1104.0,gesticulate,chest+empatica,chest+empatica+forearm,gel,ecg/KS03_w0068.npy,acc_chest/KS03_w0068.npy,ppg_wrist/KS03_w0068.npy,0.869,4.452,False,0.0,0.0,0.0
KS03_w0069,KS03,69,1104.0,1114.0,1104.0,1114.0,gesticulate,chest+empatica,chest+empatica+forearm,gel,ecg/KS03_w0069.npy,acc_chest/KS03_w0069.npy,ppg_wrist/KS03_w0069.npy,0.902,5.528,False,0.0,0.0,0.0
KS03_w0070,KS03,70,1114.0,1124.0,1114.0,1124.0,gesticulate,chest+empatica,chest+empatica+forearm,gel,ecg/KS03_w0070.npy,acc_chest/KS03_w0070.npy,ppg_wrist/KS03_w0070.npy,0.943,4.788,False,0.0,0.0,0.0
KS03_w0071,KS03,71,1124.0,1134.0,1124.0,1134.0,gesticulate,chest+empatica,chest+empatica+forearm,gel,ecg/KS03_w0071.npy,acc_chest/KS03_w0071.npy,ppg_wrist/KS03_w0071.npy,0.844,1.948,False,0.0,0.0,0.0
KS03_w0072,KS03,72,1134.0,1144.0,1134.0,1144.0,gesticulate,chest+empatica,chest+empatica+forearm,gel,ecg/KS03_w0072.npy,acc_chest/KS03_w0072.npy,ppg_wrist/KS03_w0072.npy,0.794,2.241,False,0.0,0.0,0.0
KS03_w0073,KS03,73,1144.0,1154.0,1144.0,1154.0,gesticulate,chest+empatica,chest+empatica+forearm,gel,ecg/KS03_w0073.npy,acc_chest/KS03_w0073.npy,ppg_wrist/KS03_w0073.npy,0.826,2.641,False,0.0,0.0,0.0
KS03_w0074,KS03,74,1154.0,1164.0,1154.0,1164.0,gesticulate,chest+empatica,chest+empatica+forearm,gel,ecg/KS03_w0074.npy,acc_chest/KS03_w0074.npy,ppg_wrist/KS03_w0074.npy,0.895,4.998,False,0.0,0.0,0.0
KS03_w0075,KS03,75,1164.0,1174.0,1164.0,1174.0,gesticulate,chest+empatica,chest+empatica+forearm,gel,ecg/KS03_w0075.npy,acc_chest/KS03_w0075.npy,ppg_wrist/KS03_w0075.npy,0.948,6.306,False,0.0,0.0,0.0
KS03_w0076,KS03,76,1174.0,1184.0,1174.0,1184.0,gesticulate,chest+empatica,chest+empatica+forearm,gel,ecg/KS03_w0076.npy,acc_chest/KS03_w0076.npy,ppg_wrist/KS03_w0076.npy,0.877,4.774,False,0.0,0.0,0.0
KS03_w0077,KS03,77,1184.0,1194.0,1184.0,1194.0,gesticulate,chest+empatica,chest+empatica+forearm,gel,ecg/KS03_w0077.npy,acc_chest/KS03_w0077.npy,ppg_wrist/KS03_w0077.npy,0.859,2.901,False,0.0,0.0,0.0
KS03_w0078,KS03,78,1194.0,1204.0,1194.0,1204.0,gesticulate,chest+empatica,chest+empatica+forearm,gel,ecg/KS03_w0078.npy,acc_chest/KS03_w0078.npy,ppg_wrist/KS03_w0078.npy,0.842,2.78,False,0.0,0.0,0.0
KS03_w0079,KS03,79,1204.0,1214.0,1204.0,1214.0,gesticulate,chest+empatica,chest+empatica+forearm,gel,ecg/KS03_w0079.npy,acc_chest/KS03_w0079.npy,ppg_wrist/KS03_w0079.npy,0.827,2.974,False,0.0,0.0,0.0
KS03_w0080,KS03,80,1214.0,1224.0,1214.0,1224.0,gesticulate,chest+empatica,chest+empatica+forearm,gel,ecg/KS03_w0080.npy,acc_chest/KS03_w0080.npy,ppg_wrist/KS03_w0080.npy,0.82,3.064,False,0.0,0.0,0.0
KS03_w0081,KS03,81,1224.0,1234.0,1224.0,1234.0,gesticulate,chest+empatica,chest+empatica+forearm,gel,ecg/KS03_w0081.npy,acc_chest/KS03_w0081.npy,ppg_wrist/KS03_w0081.npy,0.831,3.199,False,0.0,0.0,0.0
KS03_w0082,KS03,82,1234.0,1244.0,1234.0,1244.0,gesticulate,chest+empatica,chest+empatica+forearm,gel,ecg/KS03_w0082.npy,acc_chest/KS03_w0082.npy,ppg_wrist/KS03_w0082.npy,0.843,3.471,False,0.0,0.0,0.0
KS03_w0083,KS03,83,1244.0,1254.0,1244.0,1254.0,gesticulate,chest+empatica,chest+empatica+forearm,gel,ecg/KS03_w0083.npy,acc_chest/KS03_w0083.npy,ppg_wrist/KS03_w0083.npy,0.892,3.372,False,0.0,0.0,0.0
KS03_w0084,KS03,84,1254.0,1264.0,1254.0,1264.0,gesticulate,chest+empatica,chest+empatica+forearm,gel,ecg/KS03_w0084.npy,acc_chest/KS03_w0084.npy,ppg_wrist/KS03_w0084.npy,0.825,2.369,False,0.0,0.0,0.0
KS03_w0085,KS03,85,1264.0,1274.0,1264.0,1274.0,gesticulate,chest+empatica,chest+empatica+forearm,gel,ecg/KS03_w0085.npy,acc_chest/KS03_w0085.npy,ppg_wrist/KS03_w0085.npy,0.895,2.484,False,0.0,0.0,0.0
KS03_w0086,KS03,86,1274.0,1284.0,1274.0,1284.0,gesticulate,chest+empatica,chest+empatica+forearm,gel,ecg/KS03_w0086.npy,acc_chest/KS03_w0086.npy,ppg_wrist/KS03_w0086.npy,0.844,3.435,False,0.0,0.0,0.0
KS03_w0087,KS03,87,1284.0,1294.0,1284.0,1294.0,gesticulate,chest+empatica,chest+empatica+forearm,gel,ecg/KS03_w0087.npy,acc_chest/KS03_w0087.npy,ppg_wrist/KS03_w0087.npy,0.844,2.844,False,0.0,0.0,0.0
KS03_w0088,KS03,88,1294.0,1304.0,1294.0,1304.0,gesticulate,chest+empatica,chest+empatica+forearm,gel,ecg/KS03_w0088.npy,acc_chest/KS03_w0088.npy,ppg_wrist/KS03_w0088.npy,0.827,3.435,False,0.0,0.0,0.0
KS03_w0089,KS03,89,1304.0,1314.0,1304.0,1314.0,gesticulate,chest+empatica,chest+empatica+forearm,gel,ecg/KS03_w0089.npy,acc_chest/KS03_w0089.npy,ppg_wrist/KS03_w0089.npy,0.687,17.497,False,0.0,0.0,0.0
KS03_w0090,KS03,90,1314.0,1324.0,1314.0,1324.0,gesticulate,chest+empatica,chest+empatica+forearm,gel,ecg/KS03_w0090.npy,acc_chest/KS03_w0090.npy,ppg_wrist/KS03_w0090.npy,0.416,15.486,False,0.0,0.0,0.0
KS03_w0091,KS03,91,1324.0,1334.0,1324.0,1334.0,gesticulate,chest+empatica,chest+empatica+forearm,gel,ecg/KS03_w0091.npy,acc_chest/KS03_w0091.npy,ppg_wrist/KS03_w0091.npy,0.416,15.486,False,0.0,0.0,0.0
KS03_w0092,KS03,92,1334.0,1344.0,1334.0,1344.0,gesticulate,chest+empatica,chest+empatica+forearm,gel,ecg/KS03_w0092.npy,acc_chest/KS03_w0092.npy,ppg_wrist/KS03_w0092.npy,0.416,15.486,False,0.0,0.0,0.0
KS03_w0093,KS03,93,1344.0,1354.0,1344.0,1354.0,gesticulate,chest+empatica,chest+empatica+forearm,gel,ecg/KS03_w0093.npy,acc_chest/KS03_w0093.npy,ppg_wrist/KS03_w0093.npy,1.2,16.798,False,0.0,0.0,0.0
KS03_w0094,KS03,94,1354.0,1364.0,1354.0,1364.0,gesticulate,chest+empatica,chest+empatica+forearm,gel,ecg/KS03_w0094.npy,acc_chest/KS03_w0094.npy,ppg_wrist/KS03_w0094.npy,0.653,3.3,False,0.0,0.0,0.0
KS03_w0095,KS03,95,1364.0,1374.0,1364.0,1374.0,gesticulate,chest+empatica,chest+empatica+forearm,gel,ecg/KS03_w0095.npy,acc_chest/KS03_w0095.npy,ppg_wrist/KS03_w0095.npy,0.672,2.711,False,0.0,0.0,0.0
KS03_w0096,KS03,96,1374.0,1384.0,1374.0,1384.0,gesticulate,chest+empatica,chest+empatica+forearm,gel,ecg/KS03_w0096.npy,acc_chest/KS03_w0096.npy,ppg_wrist/KS03_w0096.npy,0.691,3.524,False,0.0,0.0,0.0
KS03_w0097,KS03,97,1384.0,1394.0,1384.0,1394.0,gesticulate,chest+empatica,chest+empatica+forearm,gel,ecg/KS03_w0097.npy,acc_chest/KS03_w0097.npy,ppg_wrist/KS03_w0097.npy,0.701,3.997,False,0.0,0.0,0.0
KS03_w0098,KS03,98,1394.0,1404.0,1394.0,1404.0,gesticulate,chest+empatica,chest+empatica+forearm,gel,ecg/KS03_w0098.npy,acc_chest/KS03_w0098.npy,ppg_wrist/KS03_w0098.npy,0.671,3.447,False,0.0,0.0,0.0
KS03_w0099,KS03,99,1404.0,1414.0,1404.0,1414.0,gesticulate,chest+empatica,chest+empatica+forearm,gel,ecg/KS03_w0099.npy,acc_chest/KS03_w0099.npy,ppg_wrist/KS03_w0099.npy,0.654,3.417,False,0.0,0.0,0.0
KS03_w0100,KS03,100,1414.0,1424.0,1414.0,1424.0,gesticulate,chest+empatica,chest+empatica+forearm,gel,ecg/KS03_w0100.npy,acc_chest/KS03_w0100.npy,ppg_wrist/KS03_w0100.npy,0.673,3.485,False,0.0,0.0,0.0
KS03_w0101,KS03,101,1424.0,1434.0,1424.0,1434.0,gesticulate,chest+empatica,chest+empatica+forearm,gel,ecg/KS03_w0101.npy,acc_chest/KS03_w0101.npy,ppg_wrist/KS03_w0101.npy,0.723,3.564,False,0.0,0.0,0.0
KS03_w0102,KS03,102,1434.0,1444.0,1434.0,1444.0,gesticulate,chest+empatica,chest+empatica+forearm,gel,ecg/KS03_w0102.npy,acc_chest/KS03_w0102.npy,ppg_wrist/KS03_w0102.npy,0.676,3.418,False,0.0,0.0,0.0
KS03_w0103,KS03,103,1444.0,1454.0,1444.0,1454.0,gesticulate,chest+empatica,chest+empatica+forearm,gel,ecg/KS03_w0103.npy,acc_chest/KS03_w0103.npy,ppg_wrist/KS03_w0103.npy,0.954,17.217,False,0.0,0.0,0.0
KS03_w0104,KS03,104,1454.0,1464.0,1454.0,1464.0,gesticulate,chest+empatica,chest+empatica+forearm,gel,ecg/KS03_w0104.npy,acc_chest/KS03_w0104.npy,ppg_wrist/KS03_w0104.npy,0.416,15.486,False,0.0,0.0,0.0
KS03_w0105,KS03,105,1464.0,1474.0,1464.0,1474.0,gesticulate,chest+empatica,chest+empatica+forearm,gel,ecg/KS03_w0105.npy,acc_chest/KS03_w0105.npy,ppg_wrist/KS03_w0105.npy,0.416,15.486,False,0.0,0.0,0.0
KS03_w0106,KS03,106,1474.0,1484.0,1474.0,1484.0,gesticulate,chest+empatica,chest+empatica+forearm,gel,ecg/KS03_w0106.npy,acc_chest/KS03_w0106.npy,ppg_wrist/KS03_w0106.npy,0.416,15.486,False,0.0,0.0,0.0
KS03_w0107,KS03,107,1484.0,1494.0,1484.0,1494.0,gesticulate,chest+empatica,chest+empatica+forearm,gel,ecg/KS03_w0107.npy,acc_chest/KS03_w0107.npy,ppg_wrist/KS03_w0107.npy,0.416,15.486,False,0.0,0.0,0.0
KS03_w0108,KS03,108,1494.0,1504.0,1494.0,1504.0,gesticulate,chest+empatica,chest+empatica+forearm,gel,ecg/KS03_w0108.npy,acc_chest/KS03_w0108.npy,ppg_wrist/KS03_w0108.npy,0.416,15.486,False,0.0,0.0,0.0
KS03_w0109,KS03,109,1504.0,1514.0,1504.0,1514.0,gesticulate,chest+empatica,chest+empatica+forearm,gel,ecg/KS03_w0109.npy,acc_chest/KS03_w0109.npy,ppg_wrist/KS03_w0109.npy,0.416,15.486,False,0.0,0.0,0.0
KS03_w0110,KS03,110,1514.0,1524.0,1514.0,1524.0,gesticulate,chest+empatica,chest+empatica+forearm,gel,ecg/KS03_w0110.npy,acc_chest/KS03_w0110.npy,ppg_wrist/KS03_w0110.npy,0.416,15.486,False,0.0,0.0,0.0
KS03_w0111,KS03,111,1524.0,1534.0,1524.0,1534.0,gesticulate,chest+empatica,chest+empatica+forearm,gel,ecg/KS03_w0111.npy,acc_chest/KS03_w0111.npy,ppg_wrist/KS03_w0111.npy,0.416,15.486,False,0.0,0.0,0.0
KS03_w0112,KS03,112,1534.0,1544.0,1534.0,1544.0,gesticulate,chest+empatica,chest+empatica+forearm,gel,ecg/KS03_w0112.npy,acc_chest/KS03_w0112.npy,ppg_wrist/KS03_w0112.npy,0.416,15.486,False,0.0,0.0,0.0
KS03_w0113,KS03,113,1544.0,1554.0,1544.0,1554.0,gesticulate,chest+empatica,chest+empatica+forearm,gel,ecg/KS03_w0113.npy,acc_chest/KS03_w0113.npy,ppg_wrist/KS03_w0113.npy,0.798,17.078,False,0.0,0.0,0.0
KS03_w0114,KS03,114,1554.0,1564.0,1554.0,1564.0,gesticulate,chest+empatica,chest+empatica+forearm,gel,ecg/KS03_w0114.npy,acc_chest/KS03_w0114.npy,ppg_wrist/KS03_w0114.npy,0.725,2.761,False,0.0,0.0,0.0
KS03_w0115,KS03,115,1564.0,1574.0,1564.0,1574.0,gesticulate,chest+empatica,chest+empatica+forearm,gel,ecg/KS03_w0115.npy,acc_chest/KS03_w0115.npy,ppg_wrist/KS03_w0115.npy,0.726,2.328,False,0.0,0.0,0.0
KS03_w0116,KS03,116,1574.0,1584.0,1574.0,1584.0,gesticulate,chest+empatica,chest+empatica+forearm,gel,ecg/KS03_w0116.npy,acc_chest/KS03_w0116.npy,ppg_wrist/KS03_w0116.npy,0.725,2.432,False,0.0,0.0,0.0
KS03_w0117,KS03,117,1584.0,1594.0,1584.0,1594.0,gesticulate,chest+empatica,chest+empatica+forearm,gel,ecg/KS03_w0117.npy,acc_chest/KS03_w0117.npy,ppg_wrist/KS03_w0117.npy,0.678,2.09,False,0.0,0.0,0.0
KS03_w0118,KS03,118,1594.0,1604.0,1594.0,1604.0,gesticulate,chest+empatica,chest+empatica+forearm,gel,ecg/KS03_w0118.npy,acc_chest/KS03_w0118.npy,ppg_wrist/KS03_w0118.npy,0.696,2.216,False,0.0,0.0,0.0
KS03_w0119,KS03,119,1604.0,1614.0,1604.0,1614.0,gesticulate,chest+empatica,chest+empatica+forearm,gel,ecg/KS03_w0119.npy,acc_chest/KS03_w0119.npy,ppg_wrist/KS03_w0119.npy,0.681,2.782,False,0.0,0.0,0.0
KS03_w0120,KS03,120,1614.0,1624.0,1614.0,1624.0,gesticulate,chest+empatica,chest+empatica+forearm,gel,ecg/KS03_w0120.npy,acc_chest/KS03_w0120.npy,ppg_wrist/KS03_w0120.npy,1.979,29.56,False,0.0,0.0,0.0
KS03_w0121,KS03,121,1624.0,1634.0,1624.0,1634.0,gesticulate,chest+empatica,chest+empatica+forearm,gel,ecg/KS03_w0121.npy,acc_chest/KS03_w0121.npy,ppg_wrist/KS03_w0121.npy,0.416,15.486,False,0.0,0.0,0.0
KS03_w0122,KS03,122,1634.0,1644.0,1634.0,1644.0,gesticulate,chest+empatica,chest+empatica+forearm,gel,ecg/KS03_w0122.npy,acc_chest/KS03_w0122.npy,ppg_wrist/KS03_w0122.npy,0.416,15.486,False,0.0,0.0,0.0
KS03_w0123,KS03,123,1644.0,1654.0,1644.0,1654.0,gesticulate,chest+empatica,chest+empatica+forearm,gel,ecg/KS03_w0123.npy,acc_chest/KS03_w0123.npy,ppg_wrist/KS03_w0123.npy,0.416,15.486,False,0.0,0.0,0.0
KS03_w0124,KS03,124,1654.0,1664.0,1654.0,1664.0,gesticulate,chest+empatica,chest+empatica+forearm,gel,ecg/KS03_w0124.npy,acc_chest/KS03_w0124.npy,ppg_wrist/KS03_w0124.npy,0.416,15.486,False,0.0,0.0,0.0
KS03_w0125,KS03,125,1664.0,1674.0,1664.0,1674.0,gesticulate,chest+empatica,chest+empatica+forearm,gel,ecg/KS03_w0125.npy,acc_chest/KS03_w0125.npy,ppg_wrist/KS03_w0125.npy,0.416,15.486,False,0.0,0.0,0.0
KS03_w0126,KS03,126,1674.0,1684.0,1674.0,1684.0,gesticulate,chest+empatica,chest+empatica+forearm,gel,ecg/KS03_w0126.npy,acc_chest/KS03_w0126.npy,ppg_wrist/KS03_w0126.npy,0.416,15.486,False,0.0,0.0,0.0
KS03_w0127,KS03,127,1684.0,1694.0,1684.0,1694.0,gesticulate,chest+empatica,chest+empatica+forearm,gel,ecg/KS03_w0127.npy,acc_chest/KS03_w0127.npy,ppg_wrist/KS03_w0127.npy,0.416,15.486,False,0.0,0.0,0.0
KS03_w0128,KS03,128,1694.0,1704.0,1694.0,1704.0,gesticulate,chest+empatica,chest+empatica+forearm,gel,ecg/KS03_w0128.npy,acc_chest/KS03_w0128.npy,ppg_wrist/KS03_w0128.npy,0.416,15.486,False,0.0,0.0,0.0
KS03_w0129,KS03,129,1704.0,1714.0,1704.0,1714.0,gesticulate,chest+empatica,chest+empatica+forearm,gel,ecg/KS03_w0129.npy,acc_chest/KS03_w0129.npy,ppg_wrist/KS03_w0129.npy,0.416,15.486,False,0.0,0.0,0.0
KS03_w0130,KS03,130,1714.0,1724.0,1714.0,1724.0,gesticulate,chest+empatica,chest+empatica+forearm,gel,ecg/KS03_w0130.npy,acc_chest/KS03_w0130.npy,ppg_wrist/KS03_w0130.npy,0.416,15.486,False,0.0,0.0,0.0
KS03_w0131,KS03,131,1724.0,1734.0,1724.0,1734.0,gesticulate,chest+empatica,chest+empatica+forearm,gel,ecg/KS03_w0131.npy,acc_chest/KS03_w0131.npy,ppg_wrist/KS03_w0131.npy,0.416,15.486,False,0.0,0.0,0.0
KS03_w0132,KS03,132,1734.0,1744.0,1734.0,1744.0,gesticulate,chest+empatica,chest+empatica+forearm,gel,ecg/KS03_w0132.npy,acc_chest/KS03_w0132.npy,ppg_wrist/KS03_w0132.npy,0.416,15.486,False,0.0,0.0,0.0
KS03_w0133,KS03,133,1744.0,1754.0,1744.0,1754.0,gesticulate,chest+empatica,chest+empatica+forearm,gel,ecg/KS03_w0133.npy,acc_chest/KS03_w0133.npy,ppg_wrist/KS03_w0133.npy,0.416,15.486,False,0.0,0.0,0.0
KS03_w0134,KS03,134,1754.0,1764.0,1754.0,1764.0,gesticulate,chest+empatica,chest+empatica+forearm,gel,ecg/KS03_w0134.npy,acc_chest/KS03_w0134.npy,ppg_wrist/KS03_w0134.npy,0.416,15.486,False,0.0,0.0,0.0
KS03_w0135,KS03,135,1764.0,1774.0,1764.0,1774.0,gesticulate,chest+empatica,chest+empatica+forearm,gel,ecg/KS03_w0135.npy,acc_chest/KS03_w0135.npy,ppg_wrist/KS03_w0135.npy,0.416,15.486,False,0.0,0.0,0.0
KS03_w0136,KS03,136,1774.0,1784.0,1774.0,1784.0,gesticulate,chest+empatica,chest+empatica+forearm,gel,ecg/KS03_w0136.npy,acc_chest/KS03_w0136.npy,ppg_wrist/KS03_w0136.npy,0.416,15.486,False,0.0,0.0,0.0
KS03_w0137,KS03,137,1784.0,1794.0,1784.0,1794.0,gesticulate,chest+empatica,chest+empatica+forearm,gel,ecg/KS03_w0137.npy,acc_chest/KS03_w0137.npy,ppg_wrist/KS03_w0137.npy,0.416,15.486,False,0.0,0.0,0.0
KS03_w0138,KS03,138,1794.0,1804.0,1794.0,1804.0,gesticulate,chest+empatica,chest+empatica+forearm,gel,ecg/KS03_w0138.npy,acc_chest/KS03_w0138.npy,ppg_wrist/KS03_w0138.npy,0.416,15.486,False,0.0,0.0,0.0
KS03_w0139,KS03,139,1804.0,1814.0,1804.0,1814.0,gesticulate,chest+empatica,chest+empatica+forearm,gel,ecg/KS03_w0139.npy,acc_chest/KS03_w0139.npy,ppg_wrist/KS03_w0139.npy,0.416,15.486,False,0.0,0.0,0.0
KS03_w0140,KS03,140,1814.0,1824.0,1814.0,1824.0,gesticulate,chest+empatica,chest+empatica+forearm,gel,ecg/KS03_w0140.npy,acc_chest/KS03_w0140.npy,ppg_wrist/KS03_w0140.npy,0.416,15.486,False,0.0,0.0,0.0
KS03_w0141,KS03,141,1824.0,1834.0,1824.0,1834.0,gesticulate,chest+empatica,chest+empatica+forearm,gel,ecg/KS03_w0141.npy,acc_chest/KS03_w0141.npy,ppg_wrist/KS03_w0141.npy,0.416,15.486,False,0.0,0.0,0.0
KS03_w0142,KS03,142,1834.0,1844.0,1834.0,1844.0,gesticulate,chest+empatica,chest+empatica+forearm,gel,ecg/KS03_w0142.npy,acc_chest/KS03_w0142.npy,ppg_wrist/KS03_w0142.npy,0.416,15.486,False,0.0,0.0,0.0
KS03_w0143,KS03,143,1844.0,1854.0,1844.0,1854.0,gesticulate,chest+empatica,chest+empatica+forearm,gel,ecg/KS03_w0143.npy,acc_chest/KS03_w0143.npy,ppg_wrist/KS03_w0143.npy,0.416,15.486,False,0.0,0.0,0.0
KS03_w0144,KS03,144,1854.0,1864.0,1854.0,1864.0,gesticulate,chest+empatica,chest+empatica+forearm,gel,ecg/KS03_w0144.npy,acc_chest/KS03_w0144.npy,ppg_wrist/KS03_w0144.npy,0.416,15.486,False,0.0,0.0,0.0
KS03_w0145,KS03,145,1864.0,1874.0,1864.0,1874.0,gesticulate,chest+empatica,chest+empatica+forearm,gel,ecg/KS03_w0145.npy,acc_chest/KS03_w0145.npy,ppg_wrist/KS03_w0145.npy,0.712,15.582,False,0.0,0.0,0.0
KS03_w0146,KS03,146,1874.0,1884.0,1874.0,1884.0,greetings,chest+empatica,chest+empatica+forearm,gel,ecg/KS03_w0146.npy,acc_chest/KS03_w0146.npy,ppg_wrist/KS03_w0146.npy,0.664,3.268,False,0.0,0.0,0.0
KS03_w0147,KS03,147,1884.0,1894.0,1884.0,1894.0,greetings,chest+empatica,chest+empatica+forearm,gel,ecg/KS03_w0147.npy,acc_chest/KS03_w0147.npy,ppg_wrist/KS03_w0147.npy,0.708,2.895,False,0.0,0.0,0.0
KS03_w0148,KS03,148,1894.0,1904.0,1894.0,1904.0,greetings,chest+empatica,chest+empatica+forearm,gel,ecg/KS03_w0148.npy,acc_chest/KS03_w0148.npy,ppg_wrist/KS03_w0148.npy,0.666,2.705,False,0.0,0.0,0.0
KS03_w0149,KS03,149,1904.0,1914.0,1904.0,1914.0,greetings,chest+empatica,chest+empatica+forearm,gel,ecg/KS03_w0149.npy,acc_chest/KS03_w0149.npy,ppg_wrist/KS03_w0149.npy,0.711,2.395,False,0.0,0.0,0.0
KS03_w0150,KS03,150,1914.0,1924.0,1914.0,1924.0,greetings,chest+empatica,chest+empatica+forearm,gel,ecg/KS03_w0150.npy,acc_chest/KS03_w0150.npy,ppg_wrist/KS03_w0150.npy,0.656,2.822,False,0.0,0.0,0.0
KS03_w0151,KS03,151,1924.0,1934.0,1924.0,1934.0,greetings,chest+empatica,chest+empatica+forearm,gel,ecg/KS03_w0151.npy,acc_chest/KS03_w0151.npy,ppg_wrist/KS03_w0151.npy,0.687,3.41,False,0.0,0.0,0.0
KS03_w0152,KS03,152,1934.0,1944.0,1934.0,1944.0,greetings,chest+empatica,chest+empatica+forearm,gel,ecg/KS03_w0152.npy,acc_chest/KS03_w0152.npy,ppg_wrist/KS03_w0152.npy,2.167,30.831,False,0.0,0.0,0.0
KS03_w0153,KS03,153,1944.0,1954.0,1944.0,1954.0,greetings,chest+empatica,chest+empatica+forearm,gel,ecg/KS03_w0153.npy,acc_chest/KS03_w0153.npy,ppg_wrist/KS03_w0153.npy,0.416,15.486,False,0.0,0.0,0.0
KS03_w0154,KS03,154,1954.0,1964.0,1954.0,1964.0,greetings,chest+empatica,chest+empatica+forearm,gel,ecg/KS03_w0154.npy,acc_chest/KS03_w0154.npy,ppg_wrist/KS03_w0154.npy,0.416,15.486,False,0.0,0.0,0.0
KS03_w0155,KS03,155,1964.0,1974.0,1964.0,1974.0,greetings,chest+empatica,chest+empatica+forearm,gel,ecg/KS03_w0155.npy,acc_chest/KS03_w0155.npy,ppg_wrist/KS03_w0155.npy,0.416,15.486,False,0.0,0.0,0.0
KS03_w0156,KS03,156,1974.0,1984.0,1974.0,1984.0,greetings,chest+empatica,chest+empatica+forearm,gel,ecg/KS03_w0156.npy,acc_chest/KS03_w0156.npy,ppg_wrist/KS03_w0156.npy,0.416,15.486,False,0.0,0.0,0.0
KS03_w0157,KS03,157,1984.0,1994.0,1984.0,1994.0,greetings,chest+empatica,chest+empatica+forearm,gel,ecg/KS03_w0157.npy,acc_chest/KS03_w0157.npy,ppg_wrist/KS03_w0157.npy,0.416,15.486,False,0.0,0.0,0.0
KS03_w0158,KS03,158,1994.0,2004.0,1994.0,2004.0,greetings,chest+empatica,chest+empatica+forearm,gel,ecg/KS03_w0158.npy,acc_chest/KS03_w0158.npy,ppg_wrist/KS03_w0158.npy,0.416,15.486,False,0.0,0.0,0.0
KS03_w0159,KS03,159,2004.0,2014.0,2004.0,2014.0,greetings,chest+empatica,chest+empatica+forearm,gel,ecg/KS03_w0159.npy,acc_chest/KS03_w0159.npy,ppg_wrist/KS03_w0159.npy,0.416,15.486,False,0.0,0.0,0.0
KS03_w0160,KS03,160,2014.0,2024.0,2014.0,2024.0,greetings,chest+empatica,chest+empatica+forearm,gel,ecg/KS03_w0160.npy,acc_chest/KS03_w0160.npy,ppg_wrist/KS03_w0160.npy,0.416,15.486,False,0.0,0.0,0.0
KS03_w0161,KS03,161,2024.0,2034.0,2024.0,2034.0,greetings,chest+empatica,chest+empatica+forearm,gel,ecg/KS03_w0161.npy,acc_chest/KS03_w0161.npy,ppg_wrist/KS03_w0161.npy,1.005,16.226,False,0.0,0.0,0.0
KS03_w0162,KS03,162,2034.0,2044.0,2034.0,2044.0,lift,chest+empatica,chest+empatica+forearm,gel,ecg/KS03_w0162.npy,acc_chest/KS03_w0162.npy,ppg_wrist/KS03_w0162.npy,0.665,3.39,False,0.0,0.0,0.0
KS03_w0163,KS03,163,2044.0,2054.0,2044.0,2054.0,lift,chest+empatica,chest+empatica+forearm,gel,ecg/KS03_w0163.npy,acc_chest/KS03_w0163.npy,ppg_wrist/KS03_w0163.npy,0.729,3.641,False,0.0,0.0,0.0
KS03_w0164,KS03,164,2054.0,2064.0,2054.0,2064.0,lift,chest+empatica,chest+empatica+forearm,gel,ecg/KS03_w0164.npy,acc_chest/KS03_w0164.npy,ppg_wrist/KS03_w0164.npy,0.707,3.376,False,0.0,0.0,0.0
KS03_w0165,KS03,165,2064.0,2074.0,2064.0,2074.0,lift,chest+empatica,chest+empatica+forearm,gel,ecg/KS03_w0165.npy,acc_chest/KS03_w0165.npy,ppg_wrist/KS03_w0165.npy,0.71,3.026,False,0.0,0.0,0.0
KS03_w0166,KS03,166,2074.0,2084.0,2074.0,2084.0,lift,chest+empatica,chest+empatica+forearm,gel,ecg/KS03_w0166.npy,acc_chest/KS03_w0166.npy,ppg_wrist/KS03_w0166.npy,0.688,3.199,False,0.0,0.0,0.0
KS03_w0167,KS03,167,2084.0,2094.0,2084.0,2094.0,lift,chest+empatica,chest+empatica+forearm,gel,ecg/KS03_w0167.npy,acc_chest/KS03_w0167.npy,ppg_wrist/KS03_w0167.npy,0.769,3.671,False,0.0,0.0,0.0
KS03_w0168,KS03,168,2094.0,2104.0,2094.0,2104.0,lift,chest+empatica,chest+empatica+forearm,gel,ecg/KS03_w0168.npy,acc_chest/KS03_w0168.npy,ppg_wrist/KS03_w0168.npy,0.777,3.379,False,0.0,0.0,0.0
KS03_w0169,KS03,169,2104.0,2114.0,2104.0,2112.0,lift,chest+empatica,chest+empatica+forearm,gel,ecg/KS03_w0169.npy,acc_chest/KS03_w0169.npy,ppg_wrist/KS03_w0169.npy,0.749,3.446,True,0.2,0.2,0.0
LAS2_w0000,LAS2,0,69.0,79.0,69.0,79.0,unknown,chest+empatica,chest+empatica+forearm,gel,ecg/LAS2_w0000.npy,acc_chest/LAS2_w0000.npy,ppg_wrist/LAS2_w0000.npy,0.734,5.739,False,0.0,0.0,0.0
LAS2_w0001,LAS2,1,79.0,89.0,79.0,89.0,unknown,chest+empatica,chest+empatica+forearm,gel,ecg/LAS2_w0001.npy,acc_chest/LAS2_w0001.npy,ppg_wrist/LAS2_w0001.npy,0.648,4.899,False,0.0,0.0,0.0
LAS2_w0002,LAS2,2,89.0,99.0,89.0,99.0,unknown,chest+empatica,chest+empatica+forearm,gel,ecg/LAS2_w0002.npy,acc_chest/LAS2_w0002.npy,ppg_wrist/LAS2_w0002.npy,0.604,3.678,False,0.0,0.0,0.0
LAS2_w0003,LAS2,3,99.0,109.0,99.0,109.0,unknown,chest+empatica,chest+empatica+forearm,gel,ecg/LAS2_w0003.npy,acc_chest/LAS2_w0003.npy,ppg_wrist/LAS2_w0003.npy,0.597,3.519,False,0.0,0.0,0.0
LAS2_w0004,LAS2,4,109.0,119.0,109.0,119.0,unknown,chest+empatica,chest+empatica+forearm,gel,ecg/LAS2_w0004.npy,acc_chest/LAS2_w0004.npy,ppg_wrist/LAS2_w0004.npy,0.679,18.872,False,0.0,0.0,0.0
LAS2_w0005,LAS2,5,119.0,129.0,119.0,129.0,unknown,chest+empatica,chest+empatica+forearm,gel,ecg/LAS2_w0005.npy,acc_chest/LAS2_w0005.npy,ppg_wrist/LAS2_w0005.npy,0.462,17.214,False,0.0,0.0,0.0
LAS2_w0006,LAS2,6,129.0,139.0,129.0,139.0,unknown,chest+empatica,chest+empatica+forearm,gel,ecg/LAS2_w0006.npy,acc_chest/LAS2_w0006.npy,ppg_wrist/LAS2_w0006.npy,0.462,17.214,False,0.0,0.0,0.0
LAS2_w0007,LAS2,7,139.0,149.0,139.0,149.0,unknown,chest+empatica,chest+empatica+forearm,gel,ecg/LAS2_w0007.npy,acc_chest/LAS2_w0007.npy,ppg_wrist/LAS2_w0007.npy,0.462,17.214,False,0.0,0.0,0.0
LAS2_w0008,LAS2,8,149.0,159.0,149.0,159.0,unknown,chest+empatica,chest+empatica+forearm,gel,ecg/LAS2_w0008.npy,acc_chest/LAS2_w0008.npy,ppg_wrist/LAS2_w0008.npy,0.462,17.214,False,0.0,0.0,0.0
LAS2_w0009,LAS2,9,159.0,169.0,159.0,169.0,unknown,chest+empatica,chest+empatica+forearm,gel,ecg/LAS2_w0009.npy,acc_chest/LAS2_w0009.npy,ppg_wrist/LAS2_w0009.npy,0.462,17.214,False,0.0,0.0,0.0
LAS2_w0010,LAS2,10,169.0,179.0,169.0,179.0,unknown,chest+empatica,chest+empatica+forearm,gel,ecg/LAS2_w0010.npy,acc_chest/LAS2_w0010.npy,ppg_wrist/LAS2_w0010.npy,0.462,17.214,False,0.0,0.0,0.0
LAS2_w0011,LAS2,11,179.0,189.0,179.0,189.0,unknown,chest+empatica,chest+empatica+forearm,gel,ecg/LAS2_w0011.npy,acc_chest/LAS2_w0011.npy,ppg_wrist/LAS2_w0011.npy,0.462,17.214,False,0.0,0.0,0.0
LAS2_w0012,LAS2,12,189.0,199.0,189.0,199.0,unknown,chest+empatica,chest+empatica+forearm,gel,ecg/LAS2_w0012.npy,acc_chest/LAS2_w0012.npy,ppg_wrist/LAS2_w0012.npy,0.462,17.214,False,0.0,0.0,0.0
LAS2_w0013,LAS2,13,199.0,209.0,199.0,209.0,unknown,chest+empatica,chest+empatica+forearm,gel,ecg/LAS2_w0013.npy,acc_chest/LAS2_w0013.npy,ppg_wrist/LAS2_w0013.npy,0.462,17.214,False,0.0,0.0,0.0
LAS2_w0014,LAS2,14,209.0,219.0,209.0,219.0,unknown,chest+empatica,chest+empatica+forearm,gel,ecg/LAS2_w0014.npy,acc_chest/LAS2_w0014.npy,ppg_wrist/LAS2_w0014.npy,0.462,17.214,False,0.0,0.0,0.0
LAS2_w0015,LAS2,15,219.0,229.0,219.0,229.0,unknown,chest+empatica,chest+empatica+forearm,gel,ecg/LAS2_w0015.npy,acc_chest/LAS2_w0015.npy,ppg_wrist/LAS2_w0015.npy,0.462,17.214,False,0.0,0.0,0.0
LAS2_w0016,LAS2,16,229.0,239.0,229.0,239.0,unknown,chest+empatica,chest+empatica+forearm,gel,ecg/LAS2_w0016.npy,acc_chest/LAS2_w0016.npy,ppg_wrist/LAS2_w0016.npy,0.462,17.214,False,0.0,0.0,0.0
LAS2_w0017,LAS2,17,239.0,249.0,239.0,249.0,unknown,chest+empatica,chest+empatica+forearm,gel,ecg/LAS2_w0017.npy,acc_chest/LAS2_w0017.npy,ppg_wrist/LAS2_w0017.npy,0.462,17.214,False,0.0,0.0,0.0
LAS2_w0018,LAS2,18,249.0,259.0,249.0,259.0,unknown,chest+empatica,chest+empatica+forearm,gel,ecg/LAS2_w0018.npy,acc_chest/LAS2_w0018.npy,ppg_wrist/LAS2_w0018.npy,0.462,17.214,False,0.0,0.0,0.0
LAS2_w0019,LAS2,19,259.0,269.0,259.0,269.0,unknown,chest+empatica,chest+empatica+forearm,gel,ecg/LAS2_w0019.npy,acc_chest/LAS2_w0019.npy,ppg_wrist/LAS2_w0019.npy,0.462,17.214,False,0.0,0.0,0.0
LAS2_w0020,LAS2,20,269.0,279.0,269.0,279.0,unknown,chest+empatica,chest+empatica+forearm,gel,ecg/LAS2_w0020.npy,acc_chest/LAS2_w0020.npy,ppg_wrist/LAS2_w0020.npy,0.933,18.564,False,0.0,0.0,0.0
LAS2_w0021,LAS2,21,279.0,289.0,279.0,289.0,unknown,chest+empatica,chest+empatica+forearm,gel,ecg/LAS2_w0021.npy,acc_chest/LAS2_w0021.npy,ppg_wrist/LAS2_w0021.npy,0.656,5.744,False,0.0,0.0,0.0
LAS2_w0022,LAS2,22,289.0,299.0,289.0,299.0,unknown,chest+empatica,chest+empatica+forearm,gel,ecg/LAS2_w0022.npy,acc_chest/LAS2_w0022.npy,ppg_wrist/LAS2_w0022.npy,0.691,4.982,False,0.0,0.0,0.0
LAS2_w0023,LAS2,23,299.0,309.0,299.0,309.0,unknown,chest+empatica,chest+empatica+forearm,gel,ecg/LAS2_w0023.npy,acc_chest/LAS2_w0023.npy,ppg_wrist/LAS2_w0023.npy,0.637,3.565,False,0.0,0.0,0.0
LAS2_w0024,LAS2,24,309.0,319.0,309.0,319.0,unknown,chest+empatica,chest+empatica+forearm,gel,ecg/LAS2_w0024.npy,acc_chest/LAS2_w0024.npy,ppg_wrist/LAS2_w0024.npy,0.685,5.093,False,0.0,0.0,0.0
LAS2_w0025,LAS2,25,319.0,329.0,319.0,329.0,unknown,chest+empatica,chest+empatica+forearm,gel,ecg/LAS2_w0025.npy,acc_chest/LAS2_w0025.npy,ppg_wrist/LAS2_w0025.npy,0.646,4.481,False,0.0,0.0,0.0
LAS2_w0026,LAS2,26,329.0,339.0,329.0,339.0,unknown,chest+empatica,chest+empatica+forearm,gel,ecg/LAS2_w0026.npy,acc_chest/LAS2_w0026.npy,ppg_wrist/LAS2_w0026.npy,0.591,2.579,False,0.0,0.0,0.0
LAS2_w0027,LAS2,27,339.0,349.0,339.0,349.0,unknown,chest+empatica,chest+empatica+forearm,gel,ecg/LAS2_w0027.npy,acc_chest/LAS2_w0027.npy,ppg_wrist/LAS2_w0027.npy,0.797,18.516,False,0.0,0.0,0.0
LAS2_w0028,LAS2,28,349.0,359.0,349.0,359.0,unknown,chest+empatica,chest+empatica+forearm,gel,ecg/LAS2_w0028.npy,acc_chest/LAS2_w0028.npy,ppg_wrist/LAS2_w0028.npy,0.462,17.214,False,0.0,0.0,0.0
LAS2_w0029,LAS2,29,359.0,369.0,359.0,369.0,unknown,chest+empatica,chest+empatica+forearm,gel,ecg/LAS2_w0029.npy,acc_chest/LAS2_w0029.npy,ppg_wrist/LAS2_w0029.npy,0.462,17.214,False,0.0,0.0,0.0
LAS2_w0030,LAS2,30,369.0,379.0,369.0,379.0,greetings,chest+empatica,chest+empatica+forearm,gel,ecg/LAS2_w0030.npy,acc_chest/LAS2_w0030.npy,ppg_wrist/LAS2_w0030.npy,1.135,19.016,False,0.0,0.0,0.0
LAS2_w0031,LAS2,31,379.0,389.0,379.0,389.0,greetings,chest+empatica,chest+empatica+forearm,gel,ecg/LAS2_w0031.npy,acc_chest/LAS2_w0031.npy,ppg_wrist/LAS2_w0031.npy,0.668,4.291,False,0.0,0.0,0.0
LAS2_w0032,LAS2,32,389.0,399.0,389.0,399.0,greetings,chest+empatica,chest+empatica+forearm,gel,ecg/LAS2_w0032.npy,acc_chest/LAS2_w0032.npy,ppg_wrist/LAS2_w0032.npy,0.686,4.084,False,0.0,0.0,0.0
LAS2_w0033,LAS2,33,399.0,409.0,399.0,409.0,greetings,chest+empatica,chest+empatica+forearm,gel,ecg/LAS2_w0033.npy,acc_chest/LAS2_w0033.npy,ppg_wrist/LAS2_w0033.npy,0.672,4.667,False,0.0,0.0,0.0
LAS2_w0034,LAS2,34,409.0,419.0,409.0,419.0,greetings,chest+empatica,chest+empatica+forearm,gel,ecg/LAS2_w0034.npy,acc_chest/LAS2_w0034.npy,ppg_wrist/LAS2_w0034.npy,0.841,4.242,False,0.0,0.0,0.0
LAS2_w0035,LAS2,35,419.0,429.0,419.0,429.0,greetings,chest+empatica,chest+empatica+forearm,gel,ecg/LAS2_w0035.npy,acc_chest/LAS2_w0035.npy,ppg_wrist/LAS2_w0035.npy,0.938,3.079,False,0.0,0.0,0.0
LAS2_w0036,LAS2,36,429.0,439.0,429.0,439.0,greetings,chest+empatica,chest+empatica+forearm,gel,ecg/LAS2_w0036.npy,acc_chest/LAS2_w0036.npy,ppg_wrist/LAS2_w0036.npy,1.388,17.817,False,0.0,0.0,0.0
LAS2_w0037,LAS2,37,439.0,449.0,439.0,449.0,greetings,chest+empatica,chest+empatica+forearm,gel,ecg/LAS2_w0037.npy,acc_chest/LAS2_w0037.npy,ppg_wrist/LAS2_w0037.npy,0.462,17.214,False,0.0,0.0,0.0
LAS2_w0038,LAS2,38,449.0,459.0,449.0,459.0,greetings,chest+empatica,chest+empatica+forearm,gel,ecg/LAS2_w0038.npy,acc_chest/LAS2_w0038.npy,ppg_wrist/LAS2_w0038.npy,0.462,17.214,False,0.0,0.0,0.0
LAS2_w0039,LAS2,39,459.0,469.0,459.0,469.0,greetings,chest+empatica,chest+empatica+forearm,gel,ecg/LAS2_w0039.npy,acc_chest/LAS2_w0039.npy,ppg_wrist/LAS2_w0039.npy,0.462,17.214,False,0.0,0.0,0.0
LAS2_w0040,LAS2,40,469.0,479.0,469.0,479.0,greetings,chest+empatica,chest+empatica+forearm,gel,ecg/LAS2_w0040.npy,acc_chest/LAS2_w0040.npy,ppg_wrist/LAS2_w0040.npy,0.462,17.214,False,0.0,0.0,0.0
LAS2_w0041,LAS2,41,479.0,489.0,479.0,489.0,gesticulate,chest+empatica,chest+empatica+forearm,gel,ecg/LAS2_w0041.npy,acc_chest/LAS2_w0041.npy,ppg_wrist/LAS2_w0041.npy,1.199,18.849,False,0.0,0.0,0.0
LAS2_w0042,LAS2,42,489.0,499.0,489.0,499.0,gesticulate,chest+empatica,chest+empatica+forearm,gel,ecg/LAS2_w0042.npy,acc_chest/LAS2_w0042.npy,ppg_wrist/LAS2_w0042.npy,0.678,5.182,False,0.0,0.0,0.0
LAS2_w0043,LAS2,43,499.0,509.0,499.0,509.0,gesticulate,chest+empatica,chest+empatica+forearm,gel,ecg/LAS2_w0043.npy,acc_chest/LAS2_w0043.npy,ppg_wrist/LAS2_w0043.npy,0.686,4.991,False,0.0,0.0,0.0
LAS2_w0044,LAS2,44,509.0,519.0,509.0,519.0,gesticulate,chest+empatica,chest+empatica+forearm,gel,ecg/LAS2_w0044.npy,acc_chest/LAS2_w0044.npy,ppg_wrist/LAS2_w0044.npy,0.631,3.792,False,0.0,0.0,0.0
LAS2_w0045,LAS2,45,519.0,529.0,519.0,529.0,gesticulate,chest+empatica,chest+empatica+forearm,gel,ecg/LAS2_w0045.npy,acc_chest/LAS2_w0045.npy,ppg_wrist/LAS2_w0045.npy,0.678,5.308,False,0.0,0.0,0.0
LAS2_w0046,LAS2,46,529.0,539.0,529.0,539.0,gesticulate,chest+empatica,chest+empatica+forearm,gel,ecg/LAS2_w0046.npy,acc_chest/LAS2_w0046.npy,ppg_wrist/LAS2_w0046.npy,0.668,5.388,False,0.0,0.0,0.0
LAS2_w0047,LAS2,47,539.0,549.0,539.0,549.0,gesticulate,chest+empatica,chest+empatica+forearm,gel,ecg/LAS2_w0047.npy,acc_chest/LAS2_w0047.npy,ppg_wrist/LAS2_w0047.npy,0.643,4.631,False,0.0,0.0,0.0
LAS2_w0048,LAS2,48,549.0,559.0,549.0,559.0,gesticulate,chest+empatica,chest+empatica+forearm,gel,ecg/LAS2_w0048.npy,acc_chest/LAS2_w0048.npy,ppg_wrist/LAS2_w0048.npy,1.064,18.871,False,0.0,0.0,0.0
LAS2_w0049,LAS2,49,559.0,569.0,559.0,569.0,gesticulate,chest+empatica,chest+empatica+forearm,gel,ecg/LAS2_w0049.npy,acc_chest/LAS2_w0049.npy,ppg_wrist/LAS2_w0049.npy,0.462,17.214,False,0.0,0.0,0.0
LAS2_w0050,LAS2,50,569.0,579.0,569.0,579.0,gesticulate,chest+empatica,chest+empatica+forearm,gel,ecg/LAS2_w0050.npy,acc_chest/LAS2_w0050.npy,ppg_wrist/LAS2_w0050.npy,0.462,17.214,False,0.0,0.0,0.0
LAS2_w0051,LAS2,51,579.0,589.0,579.0,589.0,gesticulate,chest+empatica,chest+empatica+forearm,gel,ecg/LAS2_w0051.npy,acc_chest/LAS2_w0051.npy,ppg_wrist/LAS2_w0051.npy,0.462,17.214,False,0.0,0.0,0.0
LAS2_w0052,LAS2,52,589.0,599.0,589.0,599.0,gesticulate,chest+empatica,chest+empatica+forearm,gel,ecg/LAS2_w0052.npy,acc_chest/LAS2_w0052.npy,ppg_wrist/LAS2_w0052.npy,0.462,17.214,False,0.0,0.0,0.0
LAS2_w0053,LAS2,53,599.0,609.0,599.0,609.0,gesticulate,chest+empatica,chest+empatica+forearm,gel,ecg/LAS2_w0053.npy,acc_chest/LAS2_w0053.npy,ppg_wrist/LAS2_w0053.npy,0.462,17.214,False,0.0,0.0,0.0
LAS2_w0054,LAS2,54,609.0,619.0,609.0,619.0,gesticulate,chest+empatica,chest+empatica+forearm,gel,ecg/LAS2_w0054.npy,acc_chest/LAS2_w0054.npy,ppg_wrist/LAS2_w0054.npy,0.462,17.214,False,0.0,0.0,0.0
LAS2_w0055,LAS2,55,619.0,629.0,619.0,629.0,gesticulate,chest+empatica,chest+empatica+forearm,gel,ecg/LAS2_w0055.npy,acc_chest/LAS2_w0055.npy,ppg_wrist/LAS2_w0055.npy,0.462,17.214,False,0.0,0.0,0.0
LAS2_w0056,LAS2,56,629.0,639.0,629.0,639.0,gesticulate,chest+empatica,chest+empatica+forearm,gel,ecg/LAS2_w0056.npy,acc_chest/LAS2_w0056.npy,ppg_wrist/LAS2_w0056.npy,0.462,17.214,False,0.0,0.0,0.0
LAS2_w0057,LAS2,57,639.0,649.0,639.0,649.0,gesticulate,chest+empatica,chest+empatica+forearm,gel,ecg/LAS2_w0057.npy,acc_chest/LAS2_w0057.npy,ppg_wrist/LAS2_w0057.npy,0.462,17.214,False,0.0,0.0,0.0
LAS2_w0058,LAS2,58,649.0,659.0,649.0,659.0,gesticulate,chest+empatica,chest+empatica+forearm,gel,ecg/LAS2_w0058.npy,acc_chest/LAS2_w0058.npy,ppg_wrist/LAS2_w0058.npy,0.462,17.214,False,0.0,0.0,0.0
LAS2_w0059,LAS2,59,659.0,669.0,659.0,669.0,gesticulate,chest+empatica,chest+empatica+forearm,gel,ecg/LAS2_w0059.npy,acc_chest/LAS2_w0059.npy,ppg_wrist/LAS2_w0059.npy,0.462,17.214,False,0.0,0.0,0.0
LAS2_w0060,LAS2,60,669.0,679.0,669.0,679.0,gesticulate,chest+empatica,chest+empatica+forearm,gel,ecg/LAS2_w0060.npy,acc_chest/LAS2_w0060.npy,ppg_wrist/LAS2_w0060.npy,0.462,17.214,False,0.0,0.0,0.0
LAS2_w0061,LAS2,61,679.0,689.0,679.0,689.0,gesticulate,chest+empatica,chest+empatica+forearm,gel,ecg/LAS2_w0061.npy,acc_chest/LAS2_w0061.npy,ppg_wrist/LAS2_w0061.npy,0.462,17.214,False,0.0,0.0,0.0
LAS2_w0062,LAS2,62,689.0,699.0,689.0,699.0,gesticulate,chest+empatica,chest+empatica+forearm,gel,ecg/LAS2_w0062.npy,acc_chest/LAS2_w0062.npy,ppg_wrist/LAS2_w0062.npy,0.462,17.214,False,0.0,0.0,0.0
LAS2_w0063,LAS2,63,699.0,709.0,699.0,709.0,gesticulate,chest+empatica,chest+empatica+forearm,gel,ecg/LAS2_w0063.npy,acc_chest/LAS2_w0063.npy,ppg_wrist/LAS2_w0063.npy,0.462,17.214,False,0.0,0.0,0.0
LAS2_w0064,LAS2,64,709.0,719.0,709.0,719.0,gesticulate,chest+empatica,chest+empatica+forearm,gel,ecg/LAS2_w0064.npy,acc_chest/LAS2_w0064.npy,ppg_wrist/LAS2_w0064.npy,0.462,17.214,False,0.0,0.0,0.0
LAS2_w0065,LAS2,65,719.0,729.0,719.0,729.0,gesticulate,chest+empatica,chest+empatica+forearm,gel,ecg/LAS2_w0065.npy,acc_chest/LAS2_w0065.npy,ppg_wrist/LAS2_w0065.npy,0.462,17.214,False,0.0,0.0,0.0
LAS2_w0066,LAS2,66,729.0,739.0,729.0,739.0,gesticulate,chest+empatica,chest+empatica+forearm,gel,ecg/LAS2_w0066.npy,acc_chest/LAS2_w0066.npy,ppg_wrist/LAS2_w0066.npy,0.462,17.214,False,0.0,0.0,0.0
LAS2_w0067,LAS2,67,739.0,749.0,739.0,749.0,gesticulate,chest+empatica,chest+empatica+forearm,gel,ecg/LAS2_w0067.npy,acc_chest/LAS2_w0067.npy,ppg_wrist/LAS2_w0067.npy,0.462,17.214,False,0.0,0.0,0.0
LAS2_w0068,LAS2,68,749.0,759.0,749.0,759.0,gesticulate,chest+empatica,chest+empatica+forearm,gel,ecg/LAS2_w0068.npy,acc_chest/LAS2_w0068.npy,ppg_wrist/LAS2_w0068.npy,0.462,17.214,False,0.0,0.0,0.0
LAS2_w0069,LAS2,69,759.0,769.0,759.0,769.0,gesticulate,chest+empatica,chest+empatica+forearm,gel,ecg/LAS2_w0069.npy,acc_chest/LAS2_w0069.npy,ppg_wrist/LAS2_w0069.npy,0.462,17.214,False,0.0,0.0,0.0
LAS2_w0070,LAS2,70,769.0,779.0,769.0,779.0,gesticulate,chest+empatica,chest+empatica+forearm,gel,ecg/LAS2_w0070.npy,acc_chest/LAS2_w0070.npy,ppg_wrist/LAS2_w0070.npy,0.462,17.214,False,0.0,0.0,0.0
LAS2_w0071,LAS2,71,779.0,789.0,779.0,789.0,gesticulate,chest+empatica,chest+empatica+forearm,gel,ecg/LAS2_w0071.npy,acc_chest/LAS2_w0071.npy,ppg_wrist/LAS2_w0071.npy,0.462,17.214,False,0.0,0.0,0.0
LAS2_w0072,LAS2,72,789.0,799.0,789.0,799.0,gesticulate,chest+empatica,chest+empatica+forearm,gel,ecg/LAS2_w0072.npy,acc_chest/LAS2_w0072.npy,ppg_wrist/LAS2_w0072.npy,0.462,17.214,False,0.0,0.0,0.0
LAS2_w0073,LAS2,73,799.0,809.0,799.0,809.0,gesticulate,chest+empatica,chest+empatica+forearm,gel,ecg/LAS2_w0073.npy,acc_chest/LAS2_w0073.npy,ppg_wrist/LAS2_w0073.npy,0.462,17.214,False,0.0,0.0,0.0
LAS2_w0074,LAS2,74,809.0,819.0,809.0,819.0,gesticulate,chest+empatica,chest+empatica+forearm,gel,ecg/LAS2_w0074.npy,acc_chest/LAS2_w0074.npy,ppg_wrist/LAS2_w0074.npy,0.462,17.214,False,0.0,0.0,0.0
LAS2_w0075,LAS2,75,819.0,829.0,819.0,829.0,gesticulate,chest+empatica,chest+empatica+forearm,gel,ecg/LAS2_w0075.npy,acc_chest/LAS2_w0075.npy,ppg_wrist/LAS2_w0075.npy,0.462,17.214,False,0.0,0.0,0.0
LAS2_w0076,LAS2,76,829.0,839.0,829.0,839.0,gesticulate,chest+empatica,chest+empatica+forearm,gel,ecg/LAS2_w0076.npy,acc_chest/LAS2_w0076.npy,ppg_wrist/LAS2_w0076.npy,0.462,17.214,False,0.0,0.0,0.0
LAS2_w0077,LAS2,77,839.0,849.0,839.0,849.0,gesticulate,chest+empatica,chest+empatica+forearm,gel,ecg/LAS2_w0077.npy,acc_chest/LAS2_w0077.npy,ppg_wrist/LAS2_w0077.npy,0.462,17.214,False,0.0,0.0,0.0
LAS2_w0078,LAS2,78,849.0,859.0,849.0,859.0,gesticulate,chest+empatica,chest+empatica+forearm,gel,ecg/LAS2_w0078.npy,acc_chest/LAS2_w0078.npy,ppg_wrist/LAS2_w0078.npy,0.462,17.214,False,0.0,0.0,0.0
LAS2_w0079,LAS2,79,859.0,869.0,859.0,869.0,gesticulate,chest+empatica,chest+empatica+forearm,gel,ecg/LAS2_w0079.npy,acc_chest/LAS2_w0079.npy,ppg_wrist/LAS2_w0079.npy,0.462,17.214,False,0.0,0.0,0.0
LAS2_w0080,LAS2,80,869.0,879.0,869.0,879.0,gesticulate,chest+empatica,chest+empatica+forearm,gel,ecg/LAS2_w0080.npy,acc_chest/LAS2_w0080.npy,ppg_wrist/LAS2_w0080.npy,0.462,17.214,False,0.0,0.0,0.0
LAS2_w0081,LAS2,81,879.0,889.0,879.0,889.0,gesticulate,chest+empatica,chest+empatica+forearm,gel,ecg/LAS2_w0081.npy,acc_chest/LAS2_w0081.npy,ppg_wrist/LAS2_w0081.npy,0.462,17.214,False,0.0,0.0,0.0
LAS2_w0082,LAS2,82,889.0,899.0,889.0,899.0,gesticulate,chest+empatica,chest+empatica+forearm,gel,ecg/LAS2_w0082.npy,acc_chest/LAS2_w0082.npy,ppg_wrist/LAS2_w0082.npy,0.462,17.214,False,0.0,0.0,0.0
LAS2_w0083,LAS2,83,899.0,909.0,899.0,909.0,gesticulate,chest+empatica,chest+empatica+forearm,gel,ecg/LAS2_w0083.npy,acc_chest/LAS2_w0083.npy,ppg_wrist/LAS2_w0083.npy,0.462,17.214,False,0.0,0.0,0.0
LAS2_w0084,LAS2,84,909.0,919.0,909.0,919.0,gesticulate,chest+empatica,chest+empatica+forearm,gel,ecg/LAS2_w0084.npy,acc_chest/LAS2_w0084.npy,ppg_wrist/LAS2_w0084.npy,0.462,17.214,False,0.0,0.0,0.0
LAS2_w0085,LAS2,85,919.0,929.0,919.0,929.0,gesticulate,chest+empatica,chest+empatica+forearm,gel,ecg/LAS2_w0085.npy,acc_chest/LAS2_w0085.npy,ppg_wrist/LAS2_w0085.npy,0.462,17.214,False,0.0,0.0,0.0
LAS2_w0086,LAS2,86,929.0,939.0,929.0,939.0,gesticulate,chest+empatica,chest+empatica+forearm,gel,ecg/LAS2_w0086.npy,acc_chest/LAS2_w0086.npy,ppg_wrist/LAS2_w0086.npy,0.462,17.214,False,0.0,0.0,0.0
LAS2_w0087,LAS2,87,939.0,949.0,939.0,949.0,gesticulate,chest+empatica,chest+empatica+forearm,gel,ecg/LAS2_w0087.npy,acc_chest/LAS2_w0087.npy,ppg_wrist/LAS2_w0087.npy,0.462,17.214,False,0.0,0.0,0.0
LAS2_w0088,LAS2,88,949.0,959.0,949.0,959.0,gesticulate,chest+empatica,chest+empatica+forearm,gel,ecg/LAS2_w0088.npy,acc_chest/LAS2_w0088.npy,ppg_wrist/LAS2_w0088.npy,0.462,17.214,False,0.0,0.0,0.0
LAS2_w0089,LAS2,89,959.0,969.0,959.0,969.0,gesticulate,chest+empatica,chest+empatica+forearm,gel,ecg/LAS2_w0089.npy,acc_chest/LAS2_w0089.npy,ppg_wrist/LAS2_w0089.npy,0.462,17.214,False,0.0,0.0,0.0
LAS2_w0090,LAS2,90,969.0,979.0,969.0,979.0,gesticulate,chest+empatica,chest+empatica+forearm,gel,ecg/LAS2_w0090.npy,acc_chest/LAS2_w0090.npy,ppg_wrist/LAS2_w0090.npy,0.462,17.214,False,0.0,0.0,0.0
LAS2_w0091,LAS2,91,979.0,989.0,979.0,989.0,gesticulate,chest+empatica,chest+empatica+forearm,gel,ecg/LAS2_w0091.npy,acc_chest/LAS2_w0091.npy,ppg_wrist/LAS2_w0091.npy,0.462,17.214,False,0.0,0.0,0.0
LAS2_w0092,LAS2,92,989.0,999.0,989.0,999.0,gesticulate,chest+empatica,chest+empatica+forearm,gel,ecg/LAS2_w0092.npy,acc_chest/LAS2_w0092.npy,ppg_wrist/LAS2_w0092.npy,0.462,17.214,False,0.0,0.0,0.0
LAS2_w0093,LAS2,93,999.0,1009.0,999.0,1009.0,gesticulate,chest+empatica,chest+empatica+forearm,gel,ecg/LAS2_w0093.npy,acc_chest/LAS2_w0093.npy,ppg_wrist/LAS2_w0093.npy,0.462,17.214,False,0.0,0.0,0.0
LAS2_w0094,LAS2,94,1009.0,1019.0,1009.0,1019.0,gesticulate,chest+empatica,chest+empatica+forearm,gel,ecg/LAS2_w0094.npy,acc_chest/LAS2_w0094.npy,ppg_wrist/LAS2_w0094.npy,0.462,17.214,False,0.0,0.0,0.0
LAS2_w0095,LAS2,95,1019.0,1029.0,1019.0,1029.0,gesticulate,chest+empatica,chest+empatica+forearm,gel,ecg/LAS2_w0095.npy,acc_chest/LAS2_w0095.npy,ppg_wrist/LAS2_w0095.npy,0.915,17.84,False,0.0,0.0,0.0
LAS2_w0096,LAS2,96,1029.0,1039.0,1029.0,1039.0,gesticulate,chest+empatica,chest+empatica+forearm,gel,ecg/LAS2_w0096.npy,acc_chest/LAS2_w0096.npy,ppg_wrist/LAS2_w0096.npy,0.62,3.695,False,0.0,0.0,0.0
LAS2_w0097,LAS2,97,1039.0,1049.0,1039.0,1049.0,gesticulate,chest+empatica,chest+empatica+forearm,gel,ecg/LAS2_w0097.npy,acc_chest/LAS2_w0097.npy,ppg_wrist/LAS2_w0097.npy,0.583,3.806,False,0.0,0.0,0.0
LAS2_w0098,LAS2,98,1049.0,1059.0,1049.0,1059.0,gesticulate,chest+empatica,chest+empatica+forearm,gel,ecg/LAS2_w0098.npy,acc_chest/LAS2_w0098.npy,ppg_wrist/LAS2_w0098.npy,0.639,3.947,False,0.0,0.0,0.0
LAS2_w0099,LAS2,99,1059.0,1069.0,1059.0,1069.0,gesticulate,chest+empatica,chest+empatica+forearm,gel,ecg/LAS2_w0099.npy,acc_chest/LAS2_w0099.npy,ppg_wrist/LAS2_w0099.npy,0.695,4.258,False,0.0,0.0,0.0
LAS2_w0100,LAS2,100,1069.0,1079.0,1069.0,1079.0,gesticulate,chest+empatica,chest+empatica+forearm,gel,ecg/LAS2_w0100.npy,acc_chest/LAS2_w0100.npy,ppg_wrist/LAS2_w0100.npy,0.656,3.674,False,0.0,0.0,0.0
LAS2_w0101,LAS2,101,1079.0,1089.0,1079.0,1089.0,gesticulate,chest+empatica,chest+empatica+forearm,gel,ecg/LAS2_w0101.npy,acc_chest/LAS2_w0101.npy,ppg_wrist/LAS2_w0101.npy,0.719,3.325,False,0.0,0.0,0.0
LAS2_w0102,LAS2,102,1089.0,1099.0,1089.0,1099.0,gesticulate,chest+empatica,chest+empatica+forearm,gel,ecg/LAS2_w0102.npy,acc_chest/LAS2_w0102.npy,ppg_wrist/LAS2_w0102.npy,0.752,4.13,False,0.0,0.0,0.0
LAS2_w0103,LAS2,103,1099.0,1109.0,1099.0,1109.0,gesticulate,chest+empatica,chest+empatica+forearm,gel,ecg/LAS2_w0103.npy,acc_chest/LAS2_w0103.npy,ppg_wrist/LAS2_w0103.npy,0.767,4.727,False,0.0,0.0,0.0
LAS2_w0104,LAS2,104,1109.0,1119.0,1109.0,1119.0,gesticulate,chest+empatica,chest+empatica+forearm,gel,ecg/LAS2_w0104.npy,acc_chest/LAS2_w0104.npy,ppg_wrist/LAS2_w0104.npy,0.777,5.13,False,0.0,0.0,0.0
LAS2_w0105,LAS2,105,1119.0,1129.0,1119.0,1129.0,gesticulate,chest+empatica,chest+empatica+forearm,gel,ecg/LAS2_w0105.npy,acc_chest/LAS2_w0105.npy,ppg_wrist/LAS2_w0105.npy,0.768,4.224,False,0.0,0.0,0.0
LAS2_w0106,LAS2,106,1129.0,1139.0,1129.0,1139.0,gesticulate,chest+empatica,chest+empatica+forearm,gel,ecg/LAS2_w0106.npy,acc_chest/LAS2_w0106.npy,ppg_wrist/LAS2_w0106.npy,0.919,17.933,False,0.0,0.0,0.0
LAS2_w0107,LAS2,107,1139.0,1149.0,1139.0,1149.0,walk_before,chest+empatica,chest+empatica+forearm,gel,ecg/LAS2_w0107.npy,acc_chest/LAS2_w0107.npy,ppg_wrist/LAS2_w0107.npy,0.462,17.214,False,0.0,0.0,0.0
LAS2_w0108,LAS2,108,1149.0,1159.0,1149.0,1159.0,walk_before,chest+empatica,chest+empatica+forearm,gel,ecg/LAS2_w0108.npy,acc_chest/LAS2_w0108.npy,ppg_wrist/LAS2_w0108.npy,0.462,17.214,False,0.0,0.0,0.0
LAS2_w0109,LAS2,109,1159.0,1169.0,1159.0,1169.0,walk_before,chest+empatica,chest+empatica+forearm,gel,ecg/LAS2_w0109.npy,acc_chest/LAS2_w0109.npy,ppg_wrist/LAS2_w0109.npy,0.462,17.214,False,0.0,0.0,0.0
LAS2_w0110,LAS2,110,1169.0,1179.0,1169.0,1179.0,walk_before,chest+empatica,chest+empatica+forearm,gel,ecg/LAS2_w0110.npy,acc_chest/LAS2_w0110.npy,ppg_wrist/LAS2_w0110.npy,0.462,17.214,False,0.0,0.0,0.0
LAS2_w0111,LAS2,111,1179.0,1189.0,1179.0,1189.0,walk_before,chest+empatica,chest+empatica+forearm,gel,ecg/LAS2_w0111.npy,acc_chest/LAS2_w0111.npy,ppg_wrist/LAS2_w0111.npy,0.462,17.214,False,0.0,0.0,0.0
LAS2_w0112,LAS2,112,1189.0,1199.0,1189.0,1199.0,walk_before,chest+empatica,chest+empatica+forearm,gel,ecg/LAS2_w0112.npy,acc_chest/LAS2_w0112.npy,ppg_wrist/LAS2_w0112.npy,0.462,17.214,False,0.0,0.0,0.0
LAS2_w0113,LAS2,113,1199.0,1209.0,1199.0,1209.0,walk_before,chest+empatica,chest+empatica+forearm,gel,ecg/LAS2_w0113.npy,acc_chest/LAS2_w0113.npy,ppg_wrist/LAS2_w0113.npy,0.462,17.214,False,0.0,0.0,0.0
LAS2_w0114,LAS2,114,1209.0,1219.0,1209.0,1219.0,walk_before,chest+empatica,chest+empatica+forearm,gel,ecg/LAS2_w0114.npy,acc_chest/LAS2_w0114.npy,ppg_wrist/LAS2_w0114.npy,0.462,17.214,False,0.0,0.0,0.0
LAS2_w0115,LAS2,115,1219.0,1229.0,1219.0,1229.0,walk_before,chest+empatica,chest+empatica+forearm,gel,ecg/LAS2_w0115.npy,acc_chest/LAS2_w0115.npy,ppg_wrist/LAS2_w0115.npy,0.462,17.214,False,0.0,0.0,0.0
LAS2_w0116,LAS2,116,1229.0,1239.0,1229.0,1239.0,walk_before,chest+empatica,chest+empatica+forearm,gel,ecg/LAS2_w0116.npy,acc_chest/LAS2_w0116.npy,ppg_wrist/LAS2_w0116.npy,0.462,17.214,False,0.0,0.0,0.0
LAS2_w0117,LAS2,117,1239.0,1249.0,1239.0,1249.0,walk_before,chest+empatica,chest+empatica+forearm,gel,ecg/LAS2_w0117.npy,acc_chest/LAS2_w0117.npy,ppg_wrist/LAS2_w0117.npy,0.462,17.214,False,0.0,0.0,0.0
LAS2_w0118,LAS2,118,1249.0,1259.0,1249.0,1259.0,walk_before,chest+empatica,chest+empatica+forearm,gel,ecg/LAS2_w0118.npy,acc_chest/LAS2_w0118.npy,ppg_wrist/LAS2_w0118.npy,0.462,17.214,False,0.0,0.0,0.0
LAS2_w0119,LAS2,119,1259.0,1269.0,1259.0,1269.0,walk_before,chest+empatica,chest+empatica+forearm,gel,ecg/LAS2_w0119.npy,acc_chest/LAS2_w0119.npy,ppg_wrist/LAS2_w0119.npy,0.462,17.214,False,0.0,0.0,0.0
LAS2_w0120,LAS2,120,1269.0,1279.0,1269.0,1279.0,walk_before,chest+empatica,chest+empatica+forearm,gel,ecg/LAS2_w0120.npy,acc_chest/LAS2_w0120.npy,ppg_wrist/LAS2_w0120.npy,0.462,17.214,False,0.0,0.0,0.0
LAS2_w0121,LAS2,121,1279.0,1289.0,1279.0,1289.0,walk_before,chest+empatica,chest+empatica+forearm,gel,ecg/LAS2_w0121.npy,acc_chest/LAS2_w0121.npy,ppg_wrist/LAS2_w0121.npy,0.462,17.214,False,0.0,0.0,0.0
LAS2_w0122,LAS2,122,1289.0,1299.0,1289.0,1299.0,walk_before,chest+empatica,chest+empatica+forearm,gel,ecg/LAS2_w0122.npy,acc_chest/LAS2_w0122.npy,ppg_wrist/LAS2_w0122.npy,0.462,17.214,False,0.0,0.0,0.0
LAS2_w0123,LAS2,123,1299.0,1309.0,1299.0,1309.0,walk_before,chest+empatica,chest+empatica+forearm,gel,ecg/LAS2_w0123.npy,acc_chest/LAS2_w0123.npy,ppg_wrist/LAS2_w0123.npy,0.462,17.214,False,0.0,0.0,0.0
LAS2_w0124,LAS2,124,1309.0,1319.0,1309.0,1319.0,walk_before,chest+empatica,chest+empatica+forearm,gel,ecg/LAS2_w0124.npy,acc_chest/LAS2_w0124.npy,ppg_wrist/LAS2_w0124.npy,0.462,17.214,False,0.0,0.0,0.0
LAS2_w0125,LAS2,125,1319.0,1329.0,1319.0,1329.0,walk_before,chest+empatica,chest+empatica+forearm,gel,ecg/LAS2_w0125.npy,acc_chest/LAS2_w0125.npy,ppg_wrist/LAS2_w0125.npy,0.462,17.214,False,0.0,0.0,0.0
LAS2_w0126,LAS2,126,1329.0,1339.0,1329.0,1339.0,walk_before,chest+empatica,chest+empatica+forearm,gel,ecg/LAS2_w0126.npy,acc_chest/LAS2_w0126.npy,ppg_wrist/LAS2_w0126.npy,0.462,17.214,False,0.0,0.0,0.0
LAS2_w0127,LAS2,127,1339.0,1349.0,1339.0,1349.0,walk_before,chest+empatica,chest+empatica+forearm,gel,ecg/LAS2_w0127.npy,acc_chest/LAS2_w0127.npy,ppg_wrist/LAS2_w0127.npy,0.462,17.214,False,0.0,0.0,0.0
LAS2_w0128,LAS2,128,1349.0,1359.0,1349.0,1359.0,walk_before,chest+empatica,chest+empatica+forearm,gel,ecg/LAS2_w0128.npy,acc_chest/LAS2_w0128.npy,ppg_wrist/LAS2_w0128.npy,0.462,17.214,False,0.0,0.0,0.0
LAS2_w0129,LAS2,129,1359.0,1369.0,1359.0,1369.0,walk_before,chest+empatica,chest+empatica+forearm,gel,ecg/LAS2_w0129.npy,acc_chest/LAS2_w0129.npy,ppg_wrist/LAS2_w0129.npy,0.462,17.214,False,0.0,0.0,0.0
LAS2_w0130,LAS2,130,1369.0,1379.0,1369.0,1379.0,walk_before,chest+empatica,chest+empatica+forearm,gel,ecg/LAS2_w0130.npy,acc_chest/LAS2_w0130.npy,ppg_wrist/LAS2_w0130.npy,0.462,17.214,False,0.0,0.0,0.0
LAS2_w0131,LAS2,131,1379.0,1389.0,1379.0,1389.0,walk_before,chest+empatica,chest+empatica+forearm,gel,ecg/LAS2_w0131.npy,acc_chest/LAS2_w0131.npy,ppg_wrist/LAS2_w0131.npy,0.462,17.214,False,0.0,0.0,0.0
LAS2_w0132,LAS2,132,1389.0,1399.0,1389.0,1399.0,walk_before,chest+empatica,chest+empatica+forearm,gel,ecg/LAS2_w0132.npy,acc_chest/LAS2_w0132.npy,ppg_wrist/LAS2_w0132.npy,0.462,17.214,False,0.0,0.0,0.0
LAS2_w0133,LAS2,133,1399.0,1409.0,1399.0,1409.0,walk_before,chest+empatica,chest+empatica+forearm,gel,ecg/LAS2_w0133.npy,acc_chest/LAS2_w0133.npy,ppg_wrist/LAS2_w0133.npy,0.462,17.214,False,0.0,0.0,0.0
LAS2_w0134,LAS2,134,1409.0,1419.0,1409.0,1419.0,walk_before,chest+empatica,chest+empatica+forearm,gel,ecg/LAS2_w0134.npy,acc_chest/LAS2_w0134.npy,ppg_wrist/LAS2_w0134.npy,0.462,17.214,False,0.0,0.0,0.0
LAS2_w0135,LAS2,135,1419.0,1429.0,1419.0,1429.0,walk_before,chest+empatica,chest+empatica+forearm,gel,ecg/LAS2_w0135.npy,acc_chest/LAS2_w0135.npy,ppg_wrist/LAS2_w0135.npy,1.066,17.679,False,0.0,0.0,0.0
LAS2_w0136,LAS2,136,1429.0,1439.0,1429.0,1439.0,walk_before,chest+empatica,chest+empatica+forearm,gel,ecg/LAS2_w0136.npy,acc_chest/LAS2_w0136.npy,ppg_wrist/LAS2_w0136.npy,0.794,4.625,False,0.0,0.0,0.0
LAS2_w0137,LAS2,137,1439.0,1449.0,1439.0,1449.0,walk_before,chest+empatica,chest+empatica+forearm,gel,ecg/LAS2_w0137.npy,acc_chest/LAS2_w0137.npy,ppg_wrist/LAS2_w0137.npy,0.757,4.275,False,0.0,0.0,0.0
LAS2_w0138,LAS2,138,1449.0,1459.0,1449.0,1459.0,walk_before,chest+empatica,chest+empatica+forearm,gel,ecg/LAS2_w0138.npy,acc_chest/LAS2_w0138.npy,ppg_wrist/LAS2_w0138.npy,0.704,5.339,False,0.0,0.0,0.0
LAS2_w0139,LAS2,139,1459.0,1469.0,1459.0,1469.0,walk_before,chest+empatica,chest+empatica+forearm,gel,ecg/LAS2_w0139.npy,acc_chest/LAS2_w0139.npy,ppg_wrist/LAS2_w0139.npy,0.782,5.427,False,0.0,0.0,0.0
LAS2_w0140,LAS2,140,1469.0,1479.0,1469.0,1479.0,walk_before,chest+empatica,chest+empatica+forearm,gel,ecg/LAS2_w0140.npy,acc_chest/LAS2_w0140.npy,ppg_wrist/LAS2_w0140.npy,1.246,15.948,False,0.0,0.0,0.0
LAS2_w0141,LAS2,141,1479.0,1489.0,1479.0,1489.0,walk_before,chest+empatica,chest+empatica+forearm,gel,ecg/LAS2_w0141.npy,acc_chest/LAS2_w0141.npy,ppg_wrist/LAS2_w0141.npy,0.462,17.214,False,0.0,0.0,0.0
LAS2_w0142,LAS2,142,1489.0,1499.0,1489.0,1499.0,walk_before,chest+empatica,chest+empatica+forearm,gel,ecg/LAS2_w0142.npy,acc_chest/LAS2_w0142.npy,ppg_wrist/LAS2_w0142.npy,0.462,17.214,False,0.0,0.0,0.0
LAS2_w0143,LAS2,143,1499.0,1509.0,1499.0,1509.0,walk_before,chest+empatica,chest+empatica+forearm,gel,ecg/LAS2_w0143.npy,acc_chest/LAS2_w0143.npy,ppg_wrist/LAS2_w0143.npy,0.462,17.214,False,0.0,0.0,0.0
LAS2_w0144,LAS2,144,1509.0,1519.0,1509.0,1519.0,walk_before,chest+empatica,chest+empatica+forearm,gel,ecg/LAS2_w0144.npy,acc_chest/LAS2_w0144.npy,ppg_wrist/LAS2_w0144.npy,0.462,17.214,False,0.0,0.0,0.0
LAS2_w0145,LAS2,145,1519.0,1529.0,1519.0,1529.0,walk_before,chest+empatica,chest+empatica+forearm,gel,ecg/LAS2_w0145.npy,acc_chest/LAS2_w0145.npy,ppg_wrist/LAS2_w0145.npy,0.462,17.214,False,0.0,0.0,0.0
LAS2_w0146,LAS2,146,1529.0,1539.0,1529.0,1539.0,walk_before,chest+empatica,chest+empatica+forearm,gel,ecg/LAS2_w0146.npy,acc_chest/LAS2_w0146.npy,ppg_wrist/LAS2_w0146.npy,0.462,17.214,False,0.0,0.0,0.0
LAS2_w0147,LAS2,147,1539.0,1549.0,1539.0,1549.0,walk_before,chest+empatica,chest+empatica+forearm,gel,ecg/LAS2_w0147.npy,acc_chest/LAS2_w0147.npy,ppg_wrist/LAS2_w0147.npy,0.462,17.214,False,0.0,0.0,0.0
LAS2_w0148,LAS2,148,1549.0,1559.0,1549.0,1559.0,walk_before,chest+empatica,chest+empatica+forearm,gel,ecg/LAS2_w0148.npy,acc_chest/LAS2_w0148.npy,ppg_wrist/LAS2_w0148.npy,0.462,17.214,False,0.0,0.0,0.0
LAS2_w0149,LAS2,149,1559.0,1569.0,1559.0,1569.0,walk_before,chest+empatica,chest+empatica+forearm,gel,ecg/LAS2_w0149.npy,acc_chest/LAS2_w0149.npy,ppg_wrist/LAS2_w0149.npy,0.462,17.214,False,0.0,0.0,0.0
LAS2_w0150,LAS2,150,1569.0,1579.0,1569.0,1579.0,walk_before,chest+empatica,chest+empatica+forearm,gel,ecg/LAS2_w0150.npy,acc_chest/LAS2_w0150.npy,ppg_wrist/LAS2_w0150.npy,0.462,17.214,False,0.0,0.0,0.0
LAS2_w0151,LAS2,151,1579.0,1589.0,1579.0,1589.0,walk_before,chest+empatica,chest+empatica+forearm,gel,ecg/LAS2_w0151.npy,acc_chest/LAS2_w0151.npy,ppg_wrist/LAS2_w0151.npy,0.462,17.214,False,0.0,0.0,0.0
LAS2_w0152,LAS2,152,1589.0,1599.0,1589.0,1599.0,walk_before,chest+empatica,chest+empatica+forearm,gel,ecg/LAS2_w0152.npy,acc_chest/LAS2_w0152.npy,ppg_wrist/LAS2_w0152.npy,0.462,17.214,False,0.0,0.0,0.0
LAS2_w0153,LAS2,153,1599.0,1609.0,1599.0,1609.0,walk_before,chest+empatica,chest+empatica+forearm,gel,ecg/LAS2_w0153.npy,acc_chest/LAS2_w0153.npy,ppg_wrist/LAS2_w0153.npy,0.462,17.214,False,0.0,0.0,0.0
LAS2_w0154,LAS2,154,1609.0,1619.0,1609.0,1619.0,walk_before,chest+empatica,chest+empatica+forearm,gel,ecg/LAS2_w0154.npy,acc_chest/LAS2_w0154.npy,ppg_wrist/LAS2_w0154.npy,0.462,17.214,False,0.0,0.0,0.0
LAS2_w0155,LAS2,155,1619.0,1629.0,1619.0,1629.0,walk_before,chest+empatica,chest+empatica+forearm,gel,ecg/LAS2_w0155.npy,acc_chest/LAS2_w0155.npy,ppg_wrist/LAS2_w0155.npy,0.462,17.214,False,0.0,0.0,0.0
LAS2_w0156,LAS2,156,1629.0,1639.0,1629.0,1639.0,walk_before,chest+empatica,chest+empatica+forearm,gel,ecg/LAS2_w0156.npy,acc_chest/LAS2_w0156.npy,ppg_wrist/LAS2_w0156.npy,0.462,17.214,False,0.0,0.0,0.0
LAS2_w0157,LAS2,157,1639.0,1649.0,1639.0,1649.0,walk_before,chest+empatica,chest+empatica+forearm,gel,ecg/LAS2_w0157.npy,acc_chest/LAS2_w0157.npy,ppg_wrist/LAS2_w0157.npy,0.462,17.214,False,0.0,0.0,0.0
LAS2_w0158,LAS2,158,1649.0,1659.0,1649.0,1659.0,walk_before,chest+empatica,chest+empatica+forearm,gel,ecg/LAS2_w0158.npy,acc_chest/LAS2_w0158.npy,ppg_wrist/LAS2_w0158.npy,0.462,17.214,False,0.0,0.0,0.0
LAS2_w0159,LAS2,159,1659.0,1669.0,1659.0,1669.0,walk_before,chest+empatica,chest+empatica+forearm,gel,ecg/LAS2_w0159.npy,acc_chest/LAS2_w0159.npy,ppg_wrist/LAS2_w0159.npy,0.462,17.214,False,0.0,0.0,0.0
LAS2_w0160,LAS2,160,1669.0,1679.0,1669.0,1679.0,walk_before,chest+empatica,chest+empatica+forearm,gel,ecg/LAS2_w0160.npy,acc_chest/LAS2_w0160.npy,ppg_wrist/LAS2_w0160.npy,0.462,17.214,False,0.0,0.0,0.0
LAS2_w0161,LAS2,161,1679.0,1689.0,1679.0,1689.0,walk_before,chest+empatica,chest+empatica+forearm,gel,ecg/LAS2_w0161.npy,acc_chest/LAS2_w0161.npy,ppg_wrist/LAS2_w0161.npy,0.462,17.214,False,0.0,0.0,0.0
LAS2_w0162,LAS2,162,1689.0,1699.0,1689.0,1699.0,walk_before,chest+empatica,chest+empatica+forearm,gel,ecg/LAS2_w0162.npy,acc_chest/LAS2_w0162.npy,ppg_wrist/LAS2_w0162.npy,0.462,17.214,False,0.0,0.0,0.0
LAS2_w0163,LAS2,163,1699.0,1709.0,1699.0,1709.0,run,chest+empatica,chest+empatica+forearm,gel,ecg/LAS2_w0163.npy,acc_chest/LAS2_w0163.npy,ppg_wrist/LAS2_w0163.npy,0.462,17.214,False,0.0,0.0,0.0
LAS2_w0164,LAS2,164,1709.0,1719.0,1709.0,1719.0,run,chest+empatica,chest+empatica+forearm,gel,ecg/LAS2_w0164.npy,acc_chest/LAS2_w0164.npy,ppg_wrist/LAS2_w0164.npy,0.462,17.214,False,0.0,0.0,0.0
LAS2_w0165,LAS2,165,1719.0,1729.0,1719.0,1729.0,run,chest+empatica,chest+empatica+forearm,gel,ecg/LAS2_w0165.npy,acc_chest/LAS2_w0165.npy,ppg_wrist/LAS2_w0165.npy,0.462,17.214,False,0.0,0.0,0.0
LAS2_w0166,LAS2,166,1729.0,1739.0,1729.0,1739.0,run,chest+empatica,chest+empatica+forearm,gel,ecg/LAS2_w0166.npy,acc_chest/LAS2_w0166.npy,ppg_wrist/LAS2_w0166.npy,0.462,17.214,False,0.0,0.0,0.0
LAS2_w0167,LAS2,167,1739.0,1749.0,1739.0,1749.0,run,chest+empatica,chest+empatica+forearm,gel,ecg/LAS2_w0167.npy,acc_chest/LAS2_w0167.npy,ppg_wrist/LAS2_w0167.npy,0.462,17.214,False,0.0,0.0,0.0
LAS2_w0168,LAS2,168,1749.0,1759.0,1749.0,1759.0,run,chest+empatica,chest+empatica+forearm,gel,ecg/LAS2_w0168.npy,acc_chest/LAS2_w0168.npy,ppg_wrist/LAS2_w0168.npy,0.462,17.214,False,0.0,0.0,0.0
LAS2_w0169,LAS2,169,1759.0,1769.0,1759.0,1769.0,run,chest+empatica,chest+empatica+forearm,gel,ecg/LAS2_w0169.npy,acc_chest/LAS2_w0169.npy,ppg_wrist/LAS2_w0169.npy,0.462,17.214,False,0.0,0.0,0.0
LAS2_w0170,LAS2,170,1769.0,1779.0,1769.0,1779.0,run,chest+empatica,chest+empatica+forearm,gel,ecg/LAS2_w0170.npy,acc_chest/LAS2_w0170.npy,ppg_wrist/LAS2_w0170.npy,0.462,17.214,False,0.0,0.0,0.0
LAS2_w0171,LAS2,171,1779.0,1789.0,1779.0,1789.0,run,chest+empatica,chest+empatica+forearm,gel,ecg/LAS2_w0171.npy,acc_chest/LAS2_w0171.npy,ppg_wrist/LAS2_w0171.npy,2.662,29.138,False,0.0,0.0,0.0
LAS2_w0172,LAS2,172,1789.0,1799.0,1789.0,1799.0,run,chest+empatica,chest+empatica+forearm,gel,ecg/LAS2_w0172.npy,acc_chest/LAS2_w0172.npy,ppg_wrist/LAS2_w0172.npy,0.462,17.214,False,0.0,0.0,0.0
LAS2_w0173,LAS2,173,1799.0,1809.0,1799.0,1809.0,run,chest+empatica,chest+empatica+forearm,gel,ecg/LAS2_w0173.npy,acc_chest/LAS2_w0173.npy,ppg_wrist/LAS2_w0173.npy,0.462,17.214,False,0.0,0.0,0.0
LAS2_w0174,LAS2,174,1809.0,1819.0,1809.0,1819.0,run,chest+empatica,chest+empatica+forearm,gel,ecg/LAS2_w0174.npy,acc_chest/LAS2_w0174.npy,ppg_wrist/LAS2_w0174.npy,0.462,17.214,False,0.0,0.0,0.0
LAS2_w0175,LAS2,175,1819.0,1829.0,1819.0,1829.0,run,chest+empatica,chest+empatica+forearm,gel,ecg/LAS2_w0175.npy,acc_chest/LAS2_w0175.npy,ppg_wrist/LAS2_w0175.npy,0.462,17.214,False,0.0,0.0,0.0
LAS2_w0176,LAS2,176,1829.0,1839.0,1829.0,1839.0,run,chest+empatica,chest+empatica+forearm,gel,ecg/LAS2_w0176.npy,acc_chest/LAS2_w0176.npy,ppg_wrist/LAS2_w0176.npy,0.462,17.214,False,0.0,0.0,0.0
LAS2_w0177,LAS2,177,1839.0,1849.0,1839.0,1849.0,run,chest+empatica,chest+empatica+forearm,gel,ecg/LAS2_w0177.npy,acc_chest/LAS2_w0177.npy,ppg_wrist/LAS2_w0177.npy,0.462,17.214,False,0.0,0.0,0.0
LAS2_w0178,LAS2,178,1849.0,1859.0,1849.0,1859.0,run,chest+empatica,chest+empatica+forearm,gel,ecg/LAS2_w0178.npy,acc_chest/LAS2_w0178.npy,ppg_wrist/LAS2_w0178.npy,0.462,17.214,False,0.0,0.0,0.0
LAS2_w0179,LAS2,179,1859.0,1869.0,1859.0,1869.0,run,chest+empatica,chest+empatica+forearm,gel,ecg/LAS2_w0179.npy,acc_chest/LAS2_w0179.npy,ppg_wrist/LAS2_w0179.npy,0.462,17.214,False,0.0,0.0,0.0
LAS2_w0180,LAS2,180,1869.0,1879.0,1869.0,1879.0,run,chest+empatica,chest+empatica+forearm,gel,ecg/LAS2_w0180.npy,acc_chest/LAS2_w0180.npy,ppg_wrist/LAS2_w0180.npy,0.462,17.214,False,0.0,0.0,0.0
LAS2_w0181,LAS2,181,1879.0,1889.0,1879.0,1889.0,run,chest+empatica,chest+empatica+forearm,gel,ecg/LAS2_w0181.npy,acc_chest/LAS2_w0181.npy,ppg_wrist/LAS2_w0181.npy,0.462,17.214,False,0.0,0.0,0.0
LAS2_w0182,LAS2,182,1889.0,1899.0,1889.0,1899.0,run,chest+empatica,chest+empatica+forearm,gel,ecg/LAS2_w0182.npy,acc_chest/LAS2_w0182.npy,ppg_wrist/LAS2_w0182.npy,0.462,17.214,False,0.0,0.0,0.0
LAS2_w0183,LAS2,183,1899.0,1909.0,1899.0,1909.0,run,chest+empatica,chest+empatica+forearm,gel,ecg/LAS2_w0183.npy,acc_chest/LAS2_w0183.npy,ppg_wrist/LAS2_w0183.npy,0.462,17.214,False,0.0,0.0,0.0
LAS2_w0184,LAS2,184,1909.0,1919.0,1909.0,1919.0,run,chest+empatica,chest+empatica+forearm,gel,ecg/LAS2_w0184.npy,acc_chest/LAS2_w0184.npy,ppg_wrist/LAS2_w0184.npy,0.462,17.214,False,0.0,0.0,0.0
LAS2_w0185,LAS2,185,1919.0,1929.0,1919.0,1929.0,run,chest+empatica,chest+empatica+forearm,gel,ecg/LAS2_w0185.npy,acc_chest/LAS2_w0185.npy,ppg_wrist/LAS2_w0185.npy,0.462,17.214,False,0.0,0.0,0.0
LAS2_w0186,LAS2,186,1929.0,1939.0,1929.0,1939.0,run,chest+empatica,chest+empatica+forearm,gel,ecg/LAS2_w0186.npy,acc_chest/LAS2_w0186.npy,ppg_wrist/LAS2_w0186.npy,0.462,17.214,False,0.0,0.0,0.0
LAS2_w0187,LAS2,187,1939.0,1949.0,1939.0,1949.0,run,chest+empatica,chest+empatica+forearm,gel,ecg/LAS2_w0187.npy,acc_chest/LAS2_w0187.npy,ppg_wrist/LAS2_w0187.npy,0.462,17.214,False,0.0,0.0,0.0
LAS2_w0188,LAS2,188,1949.0,1959.0,1949.0,1959.0,run,chest+empatica,chest+empatica+forearm,gel,ecg/LAS2_w0188.npy,acc_chest/LAS2_w0188.npy,ppg_wrist/LAS2_w0188.npy,0.462,17.214,False,0.0,0.0,0.0
LAS2_w0189,LAS2,189,1959.0,1969.0,1959.0,1969.0,run,chest+empatica,chest+empatica+forearm,gel,ecg/LAS2_w0189.npy,acc_chest/LAS2_w0189.npy,ppg_wrist/LAS2_w0189.npy,0.462,17.214,False,0.0,0.0,0.0
LAS2_w0190,LAS2,190,1969.0,1979.0,1969.0,1979.0,run,chest+empatica,chest+empatica+forearm,gel,ecg/LAS2_w0190.npy,acc_chest/LAS2_w0190.npy,ppg_wrist/LAS2_w0190.npy,0.462,17.214,False,0.0,0.0,0.0
LAS2_w0191,LAS2,191,1979.0,1989.0,1979.0,1989.0,run,chest+empatica,chest+empatica+forearm,gel,ecg/LAS2_w0191.npy,acc_chest/LAS2_w0191.npy,ppg_wrist/LAS2_w0191.npy,0.462,17.214,False,0.0,0.0,0.0
LAS2_w0192,LAS2,192,1989.0,1999.0,1989.0,1999.0,run,chest+empatica,chest+empatica+forearm,gel,ecg/LAS2_w0192.npy,acc_chest/LAS2_w0192.npy,ppg_wrist/LAS2_w0192.npy,0.462,17.214,False,0.0,0.0,0.0
LAS2_w0193,LAS2,193,1999.0,2009.0,1999.0,2009.0,run,chest+empatica,chest+empatica+forearm,gel,ecg/LAS2_w0193.npy,acc_chest/LAS2_w0193.npy,ppg_wrist/LAS2_w0193.npy,0.462,17.214,False,0.0,0.0,0.0
LAS2_w0194,LAS2,194,2009.0,2019.0,2009.0,2019.0,run,chest+empatica,chest+empatica+forearm,gel,ecg/LAS2_w0194.npy,acc_chest/LAS2_w0194.npy,ppg_wrist/LAS2_w0194.npy,0.462,17.214,False,0.0,0.0,0.0
LAS2_w0195,LAS2,195,2019.0,2029.0,2019.0,2029.0,run,chest+empatica,chest+empatica+forearm,gel,ecg/LAS2_w0195.npy,acc_chest/LAS2_w0195.npy,ppg_wrist/LAS2_w0195.npy,0.462,17.214,False,0.0,0.0,0.0
LAS2_w0196,LAS2,196,2029.0,2039.0,2029.0,2039.0,run,chest+empatica,chest+empatica+forearm,gel,ecg/LAS2_w0196.npy,acc_chest/LAS2_w0196.npy,ppg_wrist/LAS2_w0196.npy,0.462,17.214,False,0.0,0.0,0.0
LAS2_w0197,LAS2,197,2039.0,2049.0,2039.0,2049.0,run,chest+empatica,chest+empatica+forearm,gel,ecg/LAS2_w0197.npy,acc_chest/LAS2_w0197.npy,ppg_wrist/LAS2_w0197.npy,0.462,17.214,False,0.0,0.0,0.0
LAS2_w0198,LAS2,198,2049.0,2059.0,2049.0,2059.0,run,chest+empatica,chest+empatica+forearm,gel,ecg/LAS2_w0198.npy,acc_chest/LAS2_w0198.npy,ppg_wrist/LAS2_w0198.npy,0.462,17.214,False,0.0,0.0,0.0
LAS2_w0199,LAS2,199,2059.0,2069.0,2059.0,2069.0,run,chest+empatica,chest+empatica+forearm,gel,ecg/LAS2_w0199.npy,acc_chest/LAS2_w0199.npy,ppg_wrist/LAS2_w0199.npy,1.319,17.352,False,0.0,0.0,0.0
LAS2_w0200,LAS2,200,2069.0,2079.0,2069.0,2079.0,run,chest+empatica,chest+empatica+forearm,gel,ecg/LAS2_w0200.npy,acc_chest/LAS2_w0200.npy,ppg_wrist/LAS2_w0200.npy,1.65,4.627,False,0.0,0.0,0.0
LAS2_w0201,LAS2,201,2079.0,2089.0,2079.0,2089.0,run,chest+empatica,chest+empatica+forearm,gel,ecg/LAS2_w0201.npy,acc_chest/LAS2_w0201.npy,ppg_wrist/LAS2_w0201.npy,1.597,3.675,False,0.0,0.0,0.0
LAS2_w0202,LAS2,202,2089.0,2099.0,2089.0,2099.0,run,chest+empatica,chest+empatica+forearm,gel,ecg/LAS2_w0202.npy,acc_chest/LAS2_w0202.npy,ppg_wrist/LAS2_w0202.npy,1.608,4.449,False,0.0,0.0,0.0
LAS2_w0203,LAS2,203,2099.0,2109.0,2099.0,2109.0,run,chest+empatica,chest+empatica+forearm,gel,ecg/LAS2_w0203.npy,acc_chest/LAS2_w0203.npy,ppg_wrist/LAS2_w0203.npy,1.639,4.141,False,0.0,0.0,0.0
LAS2_w0204,LAS2,204,2109.0,2119.0,2109.0,2119.0,run,chest+empatica,chest+empatica+forearm,gel,ecg/LAS2_w0204.npy,acc_chest/LAS2_w0204.npy,ppg_wrist/LAS2_w0204.npy,1.724,3.847,False,0.0,0.0,0.0
LAS2_w0205,LAS2,205,2119.0,2129.0,2119.0,2129.0,run,chest+empatica,chest+empatica+forearm,gel,ecg/LAS2_w0205.npy,acc_chest/LAS2_w0205.npy,ppg_wrist/LAS2_w0205.npy,1.587,3.561,False,0.0,0.0,0.0
LAS2_w0206,LAS2,206,2129.0,2139.0,2129.0,2139.0,run,chest+empatica,chest+empatica+forearm,gel,ecg/LAS2_w0206.npy,acc_chest/LAS2_w0206.npy,ppg_wrist/LAS2_w0206.npy,1.824,4.372,False,0.0,0.0,0.0
LAS2_w0207,LAS2,207,2139.0,2149.0,2139.0,2149.0,run,chest+empatica,chest+empatica+forearm,gel,ecg/LAS2_w0207.npy,acc_chest/LAS2_w0207.npy,ppg_wrist/LAS2_w0207.npy,1.534,3.512,False,0.0,0.0,0.0
LAS2_w0208,LAS2,208,2149.0,2159.0,2149.0,2159.0,run,chest+empatica,chest+empatica+forearm,gel,ecg/LAS2_w0208.npy,acc_chest/LAS2_w0208.npy,ppg_wrist/LAS2_w0208.npy,1.865,4.307,False,0.0,0.0,0.0
LAS2_w0209,LAS2,209,2159.0,2169.0,2159.0,2169.0,run,chest+empatica,chest+empatica+forearm,gel,ecg/LAS2_w0209.npy,acc_chest/LAS2_w0209.npy,ppg_wrist/LAS2_w0209.npy,1.953,4.874,False,0.0,0.0,0.0
LAS2_w0210,LAS2,210,2169.0,2179.0,2169.0,2179.0,run,chest+empatica,chest+empatica+forearm,gel,ecg/LAS2_w0210.npy,acc_chest/LAS2_w0210.npy,ppg_wrist/LAS2_w0210.npy,2.417,13.114,False,0.0,0.0,0.0
LAS2_w0211,LAS2,211,2179.0,2189.0,2179.0,2189.0,run,chest+empatica,chest+empatica+forearm,gel,ecg/LAS2_w0211.npy,acc_chest/LAS2_w0211.npy,ppg_wrist/LAS2_w0211.npy,1.862,4.458,False,0.0,0.0,0.0
LAS2_w0212,LAS2,212,2189.0,2199.0,2189.0,2199.0,run,chest+empatica,chest+empatica+forearm,gel,ecg/LAS2_w0212.npy,acc_chest/LAS2_w0212.npy,ppg_wrist/LAS2_w0212.npy,2.003,4.495,False,0.0,0.0,0.0
LAS2_w0213,LAS2,213,2199.0,2209.0,2199.0,2209.0,run,chest+empatica,chest+empatica+forearm,gel,ecg/LAS2_w0213.npy,acc_chest/LAS2_w0213.npy,ppg_wrist/LAS2_w0213.npy,1.96,5.195,False,0.0,0.0,0.0
LAS2_w0214,LAS2,214,2209.0,2219.0,2209.0,2219.0,run,chest+empatica,chest+empatica+forearm,gel,ecg/LAS2_w0214.npy,acc_chest/LAS2_w0214.npy,ppg_wrist/LAS2_w0214.npy,1.729,4.684,False,0.0,0.0,0.0
LAS2_w0215,LAS2,215,2219.0,2229.0,2219.0,2229.0,run,chest+empatica,chest+empatica+forearm,gel,ecg/LAS2_w0215.npy,acc_chest/LAS2_w0215.npy,ppg_wrist/LAS2_w0215.npy,2.368,13.312,False,0.0,0.0,0.0
LAS2_w0216,LAS2,216,2229.0,2239.0,2229.0,2239.0,run,chest+empatica,chest+empatica+forearm,gel,ecg/LAS2_w0216.npy,acc_chest/LAS2_w0216.npy,ppg_wrist/LAS2_w0216.npy,2.116,16.421,False,0.0,0.0,0.0
LAS2_w0217,LAS2,217,2239.0,2249.0,2239.0,2249.0,run,chest+empatica,chest+empatica+forearm,gel,ecg/LAS2_w0217.npy,acc_chest/LAS2_w0217.npy,ppg_wrist/LAS2_w0217.npy,0.462,17.214,False,0.0,0.0,0.0
LAS2_w0218,LAS2,218,2249.0,2259.0,2249.0,2259.0,run,chest+empatica,chest+empatica+forearm,gel,ecg/LAS2_w0218.npy,acc_chest/LAS2_w0218.npy,ppg_wrist/LAS2_w0218.npy,0.462,17.214,False,0.0,0.0,0.0
LAS2_w0219,LAS2,219,2259.0,2269.0,2259.0,2269.0,run,chest+empatica,chest+empatica+forearm,gel,ecg/LAS2_w0219.npy,acc_chest/LAS2_w0219.npy,ppg_wrist/LAS2_w0219.npy,0.462,17.214,False,0.0,0.0,0.0
LAS2_w0220,LAS2,220,2269.0,2279.0,2269.0,2279.0,run,chest+empatica,chest+empatica+forearm,gel,ecg/LAS2_w0220.npy,acc_chest/LAS2_w0220.npy,ppg_wrist/LAS2_w0220.npy,0.462,17.214,False,0.0,0.0,0.0
LAS2_w0221,LAS2,221,2279.0,2289.0,2279.0,2289.0,run,chest+empatica,chest+empatica+forearm,gel,ecg/LAS2_w0221.npy,acc_chest/LAS2_w0221.npy,ppg_wrist/LAS2_w0221.npy,0.462,17.214,False,0.0,0.0,0.0
LAS2_w0222,LAS2,222,2289.0,2299.0,2289.0,2299.0,run,chest+empatica,chest+empatica+forearm,gel,ecg/LAS2_w0222.npy,acc_chest/LAS2_w0222.npy,ppg_wrist/LAS2_w0222.npy,1.596,17.442,False,0.0,0.0,0.0
LAS2_w0223,LAS2,223,2299.0,2309.0,2299.0,2309.0,run,chest+empatica,chest+empatica+forearm,gel,ecg/LAS2_w0223.npy,acc_chest/LAS2_w0223.npy,ppg_wrist/LAS2_w0223.npy,1.744,3.549,False,0.0,0.0,0.0
LAS2_w0224,LAS2,224,2309.0,2319.0,2309.0,2319.0,run,chest+empatica,chest+empatica+forearm,gel,ecg/LAS2_w0224.npy,acc_chest/LAS2_w0224.npy,ppg_wrist/LAS2_w0224.npy,1.801,4.707,False,0.0,0.0,0.0
LAS2_w0225,LAS2,225,2319.0,2329.0,2319.0,2329.0,run,chest+empatica,chest+empatica+forearm,gel,ecg/LAS2_w0225.npy,acc_chest/LAS2_w0225.npy,ppg_wrist/LAS2_w0225.npy,1.718,4.031,False,0.0,0.0,0.0
LAS2_w0226,LAS2,226,2329.0,2339.0,2329.0,2339.0,run,chest+empatica,chest+empatica+forearm,gel,ecg/LAS2_w0226.npy,acc_chest/LAS2_w0226.npy,ppg_wrist/LAS2_w0226.npy,1.803,3.029,False,0.0,0.0,0.0
LAS2_w0227,LAS2,227,2339.0,2349.0,2339.0,2349.0,run,chest+empatica,chest+empatica+forearm,gel,ecg/LAS2_w0227.npy,acc_chest/LAS2_w0227.npy,ppg_wrist/LAS2_w0227.npy,1.882,4.516,False,0.0,0.0,0.0
LAS2_w0228,LAS2,228,2349.0,2359.0,2349.0,2359.0,run,chest+empatica,chest+empatica+forearm,gel,ecg/LAS2_w0228.npy,acc_chest/LAS2_w0228.npy,ppg_wrist/LAS2_w0228.npy,1.897,5.107,False,0.0,0.0,0.0
LAS2_w0229,LAS2,229,2359.0,2369.0,2359.0,2369.0,run,chest+empatica,chest+empatica+forearm,gel,ecg/LAS2_w0229.npy,acc_chest/LAS2_w0229.npy,ppg_wrist/LAS2_w0229.npy,1.84,3.659,False,0.0,0.0,0.0
LAS2_w0230,LAS2,230,2369.0,2379.0,2369.0,2379.0,run,chest+empatica,chest+empatica+forearm,gel,ecg/LAS2_w0230.npy,acc_chest/LAS2_w0230.npy,ppg_wrist/LAS2_w0230.npy,1.745,2.972,False,0.0,0.0,0.0
LAS2_w0231,LAS2,231,2379.0,2389.0,2379.0,2389.0,run,chest+empatica,chest+empatica+forearm,gel,ecg/LAS2_w0231.npy,acc_chest/LAS2_w0231.npy,ppg_wrist/LAS2_w0231.npy,2.365,14.634,False,0.0,0.0,0.0
LAS2_w0232,LAS2,232,2389.0,2399.0,2389.0,2399.0,run,chest+empatica,chest+empatica+forearm,gel,ecg/LAS2_w0232.npy,acc_chest/LAS2_w0232.npy,ppg_wrist/LAS2_w0232.npy,1.841,3.726,False,0.0,0.0,0.0
LAS2_w0233,LAS2,233,2399.0,2409.0,2399.0,2409.0,run,chest+empatica,chest+empatica+forearm,gel,ecg/LAS2_w0233.npy,acc_chest/LAS2_w0233.npy,ppg_wrist/LAS2_w0233.npy,1.79,4.019,False,0.0,0.0,0.0
LAS2_w0234,LAS2,234,2409.0,2419.0,2409.0,2419.0,run,chest+empatica,chest+empatica+forearm,gel,ecg/LAS2_w0234.npy,acc_chest/LAS2_w0234.npy,ppg_wrist/LAS2_w0234.npy,1.618,3.889,False,0.0,0.0,0.0
LAS2_w0235,LAS2,235,2419.0,2429.0,2419.0,2429.0,run,chest+empatica,chest+empatica+forearm,gel,ecg/LAS2_w0235.npy,acc_chest/LAS2_w0235.npy,ppg_wrist/LAS2_w0235.npy,1.959,3.893,False,0.0,0.0,0.0
LAS2_w0236,LAS2,236,2429.0,2439.0,2429.0,2439.0,run,chest+empatica,chest+empatica+forearm,gel,ecg/LAS2_w0236.npy,acc_chest/LAS2_w0236.npy,ppg_wrist/LAS2_w0236.npy,1.96,4.103,False,0.0,0.0,0.0
LAS2_w0237,LAS2,237,2439.0,2449.0,2439.0,2449.0,run,chest+empatica,chest+empatica+forearm,gel,ecg/LAS2_w0237.npy,acc_chest/LAS2_w0237.npy,ppg_wrist/LAS2_w0237.npy,2.044,3.592,False,0.0,0.0,0.0
LAS2_w0238,LAS2,238,2449.0,2459.0,2449.0,2459.0,run,chest+empatica,chest+empatica+forearm,gel,ecg/LAS2_w0238.npy,acc_chest/LAS2_w0238.npy,ppg_wrist/LAS2_w0238.npy,2.181,17.178,False,0.0,0.0,0.0
LAS2_w0239,LAS2,239,2459.0,2469.0,2459.0,2469.0,run,chest+empatica,chest+empatica+forearm,gel,ecg/LAS2_w0239.npy,acc_chest/LAS2_w0239.npy,ppg_wrist/LAS2_w0239.npy,0.462,17.214,False,0.0,0.0,0.0
LAS2_w0240,LAS2,240,2469.0,2479.0,2469.0,2479.0,run,chest+empatica,chest+empatica+forearm,gel,ecg/LAS2_w0240.npy,acc_chest/LAS2_w0240.npy,ppg_wrist/LAS2_w0240.npy,0.462,17.214,False,0.0,0.0,0.0
LAS2_w0241,LAS2,241,2479.0,2489.0,2479.0,2489.0,run,chest+empatica,chest+empatica+forearm,gel,ecg/LAS2_w0241.npy,acc_chest/LAS2_w0241.npy,ppg_wrist/LAS2_w0241.npy,0.462,17.214,False,0.0,0.0,0.0
LAS2_w0242,LAS2,242,2489.0,2499.0,2489.0,2499.0,run,chest+empatica,chest+empatica+forearm,gel,ecg/LAS2_w0242.npy,acc_chest/LAS2_w0242.npy,ppg_wrist/LAS2_w0242.npy,0.772,16.481,False,0.0,0.0,0.0
LAS2_w0243,LAS2,243,2499.0,2509.0,2499.0,2509.0,run,chest+empatica,chest+empatica+forearm,gel,ecg/LAS2_w0243.npy,acc_chest/LAS2_w0243.npy,ppg_wrist/LAS2_w0243.npy,1.971,5.907,False,0.0,0.0,0.0
LAS2_w0244,LAS2,244,2509.0,2519.0,2509.0,2519.0,run,chest+empatica,chest+empatica+forearm,gel,ecg/LAS2_w0244.npy,acc_chest/LAS2_w0244.npy,ppg_wrist/LAS2_w0244.npy,2.093,5.226,False,0.0,0.0,0.0
LAS2_w0245,LAS2,245,2519.0,2529.0,2519.0,2529.0,run,chest+empatica,chest+empatica+forearm,gel,ecg/LAS2_w0245.npy,acc_chest/LAS2_w0245.npy,ppg_wrist/LAS2_w0245.npy,1.772,2.876,False,0.0,0.0,0.0
LAS2_w0246,LAS2,246,2529.0,2539.0,2529.0,2539.0,run,chest+empatica,chest+empatica+forearm,gel,ecg/LAS2_w0246.npy,acc_chest/LAS2_w0246.npy,ppg_wrist/LAS2_w0246.npy,1.842,2.908,False,0.0,0.0,0.0
LAS2_w0247,LAS2,247,2539.0,2549.0,2539.0,2549.0,run,chest+empatica,chest+empatica+forearm,gel,ecg/LAS2_w0247.npy,acc_chest/LAS2_w0247.npy,ppg_wrist/LAS2_w0247.npy,1.774,2.991,False,0.0,0.0,0.0
LAS2_w0248,LAS2,248,2549.0,2559.0,2549.0,2559.0,run,chest+empatica,chest+empatica+forearm,gel,ecg/LAS2_w0248.npy,acc_chest/LAS2_w0248.npy,ppg_wrist/LAS2_w0248.npy,1.898,4.601,False,0.0,0.0,0.0
LAS2_w0249,LAS2,249,2559.0,2569.0,2559.0,2569.0,run,chest+empatica,chest+empatica+forearm,gel,ecg/LAS2_w0249.npy,acc_chest/LAS2_w0249.npy,ppg_wrist/LAS2_w0249.npy,1.131,17.532,False,0.0,0.0,0.0
LAS2_w0250,LAS2,250,2569.0,2579.0,2569.0,2579.0,run,chest+empatica,chest+empatica+forearm,gel,ecg/LAS2_w0250.npy,acc_chest/LAS2_w0250.npy,ppg_wrist/LAS2_w0250.npy,0.462,17.214,False,0.0,0.0,0.0
LAS2_w0251,LAS2,251,2579.0,2589.0,2579.0,2589.0,run,chest+empatica,chest+empatica+forearm,gel,ecg/LAS2_w0251.npy,acc_chest/LAS2_w0251.npy,ppg_wrist/LAS2_w0251.npy,0.462,17.214,False,0.0,0.0,0.0
LAS2_w0252,LAS2,252,2589.0,2599.0,2589.0,2599.0,run,chest+empatica,chest+empatica+forearm,gel,ecg/LAS2_w0252.npy,acc_chest/LAS2_w0252.npy,ppg_wrist/LAS2_w0252.npy,0.462,17.214,False,0.0,0.0,0.0
LAS2_w0253,LAS2,253,2599.0,2609.0,2599.0,2609.0,run,chest+empatica,chest+empatica+forearm,gel,ecg/LAS2_w0253.npy,acc_chest/LAS2_w0253.npy,ppg_wrist/LAS2_w0253.npy,0.462,17.214,False,0.0,0.0,0.0
LAS2_w0254,LAS2,254,2609.0,2619.0,2609.0,2619.0,run,chest+empatica,chest+empatica+forearm,gel,ecg/LAS2_w0254.npy,acc_chest/LAS2_w0254.npy,ppg_wrist/LAS2_w0254.npy,0.462,17.214,False,0.0,0.0,0.0
LAS2_w0255,LAS2,255,2619.0,2629.0,2619.0,2629.0,run,chest+empatica,chest+empatica+forearm,gel,ecg/LAS2_w0255.npy,acc_chest/LAS2_w0255.npy,ppg_wrist/LAS2_w0255.npy,0.462,17.214,False,0.0,0.0,0.0
LAS2_w0256,LAS2,256,2629.0,2639.0,2629.0,2639.0,run,chest+empatica,chest+empatica+forearm,gel,ecg/LAS2_w0256.npy,acc_chest/LAS2_w0256.npy,ppg_wrist/LAS2_w0256.npy,1.025,17.537,False,0.0,0.0,0.0
LAS2_w0257,LAS2,257,2639.0,2649.0,2639.0,2649.0,run,chest+empatica,chest+empatica+forearm,gel,ecg/LAS2_w0257.npy,acc_chest/LAS2_w0257.npy,ppg_wrist/LAS2_w0257.npy,2.147,17.351,False,0.0,0.0,0.0
LAS2_w0258,LAS2,258,2649.0,2659.0,2649.0,2659.0,run,chest+empatica,chest+empatica+forearm,gel,ecg/LAS2_w0258.npy,acc_chest/LAS2_w0258.npy,ppg_wrist/LAS2_w0258.npy,0.462,17.214,False,0.0,0.0,0.0
LAS2_w0259,LAS2,259,2659.0,2669.0,2659.0,2669.0,run,chest+empatica,chest+empatica+forearm,gel,ecg/LAS2_w0259.npy,acc_chest/LAS2_w0259.npy,ppg_wrist/LAS2_w0259.npy,0.462,17.214,False,0.0,0.0,0.0
LAS2_w0260,LAS2,260,2669.0,2679.0,2669.0,2679.0,run,chest+empatica,chest+empatica+forearm,gel,ecg/LAS2_w0260.npy,acc_chest/LAS2_w0260.npy,ppg_wrist/LAS2_w0260.npy,0.462,17.214,False,0.0,0.0,0.0
LAS2_w0261,LAS2,261,2679.0,2689.0,2679.0,2689.0,run,chest+empatica,chest+empatica+forearm,gel,ecg/LAS2_w0261.npy,acc_chest/LAS2_w0261.npy,ppg_wrist/LAS2_w0261.npy,0.462,17.214,False,0.0,0.0,0.0
LAS2_w0262,LAS2,262,2689.0,2699.0,2689.0,2699.0,run,chest+empatica,chest+empatica+forearm,gel,ecg/LAS2_w0262.npy,acc_chest/LAS2_w0262.npy,ppg_wrist/LAS2_w0262.npy,0.462,17.214,False,0.0,0.0,0.0
LAS2_w0263,LAS2,263,2699.0,2709.0,2699.0,2709.0,run,chest+empatica,chest+empatica+forearm,gel,ecg/LAS2_w0263.npy,acc_chest/LAS2_w0263.npy,ppg_wrist/LAS2_w0263.npy,0.462,17.214,False,0.0,0.0,0.0
LAS2_w0264,LAS2,264,2709.0,2719.0,2709.0,2719.0,run,chest+empatica,chest+empatica+forearm,gel,ecg/LAS2_w0264.npy,acc_chest/LAS2_w0264.npy,ppg_wrist/LAS2_w0264.npy,0.462,17.214,False,0.0,0.0,0.0
LAS2_w0265,LAS2,265,2719.0,2729.0,2719.0,2729.0,run,chest+empatica,chest+empatica+forearm,gel,ecg/LAS2_w0265.npy,acc_chest/LAS2_w0265.npy,ppg_wrist/LAS2_w0265.npy,0.462,17.214,False,0.0,0.0,0.0
LAS2_w0266,LAS2,266,2729.0,2739.0,2729.0,2739.0,run,chest+empatica,chest+empatica+forearm,gel,ecg/LAS2_w0266.npy,acc_chest/LAS2_w0266.npy,ppg_wrist/LAS2_w0266.npy,0.462,17.214,False,0.0,0.0,0.0
LAS2_w0267,LAS2,267,2739.0,2749.0,2739.0,2749.0,run,chest+empatica,chest+empatica+forearm,gel,ecg/LAS2_w0267.npy,acc_chest/LAS2_w0267.npy,ppg_wrist/LAS2_w0267.npy,0.462,17.214,False,0.0,0.0,0.0
LAS2_w0268,LAS2,268,2749.0,2759.0,2749.0,2759.0,run,chest+empatica,chest+empatica+forearm,gel,ecg/LAS2_w0268.npy,acc_chest/LAS2_w0268.npy,ppg_wrist/LAS2_w0268.npy,0.462,17.214,False,0.0,0.0,0.0
LAS2_w0269,LAS2,269,2759.0,2769.0,2759.0,2769.0,run,chest+empatica,chest+empatica+forearm,gel,ecg/LAS2_w0269.npy,acc_chest/LAS2_w0269.npy,ppg_wrist/LAS2_w0269.npy,0.462,17.214,False,0.0,0.0,0.0
LAS2_w0270,LAS2,270,2769.0,2779.0,2769.0,2779.0,run,chest+empatica,chest+empatica+forearm,gel,ecg/LAS2_w0270.npy,acc_chest/LAS2_w0270.npy,ppg_wrist/LAS2_w0270.npy,0.462,17.214,False,0.0,0.0,0.0
LAS2_w0271,LAS2,271,2779.0,2789.0,2779.0,2789.0,run,chest+empatica,chest+empatica+forearm,gel,ecg/LAS2_w0271.npy,acc_chest/LAS2_w0271.npy,ppg_wrist/LAS2_w0271.npy,0.462,17.214,False,0.0,0.0,0.0
LAS2_w0272,LAS2,272,2789.0,2799.0,2789.0,2799.0,run,chest+empatica,chest+empatica+forearm,gel,ecg/LAS2_w0272.npy,acc_chest/LAS2_w0272.npy,ppg_wrist/LAS2_w0272.npy,0.462,17.214,False,0.0,0.0,0.0
LAS2_w0273,LAS2,273,2799.0,2809.0,2799.0,2809.0,run,chest+empatica,chest+empatica+forearm,gel,ecg/LAS2_w0273.npy,acc_chest/LAS2_w0273.npy,ppg_wrist/LAS2_w0273.npy,0.462,17.214,False,0.0,0.0,0.0
LAS2_w0274,LAS2,274,2809.0,2819.0,2809.0,2819.0,run,chest+empatica,chest+empatica+forearm,gel,ecg/LAS2_w0274.npy,acc_chest/LAS2_w0274.npy,ppg_wrist/LAS2_w0274.npy,0.462,17.214,False,0.0,0.0,0.0
LAS2_w0275,LAS2,275,2819.0,2829.0,2819.0,2829.0,run,chest+empatica,chest+empatica+forearm,gel,ecg/LAS2_w0275.npy,acc_chest/LAS2_w0275.npy,ppg_wrist/LAS2_w0275.npy,0.462,17.214,False,0.0,0.0,0.0
LAS2_w0276,LAS2,276,2829.0,2839.0,2829.0,2839.0,run,chest+empatica,chest+empatica+forearm,gel,ecg/LAS2_w0276.npy,acc_chest/LAS2_w0276.npy,ppg_wrist/LAS2_w0276.npy,0.462,17.214,False,0.0,0.0,0.0
LAS2_w0277,LAS2,277,2839.0,2849.0,2839.0,2849.0,run,chest+empatica,chest+empatica+forearm,gel,ecg/LAS2_w0277.npy,acc_chest/LAS2_w0277.npy,ppg_wrist/LAS2_w0277.npy,0.462,17.214,False,0.0,0.0,0.0
LAS2_w0278,LAS2,278,2849.0,2859.0,2849.0,2859.0,run,chest+empatica,chest+empatica+forearm,gel,ecg/LAS2_w0278.npy,acc_chest/LAS2_w0278.npy,ppg_wrist/LAS2_w0278.npy,0.462,17.214,False,0.0,0.0,0.0
LAS2_w0279,LAS2,279,2859.0,2869.0,2859.0,2869.0,run,chest+empatica,chest+empatica+forearm,gel,ecg/LAS2_w0279.npy,acc_chest/LAS2_w0279.npy,ppg_wrist/LAS2_w0279.npy,0.462,17.214,False,0.0,0.0,0.0
LAS2_w0280,LAS2,280,2869.0,2879.0,2869.0,2879.0,run,chest+empatica,chest+empatica+forearm,gel,ecg/LAS2_w0280.npy,acc_chest/LAS2_w0280.npy,ppg_wrist/LAS2_w0280.npy,0.462,17.214,False,0.0,0.0,0.0
LAS2_w0281,LAS2,281,2879.0,2889.0,2879.0,2889.0,run,chest+empatica,chest+empatica+forearm,gel,ecg/LAS2_w0281.npy,acc_chest/LAS2_w0281.npy,ppg_wrist/LAS2_w0281.npy,0.462,17.214,False,0.0,0.0,0.0
LAS2_w0282,LAS2,282,2889.0,2899.0,2889.0,2899.0,run,chest+empatica,chest+empatica+forearm,gel,ecg/LAS2_w0282.npy,acc_chest/LAS2_w0282.npy,ppg_wrist/LAS2_w0282.npy,0.462,17.214,False,0.0,0.0,0.0
LAS2_w0283,LAS2,283,2899.0,2909.0,2899.0,2909.0,run,chest+empatica,chest+empatica+forearm,gel,ecg/LAS2_w0283.npy,acc_chest/LAS2_w0283.npy,ppg_wrist/LAS2_w0283.npy,0.462,17.214,False,0.0,0.0,0.0
LAS2_w0284,LAS2,284,2909.0,2919.0,2909.0,2919.0,run,chest+empatica,chest+empatica+forearm,gel,ecg/LAS2_w0284.npy,acc_chest/LAS2_w0284.npy,ppg_wrist/LAS2_w0284.npy,0.462,17.214,False,0.0,0.0,0.0
LAS2_w0285,LAS2,285,2919.0,2929.0,2919.0,2929.0,run,chest+empatica,chest+empatica+forearm,gel,ecg/LAS2_w0285.npy,acc_chest/LAS2_w0285.npy,ppg_wrist/LAS2_w0285.npy,0.462,17.214,False,0.0,0.0,0.0
LAS2_w0286,LAS2,286,2929.0,2939.0,2929.0,2939.0,run,chest+empatica,chest+empatica+forearm,gel,ecg/LAS2_w0286.npy,acc_chest/LAS2_w0286.npy,ppg_wrist/LAS2_w0286.npy,0.462,17.214,False,0.0,0.0,0.0
LAS2_w0287,LAS2,287,2939.0,2949.0,2939.0,2949.0,run,chest+empatica,chest+empatica+forearm,gel,ecg/LAS2_w0287.npy,acc_chest/LAS2_w0287.npy,ppg_wrist/LAS2_w0287.npy,5.13,35.822,False,0.0,0.0,0.0
LAS2_w0288,LAS2,288,2949.0,2959.0,2949.0,2959.0,run,chest+empatica,chest+empatica+forearm,gel,ecg/LAS2_w0288.npy,acc_chest/LAS2_w0288.npy,ppg_wrist/LAS2_w0288.npy,1.294,17.594,False,0.0,0.0,0.0
LAS2_w0289,LAS2,289,2959.0,2969.0,2959.0,2969.0,run,chest+empatica,chest+empatica+forearm,gel,ecg/LAS2_w0289.npy,acc_chest/LAS2_w0289.npy,ppg_wrist/LAS2_w0289.npy,0.462,17.214,False,0.0,0.0,0.0
LAS2_w0290,LAS2,290,2969.0,2979.0,2969.0,2979.0,run,chest+empatica,chest+empatica+forearm,gel,ecg/LAS2_w0290.npy,acc_chest/LAS2_w0290.npy,ppg_wrist/LAS2_w0290.npy,0.462,17.214,False,0.0,0.0,0.0
LAS2_w0291,LAS2,291,2979.0,2989.0,2979.0,2989.0,run,chest+empatica,chest+empatica+forearm,gel,ecg/LAS2_w0291.npy,acc_chest/LAS2_w0291.npy,ppg_wrist/LAS2_w0291.npy,0.462,17.214,False,0.0,0.0,0.0
LAS2_w0292,LAS2,292,2989.0,2999.0,2989.0,2999.0,run,chest+empatica,chest+empatica+forearm,gel,ecg/LAS2_w0292.npy,acc_chest/LAS2_w0292.npy,ppg_wrist/LAS2_w0292.npy,1.463,16.198,False,0.0,0.0,0.0
LAS2_w0293,LAS2,293,2999.0,3009.0,2999.0,3009.0,run,chest+empatica,chest+empatica+forearm,gel,ecg/LAS2_w0293.npy,acc_chest/LAS2_w0293.npy,ppg_wrist/LAS2_w0293.npy,2.059,5.393,False,0.0,0.0,0.0
LAS2_w0294,LAS2,294,3009.0,3019.0,3009.0,3019.0,run,chest+empatica,chest+empatica+forearm,gel,ecg/LAS2_w0294.npy,acc_chest/LAS2_w0294.npy,ppg_wrist/LAS2_w0294.npy,1.919,3.717,False,0.0,0.0,0.0
LAS2_w0295,LAS2,295,3019.0,3029.0,3019.0,3029.0,run,chest+empatica,chest+empatica+forearm,gel,ecg/LAS2_w0295.npy,acc_chest/LAS2_w0295.npy,ppg_wrist/LAS2_w0295.npy,1.06,16.996,False,0.0,0.0,0.0
LAS2_w0296,LAS2,296,3029.0,3039.0,3029.0,3039.0,run,chest+empatica,chest+empatica+forearm,gel,ecg/LAS2_w0296.npy,acc_chest/LAS2_w0296.npy,ppg_wrist/LAS2_w0296.npy,0.462,17.214,False,0.0,0.0,0.0
LAS2_w0297,LAS2,297,3039.0,3049.0,3039.0,3049.0,run,chest+empatica,chest+empatica+forearm,gel,ecg/LAS2_w0297.npy,acc_chest/LAS2_w0297.npy,ppg_wrist/LAS2_w0297.npy,0.462,17.214,False,0.0,0.0,0.0
LAS2_w0298,LAS2,298,3049.0,3059.0,3049.0,3059.0,run,chest+empatica,chest+empatica+forearm,gel,ecg/LAS2_w0298.npy,acc_chest/LAS2_w0298.npy,ppg_wrist/LAS2_w0298.npy,0.462,17.214,False,0.0,0.0,0.0
LAS2_w0299,LAS2,299,3059.0,3069.0,3059.0,3069.0,run,chest+empatica,chest+empatica+forearm,gel,ecg/LAS2_w0299.npy,acc_chest/LAS2_w0299.npy,ppg_wrist/LAS2_w0299.npy,0.462,17.214,False,0.0,0.0,0.0
LAS2_w0300,LAS2,300,3069.0,3079.0,3069.0,3079.0,run,chest+empatica,chest+empatica+forearm,gel,ecg/LAS2_w0300.npy,acc_chest/LAS2_w0300.npy,ppg_wrist/LAS2_w0300.npy,0.462,17.214,False,0.0,0.0,0.0
LAS2_w0301,LAS2,301,3079.0,3089.0,3079.0,3089.0,run,chest+empatica,chest+empatica+forearm,gel,ecg/LAS2_w0301.npy,acc_chest/LAS2_w0301.npy,ppg_wrist/LAS2_w0301.npy,0.462,17.214,False,0.0,0.0,0.0
LAS2_w0302,LAS2,302,3089.0,3099.0,3089.0,3099.0,run,chest+empatica,chest+empatica+forearm,gel,ecg/LAS2_w0302.npy,acc_chest/LAS2_w0302.npy,ppg_wrist/LAS2_w0302.npy,0.462,17.214,False,0.0,0.0,0.0
LAS2_w0303,LAS2,303,3099.0,3109.0,3099.0,3109.0,run,chest+empatica,chest+empatica+forearm,gel,ecg/LAS2_w0303.npy,acc_chest/LAS2_w0303.npy,ppg_wrist/LAS2_w0303.npy,0.462,17.214,False,0.0,0.0,0.0
LAS2_w0304,LAS2,304,3109.0,3119.0,3109.0,3119.0,run,chest+empatica,chest+empatica+forearm,gel,ecg/LAS2_w0304.npy,acc_chest/LAS2_w0304.npy,ppg_wrist/LAS2_w0304.npy,0.462,17.214,False,0.0,0.0,0.0
LAS2_w0305,LAS2,305,3119.0,3129.0,3119.0,3129.0,run,chest+empatica,chest+empatica+forearm,gel,ecg/LAS2_w0305.npy,acc_chest/LAS2_w0305.npy,ppg_wrist/LAS2_w0305.npy,0.462,17.214,False,0.0,0.0,0.0
LAS2_w0306,LAS2,306,3129.0,3139.0,3129.0,3139.0,run,chest+empatica,chest+empatica+forearm,gel,ecg/LAS2_w0306.npy,acc_chest/LAS2_w0306.npy,ppg_wrist/LAS2_w0306.npy,0.462,17.214,False,0.0,0.0,0.0
LAS2_w0307,LAS2,307,3139.0,3149.0,3139.0,3149.0,run,chest+empatica,chest+empatica+forearm,gel,ecg/LAS2_w0307.npy,acc_chest/LAS2_w0307.npy,ppg_wrist/LAS2_w0307.npy,0.884,17.294,False,0.0,0.0,0.0
LAS2_w0308,LAS2,308,3149.0,3159.0,3149.0,3159.0,run,chest+empatica,chest+empatica+forearm,gel,ecg/LAS2_w0308.npy,acc_chest/LAS2_w0308.npy,ppg_wrist/LAS2_w0308.npy,1.828,5.565,False,0.0,0.0,0.0
LAS2_w0309,LAS2,309,3159.0,3169.0,3159.0,3169.0,run,chest+empatica,chest+empatica+forearm,gel,ecg/LAS2_w0309.npy,acc_chest/LAS2_w0309.npy,ppg_wrist/LAS2_w0309.npy,1.81,3.668,False,0.0,0.0,0.0
LAS2_w0310,LAS2,310,3169.0,3179.0,3169.0,3179.0,run,chest+empatica,chest+empatica+forearm,gel,ecg/LAS2_w0310.npy,acc_chest/LAS2_w0310.npy,ppg_wrist/LAS2_w0310.npy,2.005,16.244,False,0.0,0.0,0.0
LAS2_w0311,LAS2,311,3179.0,3189.0,3179.0,3189.0,run,chest+empatica,chest+empatica+forearm,gel,ecg/LAS2_w0311.npy,acc_chest/LAS2_w0311.npy,ppg_wrist/LAS2_w0311.npy,0.462,17.214,False,0.0,0.0,0.0
LAS2_w0312,LAS2,312,3189.0,3199.0,3189.0,3199.0,run,chest+empatica,chest+empatica+forearm,gel,ecg/LAS2_w0312.npy,acc_chest/LAS2_w0312.npy,ppg_wrist/LAS2_w0312.npy,0.462,17.214,False,0.0,0.0,0.0
LAS2_w0313,LAS2,313,3199.0,3209.0,3199.0,3209.0,run,chest+empatica,chest+empatica+forearm,gel,ecg/LAS2_w0313.npy,acc_chest/LAS2_w0313.npy,ppg_wrist/LAS2_w0313.npy,0.462,17.214,False,0.0,0.0,0.0
LAS2_w0314,LAS2,314,3209.0,3219.0,3209.0,3219.0,run,chest+empatica,chest+empatica+forearm,gel,ecg/LAS2_w0314.npy,acc_chest/LAS2_w0314.npy,ppg_wrist/LAS2_w0314.npy,0.462,17.214,False,0.0,0.0,0.0
LAS2_w0315,LAS2,315,3219.0,3229.0,3219.0,3229.0,run,chest+empatica,chest+empatica+forearm,gel,ecg/LAS2_w0315.npy,acc_chest/LAS2_w0315.npy,ppg_wrist/LAS2_w0315.npy,0.462,17.214,False,0.0,0.0,0.0
LAS2_w0316,LAS2,316,3229.0,3239.0,3229.0,3239.0,run,chest+empatica,chest+empatica+forearm,gel,ecg/LAS2_w0316.npy,acc_chest/LAS2_w0316.npy,ppg_wrist/LAS2_w0316.npy,2.449,18.102,False,0.0,0.0,0.0
LAS2_w0317,LAS2,317,3239.0,3249.0,3239.0,3249.0,run,chest+empatica,chest+empatica+forearm,gel,ecg/LAS2_w0317.npy,acc_chest/LAS2_w0317.npy,ppg_wrist/LAS2_w0317.npy,2.56,4.856,False,0.0,0.0,0.0
LAS2_w0318,LAS2,318,3249.0,3259.0,3249.0,3259.0,run,chest+empatica,chest+empatica+forearm,gel,ecg/LAS2_w0318.npy,acc_chest/LAS2_w0318.npy,ppg_wrist/LAS2_w0318.npy,2.218,4.523,False,0.0,0.0,0.0
LAS2_w0319,LAS2,319,3259.0,3269.0,3259.0,3269.0,run,chest+empatica,chest+empatica+forearm,gel,ecg/LAS2_w0319.npy,acc_chest/LAS2_w0319.npy,ppg_wrist/LAS2_w0319.npy,3.626,19.268,False,0.0,0.0,0.0
LAS2_w0320,LAS2,320,3269.0,3279.0,3269.0,3279.0,run,chest+empatica,chest+empatica+forearm,gel,ecg/LAS2_w0320.npy,acc_chest/LAS2_w0320.npy,ppg_wrist/LAS2_w0320.npy,2.283,5.311,False,0.0,0.0,0.0
LAS2_w0321,LAS2,321,3279.0,3289.0,3279.0,3289.0,run,chest+empatica,chest+empatica+forearm,gel,ecg/LAS2_w0321.npy,acc_chest/LAS2_w0321.npy,ppg_wrist/LAS2_w0321.npy,2.147,4.887,False,0.0,0.0,0.0
LAS2_w0322,LAS2,322,3289.0,3299.0,3289.0,3299.0,run,chest+empatica,chest+empatica+forearm,gel,ecg/LAS2_w0322.npy,acc_chest/LAS2_w0322.npy,ppg_wrist/LAS2_w0322.npy,1.894,4.064,False,0.0,0.0,0.0
LAS2_w0323,LAS2,323,3299.0,3309.0,3299.0,3309.0,run,chest+empatica,chest+empatica+forearm,gel,ecg/LAS2_w0323.npy,acc_chest/LAS2_w0323.npy,ppg_wrist/LAS2_w0323.npy,1.843,4.909,False,0.0,0.0,0.0
LAS2_w0324,LAS2,324,3309.0,3319.0,3309.0,3319.0,run,chest+empatica,chest+empatica+forearm,gel,ecg/LAS2_w0324.npy,acc_chest/LAS2_w0324.npy,ppg_wrist/LAS2_w0324.npy,1.719,5.35,False,0.0,0.0,0.0
LAS2_w0325,LAS2,325,3319.0,3329.0,3319.0,3329.0,run,chest+empatica,chest+empatica+forearm,gel,ecg/LAS2_w0325.npy,acc_chest/LAS2_w0325.npy,ppg_wrist/LAS2_w0325.npy,1.834,4.994,False,0.0,0.0,0.0
LAS2_w0326,LAS2,326,3329.0,3339.0,3329.0,3339.0,run,chest+empatica,chest+empatica+forearm,gel,ecg/LAS2_w0326.npy,acc_chest/LAS2_w0326.npy,ppg_wrist/LAS2_w0326.npy,1.575,4.73,False,0.0,0.0,0.0
LAS2_w0327,LAS2,327,3339.0,3349.0,3339.0,3349.0,run,chest+empatica,chest+empatica+forearm,gel,ecg/LAS2_w0327.npy,acc_chest/LAS2_w0327.npy,ppg_wrist/LAS2_w0327.npy,1.475,4.408,False,0.0,0.0,0.0
LAS2_w0328,LAS2,328,3349.0,3359.0,3349.0,3359.0,run,chest+empatica,chest+empatica+forearm,gel,ecg/LAS2_w0328.npy,acc_chest/LAS2_w0328.npy,ppg_wrist/LAS2_w0328.npy,1.602,3.898,False,0.0,0.0,0.0
LAS2_w0329,LAS2,329,3359.0,3369.0,3359.0,3369.0,run,chest+empatica,chest+empatica+forearm,gel,ecg/LAS2_w0329.npy,acc_chest/LAS2_w0329.npy,ppg_wrist/LAS2_w0329.npy,1.574,3.678,False,0.0,0.0,0.0
LAS2_w0330,LAS2,330,3369.0,3379.0,3369.0,3379.0,run,chest+empatica,chest+empatica+forearm,gel,ecg/LAS2_w0330.npy,acc_chest/LAS2_w0330.npy,ppg_wrist/LAS2_w0330.npy,1.535,3.822,False,0.0,0.0,0.0
LAS2_w0331,LAS2,331,3379.0,3389.0,3379.0,3389.0,run,chest+empatica,chest+empatica+forearm,gel,ecg/LAS2_w0331.npy,acc_chest/LAS2_w0331.npy,ppg_wrist/LAS2_w0331.npy,1.158,4.308,False,0.0,0.0,0.0
LAS2_w0332,LAS2,332,3389.0,3399.0,3389.0,3399.0,run,chest+empatica,chest+empatica+forearm,gel,ecg/LAS2_w0332.npy,acc_chest/LAS2_w0332.npy,ppg_wrist/LAS2_w0332.npy,1.689,4.837,False,0.0,0.0,0.0
LAS2_w0333,LAS2,333,3399.0,3409.0,3399.0,3409.0,run,chest+empatica,chest+empatica+forearm,gel,ecg/LAS2_w0333.npy,acc_chest/LAS2_w0333.npy,ppg_wrist/LAS2_w0333.npy,1.59,4.232,False,0.0,0.0,0.0
LDM5_w0000,LDM5,0,107.0,117.0,107.0,117.0,baseline,chest+empatica,chest+empatica+forearm,gel,ecg/LDM5_w0000.npy,acc_chest/LDM5_w0000.npy,ppg_wrist/LDM5_w0000.npy,0.689,3.204,False,0.0,0.0,0.0
LDM5_w0001,LDM5,1,117.0,127.0,117.0,127.0,baseline,chest+empatica,chest+empatica+forearm,gel,ecg/LDM5_w0001.npy,acc_chest/LDM5_w0001.npy,ppg_wrist/LDM5_w0001.npy,0.689,3.218,False,0.0,0.0,0.0
LDM5_w0002,LDM5,2,127.0,137.0,127.0,137.0,baseline,chest+empatica,chest+empatica+forearm,gel,ecg/LDM5_w0002.npy,acc_chest/LDM5_w0002.npy,ppg_wrist/LDM5_w0002.npy,0.687,3.077,False,0.0,0.0,0.0
LDM5_w0003,LDM5,3,137.0,147.0,137.0,147.0,baseline,chest+empatica,chest+empatica+forearm,gel,ecg/LDM5_w0003.npy,acc_chest/LDM5_w0003.npy,ppg_wrist/LDM5_w0003.npy,0.803,3.296,False,0.0,0.0,0.0
LDM5_w0004,LDM5,4,147.0,157.0,147.0,157.0,baseline,chest+empatica,chest+empatica+forearm,gel,ecg/LDM5_w0004.npy,acc_chest/LDM5_w0004.npy,ppg_wrist/LDM5_w0004.npy,0.715,3.288,False,0.0,0.0,0.0
LDM5_w0005,LDM5,5,157.0,167.0,157.0,167.0,baseline,chest+empatica,chest+empatica+forearm,gel,ecg/LDM5_w0005.npy,acc_chest/LDM5_w0005.npy,ppg_wrist/LDM5_w0005.npy,1.046,16.575,False,0.0,0.0,0.0
LDM5_w0006,LDM5,6,167.0,177.0,167.0,177.0,baseline,chest+empatica,chest+empatica+forearm,gel,ecg/LDM5_w0006.npy,acc_chest/LDM5_w0006.npy,ppg_wrist/LDM5_w0006.npy,0.416,15.486,False,0.0,0.0,0.0
LDM5_w0007,LDM5,7,177.0,187.0,177.0,187.0,baseline,chest+empatica,chest+empatica+forearm,gel,ecg/LDM5_w0007.npy,acc_chest/LDM5_w0007.npy,ppg_wrist/LDM5_w0007.npy,0.416,15.486,False,0.0,0.0,0.0
LDM5_w0008,LDM5,8,187.0,197.0,187.0,197.0,baseline,chest+empatica,chest+empatica+forearm,gel,ecg/LDM5_w0008.npy,acc_chest/LDM5_w0008.npy,ppg_wrist/LDM5_w0008.npy,0.416,15.486,False,0.0,0.0,0.0
LDM5_w0009,LDM5,9,197.0,207.0,197.0,207.0,baseline,chest+empatica,chest+empatica+forearm,gel,ecg/LDM5_w0009.npy,acc_chest/LDM5_w0009.npy,ppg_wrist/LDM5_w0009.npy,0.416,15.486,False,0.0,0.0,0.0
LDM5_w0010,LDM5,10,207.0,217.0,207.0,217.0,baseline,chest+empatica,chest+empatica+forearm,gel,ecg/LDM5_w0010.npy,acc_chest/LDM5_w0010.npy,ppg_wrist/LDM5_w0010.npy,0.416,15.486,False,0.0,0.0,0.0
LDM5_w0011,LDM5,11,217.0,227.0,217.0,227.0,baseline,chest+empatica,chest+empatica+forearm,gel,ecg/LDM5_w0011.npy,acc_chest/LDM5_w0011.npy,ppg_wrist/LDM5_w0011.npy,0.416,15.486,False,0.0,0.0,0.0
LDM5_w0012,LDM5,12,227.0,237.0,227.0,237.0,baseline,chest+empatica,chest+empatica+forearm,gel,ecg/LDM5_w0012.npy,acc_chest/LDM5_w0012.npy,ppg_wrist/LDM5_w0012.npy,0.416,15.486,False,0.0,0.0,0.0
LDM5_w0013,LDM5,13,237.0,247.0,237.0,247.0,baseline,chest+empatica,chest+empatica+forearm,gel,ecg/LDM5_w0013.npy,acc_chest/LDM5_w0013.npy,ppg_wrist/LDM5_w0013.npy,0.416,15.486,False,0.0,0.0,0.0
LDM5_w0014,LDM5,14,247.0,257.0,247.0,257.0,baseline,chest+empatica,chest+empatica+forearm,gel,ecg/LDM5_w0014.npy,acc_chest/LDM5_w0014.npy,ppg_wrist/LDM5_w0014.npy,0.416,15.486,False,0.0,0.0,0.0
LDM5_w0015,LDM5,15,257.0,267.0,257.0,267.0,baseline,chest+empatica,chest+empatica+forearm,gel,ecg/LDM5_w0015.npy,acc_chest/LDM5_w0015.npy,ppg_wrist/LDM5_w0015.npy,0.416,15.486,False,0.0,0.0,0.0
LDM5_w0016,LDM5,16,267.0,277.0,267.0,277.0,baseline,chest+empatica,chest+empatica+forearm,gel,ecg/LDM5_w0016.npy,acc_chest/LDM5_w0016.npy,ppg_wrist/LDM5_w0016.npy,0.416,15.486,False,0.0,0.0,0.0
LDM5_w0017,LDM5,17,277.0,287.0,277.0,287.0,baseline,chest+empatica,chest+empatica+forearm,gel,ecg/LDM5_w0017.npy,acc_chest/LDM5_w0017.npy,ppg_wrist/LDM5_w0017.npy,0.416,15.486,False,0.0,0.0,0.0
LDM5_w0018,LDM5,18,287.0,297.0,287.0,297.0,baseline,chest+empatica,chest+empatica+forearm,gel,ecg/LDM5_w0018.npy,acc_chest/LDM5_w0018.npy,ppg_wrist/LDM5_w0018.npy,0.416,15.486,False,0.0,0.0,0.0
LDM5_w0019,LDM5,19,297.0,307.0,297.0,307.0,baseline,chest+empatica,chest+empatica+forearm,gel,ecg/LDM5_w0019.npy,acc_chest/LDM5_w0019.npy,ppg_wrist/LDM5_w0019.npy,0.416,15.486,False,0.0,0.0,0.0
LDM5_w0020,LDM5,20,307.0,317.0,307.0,317.0,baseline,chest+empatica,chest+empatica+forearm,gel,ecg/LDM5_w0020.npy,acc_chest/LDM5_w0020.npy,ppg_wrist/LDM5_w0020.npy,0.416,15.486,False,0.0,0.0,0.0
LDM5_w0021,LDM5,21,317.0,327.0,317.0,327.0,baseline,chest+empatica,chest+empatica+forearm,gel,ecg/LDM5_w0021.npy,acc_chest/LDM5_w0021.npy,ppg_wrist/LDM5_w0021.npy,0.416,15.486,False,0.0,0.0,0.0
LDM5_w0022,LDM5,22,327.0,337.0,327.0,337.0,baseline,chest+empatica,chest+empatica+forearm,gel,ecg/LDM5_w0022.npy,acc_chest/LDM5_w0022.npy,ppg_wrist/LDM5_w0022.npy,0.416,15.486,False,0.0,0.0,0.0
LDM5_w0023,LDM5,23,337.0,347.0,337.0,347.0,baseline,chest+empatica,chest+empatica+forearm,gel,ecg/LDM5_w0023.npy,acc_chest/LDM5_w0023.npy,ppg_wrist/LDM5_w0023.npy,0.416,15.486,False,0.0,0.0,0.0
LDM5_w0024,LDM5,24,347.0,357.0,347.0,357.0,baseline,chest+empatica,chest+empatica+forearm,gel,ecg/LDM5_w0024.npy,acc_chest/LDM5_w0024.npy,ppg_wrist/LDM5_w0024.npy,0.416,15.486,False,0.0,0.0,0.0
LDM5_w0025,LDM5,25,357.0,367.0,357.0,367.0,baseline,chest+empatica,chest+empatica+forearm,gel,ecg/LDM5_w0025.npy,acc_chest/LDM5_w0025.npy,ppg_wrist/LDM5_w0025.npy,0.416,15.486,False,0.0,0.0,0.0
LDM5_w0026,LDM5,26,367.0,377.0,367.0,377.0,baseline,chest+empatica,chest+empatica+forearm,gel,ecg/LDM5_w0026.npy,acc_chest/LDM5_w0026.npy,ppg_wrist/LDM5_w0026.npy,0.416,15.486,False,0.0,0.0,0.0
LDM5_w0027,LDM5,27,377.0,387.0,377.0,387.0,baseline,chest+empatica,chest+empatica+forearm,gel,ecg/LDM5_w0027.npy,acc_chest/LDM5_w0027.npy,ppg_wrist/LDM5_w0027.npy,0.416,15.486,False,0.0,0.0,0.0
LDM5_w0028,LDM5,28,387.0,397.0,387.0,397.0,baseline,chest+empatica,chest+empatica+forearm,gel,ecg/LDM5_w0028.npy,acc_chest/LDM5_w0028.npy,ppg_wrist/LDM5_w0028.npy,0.593,16.62,False,0.0,0.0,0.0
LDM5_w0029,LDM5,29,397.0,407.0,397.0,407.0,lift,chest+empatica,chest+empatica+forearm,gel,ecg/LDM5_w0029.npy,acc_chest/LDM5_w0029.npy,ppg_wrist/LDM5_w0029.npy,0.676,3.126,False,0.0,0.0,0.0
LDM5_w0030,LDM5,30,407.0,417.0,407.0,417.0,lift,chest+empatica,chest+empatica+forearm,gel,ecg/LDM5_w0030.npy,acc_chest/LDM5_w0030.npy,ppg_wrist/LDM5_w0030.npy,0.686,2.821,False,0.0,0.0,0.0
LDM5_w0031,LDM5,31,417.0,427.0,417.0,427.0,lift,chest+empatica,chest+empatica+forearm,gel,ecg/LDM5_w0031.npy,acc_chest/LDM5_w0031.npy,ppg_wrist/LDM5_w0031.npy,0.68,2.591,False,0.0,0.0,0.0
LDM5_w0032,LDM5,32,427.0,437.0,427.0,437.0,lift,chest+empatica,chest+empatica+forearm,gel,ecg/LDM5_w0032.npy,acc_chest/LDM5_w0032.npy,ppg_wrist/LDM5_w0032.npy,0.707,2.858,False,0.0,0.0,0.0
LDM5_w0033,LDM5,33,437.0,447.0,437.0,447.0,lift,chest+empatica,chest+empatica+forearm,gel,ecg/LDM5_w0033.npy,acc_chest/LDM5_w0033.npy,ppg_wrist/LDM5_w0033.npy,0.719,3.187,False,0.0,0.0,0.0
LDM5_w0034,LDM5,34,447.0,457.0,447.0,457.0,lift,chest+empatica,chest+empatica+forearm,gel,ecg/LDM5_w0034.npy,acc_chest/LDM5_w0034.npy,ppg_wrist/LDM5_w0034.npy,0.73,3.192,False,0.0,0.0,0.0
LDM5_w0035,LDM5,35,457.0,467.0,457.0,467.0,lift,chest+empatica,chest+empatica+forearm,gel,ecg/LDM5_w0035.npy,acc_chest/LDM5_w0035.npy,ppg_wrist/LDM5_w0035.npy,0.72,16.615,False,0.0,0.0,0.0
LDM5_w0036,LDM5,36,467.0,477.0,467.0,477.0,lift,chest+empatica,chest+empatica+forearm,gel,ecg/LDM5_w0036.npy,acc_chest/LDM5_w0036.npy,ppg_wrist/LDM5_w0036.npy,0.416,15.486,False,0.0,0.0,0.0
LDM5_w0037,LDM5,37,477.0,487.0,477.0,487.0,lift,chest+empatica,chest+empatica+forearm,gel,ecg/LDM5_w0037.npy,acc_chest/LDM5_w0037.npy,ppg_wrist/LDM5_w0037.npy,0.712,16.506,False,0.0,0.0,0.0
LDM5_w0038,LDM5,38,487.0,497.0,487.0,497.0,greetings,chest+empatica,chest+empatica+forearm,gel,ecg/LDM5_w0038.npy,acc_chest/LDM5_w0038.npy,ppg_wrist/LDM5_w0038.npy,0.717,3.269,False,0.0,0.0,0.0
LDM5_w0039,LDM5,39,497.0,507.0,497.0,507.0,greetings,chest+empatica,chest+empatica+forearm,gel,ecg/LDM5_w0039.npy,acc_chest/LDM5_w0039.npy,ppg_wrist/LDM5_w0039.npy,0.733,3.263,False,0.0,0.0,0.0
LDM5_w0040,LDM5,40,507.0,517.0,507.0,517.0,greetings,chest+empatica,chest+empatica+forearm,gel,ecg/LDM5_w0040.npy,acc_chest/LDM5_w0040.npy,ppg_wrist/LDM5_w0040.npy,0.691,3.258,False,0.0,0.0,0.0
LDM5_w0041,LDM5,41,517.0,527.0,517.0,527.0,greetings,chest+empatica,chest+empatica+forearm,gel,ecg/LDM5_w0041.npy,acc_chest/LDM5_w0041.npy,ppg_wrist/LDM5_w0041.npy,0.711,3.237,False,0.0,0.0,0.0
LDM5_w0042,LDM5,42,527.0,537.0,527.0,537.0,greetings,chest+empatica,chest+empatica+forearm,gel,ecg/LDM5_w0042.npy,acc_chest/LDM5_w0042.npy,ppg_wrist/LDM5_w0042.npy,0.646,16.658,False,0.0,0.0,0.0
LDM5_w0043,LDM5,43,537.0,547.0,537.0,547.0,greetings,chest+empatica,chest+empatica+forearm,gel,ecg/LDM5_w0043.npy,acc_chest/LDM5_w0043.npy,ppg_wrist/LDM5_w0043.npy,0.416,15.486,False,0.0,0.0,0.0
LDM5_w0044,LDM5,44,547.0,557.0,547.0,557.0,greetings,chest+empatica,chest+empatica+forearm,gel,ecg/LDM5_w0044.npy,acc_chest/LDM5_w0044.npy,ppg_wrist/LDM5_w0044.npy,0.416,15.486,False,0.0,0.0,0.0
LDM5_w0045,LDM5,45,557.0,567.0,557.0,567.0,greetings,chest+empatica,chest+empatica+forearm,gel,ecg/LDM5_w0045.npy,acc_chest/LDM5_w0045.npy,ppg_wrist/LDM5_w0045.npy,0.416,15.486,False,0.0,0.0,0.0
LDM5_w0046,LDM5,46,567.0,577.0,567.0,577.0,greetings,chest+empatica,chest+empatica+forearm,gel,ecg/LDM5_w0046.npy,acc_chest/LDM5_w0046.npy,ppg_wrist/LDM5_w0046.npy,0.416,15.486,False,0.0,0.0,0.0
LDM5_w0047,LDM5,47,577.0,587.0,577.0,587.0,greetings,chest+empatica,chest+empatica+forearm,gel,ecg/LDM5_w0047.npy,acc_chest/LDM5_w0047.npy,ppg_wrist/LDM5_w0047.npy,0.416,15.486,False,0.0,0.0,0.0
LDM5_w0048,LDM5,48,587.0,597.0,587.0,597.0,greetings,chest+empatica,chest+empatica+forearm,gel,ecg/LDM5_w0048.npy,acc_chest/LDM5_w0048.npy,ppg_wrist/LDM5_w0048.npy,0.928,16.566,False,0.0,0.0,0.0
LDM5_w0049,LDM5,49,597.0,607.0,597.0,607.0,gesticulate,chest+empatica,chest+empatica+forearm,gel,ecg/LDM5_w0049.npy,acc_chest/LDM5_w0049.npy,ppg_wrist/LDM5_w0049.npy,0.708,3.201,False,0.0,0.0,0.0
LDM5_w0050,LDM5,50,607.0,617.0,607.0,617.0,gesticulate,chest+empatica,chest+empatica+forearm,gel,ecg/LDM5_w0050.npy,acc_chest/LDM5_w0050.npy,ppg_wrist/LDM5_w0050.npy,0.735,3.234,False,0.0,0.0,0.0
LDM5_w0051,LDM5,51,617.0,627.0,617.0,627.0,gesticulate,chest+empatica,chest+empatica+forearm,gel,ecg/LDM5_w0051.npy,acc_chest/LDM5_w0051.npy,ppg_wrist/LDM5_w0051.npy,0.71,3.243,False,0.0,0.0,0.0
LDM5_w0052,LDM5,52,627.0,637.0,627.0,637.0,gesticulate,chest+empatica,chest+empatica+forearm,gel,ecg/LDM5_w0052.npy,acc_chest/LDM5_w0052.npy,ppg_wrist/LDM5_w0052.npy,0.701,3.255,False,0.0,0.0,0.0
LDM5_w0053,LDM5,53,637.0,647.0,637.0,647.0,gesticulate,chest+empatica,chest+empatica+forearm,gel,ecg/LDM5_w0053.npy,acc_chest/LDM5_w0053.npy,ppg_wrist/LDM5_w0053.npy,0.71,3.245,False,0.0,0.0,0.0
LDM5_w0054,LDM5,54,647.0,657.0,647.0,657.0,gesticulate,chest+empatica,chest+empatica+forearm,gel,ecg/LDM5_w0054.npy,acc_chest/LDM5_w0054.npy,ppg_wrist/LDM5_w0054.npy,0.707,3.23,False,0.0,0.0,0.0
LDM5_w0055,LDM5,55,657.0,667.0,657.0,667.0,gesticulate,chest+empatica,chest+empatica+forearm,gel,ecg/LDM5_w0055.npy,acc_chest/LDM5_w0055.npy,ppg_wrist/LDM5_w0055.npy,0.725,3.252,False,0.0,0.0,0.0
LDM5_w0056,LDM5,56,667.0,677.0,667.0,677.0,gesticulate,chest+empatica,chest+empatica+forearm,gel,ecg/LDM5_w0056.npy,acc_chest/LDM5_w0056.npy,ppg_wrist/LDM5_w0056.npy,0.716,3.253,False,0.0,0.0,0.0
LDM5_w0057,LDM5,57,677.0,687.0,677.0,687.0,gesticulate,chest+empatica,chest+empatica+forearm,gel,ecg/LDM5_w0057.npy,acc_chest/LDM5_w0057.npy,ppg_wrist/LDM5_w0057.npy,0.728,3.261,False,0.0,0.0,0.0
LDM5_w0058,LDM5,58,687.0,697.0,687.0,697.0,gesticulate,chest+empatica,chest+empatica+forearm,gel,ecg/LDM5_w0058.npy,acc_chest/LDM5_w0058.npy,ppg_wrist/LDM5_w0058.npy,0.705,3.253,False,0.0,0.0,0.0
LDM5_w0059,LDM5,59,697.0,707.0,697.0,707.0,gesticulate,chest+empatica,chest+empatica+forearm,gel,ecg/LDM5_w0059.npy,acc_chest/LDM5_w0059.npy,ppg_wrist/LDM5_w0059.npy,0.591,16.615,False,0.0,0.0,0.0
LDM5_w0060,LDM5,60,707.0,717.0,707.0,717.0,gesticulate,chest+empatica,chest+empatica+forearm,gel,ecg/LDM5_w0060.npy,acc_chest/LDM5_w0060.npy,ppg_wrist/LDM5_w0060.npy,0.416,15.486,False,0.0,0.0,0.0
LDM5_w0061,LDM5,61,717.0,727.0,717.0,727.0,gesticulate,chest+empatica,chest+empatica+forearm,gel,ecg/LDM5_w0061.npy,acc_chest/LDM5_w0061.npy,ppg_wrist/LDM5_w0061.npy,0.416,15.486,False,0.0,0.0,0.0
LDM5_w0062,LDM5,62,727.0,737.0,727.0,737.0,gesticulate,chest+empatica,chest+empatica+forearm,gel,ecg/LDM5_w0062.npy,acc_chest/LDM5_w0062.npy,ppg_wrist/LDM5_w0062.npy,0.416,15.486,False,0.0,0.0,0.0
LDM5_w0063,LDM5,63,737.0,747.0,737.0,747.0,gesticulate,chest+empatica,chest+empatica+forearm,gel,ecg/LDM5_w0063.npy,acc_chest/LDM5_w0063.npy,ppg_wrist/LDM5_w0063.npy,0.416,15.486,False,0.0,0.0,0.0
LDM5_w0064,LDM5,64,747.0,757.0,747.0,757.0,gesticulate,chest+empatica,chest+empatica+forearm,gel,ecg/LDM5_w0064.npy,acc_chest/LDM5_w0064.npy,ppg_wrist/LDM5_w0064.npy,0.416,15.486,False,0.0,0.0,0.0
LDM5_w0065,LDM5,65,757.0,767.0,757.0,767.0,gesticulate,chest+empatica,chest+empatica+forearm,gel,ecg/LDM5_w0065.npy,acc_chest/LDM5_w0065.npy,ppg_wrist/LDM5_w0065.npy,0.416,15.486,False,0.0,0.0,0.0
LDM5_w0066,LDM5,66,767.0,777.0,767.0,777.0,gesticulate,chest+empatica,chest+empatica+forearm,gel,ecg/LDM5_w0066.npy,acc_chest/LDM5_w0066.npy,ppg_wrist/LDM5_w0066.npy,0.416,15.486,False,0.0,0.0,0.0
LDM5_w0067,LDM5,67,777.0,787.0,777.0,787.0,gesticulate,chest+empatica,chest+empatica+forearm,gel,ecg/LDM5_w0067.npy,acc_chest/LDM5_w0067.npy,ppg_wrist/LDM5_w0067.npy,0.416,15.486,False,0.0,0.0,0.0
LDM5_w0068,LDM5,68,787.0,797.0,787.0,797.0,gesticulate,chest+empatica,chest+empatica+forearm,gel,ecg/LDM5_w0068.npy,acc_chest/LDM5_w0068.npy,ppg_wrist/LDM5_w0068.npy,0.416,15.486,False,0.0,0.0,0.0
LDM5_w0069,LDM5,69,797.0,807.0,797.0,807.0,gesticulate,chest+empatica,chest+empatica+forearm,gel,ecg/LDM5_w0069.npy,acc_chest/LDM5_w0069.npy,ppg_wrist/LDM5_w0069.npy,0.416,15.486,False,0.0,0.0,0.0
LDM5_w0070,LDM5,70,807.0,817.0,807.0,817.0,gesticulate,chest+empatica,chest+empatica+forearm,gel,ecg/LDM5_w0070.npy,acc_chest/LDM5_w0070.npy,ppg_wrist/LDM5_w0070.npy,0.416,15.486,False,0.0,0.0,0.0
LDM5_w0071,LDM5,71,817.0,827.0,817.0,827.0,gesticulate,chest+empatica,chest+empatica+forearm,gel,ecg/LDM5_w0071.npy,acc_chest/LDM5_w0071.npy,ppg_wrist/LDM5_w0071.npy,1.195,16.537,False,0.0,0.0,0.0
LDM5_w0072,LDM5,72,827.0,837.0,827.0,837.0,gesticulate,chest+empatica,chest+empatica+forearm,gel,ecg/LDM5_w0072.npy,acc_chest/LDM5_w0072.npy,ppg_wrist/LDM5_w0072.npy,0.74,3.22,False,0.0,0.0,0.0
LDM5_w0073,LDM5,73,837.0,847.0,837.0,847.0,gesticulate,chest+empatica,chest+empatica+forearm,gel,ecg/LDM5_w0073.npy,acc_chest/LDM5_w0073.npy,ppg_wrist/LDM5_w0073.npy,0.711,3.358,False,0.0,0.0,0.0
LDM5_w0074,LDM5,74,847.0,857.0,847.0,857.0,gesticulate,chest+empatica,chest+empatica+forearm,gel,ecg/LDM5_w0074.npy,acc_chest/LDM5_w0074.npy,ppg_wrist/LDM5_w0074.npy,0.712,3.582,False,0.0,0.0,0.0
LDM5_w0075,LDM5,75,857.0,867.0,857.0,867.0,gesticulate,chest+empatica,chest+empatica+forearm,gel,ecg/LDM5_w0075.npy,acc_chest/LDM5_w0075.npy,ppg_wrist/LDM5_w0075.npy,0.712,3.369,False,0.0,0.0,0.0
LDM5_w0076,LDM5,76,867.0,877.0,867.0,877.0,gesticulate,chest+empatica,chest+empatica+forearm,gel,ecg/LDM5_w0076.npy,acc_chest/LDM5_w0076.npy,ppg_wrist/LDM5_w0076.npy,0.695,3.302,False,0.0,0.0,0.0
LDM5_w0077,LDM5,77,877.0,887.0,877.0,887.0,gesticulate,chest+empatica,chest+empatica+forearm,gel,ecg/LDM5_w0077.npy,acc_chest/LDM5_w0077.npy,ppg_wrist/LDM5_w0077.npy,0.729,3.494,False,0.0,0.0,0.0
LDM5_w0078,LDM5,78,887.0,897.0,887.0,897.0,gesticulate,chest+empatica,chest+empatica+forearm,gel,ecg/LDM5_w0078.npy,acc_chest/LDM5_w0078.npy,ppg_wrist/LDM5_w0078.npy,0.734,3.462,False,0.0,0.0,0.0
LDM5_w0079,LDM5,79,897.0,907.0,897.0,907.0,walk_before,chest+empatica,chest+empatica+forearm,gel,ecg/LDM5_w0079.npy,acc_chest/LDM5_w0079.npy,ppg_wrist/LDM5_w0079.npy,0.773,3.306,False,0.0,0.0,0.0
LDM5_w0080,LDM5,80,907.0,917.0,907.0,917.0,walk_before,chest+empatica,chest+empatica+forearm,gel,ecg/LDM5_w0080.npy,acc_chest/LDM5_w0080.npy,ppg_wrist/LDM5_w0080.npy,0.717,3.337,False,0.0,0.0,0.0
LDM5_w0081,LDM5,81,917.0,927.0,917.0,927.0,walk_before,chest+empatica,chest+empatica+forearm,gel,ecg/LDM5_w0081.npy,acc_chest/LDM5_w0081.npy,ppg_wrist/LDM5_w0081.npy,0.722,3.331,False,0.0,0.0,0.0
LDM5_w0082,LDM5,82,927.0,937.0,927.0,937.0,walk_before,chest+empatica,chest+empatica+forearm,gel,ecg/LDM5_w0082.npy,acc_chest/LDM5_w0082.npy,ppg_wrist/LDM5_w0082.npy,0.804,3.522,False,0.0,0.0,0.0
LDM5_w0083,LDM5,83,937.0,947.0,937.0,947.0,walk_before,chest+empatica,chest+empatica+forearm,gel,ecg/LDM5_w0083.npy,acc_chest/LDM5_w0083.npy,ppg_wrist/LDM5_w0083.npy,0.849,3.589,False,0.0,0.0,0.0
LDM5_w0084,LDM5,84,947.0,957.0,947.0,957.0,walk_before,chest+empatica,chest+empatica+forearm,gel,ecg/LDM5_w0084.npy,acc_chest/LDM5_w0084.npy,ppg_wrist/LDM5_w0084.npy,0.851,3.34,False,0.0,0.0,0.0
LDM5_w0085,LDM5,85,957.0,967.0,957.0,967.0,walk_before,chest+empatica,chest+empatica+forearm,gel,ecg/LDM5_w0085.npy,acc_chest/LDM5_w0085.npy,ppg_wrist/LDM5_w0085.npy,0.856,3.196,False,0.0,0.0,0.0
LDM5_w0086,LDM5,86,967.0,977.0,967.0,977.0,walk_before,chest+empatica,chest+empatica+forearm,gel,ecg/LDM5_w0086.npy,acc_chest/LDM5_w0086.npy,ppg_wrist/LDM5_w0086.npy,0.842,3.631,False,0.0,0.0,0.0
LDM5_w0087,LDM5,87,977.0,987.0,977.0,987.0,walk_before,chest+empatica,chest+empatica+forearm,gel,ecg/LDM5_w0087.npy,acc_chest/LDM5_w0087.npy,ppg_wrist/LDM5_w0087.npy,0.91,3.598,False,0.0,0.0,0.0
LDM5_w0088,LDM5,88,987.0,997.0,987.0,997.0,walk_before,chest+empatica,chest+empatica+forearm,gel,ecg/LDM5_w0088.npy,acc_chest/LDM5_w0088.npy,ppg_wrist/LDM5_w0088.npy,0.862,3.541,False,0.0,0.0,0.0
LDM5_w0089,LDM5,89,997.0,1007.0,997.0,1007.0,walk_before,chest+empatica,chest+empatica+forearm,gel,ecg/LDM5_w0089.npy,acc_chest/LDM5_w0089.npy,ppg_wrist/LDM5_w0089.npy,0.834,3.61,False,0.0,0.0,0.0
LDM5_w0090,LDM5,90,1007.0,1017.0,1007.0,1017.0,walk_before,chest+empatica,chest+empatica+forearm,gel,ecg/LDM5_w0090.npy,acc_chest/LDM5_w0090.npy,ppg_wrist/LDM5_w0090.npy,0.844,3.433,False,0.0,0.0,0.0
LDM5_w0091,LDM5,91,1017.0,1027.0,1017.0,1027.0,walk_before,chest+empatica,chest+empatica+forearm,gel,ecg/LDM5_w0091.npy,acc_chest/LDM5_w0091.npy,ppg_wrist/LDM5_w0091.npy,0.849,3.297,False,0.0,0.0,0.0
LDM5_w0092,LDM5,92,1027.0,1037.0,1027.0,1037.0,walk_before,chest+empatica,chest+empatica+forearm,gel,ecg/LDM5_w0092.npy,acc_chest/LDM5_w0092.npy,ppg_wrist/LDM5_w0092.npy,0.843,3.439,False,0.0,0.0,0.0
LDM5_w0093,LDM5,93,1037.0,1047.0,1037.0,1047.0,walk_before,chest+empatica,chest+empatica+forearm,gel,ecg/LDM5_w0093.npy,acc_chest/LDM5_w0093.npy,ppg_wrist/LDM5_w0093.npy,0.857,3.622,False,0.0,0.0,0.0
LDM5_w0094,LDM5,94,1047.0,1057.0,1047.0,1057.0,walk_before,chest+empatica,chest+empatica+forearm,gel,ecg/LDM5_w0094.npy,acc_chest/LDM5_w0094.npy,ppg_wrist/LDM5_w0094.npy,0.841,3.319,False,0.0,0.0,0.0
LDM5_w0095,LDM5,95,1057.0,1067.0,1057.0,1067.0,walk_before,chest+empatica,chest+empatica+forearm,gel,ecg/LDM5_w0095.npy,acc_chest/LDM5_w0095.npy,ppg_wrist/LDM5_w0095.npy,0.831,3.085,False,0.0,0.0,0.0
LDM5_w0096,LDM5,96,1067.0,1077.0,1067.0,1077.0,walk_before,chest+empatica,chest+empatica+forearm,gel,ecg/LDM5_w0096.npy,acc_chest/LDM5_w0096.npy,ppg_wrist/LDM5_w0096.npy,0.82,3.226,False,0.0,0.0,0.0
LDM5_w0097,LDM5,97,1077.0,1087.0,1077.0,1087.0,walk_before,chest+empatica,chest+empatica+forearm,gel,ecg/LDM5_w0097.npy,acc_chest/LDM5_w0097.npy,ppg_wrist/LDM5_w0097.npy,0.838,3.361,False,0.0,0.0,0.0
LDM5_w0098,LDM5,98,1087.0,1097.0,1087.0,1097.0,walk_before,chest+empatica,chest+empatica+forearm,gel,ecg/LDM5_w0098.npy,acc_chest/LDM5_w0098.npy,ppg_wrist/LDM5_w0098.npy,0.838,3.29,False,0.0,0.0,0.0
LDM5_w0099,LDM5,99,1097.0,1107.0,1097.0,1107.0,walk_before,chest+empatica,chest+empatica+forearm,gel,ecg/LDM5_w0099.npy,acc_chest/LDM5_w0099.npy,ppg_wrist/LDM5_w0099.npy,0.795,3.267,False,0.0,0.0,0.0
LDM5_w0100,LDM5,100,1107.0,1117.0,1107.0,1117.0,walk_before,chest+empatica,chest+empatica+forearm,gel,ecg/LDM5_w0100.npy,acc_chest/LDM5_w0100.npy,ppg_wrist/LDM5_w0100.npy,0.838,3.585,False,0.0,0.0,0.0
LDM5_w0101,LDM5,101,1117.0,1127.0,1117.0,1127.0,walk_before,chest+empatica,chest+empatica+forearm,gel,ecg/LDM5_w0101.npy,acc_chest/LDM5_w0101.npy,ppg_wrist/LDM5_w0101.npy,0.853,3.63,False,0.0,0.0,0.0
LDM5_w0102,LDM5,102,1127.0,1137.0,1127.0,1137.0,walk_before,chest+empatica,chest+empatica+forearm,gel,ecg/LDM5_w0102.npy,acc_chest/LDM5_w0102.npy,ppg_wrist/LDM5_w0102.npy,0.836,16.212,False,0.0,0.0,0.0
LDM5_w0103,LDM5,103,1137.0,1147.0,1137.0,1147.0,walk_before,chest+empatica,chest+empatica+forearm,gel,ecg/LDM5_w0103.npy,acc_chest/LDM5_w0103.npy,ppg_wrist/LDM5_w0103.npy,0.416,15.486,False,0.0,0.0,0.0
LDM5_w0104,LDM5,104,1147.0,1157.0,1147.0,1157.0,walk_before,chest+empatica,chest+empatica+forearm,gel,ecg/LDM5_w0104.npy,acc_chest/LDM5_w0104.npy,ppg_wrist/LDM5_w0104.npy,0.416,15.486,False,0.0,0.0,0.0
LDM5_w0105,LDM5,105,1157.0,1167.0,1157.0,1167.0,walk_before,chest+empatica,chest+empatica+forearm,gel,ecg/LDM5_w0105.npy,acc_chest/LDM5_w0105.npy,ppg_wrist/LDM5_w0105.npy,0.416,15.486,False,0.0,0.0,0.0
LDM5_w0106,LDM5,106,1167.0,1177.0,1167.0,1177.0,walk_before,chest+empatica,chest+empatica+forearm,gel,ecg/LDM5_w0106.npy,acc_chest/LDM5_w0106.npy,ppg_wrist/LDM5_w0106.npy,0.416,15.486,False,0.0,0.0,0.0
LDM5_w0107,LDM5,107,1177.0,1187.0,1177.0,1187.0,walk_before,chest+empatica,chest+empatica+forearm,gel,ecg/LDM5_w0107.npy,acc_chest/LDM5_w0107.npy,ppg_wrist/LDM5_w0107.npy,0.416,15.486,False,0.0,0.0,0.0
LDM5_w0108,LDM5,108,1187.0,1197.0,1187.0,1197.0,walk_before,chest+empatica,chest+empatica+forearm,gel,ecg/LDM5_w0108.npy,acc_chest/LDM5_w0108.npy,ppg_wrist/LDM5_w0108.npy,1.269,16.777,False,0.0,0.0,0.0
LDM5_w0109,LDM5,109,1197.0,1207.0,1197.0,1207.0,run,chest+empatica,chest+empatica+forearm,gel,ecg/LDM5_w0109.npy,acc_chest/LDM5_w0109.npy,ppg_wrist/LDM5_w0109.npy,1.023,3.067,False,0.0,0.0,0.0
LDM5_w0110,LDM5,110,1207.0,1217.0,1207.0,1217.0,run,chest+empatica,chest+empatica+forearm,gel,ecg/LDM5_w0110.npy,acc_chest/LDM5_w0110.npy,ppg_wrist/LDM5_w0110.npy,1.841,3.952,False,0.0,0.0,0.0
LDM5_w0111,LDM5,111,1217.0,1227.0,1217.0,1227.0,run,chest+empatica,chest+empatica+forearm,gel,ecg/LDM5_w0111.npy,acc_chest/LDM5_w0111.npy,ppg_wrist/LDM5_w0111.npy,1.674,4.33,False,0.0,0.0,0.0
LDM5_w0112,LDM5,112,1227.0,1237.0,1227.0,1237.0,run,chest+empatica,chest+empatica+forearm,gel,ecg/LDM5_w0112.npy,acc_chest/LDM5_w0112.npy,ppg_wrist/LDM5_w0112.npy,1.779,4.589,False,0.0,0.0,0.0
LDM5_w0113,LDM5,113,1237.0,1247.0,1237.0,1247.0,run,chest+empatica,chest+empatica+forearm,gel,ecg/LDM5_w0113.npy,acc_chest/LDM5_w0113.npy,ppg_wrist/LDM5_w0113.npy,1.92,4.406,False,0.0,0.0,0.0
LDM5_w0114,LDM5,114,1247.0,1257.0,1247.0,1257.0,run,chest+empatica,chest+empatica+forearm,gel,ecg/LDM5_w0114.npy,acc_chest/LDM5_w0114.npy,ppg_wrist/LDM5_w0114.npy,1.906,4.829,False,0.0,0.0,0.0
LDM5_w0115,LDM5,115,1257.0,1267.0,1257.0,1267.0,run,chest+empatica,chest+empatica+forearm,gel,ecg/LDM5_w0115.npy,acc_chest/LDM5_w0115.npy,ppg_wrist/LDM5_w0115.npy,1.843,4.739,False,0.0,0.0,0.0
LDM5_w0116,LDM5,116,1267.0,1277.0,1267.0,1277.0,run,chest+empatica,chest+empatica+forearm,gel,ecg/LDM5_w0116.npy,acc_chest/LDM5_w0116.npy,ppg_wrist/LDM5_w0116.npy,1.755,5.672,False,0.0,0.0,0.0
LDM5_w0117,LDM5,117,1277.0,1287.0,1277.0,1287.0,run,chest+empatica,chest+empatica+forearm,gel,ecg/LDM5_w0117.npy,acc_chest/LDM5_w0117.npy,ppg_wrist/LDM5_w0117.npy,1.689,6.01,False,0.0,0.0,0.0
LDM5_w0118,LDM5,118,1287.0,1297.0,1287.0,1297.0,run,chest+empatica,chest+empatica+forearm,gel,ecg/LDM5_w0118.npy,acc_chest/LDM5_w0118.npy,ppg_wrist/LDM5_w0118.npy,1.75,4.309,False,0.0,0.0,0.0
LDM5_w0119,LDM5,119,1297.0,1307.0,1297.0,1307.0,run,chest+empatica,chest+empatica+forearm,gel,ecg/LDM5_w0119.npy,acc_chest/LDM5_w0119.npy,ppg_wrist/LDM5_w0119.npy,1.758,4.099,False,0.0,0.0,0.0
LDM5_w0120,LDM5,120,1307.0,1317.0,1307.0,1317.0,run,chest+empatica,chest+empatica+forearm,gel,ecg/LDM5_w0120.npy,acc_chest/LDM5_w0120.npy,ppg_wrist/LDM5_w0120.npy,1.706,4.888,False,0.0,0.0,0.0
LDM5_w0121,LDM5,121,1317.0,1327.0,1317.0,1327.0,run,chest+empatica,chest+empatica+forearm,gel,ecg/LDM5_w0121.npy,acc_chest/LDM5_w0121.npy,ppg_wrist/LDM5_w0121.npy,1.637,4.67,False,0.0,0.0,0.0
LDM5_w0122,LDM5,122,1327.0,1337.0,1327.0,1337.0,run,chest+empatica,chest+empatica+forearm,gel,ecg/LDM5_w0122.npy,acc_chest/LDM5_w0122.npy,ppg_wrist/LDM5_w0122.npy,1.791,4.654,False,0.0,0.0,0.0
LDM5_w0123,LDM5,123,1337.0,1347.0,1337.0,1347.0,run,chest+empatica,chest+empatica+forearm,gel,ecg/LDM5_w0123.npy,acc_chest/LDM5_w0123.npy,ppg_wrist/LDM5_w0123.npy,2.063,5.116,False,0.0,0.0,0.0
LDM5_w0124,LDM5,124,1347.0,1357.0,1347.0,1357.0,run,chest+empatica,chest+empatica+forearm,gel,ecg/LDM5_w0124.npy,acc_chest/LDM5_w0124.npy,ppg_wrist/LDM5_w0124.npy,1.841,4.49,False,0.0,0.0,0.0
LDM5_w0125,LDM5,125,1357.0,1367.0,1357.0,1367.0,run,chest+empatica,chest+empatica+forearm,gel,ecg/LDM5_w0125.npy,acc_chest/LDM5_w0125.npy,ppg_wrist/LDM5_w0125.npy,1.565,4.146,False,0.0,0.0,0.0
LDM5_w0126,LDM5,126,1367.0,1377.0,1367.0,1377.0,run,chest+empatica,chest+empatica+forearm,gel,ecg/LDM5_w0126.npy,acc_chest/LDM5_w0126.npy,ppg_wrist/LDM5_w0126.npy,1.822,5.345,False,0.0,0.0,0.0
LDM5_w0127,LDM5,127,1377.0,1387.0,1377.0,1387.0,run,chest+empatica,chest+empatica+forearm,gel,ecg/LDM5_w0127.npy,acc_chest/LDM5_w0127.npy,ppg_wrist/LDM5_w0127.npy,1.97,5.225,False,0.0,0.0,0.0
LDM5_w0128,LDM5,128,1387.0,1397.0,1387.0,1397.0,run,chest+empatica,chest+empatica+forearm,gel,ecg/LDM5_w0128.npy,acc_chest/LDM5_w0128.npy,ppg_wrist/LDM5_w0128.npy,1.804,4.367,False,0.0,0.0,0.0
LDM5_w0129,LDM5,129,1397.0,1407.0,1397.0,1407.0,run,chest+empatica,chest+empatica+forearm,gel,ecg/LDM5_w0129.npy,acc_chest/LDM5_w0129.npy,ppg_wrist/LDM5_w0129.npy,1.794,4.976,False,0.0,0.0,0.0
LDM5_w0130,LDM5,130,1407.0,1417.0,1407.0,1417.0,run,chest+empatica,chest+empatica+forearm,gel,ecg/LDM5_w0130.npy,acc_chest/LDM5_w0130.npy,ppg_wrist/LDM5_w0130.npy,1.908,5.59,False,0.0,0.0,0.0
LDM5_w0131,LDM5,131,1417.0,1427.0,1417.0,1427.0,run,chest+empatica,chest+empatica+forearm,gel,ecg/LDM5_w0131.npy,acc_chest/LDM5_w0131.npy,ppg_wrist/LDM5_w0131.npy,2.032,5.262,False,0.0,0.0,0.0
LDM5_w0132,LDM5,132,1427.0,1437.0,1427.0,1437.0,run,chest+empatica,chest+empatica+forearm,gel,ecg/LDM5_w0132.npy,acc_chest/LDM5_w0132.npy,ppg_wrist/LDM5_w0132.npy,2.169,6.44,False,0.0,0.0,0.0
LDM5_w0133,LDM5,133,1437.0,1447.0,1437.0,1447.0,run,chest+empatica,chest+empatica+forearm,gel,ecg/LDM5_w0133.npy,acc_chest/LDM5_w0133.npy,ppg_wrist/LDM5_w0133.npy,2.041,6.934,False,0.0,0.0,0.0
LDM5_w0134,LDM5,134,1447.0,1457.0,1447.0,1457.0,run,chest+empatica,chest+empatica+forearm,gel,ecg/LDM5_w0134.npy,acc_chest/LDM5_w0134.npy,ppg_wrist/LDM5_w0134.npy,2.093,6.657,False,0.0,0.0,0.0
LDM5_w0135,LDM5,135,1457.0,1467.0,1457.0,1467.0,run,chest+empatica,chest+empatica+forearm,gel,ecg/LDM5_w0135.npy,acc_chest/LDM5_w0135.npy,ppg_wrist/LDM5_w0135.npy,1.879,4.647,False,0.0,0.0,0.0
LDM5_w0136,LDM5,136,1467.0,1477.0,1467.0,1477.0,run,chest+empatica,chest+empatica+forearm,gel,ecg/LDM5_w0136.npy,acc_chest/LDM5_w0136.npy,ppg_wrist/LDM5_w0136.npy,1.845,5.074,False,0.0,0.0,0.0
LDM5_w0137,LDM5,137,1477.0,1487.0,1477.0,1487.0,run,chest+empatica,chest+empatica+forearm,gel,ecg/LDM5_w0137.npy,acc_chest/LDM5_w0137.npy,ppg_wrist/LDM5_w0137.npy,1.927,4.72,False,0.0,0.0,0.0
LDM5_w0138,LDM5,138,1487.0,1497.0,1487.0,1497.0,run,chest+empatica,chest+empatica+forearm,gel,ecg/LDM5_w0138.npy,acc_chest/LDM5_w0138.npy,ppg_wrist/LDM5_w0138.npy,1.917,4.152,False,0.0,0.0,0.0
LDM5_w0139,LDM5,139,1497.0,1507.0,1497.0,1507.0,run,chest+empatica,chest+empatica+forearm,gel,ecg/LDM5_w0139.npy,acc_chest/LDM5_w0139.npy,ppg_wrist/LDM5_w0139.npy,1.398,3.829,False,0.0,0.0,0.0
LDM5_w0140,LDM5,140,1507.0,1517.0,1507.0,1517.0,run,chest+empatica,chest+empatica+forearm,gel,ecg/LDM5_w0140.npy,acc_chest/LDM5_w0140.npy,ppg_wrist/LDM5_w0140.npy,1.626,5.223,False,0.0,0.0,0.0
LDM5_w0141,LDM5,141,1517.0,1527.0,1517.0,1527.0,run,chest+empatica,chest+empatica+forearm,gel,ecg/LDM5_w0141.npy,acc_chest/LDM5_w0141.npy,ppg_wrist/LDM5_w0141.npy,1.456,4.381,False,0.0,0.0,0.0
LDM5_w0142,LDM5,142,1527.0,1537.0,1527.0,1537.0,run,chest+empatica,chest+empatica+forearm,gel,ecg/LDM5_w0142.npy,acc_chest/LDM5_w0142.npy,ppg_wrist/LDM5_w0142.npy,1.198,3.161,False,0.0,0.0,0.0
LDM5_w0143,LDM5,143,1537.0,1547.0,1537.0,1547.0,run,chest+empatica,chest+empatica+forearm,gel,ecg/LDM5_w0143.npy,acc_chest/LDM5_w0143.npy,ppg_wrist/LDM5_w0143.npy,0.824,3.17,False,0.0,0.0,0.0
LDM5_w0144,LDM5,144,1547.0,1557.0,1547.0,1557.0,run,chest+empatica,chest+empatica+forearm,gel,ecg/LDM5_w0144.npy,acc_chest/LDM5_w0144.npy,ppg_wrist/LDM5_w0144.npy,0.815,3.147,False,0.0,0.0,0.0
LDM5_w0145,LDM5,145,1557.0,1567.0,1557.0,1567.0,run,chest+empatica,chest+empatica+forearm,gel,ecg/LDM5_w0145.npy,acc_chest/LDM5_w0145.npy,ppg_wrist/LDM5_w0145.npy,1.421,3.794,False,0.0,0.0,0.0
LDM5_w0146,LDM5,146,1567.0,1577.0,1567.0,1577.0,run,chest+empatica,chest+empatica+forearm,gel,ecg/LDM5_w0146.npy,acc_chest/LDM5_w0146.npy,ppg_wrist/LDM5_w0146.npy,2.008,4.953,False,0.0,0.0,0.0
LDM5_w0147,LDM5,147,1577.0,1587.0,1577.0,1587.0,run,chest+empatica,chest+empatica+forearm,gel,ecg/LDM5_w0147.npy,acc_chest/LDM5_w0147.npy,ppg_wrist/LDM5_w0147.npy,2.044,4.756,False,0.0,0.0,0.0
LDM5_w0148,LDM5,148,1587.0,1597.0,1587.0,1597.0,run,chest+empatica,chest+empatica+forearm,gel,ecg/LDM5_w0148.npy,acc_chest/LDM5_w0148.npy,ppg_wrist/LDM5_w0148.npy,1.899,4.141,False,0.0,0.0,0.0
LDM5_w0149,LDM5,149,1597.0,1607.0,1597.0,1607.0,run,chest+empatica,chest+empatica+forearm,gel,ecg/LDM5_w0149.npy,acc_chest/LDM5_w0149.npy,ppg_wrist/LDM5_w0149.npy,1.951,4.371,False,0.0,0.0,0.0
LDM5_w0150,LDM5,150,1607.0,1617.0,1607.0,1617.0,run,chest+empatica,chest+empatica+forearm,gel,ecg/LDM5_w0150.npy,acc_chest/LDM5_w0150.npy,ppg_wrist/LDM5_w0150.npy,1.905,4.818,False,0.0,0.0,0.0
LDM5_w0151,LDM5,151,1617.0,1627.0,1617.0,1627.0,run,chest+empatica,chest+empatica+forearm,gel,ecg/LDM5_w0151.npy,acc_chest/LDM5_w0151.npy,ppg_wrist/LDM5_w0151.npy,2.096,5.133,False,0.0,0.0,0.0
LDM5_w0152,LDM5,152,1627.0,1637.0,1627.0,1637.0,run,chest+empatica,chest+empatica+forearm,gel,ecg/LDM5_w0152.npy,acc_chest/LDM5_w0152.npy,ppg_wrist/LDM5_w0152.npy,2.163,5.195,False,0.0,0.0,0.0
LDM5_w0153,LDM5,153,1637.0,1647.0,1637.0,1647.0,run,chest+empatica,chest+empatica+forearm,gel,ecg/LDM5_w0153.npy,acc_chest/LDM5_w0153.npy,ppg_wrist/LDM5_w0153.npy,1.978,4.606,False,0.0,0.0,0.0
LDM5_w0154,LDM5,154,1647.0,1657.0,1647.0,1657.0,run,chest+empatica,chest+empatica+forearm,gel,ecg/LDM5_w0154.npy,acc_chest/LDM5_w0154.npy,ppg_wrist/LDM5_w0154.npy,1.889,4.132,False,0.0,0.0,0.0
LDM5_w0155,LDM5,155,1657.0,1667.0,1657.0,1667.0,run,chest+empatica,chest+empatica+forearm,gel,ecg/LDM5_w0155.npy,acc_chest/LDM5_w0155.npy,ppg_wrist/LDM5_w0155.npy,1.751,3.808,False,0.0,0.0,0.0
LDM5_w0156,LDM5,156,1667.0,1677.0,1667.0,1677.0,run,chest+empatica,chest+empatica+forearm,gel,ecg/LDM5_w0156.npy,acc_chest/LDM5_w0156.npy,ppg_wrist/LDM5_w0156.npy,1.95,4.429,False,0.0,0.0,0.0
LDM5_w0157,LDM5,157,1677.0,1687.0,1677.0,1687.0,run,chest+empatica,chest+empatica+forearm,gel,ecg/LDM5_w0157.npy,acc_chest/LDM5_w0157.npy,ppg_wrist/LDM5_w0157.npy,1.933,4.228,False,0.0,0.0,0.0
LDM5_w0158,LDM5,158,1687.0,1697.0,1687.0,1697.0,run,chest+empatica,chest+empatica+forearm,gel,ecg/LDM5_w0158.npy,acc_chest/LDM5_w0158.npy,ppg_wrist/LDM5_w0158.npy,2.131,6.38,False,0.0,0.0,0.0
LDM5_w0159,LDM5,159,1697.0,1707.0,1697.0,1707.0,run,chest+empatica,chest+empatica+forearm,gel,ecg/LDM5_w0159.npy,acc_chest/LDM5_w0159.npy,ppg_wrist/LDM5_w0159.npy,1.942,5.818,False,0.0,0.0,0.0
LDM5_w0160,LDM5,160,1707.0,1717.0,1707.0,1717.0,run,chest+empatica,chest+empatica+forearm,gel,ecg/LDM5_w0160.npy,acc_chest/LDM5_w0160.npy,ppg_wrist/LDM5_w0160.npy,2.022,4.52,False,0.0,0.0,0.0
LDM5_w0161,LDM5,161,1717.0,1727.0,1717.0,1727.0,run,chest+empatica,chest+empatica+forearm,gel,ecg/LDM5_w0161.npy,acc_chest/LDM5_w0161.npy,ppg_wrist/LDM5_w0161.npy,1.745,3.771,False,0.0,0.0,0.0
LDM5_w0162,LDM5,162,1727.0,1737.0,1727.0,1737.0,run,chest+empatica,chest+empatica+forearm,gel,ecg/LDM5_w0162.npy,acc_chest/LDM5_w0162.npy,ppg_wrist/LDM5_w0162.npy,1.605,3.59,False,0.0,0.0,0.0
LDM5_w0163,LDM5,163,1737.0,1747.0,1737.0,1747.0,run,chest+empatica,chest+empatica+forearm,gel,ecg/LDM5_w0163.npy,acc_chest/LDM5_w0163.npy,ppg_wrist/LDM5_w0163.npy,1.657,3.866,False,0.0,0.0,0.0
LDM5_w0164,LDM5,164,1747.0,1757.0,1747.0,1757.0,run,chest+empatica,chest+empatica+forearm,gel,ecg/LDM5_w0164.npy,acc_chest/LDM5_w0164.npy,ppg_wrist/LDM5_w0164.npy,1.499,3.712,False,0.0,0.0,0.0
LDM5_w0165,LDM5,165,1757.0,1767.0,1757.0,1767.0,run,chest+empatica,chest+empatica+forearm,gel,ecg/LDM5_w0165.npy,acc_chest/LDM5_w0165.npy,ppg_wrist/LDM5_w0165.npy,0.814,16.584,False,0.0,0.0,0.0
LDM5_w0166,LDM5,166,1767.0,1777.0,1767.0,1777.0,run,chest+empatica,chest+empatica+forearm,gel,ecg/LDM5_w0166.npy,acc_chest/LDM5_w0166.npy,ppg_wrist/LDM5_w0166.npy,0.416,15.486,False,0.0,0.0,0.0
LDM5_w0167,LDM5,167,1777.0,1787.0,1777.0,1787.0,run,chest+empatica,chest+empatica+forearm,gel,ecg/LDM5_w0167.npy,acc_chest/LDM5_w0167.npy,ppg_wrist/LDM5_w0167.npy,0.416,15.486,False,0.0,0.0,0.0
LDM5_w0168,LDM5,168,1787.0,1797.0,1787.0,1797.0,run,chest+empatica,chest+empatica+forearm,gel,ecg/LDM5_w0168.npy,acc_chest/LDM5_w0168.npy,ppg_wrist/LDM5_w0168.npy,0.835,16.462,False,0.0,0.0,0.0
LDM5_w0169,LDM5,169,1797.0,1807.0,1797.0,1807.0,run,chest+empatica,chest+empatica+forearm,gel,ecg/LDM5_w0169.npy,acc_chest/LDM5_w0169.npy,ppg_wrist/LDM5_w0169.npy,1.008,3.384,False,0.0,0.0,0.0
LDM5_w0170,LDM5,170,1807.0,1817.0,1807.0,1817.0,run,chest+empatica,chest+empatica+forearm,gel,ecg/LDM5_w0170.npy,acc_chest/LDM5_w0170.npy,ppg_wrist/LDM5_w0170.npy,1.761,4.142,False,0.0,0.0,0.0
LDM5_w0171,LDM5,171,1817.0,1827.0,1817.0,1827.0,run,chest+empatica,chest+empatica+forearm,gel,ecg/LDM5_w0171.npy,acc_chest/LDM5_w0171.npy,ppg_wrist/LDM5_w0171.npy,1.872,4.43,False,0.0,0.0,0.0
LDM5_w0172,LDM5,172,1827.0,1837.0,1827.0,1837.0,run,chest+empatica,chest+empatica+forearm,gel,ecg/LDM5_w0172.npy,acc_chest/LDM5_w0172.npy,ppg_wrist/LDM5_w0172.npy,1.798,4.077,False,0.0,0.0,0.0
LDM5_w0173,LDM5,173,1837.0,1847.0,1837.0,1847.0,run,chest+empatica,chest+empatica+forearm,gel,ecg/LDM5_w0173.npy,acc_chest/LDM5_w0173.npy,ppg_wrist/LDM5_w0173.npy,1.941,4.624,False,0.0,0.0,0.0
LDM5_w0174,LDM5,174,1847.0,1857.0,1847.0,1857.0,run,chest+empatica,chest+empatica+forearm,gel,ecg/LDM5_w0174.npy,acc_chest/LDM5_w0174.npy,ppg_wrist/LDM5_w0174.npy,1.99,5.311,False,0.0,0.0,0.0
LDM5_w0175,LDM5,175,1857.0,1867.0,1857.0,1867.0,run,chest+empatica,chest+empatica+forearm,gel,ecg/LDM5_w0175.npy,acc_chest/LDM5_w0175.npy,ppg_wrist/LDM5_w0175.npy,1.839,4.528,False,0.0,0.0,0.0
LDM5_w0176,LDM5,176,1867.0,1877.0,1867.0,1877.0,run,chest+empatica,chest+empatica+forearm,gel,ecg/LDM5_w0176.npy,acc_chest/LDM5_w0176.npy,ppg_wrist/LDM5_w0176.npy,1.813,3.886,False,0.0,0.0,0.0
LDM5_w0177,LDM5,177,1877.0,1887.0,1877.0,1887.0,run,chest+empatica,chest+empatica+forearm,gel,ecg/LDM5_w0177.npy,acc_chest/LDM5_w0177.npy,ppg_wrist/LDM5_w0177.npy,1.947,4.34,False,0.0,0.0,0.0
LDM5_w0178,LDM5,178,1887.0,1897.0,1887.0,1897.0,run,chest+empatica,chest+empatica+forearm,gel,ecg/LDM5_w0178.npy,acc_chest/LDM5_w0178.npy,ppg_wrist/LDM5_w0178.npy,1.813,3.82,False,0.0,0.0,0.0
LDM5_w0179,LDM5,179,1897.0,1907.0,1897.0,1907.0,run,chest+empatica,chest+empatica+forearm,gel,ecg/LDM5_w0179.npy,acc_chest/LDM5_w0179.npy,ppg_wrist/LDM5_w0179.npy,1.906,5.222,False,0.0,0.0,0.0
LDM5_w0180,LDM5,180,1907.0,1917.0,1907.0,1917.0,run,chest+empatica,chest+empatica+forearm,gel,ecg/LDM5_w0180.npy,acc_chest/LDM5_w0180.npy,ppg_wrist/LDM5_w0180.npy,1.915,5.018,False,0.0,0.0,0.0
LDM5_w0181,LDM5,181,1917.0,1927.0,1917.0,1927.0,run,chest+empatica,chest+empatica+forearm,gel,ecg/LDM5_w0181.npy,acc_chest/LDM5_w0181.npy,ppg_wrist/LDM5_w0181.npy,1.907,5.249,False,0.0,0.0,0.0
LDM5_w0182,LDM5,182,1927.0,1937.0,1927.0,1937.0,run,chest+empatica,chest+empatica+forearm,gel,ecg/LDM5_w0182.npy,acc_chest/LDM5_w0182.npy,ppg_wrist/LDM5_w0182.npy,1.722,4.373,False,0.0,0.0,0.0
LDM5_w0183,LDM5,183,1937.0,1947.0,1937.0,1947.0,run,chest+empatica,chest+empatica+forearm,gel,ecg/LDM5_w0183.npy,acc_chest/LDM5_w0183.npy,ppg_wrist/LDM5_w0183.npy,1.803,4.292,False,0.0,0.0,0.0
LDM5_w0184,LDM5,184,1947.0,1957.0,1947.0,1957.0,run,chest+empatica,chest+empatica+forearm,gel,ecg/LDM5_w0184.npy,acc_chest/LDM5_w0184.npy,ppg_wrist/LDM5_w0184.npy,1.684,4.054,False,0.0,0.0,0.0
LDM5_w0185,LDM5,185,1957.0,1967.0,1957.0,1967.0,run,chest+empatica,chest+empatica+forearm,gel,ecg/LDM5_w0185.npy,acc_chest/LDM5_w0185.npy,ppg_wrist/LDM5_w0185.npy,1.558,3.533,False,0.0,0.0,0.0
LDM5_w0186,LDM5,186,1967.0,1977.0,1967.0,1977.0,run,chest+empatica,chest+empatica+forearm,gel,ecg/LDM5_w0186.npy,acc_chest/LDM5_w0186.npy,ppg_wrist/LDM5_w0186.npy,1.46,3.494,False,0.0,0.0,0.0
LDM5_w0187,LDM5,187,1977.0,1987.0,1977.0,1987.0,run,chest+empatica,chest+empatica+forearm,gel,ecg/LDM5_w0187.npy,acc_chest/LDM5_w0187.npy,ppg_wrist/LDM5_w0187.npy,1.209,3.651,False,0.0,0.0,0.0
LDM5_w0188,LDM5,188,1987.0,1997.0,1987.0,1997.0,run,chest+empatica,chest+empatica+forearm,gel,ecg/LDM5_w0188.npy,acc_chest/LDM5_w0188.npy,ppg_wrist/LDM5_w0188.npy,0.904,3.115,False,0.0,0.0,0.0
LDM5_w0189,LDM5,189,1997.0,2007.0,1997.0,2007.0,run,chest+empatica,chest+empatica+forearm,gel,ecg/LDM5_w0189.npy,acc_chest/LDM5_w0189.npy,ppg_wrist/LDM5_w0189.npy,0.888,3.296,False,0.0,0.0,0.0
LDM5_w0190,LDM5,190,2007.0,2017.0,2007.0,2017.0,run,chest+empatica,chest+empatica+forearm,gel,ecg/LDM5_w0190.npy,acc_chest/LDM5_w0190.npy,ppg_wrist/LDM5_w0190.npy,0.874,3.486,False,0.0,0.0,0.0
LDM5_w0191,LDM5,191,2017.0,2027.0,2017.0,2027.0,run,chest+empatica,chest+empatica+forearm,gel,ecg/LDM5_w0191.npy,acc_chest/LDM5_w0191.npy,ppg_wrist/LDM5_w0191.npy,1.042,3.434,False,0.0,0.0,0.0
LDM5_w0192,LDM5,192,2027.0,2037.0,2027.0,2037.0,run,chest+empatica,chest+empatica+forearm,gel,ecg/LDM5_w0192.npy,acc_chest/LDM5_w0192.npy,ppg_wrist/LDM5_w0192.npy,1.53,3.884,False,0.0,0.0,0.0
LDM5_w0193,LDM5,193,2037.0,2047.0,2037.0,2047.0,run,chest+empatica,chest+empatica+forearm,gel,ecg/LDM5_w0193.npy,acc_chest/LDM5_w0193.npy,ppg_wrist/LDM5_w0193.npy,1.533,3.783,False,0.0,0.0,0.0
LDM5_w0194,LDM5,194,2047.0,2057.0,2047.0,2057.0,run,chest+empatica,chest+empatica+forearm,gel,ecg/LDM5_w0194.npy,acc_chest/LDM5_w0194.npy,ppg_wrist/LDM5_w0194.npy,1.685,4.529,False,0.0,0.0,0.0
LDM5_w0195,LDM5,195,2057.0,2067.0,2057.0,2067.0,run,chest+empatica,chest+empatica+forearm,gel,ecg/LDM5_w0195.npy,acc_chest/LDM5_w0195.npy,ppg_wrist/LDM5_w0195.npy,1.639,4.824,False,0.0,0.0,0.0
LDM5_w0196,LDM5,196,2067.0,2077.0,2067.0,2077.0,run,chest+empatica,chest+empatica+forearm,gel,ecg/LDM5_w0196.npy,acc_chest/LDM5_w0196.npy,ppg_wrist/LDM5_w0196.npy,1.63,4.509,False,0.0,0.0,0.0
LDM5_w0197,LDM5,197,2077.0,2087.0,2077.0,2087.0,run,chest+empatica,chest+empatica+forearm,gel,ecg/LDM5_w0197.npy,acc_chest/LDM5_w0197.npy,ppg_wrist/LDM5_w0197.npy,1.612,4.103,False,0.0,0.0,0.0
LDM5_w0198,LDM5,198,2087.0,2097.0,2087.0,2097.0,run,chest+empatica,chest+empatica+forearm,gel,ecg/LDM5_w0198.npy,acc_chest/LDM5_w0198.npy,ppg_wrist/LDM5_w0198.npy,1.036,3.601,False,0.0,0.0,0.0
LDM5_w0199,LDM5,199,2097.0,2107.0,2097.0,2107.0,run,chest+empatica,chest+empatica+forearm,gel,ecg/LDM5_w0199.npy,acc_chest/LDM5_w0199.npy,ppg_wrist/LDM5_w0199.npy,1.26,3.893,False,0.0,0.0,0.0
LDM5_w0200,LDM5,200,2107.0,2117.0,2107.0,2117.0,run,chest+empatica,chest+empatica+forearm,gel,ecg/LDM5_w0200.npy,acc_chest/LDM5_w0200.npy,ppg_wrist/LDM5_w0200.npy,1.594,4.212,False,0.0,0.0,0.0
LDM5_w0201,LDM5,201,2117.0,2127.0,2117.0,2127.0,run,chest+empatica,chest+empatica+forearm,gel,ecg/LDM5_w0201.npy,acc_chest/LDM5_w0201.npy,ppg_wrist/LDM5_w0201.npy,1.678,4.03,False,0.0,0.0,0.0
LDM5_w0202,LDM5,202,2127.0,2137.0,2127.0,2137.0,run,chest+empatica,chest+empatica+forearm,gel,ecg/LDM5_w0202.npy,acc_chest/LDM5_w0202.npy,ppg_wrist/LDM5_w0202.npy,1.637,3.709,False,0.0,0.0,0.0
LDM5_w0203,LDM5,203,2137.0,2147.0,2137.0,2147.0,run,chest+empatica,chest+empatica+forearm,gel,ecg/LDM5_w0203.npy,acc_chest/LDM5_w0203.npy,ppg_wrist/LDM5_w0203.npy,1.718,3.996,False,0.0,0.0,0.0
LDM5_w0204,LDM5,204,2147.0,2157.0,2147.0,2157.0,run,chest+empatica,chest+empatica+forearm,gel,ecg/LDM5_w0204.npy,acc_chest/LDM5_w0204.npy,ppg_wrist/LDM5_w0204.npy,1.625,3.78,False,0.0,0.0,0.0
LDM5_w0205,LDM5,205,2157.0,2167.0,2157.0,2167.0,run,chest+empatica,chest+empatica+forearm,gel,ecg/LDM5_w0205.npy,acc_chest/LDM5_w0205.npy,ppg_wrist/LDM5_w0205.npy,1.678,3.645,False,0.0,0.0,0.0
LDM5_w0206,LDM5,206,2167.0,2177.0,2167.0,2177.0,run,chest+empatica,chest+empatica+forearm,gel,ecg/LDM5_w0206.npy,acc_chest/LDM5_w0206.npy,ppg_wrist/LDM5_w0206.npy,1.686,3.962,False,0.0,0.0,0.0
LDM5_w0207,LDM5,207,2177.0,2187.0,2177.0,2187.0,run,chest+empatica,chest+empatica+forearm,gel,ecg/LDM5_w0207.npy,acc_chest/LDM5_w0207.npy,ppg_wrist/LDM5_w0207.npy,1.654,3.632,False,0.0,0.0,0.0
LDM5_w0208,LDM5,208,2187.0,2197.0,2187.0,2197.0,run,chest+empatica,chest+empatica+forearm,gel,ecg/LDM5_w0208.npy,acc_chest/LDM5_w0208.npy,ppg_wrist/LDM5_w0208.npy,1.725,4.136,False,0.0,0.0,0.0
LDM5_w0209,LDM5,209,2197.0,2207.0,2197.0,2207.0,run,chest+empatica,chest+empatica+forearm,gel,ecg/LDM5_w0209.npy,acc_chest/LDM5_w0209.npy,ppg_wrist/LDM5_w0209.npy,1.649,4.303,False,0.0,0.0,0.0
LDM5_w0210,LDM5,210,2207.0,2217.0,2207.0,2217.0,run,chest+empatica,chest+empatica+forearm,gel,ecg/LDM5_w0210.npy,acc_chest/LDM5_w0210.npy,ppg_wrist/LDM5_w0210.npy,1.815,4.823,False,0.0,0.0,0.0
LDM5_w0211,LDM5,211,2217.0,2227.0,2217.0,2227.0,run,chest+empatica,chest+empatica+forearm,gel,ecg/LDM5_w0211.npy,acc_chest/LDM5_w0211.npy,ppg_wrist/LDM5_w0211.npy,1.635,4.421,False,0.0,0.0,0.0
LDM5_w0212,LDM5,212,2227.0,2237.0,2227.0,2237.0,run,chest+empatica,chest+empatica+forearm,gel,ecg/LDM5_w0212.npy,acc_chest/LDM5_w0212.npy,ppg_wrist/LDM5_w0212.npy,1.352,3.465,False,0.0,0.0,0.0
LDM5_w0213,LDM5,213,2237.0,2247.0,2237.0,2247.0,run,chest+empatica,chest+empatica+forearm,gel,ecg/LDM5_w0213.npy,acc_chest/LDM5_w0213.npy,ppg_wrist/LDM5_w0213.npy,1.74,4.076,False,0.0,0.0,0.0
LDM5_w0214,LDM5,214,2247.0,2257.0,2247.0,2257.0,run,chest+empatica,chest+empatica+forearm,gel,ecg/LDM5_w0214.npy,acc_chest/LDM5_w0214.npy,ppg_wrist/LDM5_w0214.npy,1.816,4.0,False,0.0,0.0,0.0
LDM5_w0215,LDM5,215,2257.0,2267.0,2257.0,2267.0,run,chest+empatica,chest+empatica+forearm,gel,ecg/LDM5_w0215.npy,acc_chest/LDM5_w0215.npy,ppg_wrist/LDM5_w0215.npy,1.783,4.015,False,0.0,0.0,0.0
LDM5_w0216,LDM5,216,2267.0,2277.0,2267.0,2277.0,run,chest+empatica,chest+empatica+forearm,gel,ecg/LDM5_w0216.npy,acc_chest/LDM5_w0216.npy,ppg_wrist/LDM5_w0216.npy,1.55,4.652,False,0.0,0.0,0.0
LDM5_w0217,LDM5,217,2277.0,2287.0,2277.0,2287.0,run,chest+empatica,chest+empatica+forearm,gel,ecg/LDM5_w0217.npy,acc_chest/LDM5_w0217.npy,ppg_wrist/LDM5_w0217.npy,0.874,3.33,False,0.0,0.0,0.0
LDM5_w0218,LDM5,218,2287.0,2297.0,2287.0,2297.0,run,chest+empatica,chest+empatica+forearm,gel,ecg/LDM5_w0218.npy,acc_chest/LDM5_w0218.npy,ppg_wrist/LDM5_w0218.npy,0.879,3.265,False,0.0,0.0,0.0
LDM5_w0219,LDM5,219,2297.0,2307.0,2297.0,2307.0,run,chest+empatica,chest+empatica+forearm,gel,ecg/LDM5_w0219.npy,acc_chest/LDM5_w0219.npy,ppg_wrist/LDM5_w0219.npy,0.921,3.615,False,0.0,0.0,0.0
LDM5_w0220,LDM5,220,2307.0,2317.0,2307.0,2317.0,run,chest+empatica,chest+empatica+forearm,gel,ecg/LDM5_w0220.npy,acc_chest/LDM5_w0220.npy,ppg_wrist/LDM5_w0220.npy,0.905,3.996,False,0.0,0.0,0.0
LDM5_w0221,LDM5,221,2317.0,2327.0,2317.0,2327.0,run,chest+empatica,chest+empatica+forearm,gel,ecg/LDM5_w0221.npy,acc_chest/LDM5_w0221.npy,ppg_wrist/LDM5_w0221.npy,0.899,3.74,False,0.0,0.0,0.0
LDM5_w0222,LDM5,222,2327.0,2337.0,2327.0,2337.0,run,chest+empatica,chest+empatica+forearm,gel,ecg/LDM5_w0222.npy,acc_chest/LDM5_w0222.npy,ppg_wrist/LDM5_w0222.npy,1.559,4.722,False,0.0,0.0,0.0
LDM5_w0223,LDM5,223,2337.0,2347.0,2337.0,2347.0,run,chest+empatica,chest+empatica+forearm,gel,ecg/LDM5_w0223.npy,acc_chest/LDM5_w0223.npy,ppg_wrist/LDM5_w0223.npy,1.699,4.798,False,0.0,0.0,0.0
LDM5_w0224,LDM5,224,2347.0,2357.0,2347.0,2357.0,run,chest+empatica,chest+empatica+forearm,gel,ecg/LDM5_w0224.npy,acc_chest/LDM5_w0224.npy,ppg_wrist/LDM5_w0224.npy,1.639,3.897,False,0.0,0.0,0.0
LDM5_w0225,LDM5,225,2357.0,2367.0,2357.0,2367.0,run,chest+empatica,chest+empatica+forearm,gel,ecg/LDM5_w0225.npy,acc_chest/LDM5_w0225.npy,ppg_wrist/LDM5_w0225.npy,1.881,4.513,False,0.0,0.0,0.0
LDM5_w0226,LDM5,226,2367.0,2377.0,2367.0,2377.0,run,chest+empatica,chest+empatica+forearm,gel,ecg/LDM5_w0226.npy,acc_chest/LDM5_w0226.npy,ppg_wrist/LDM5_w0226.npy,1.732,4.391,False,0.0,0.0,0.0
LDM5_w0227,LDM5,227,2377.0,2387.0,2377.0,2387.0,run,chest+empatica,chest+empatica+forearm,gel,ecg/LDM5_w0227.npy,acc_chest/LDM5_w0227.npy,ppg_wrist/LDM5_w0227.npy,1.677,4.619,False,0.0,0.0,0.0
LDM5_w0228,LDM5,228,2387.0,2397.0,2387.0,2397.0,run,chest+empatica,chest+empatica+forearm,gel,ecg/LDM5_w0228.npy,acc_chest/LDM5_w0228.npy,ppg_wrist/LDM5_w0228.npy,1.586,4.947,False,0.0,0.0,0.0
LDM5_w0229,LDM5,229,2397.0,2407.0,2397.0,2407.0,run,chest+empatica,chest+empatica+forearm,gel,ecg/LDM5_w0229.npy,acc_chest/LDM5_w0229.npy,ppg_wrist/LDM5_w0229.npy,1.745,4.675,False,0.0,0.0,0.0
LDM5_w0230,LDM5,230,2407.0,2417.0,2407.0,2417.0,run,chest+empatica,chest+empatica+forearm,gel,ecg/LDM5_w0230.npy,acc_chest/LDM5_w0230.npy,ppg_wrist/LDM5_w0230.npy,0.804,3.336,False,0.0,0.0,0.0
LDM5_w0231,LDM5,231,2417.0,2427.0,2417.0,2427.0,run,chest+empatica,chest+empatica+forearm,gel,ecg/LDM5_w0231.npy,acc_chest/LDM5_w0231.npy,ppg_wrist/LDM5_w0231.npy,0.796,3.441,False,0.0,0.0,0.0
LDM5_w0232,LDM5,232,2427.0,2437.0,2427.0,2437.0,run,chest+empatica,chest+empatica+forearm,gel,ecg/LDM5_w0232.npy,acc_chest/LDM5_w0232.npy,ppg_wrist/LDM5_w0232.npy,0.8,3.45,False,0.0,0.0,0.0
LDM5_w0233,LDM5,233,2437.0,2447.0,2437.0,2447.0,run,chest+empatica,chest+empatica+forearm,gel,ecg/LDM5_w0233.npy,acc_chest/LDM5_w0233.npy,ppg_wrist/LDM5_w0233.npy,0.826,3.455,False,0.0,0.0,0.0
LDM5_w0234,LDM5,234,2447.0,2457.0,2447.0,2457.0,run,chest+empatica,chest+empatica+forearm,gel,ecg/LDM5_w0234.npy,acc_chest/LDM5_w0234.npy,ppg_wrist/LDM5_w0234.npy,0.782,3.454,False,0.0,0.0,0.0
LDM5_w0235,LDM5,235,2457.0,2467.0,2457.0,2467.0,run,chest+empatica,chest+empatica+forearm,gel,ecg/LDM5_w0235.npy,acc_chest/LDM5_w0235.npy,ppg_wrist/LDM5_w0235.npy,0.918,3.872,False,0.0,0.0,0.0
LDM5_w0236,LDM5,236,2467.0,2477.0,2467.0,2477.0,run,chest+empatica,chest+empatica+forearm,gel,ecg/LDM5_w0236.npy,acc_chest/LDM5_w0236.npy,ppg_wrist/LDM5_w0236.npy,1.781,4.842,False,0.0,0.0,0.0
LDM5_w0237,LDM5,237,2477.0,2487.0,2477.0,2487.0,run,chest+empatica,chest+empatica+forearm,gel,ecg/LDM5_w0237.npy,acc_chest/LDM5_w0237.npy,ppg_wrist/LDM5_w0237.npy,1.86,5.215,False,0.0,0.0,0.0
LDM5_w0238,LDM5,238,2487.0,2497.0,2487.0,2497.0,run,chest+empatica,chest+empatica+forearm,gel,ecg/LDM5_w0238.npy,acc_chest/LDM5_w0238.npy,ppg_wrist/LDM5_w0238.npy,1.841,4.74,False,0.0,0.0,0.0
LDM5_w0239,LDM5,239,2497.0,2507.0,2497.0,2507.0,run,chest+empatica,chest+empatica+forearm,gel,ecg/LDM5_w0239.npy,acc_chest/LDM5_w0239.npy,ppg_wrist/LDM5_w0239.npy,1.752,4.327,False,0.0,0.0,0.0
LDM5_w0240,LDM5,240,2507.0,2517.0,2507.0,2517.0,run,chest+empatica,chest+empatica+forearm,gel,ecg/LDM5_w0240.npy,acc_chest/LDM5_w0240.npy,ppg_wrist/LDM5_w0240.npy,1.839,4.516,False,0.0,0.0,0.0
LDM5_w0241,LDM5,241,2517.0,2527.0,2517.0,2527.0,run,chest+empatica,chest+empatica+forearm,gel,ecg/LDM5_w0241.npy,acc_chest/LDM5_w0241.npy,ppg_wrist/LDM5_w0241.npy,1.876,5.212,False,0.0,0.0,0.0
LDM5_w0242,LDM5,242,2527.0,2537.0,2527.0,2537.0,run,chest+empatica,chest+empatica+forearm,gel,ecg/LDM5_w0242.npy,acc_chest/LDM5_w0242.npy,ppg_wrist/LDM5_w0242.npy,1.924,5.327,False,0.0,0.0,0.0
LDM5_w0243,LDM5,243,2537.0,2547.0,2537.0,2547.0,run,chest+empatica,chest+empatica+forearm,gel,ecg/LDM5_w0243.npy,acc_chest/LDM5_w0243.npy,ppg_wrist/LDM5_w0243.npy,1.831,5.112,False,0.0,0.0,0.0
LDM5_w0244,LDM5,244,2547.0,2557.0,2547.0,2557.0,run,chest+empatica,chest+empatica+forearm,gel,ecg/LDM5_w0244.npy,acc_chest/LDM5_w0244.npy,ppg_wrist/LDM5_w0244.npy,1.66,4.742,False,0.0,0.0,0.0
LDM5_w0245,LDM5,245,2557.0,2567.0,2557.0,2567.0,run,chest+empatica,chest+empatica+forearm,gel,ecg/LDM5_w0245.npy,acc_chest/LDM5_w0245.npy,ppg_wrist/LDM5_w0245.npy,1.78,4.342,False,0.0,0.0,0.0
LDM5_w0246,LDM5,246,2567.0,2577.0,2567.0,2577.0,run,chest+empatica,chest+empatica+forearm,gel,ecg/LDM5_w0246.npy,acc_chest/LDM5_w0246.npy,ppg_wrist/LDM5_w0246.npy,1.411,4.372,False,0.0,0.0,0.0
LDM5_w0247,LDM5,247,2577.0,2587.0,2577.0,2587.0,run,chest+empatica,chest+empatica+forearm,gel,ecg/LDM5_w0247.npy,acc_chest/LDM5_w0247.npy,ppg_wrist/LDM5_w0247.npy,0.87,3.462,False,0.0,0.0,0.0
LDM5_w0248,LDM5,248,2587.0,2597.0,2587.0,2597.0,run,chest+empatica,chest+empatica+forearm,gel,ecg/LDM5_w0248.npy,acc_chest/LDM5_w0248.npy,ppg_wrist/LDM5_w0248.npy,0.868,3.67,False,0.0,0.0,0.0
LDM5_w0249,LDM5,249,2597.0,2607.0,2597.0,2607.0,run,chest+empatica,chest+empatica+forearm,gel,ecg/LDM5_w0249.npy,acc_chest/LDM5_w0249.npy,ppg_wrist/LDM5_w0249.npy,0.865,3.967,False,0.0,0.0,0.0
LDM5_w0250,LDM5,250,2607.0,2617.0,2607.0,2617.0,run,chest+empatica,chest+empatica+forearm,gel,ecg/LDM5_w0250.npy,acc_chest/LDM5_w0250.npy,ppg_wrist/LDM5_w0250.npy,0.85,3.687,False,0.0,0.0,0.0
LDM5_w0251,LDM5,251,2617.0,2627.0,2617.0,2627.0,run,chest+empatica,chest+empatica+forearm,gel,ecg/LDM5_w0251.npy,acc_chest/LDM5_w0251.npy,ppg_wrist/LDM5_w0251.npy,0.854,3.473,False,0.0,0.0,0.0
LDM5_w0252,LDM5,252,2627.0,2637.0,2627.0,2637.0,run,chest+empatica,chest+empatica+forearm,gel,ecg/LDM5_w0252.npy,acc_chest/LDM5_w0252.npy,ppg_wrist/LDM5_w0252.npy,0.831,3.47,False,0.0,0.0,0.0
LDM5_w0253,LDM5,253,2637.0,2647.0,2637.0,2647.0,run,chest+empatica,chest+empatica+forearm,gel,ecg/LDM5_w0253.npy,acc_chest/LDM5_w0253.npy,ppg_wrist/LDM5_w0253.npy,1.432,4.589,False,0.0,0.0,0.0
LDM5_w0254,LDM5,254,2647.0,2657.0,2647.0,2657.0,run,chest+empatica,chest+empatica+forearm,gel,ecg/LDM5_w0254.npy,acc_chest/LDM5_w0254.npy,ppg_wrist/LDM5_w0254.npy,1.699,4.639,False,0.0,0.0,0.0
LDM5_w0255,LDM5,255,2657.0,2667.0,2657.0,2667.0,run,chest+empatica,chest+empatica+forearm,gel,ecg/LDM5_w0255.npy,acc_chest/LDM5_w0255.npy,ppg_wrist/LDM5_w0255.npy,1.651,4.11,False,0.0,0.0,0.0
LDM5_w0256,LDM5,256,2667.0,2677.0,2667.0,2677.0,run,chest+empatica,chest+empatica+forearm,gel,ecg/LDM5_w0256.npy,acc_chest/LDM5_w0256.npy,ppg_wrist/LDM5_w0256.npy,1.763,4.138,False,0.0,0.0,0.0
LDM5_w0257,LDM5,257,2677.0,2687.0,2677.0,2687.0,run,chest+empatica,chest+empatica+forearm,gel,ecg/LDM5_w0257.npy,acc_chest/LDM5_w0257.npy,ppg_wrist/LDM5_w0257.npy,1.576,4.063,False,0.0,0.0,0.0
LDM5_w0258,LDM5,258,2687.0,2697.0,2687.0,2697.0,run,chest+empatica,chest+empatica+forearm,gel,ecg/LDM5_w0258.npy,acc_chest/LDM5_w0258.npy,ppg_wrist/LDM5_w0258.npy,1.732,4.164,False,0.0,0.0,0.0
LDM5_w0259,LDM5,259,2697.0,2707.0,2697.0,2707.0,run,chest+empatica,chest+empatica+forearm,gel,ecg/LDM5_w0259.npy,acc_chest/LDM5_w0259.npy,ppg_wrist/LDM5_w0259.npy,1.763,4.107,False,0.0,0.0,0.0
LDM5_w0260,LDM5,260,2707.0,2717.0,2707.0,2717.0,run,chest+empatica,chest+empatica+forearm,gel,ecg/LDM5_w0260.npy,acc_chest/LDM5_w0260.npy,ppg_wrist/LDM5_w0260.npy,1.647,3.933,False,0.0,0.0,0.0
LDM5_w0261,LDM5,261,2717.0,2727.0,2717.0,2727.0,run,chest+empatica,chest+empatica+forearm,gel,ecg/LDM5_w0261.npy,acc_chest/LDM5_w0261.npy,ppg_wrist/LDM5_w0261.npy,1.61,3.871,False,0.0,0.0,0.0
LDM5_w0262,LDM5,262,2727.0,2737.0,2727.0,2737.0,run,chest+empatica,chest+empatica+forearm,gel,ecg/LDM5_w0262.npy,acc_chest/LDM5_w0262.npy,ppg_wrist/LDM5_w0262.npy,1.604,4.053,False,0.0,0.0,0.0
LDM5_w0263,LDM5,263,2737.0,2747.0,2737.0,2747.0,run,chest+empatica,chest+empatica+forearm,gel,ecg/LDM5_w0263.npy,acc_chest/LDM5_w0263.npy,ppg_wrist/LDM5_w0263.npy,1.557,4.188,False,0.0,0.0,0.0
LDM5_w0264,LDM5,264,2747.0,2757.0,2747.0,2757.0,run,chest+empatica,chest+empatica+forearm,gel,ecg/LDM5_w0264.npy,acc_chest/LDM5_w0264.npy,ppg_wrist/LDM5_w0264.npy,1.8,5.023,False,0.0,0.0,0.0
LDM5_w0265,LDM5,265,2757.0,2767.0,2757.0,2767.0,run,chest+empatica,chest+empatica+forearm,gel,ecg/LDM5_w0265.npy,acc_chest/LDM5_w0265.npy,ppg_wrist/LDM5_w0265.npy,1.762,5.093,False,0.0,0.0,0.0
LDM5_w0266,LDM5,266,2767.0,2777.0,2767.0,2777.0,run,chest+empatica,chest+empatica+forearm,gel,ecg/LDM5_w0266.npy,acc_chest/LDM5_w0266.npy,ppg_wrist/LDM5_w0266.npy,1.691,4.391,False,0.0,0.0,0.0
LDM5_w0267,LDM5,267,2777.0,2787.0,2777.0,2787.0,run,chest+empatica,chest+empatica+forearm,gel,ecg/LDM5_w0267.npy,acc_chest/LDM5_w0267.npy,ppg_wrist/LDM5_w0267.npy,1.613,4.428,False,0.0,0.0,0.0
LDM5_w0268,LDM5,268,2787.0,2797.0,2787.0,2797.0,run,chest+empatica,chest+empatica+forearm,gel,ecg/LDM5_w0268.npy,acc_chest/LDM5_w0268.npy,ppg_wrist/LDM5_w0268.npy,1.722,4.494,False,0.0,0.0,0.0
LDM5_w0269,LDM5,269,2797.0,2807.0,2797.0,2807.0,run,chest+empatica,chest+empatica+forearm,gel,ecg/LDM5_w0269.npy,acc_chest/LDM5_w0269.npy,ppg_wrist/LDM5_w0269.npy,1.043,3.546,False,0.0,0.0,0.0
LDM5_w0270,LDM5,270,2807.0,2817.0,2807.0,2817.0,run,chest+empatica,chest+empatica+forearm,gel,ecg/LDM5_w0270.npy,acc_chest/LDM5_w0270.npy,ppg_wrist/LDM5_w0270.npy,1.767,16.449,False,0.0,0.0,0.0
LDM5_w0271,LDM5,271,2817.0,2827.0,2817.0,2827.0,run,chest+empatica,chest+empatica+forearm,gel,ecg/LDM5_w0271.npy,acc_chest/LDM5_w0271.npy,ppg_wrist/LDM5_w0271.npy,0.416,15.486,False,0.0,0.0,0.0
LDM5_w0272,LDM5,272,2827.0,2837.0,2827.0,2837.0,run,chest+empatica,chest+empatica+forearm,gel,ecg/LDM5_w0272.npy,acc_chest/LDM5_w0272.npy,ppg_wrist/LDM5_w0272.npy,0.416,15.486,False,0.0,0.0,0.0
LDM5_w0273,LDM5,273,2837.0,2847.0,2837.0,2847.0,run,chest+empatica,chest+empatica+forearm,gel,ecg/LDM5_w0273.npy,acc_chest/LDM5_w0273.npy,ppg_wrist/LDM5_w0273.npy,1.012,16.247,False,0.0,0.0,0.0
LDM5_w0274,LDM5,274,2847.0,2857.0,2847.0,2857.0,run,chest+empatica,chest+empatica+forearm,gel,ecg/LDM5_w0274.npy,acc_chest/LDM5_w0274.npy,ppg_wrist/LDM5_w0274.npy,0.771,3.212,False,0.0,0.0,0.0
LDM5_w0275,LDM5,275,2857.0,2867.0,2857.0,2867.0,run,chest+empatica,chest+empatica+forearm,gel,ecg/LDM5_w0275.npy,acc_chest/LDM5_w0275.npy,ppg_wrist/LDM5_w0275.npy,0.791,3.463,False,0.0,0.0,0.0
LDM5_w0276,LDM5,276,2867.0,2877.0,2867.0,2877.0,run,chest+empatica,chest+empatica+forearm,gel,ecg/LDM5_w0276.npy,acc_chest/LDM5_w0276.npy,ppg_wrist/LDM5_w0276.npy,1.65,4.714,False,0.0,0.0,0.0
LDM5_w0277,LDM5,277,2877.0,2887.0,2877.0,2887.0,run,chest+empatica,chest+empatica+forearm,gel,ecg/LDM5_w0277.npy,acc_chest/LDM5_w0277.npy,ppg_wrist/LDM5_w0277.npy,1.875,4.438,False,0.0,0.0,0.0
LDM5_w0278,LDM5,278,2887.0,2897.0,2887.0,2897.0,run,chest+empatica,chest+empatica+forearm,gel,ecg/LDM5_w0278.npy,acc_chest/LDM5_w0278.npy,ppg_wrist/LDM5_w0278.npy,1.878,4.673,False,0.0,0.0,0.0
LDM5_w0279,LDM5,279,2897.0,2907.0,2897.0,2907.0,run,chest+empatica,chest+empatica+forearm,gel,ecg/LDM5_w0279.npy,acc_chest/LDM5_w0279.npy,ppg_wrist/LDM5_w0279.npy,1.809,4.404,False,0.0,0.0,0.0
LDM5_w0280,LDM5,280,2907.0,2917.0,2907.0,2917.0,run,chest+empatica,chest+empatica+forearm,gel,ecg/LDM5_w0280.npy,acc_chest/LDM5_w0280.npy,ppg_wrist/LDM5_w0280.npy,2.008,5.622,False,0.0,0.0,0.0
LDM5_w0281,LDM5,281,2917.0,2927.0,2917.0,2927.0,run,chest+empatica,chest+empatica+forearm,gel,ecg/LDM5_w0281.npy,acc_chest/LDM5_w0281.npy,ppg_wrist/LDM5_w0281.npy,1.834,4.406,False,0.0,0.0,0.0
LDM5_w0282,LDM5,282,2927.0,2937.0,2927.0,2937.0,run,chest+empatica,chest+empatica+forearm,gel,ecg/LDM5_w0282.npy,acc_chest/LDM5_w0282.npy,ppg_wrist/LDM5_w0282.npy,1.773,4.086,False,0.0,0.0,0.0
LDM5_w0283,LDM5,283,2937.0,2947.0,2937.0,2947.0,run,chest+empatica,chest+empatica+forearm,gel,ecg/LDM5_w0283.npy,acc_chest/LDM5_w0283.npy,ppg_wrist/LDM5_w0283.npy,1.816,4.201,False,0.0,0.0,0.0
LDM5_w0284,LDM5,284,2947.0,2957.0,2947.0,2957.0,run,chest+empatica,chest+empatica+forearm,gel,ecg/LDM5_w0284.npy,acc_chest/LDM5_w0284.npy,ppg_wrist/LDM5_w0284.npy,1.909,4.277,False,0.0,0.0,0.0
LDM5_w0285,LDM5,285,2957.0,2967.0,2957.0,2967.0,run,chest+empatica,chest+empatica+forearm,gel,ecg/LDM5_w0285.npy,acc_chest/LDM5_w0285.npy,ppg_wrist/LDM5_w0285.npy,1.923,5.651,False,0.0,0.0,0.0
LDM5_w0286,LDM5,286,2967.0,2977.0,2967.0,2977.0,run,chest+empatica,chest+empatica+forearm,gel,ecg/LDM5_w0286.npy,acc_chest/LDM5_w0286.npy,ppg_wrist/LDM5_w0286.npy,1.833,6.236,False,0.0,0.0,0.0
LDM5_w0287,LDM5,287,2977.0,2987.0,2977.0,2987.0,run,chest+empatica,chest+empatica+forearm,gel,ecg/LDM5_w0287.npy,acc_chest/LDM5_w0287.npy,ppg_wrist/LDM5_w0287.npy,1.946,5.867,False,0.0,0.0,0.0
LDM5_w0288,LDM5,288,2987.0,2997.0,2987.0,2997.0,run,chest+empatica,chest+empatica+forearm,gel,ecg/LDM5_w0288.npy,acc_chest/LDM5_w0288.npy,ppg_wrist/LDM5_w0288.npy,1.831,5.58,False,0.0,0.0,0.0
LDM5_w0289,LDM5,289,2997.0,3007.0,2997.0,3007.0,run,chest+empatica,chest+empatica+forearm,gel,ecg/LDM5_w0289.npy,acc_chest/LDM5_w0289.npy,ppg_wrist/LDM5_w0289.npy,1.864,4.031,False,0.0,0.0,0.0
LDM5_w0290,LDM5,290,3007.0,3017.0,3007.0,3017.0,run,chest+empatica,chest+empatica+forearm,gel,ecg/LDM5_w0290.npy,acc_chest/LDM5_w0290.npy,ppg_wrist/LDM5_w0290.npy,1.846,4.196,False,0.0,0.0,0.0
LDM5_w0291,LDM5,291,3017.0,3027.0,3017.0,3027.0,run,chest+empatica,chest+empatica+forearm,gel,ecg/LDM5_w0291.npy,acc_chest/LDM5_w0291.npy,ppg_wrist/LDM5_w0291.npy,1.77,4.019,False,0.0,0.0,0.0
LDM5_w0292,LDM5,292,3027.0,3037.0,3027.0,3037.0,run,chest+empatica,chest+empatica+forearm,gel,ecg/LDM5_w0292.npy,acc_chest/LDM5_w0292.npy,ppg_wrist/LDM5_w0292.npy,1.775,3.876,False,0.0,0.0,0.0
LDM5_w0293,LDM5,293,3037.0,3047.0,3037.0,3047.0,run,chest+empatica,chest+empatica+forearm,gel,ecg/LDM5_w0293.npy,acc_chest/LDM5_w0293.npy,ppg_wrist/LDM5_w0293.npy,1.832,4.061,False,0.0,0.0,0.0
LDM5_w0294,LDM5,294,3047.0,3057.0,3047.0,3057.0,run,chest+empatica,chest+empatica+forearm,gel,ecg/LDM5_w0294.npy,acc_chest/LDM5_w0294.npy,ppg_wrist/LDM5_w0294.npy,1.779,4.953,False,0.0,0.0,0.0
LDM5_w0295,LDM5,295,3057.0,3067.0,3057.0,3067.0,run,chest+empatica,chest+empatica+forearm,gel,ecg/LDM5_w0295.npy,acc_chest/LDM5_w0295.npy,ppg_wrist/LDM5_w0295.npy,1.893,6.028,False,0.0,0.0,0.0
LDM5_w0296,LDM5,296,3067.0,3077.0,3067.0,3077.0,run,chest+empatica,chest+empatica+forearm,gel,ecg/LDM5_w0296.npy,acc_chest/LDM5_w0296.npy,ppg_wrist/LDM5_w0296.npy,1.885,5.699,False,0.0,0.0,0.0
LDM5_w0297,LDM5,297,3077.0,3087.0,3077.0,3087.0,run,chest+empatica,chest+empatica+forearm,gel,ecg/LDM5_w0297.npy,acc_chest/LDM5_w0297.npy,ppg_wrist/LDM5_w0297.npy,1.041,3.82,False,0.0,0.0,0.0
LDM5_w0298,LDM5,298,3087.0,3097.0,3087.0,3097.0,run,chest+empatica,chest+empatica+forearm,gel,ecg/LDM5_w0298.npy,acc_chest/LDM5_w0298.npy,ppg_wrist/LDM5_w0298.npy,1.17,3.798,False,0.0,0.0,0.0
LDM5_w0299,LDM5,299,3097.0,3107.0,3097.0,3107.0,run,chest+empatica,chest+empatica+forearm,gel,ecg/LDM5_w0299.npy,acc_chest/LDM5_w0299.npy,ppg_wrist/LDM5_w0299.npy,1.193,3.889,False,0.0,0.0,0.0
LDM5_w0300,LDM5,300,3107.0,3117.0,3107.0,3117.0,run,chest+empatica,chest+empatica+forearm,gel,ecg/LDM5_w0300.npy,acc_chest/LDM5_w0300.npy,ppg_wrist/LDM5_w0300.npy,0.913,3.373,False,0.0,0.0,0.0
LDM5_w0301,LDM5,301,3117.0,3127.0,3117.0,3127.0,run,chest+empatica,chest+empatica+forearm,gel,ecg/LDM5_w0301.npy,acc_chest/LDM5_w0301.npy,ppg_wrist/LDM5_w0301.npy,0.956,3.344,False,0.0,0.0,0.0
LDM5_w0302,LDM5,302,3127.0,3137.0,3127.0,3137.0,run,chest+empatica,chest+empatica+forearm,gel,ecg/LDM5_w0302.npy,acc_chest/LDM5_w0302.npy,ppg_wrist/LDM5_w0302.npy,1.661,4.012,False,0.0,0.0,0.0
LDM5_w0303,LDM5,303,3137.0,3147.0,3137.0,3147.0,run,chest+empatica,chest+empatica+forearm,gel,ecg/LDM5_w0303.npy,acc_chest/LDM5_w0303.npy,ppg_wrist/LDM5_w0303.npy,1.643,4.096,False,0.0,0.0,0.0
LDM5_w0304,LDM5,304,3147.0,3157.0,3147.0,3157.0,run,chest+empatica,chest+empatica+forearm,gel,ecg/LDM5_w0304.npy,acc_chest/LDM5_w0304.npy,ppg_wrist/LDM5_w0304.npy,1.562,3.683,False,0.0,0.0,0.0
LDM5_w0305,LDM5,305,3157.0,3167.0,3157.0,3167.0,run,chest+empatica,chest+empatica+forearm,gel,ecg/LDM5_w0305.npy,acc_chest/LDM5_w0305.npy,ppg_wrist/LDM5_w0305.npy,1.009,3.304,False,0.0,0.0,0.0
LDM5_w0306,LDM5,306,3167.0,3177.0,3167.0,3177.0,run,chest+empatica,chest+empatica+forearm,gel,ecg/LDM5_w0306.npy,acc_chest/LDM5_w0306.npy,ppg_wrist/LDM5_w0306.npy,0.924,3.162,False,0.0,0.0,0.0
LDM5_w0307,LDM5,307,3177.0,3187.0,3177.0,3187.0,run,chest+empatica,chest+empatica+forearm,gel,ecg/LDM5_w0307.npy,acc_chest/LDM5_w0307.npy,ppg_wrist/LDM5_w0307.npy,0.925,3.069,False,0.0,0.0,0.0
LDM5_w0308,LDM5,308,3187.0,3197.0,3187.0,3197.0,run,chest+empatica,chest+empatica+forearm,gel,ecg/LDM5_w0308.npy,acc_chest/LDM5_w0308.npy,ppg_wrist/LDM5_w0308.npy,0.94,2.996,False,0.0,0.0,0.0
LDM5_w0309,LDM5,309,3197.0,3207.0,3197.0,3207.0,run,chest+empatica,chest+empatica+forearm,gel,ecg/LDM5_w0309.npy,acc_chest/LDM5_w0309.npy,ppg_wrist/LDM5_w0309.npy,1.456,4.127,False,0.0,0.0,0.0
LDM5_w0310,LDM5,310,3207.0,3217.0,3207.0,3217.0,run,chest+empatica,chest+empatica+forearm,gel,ecg/LDM5_w0310.npy,acc_chest/LDM5_w0310.npy,ppg_wrist/LDM5_w0310.npy,1.715,4.615,False,0.0,0.0,0.0
LDM5_w0311,LDM5,311,3217.0,3227.0,3217.0,3227.0,run,chest+empatica,chest+empatica+forearm,gel,ecg/LDM5_w0311.npy,acc_chest/LDM5_w0311.npy,ppg_wrist/LDM5_w0311.npy,1.74,4.456,False,0.0,0.0,0.0
LDM5_w0312,LDM5,312,3227.0,3237.0,3227.0,3237.0,run,chest+empatica,chest+empatica+forearm,gel,ecg/LDM5_w0312.npy,acc_chest/LDM5_w0312.npy,ppg_wrist/LDM5_w0312.npy,1.726,4.434,False,0.0,0.0,0.0
LDM5_w0313,LDM5,313,3237.0,3247.0,3237.0,3247.0,run,chest+empatica,chest+empatica+forearm,gel,ecg/LDM5_w0313.npy,acc_chest/LDM5_w0313.npy,ppg_wrist/LDM5_w0313.npy,1.79,4.228,False,0.0,0.0,0.0
LDM5_w0314,LDM5,314,3247.0,3257.0,3247.0,3257.0,run,chest+empatica,chest+empatica+forearm,gel,ecg/LDM5_w0314.npy,acc_chest/LDM5_w0314.npy,ppg_wrist/LDM5_w0314.npy,1.76,4.967,False,0.0,0.0,0.0
LDM5_w0315,LDM5,315,3257.0,3267.0,3257.0,3267.0,run,chest+empatica,chest+empatica+forearm,gel,ecg/LDM5_w0315.npy,acc_chest/LDM5_w0315.npy,ppg_wrist/LDM5_w0315.npy,1.628,4.894,False,0.0,0.0,0.0
LDM5_w0316,LDM5,316,3267.0,3277.0,3267.0,3277.0,run,chest+empatica,chest+empatica+forearm,gel,ecg/LDM5_w0316.npy,acc_chest/LDM5_w0316.npy,ppg_wrist/LDM5_w0316.npy,1.635,3.744,False,0.0,0.0,0.0
LDM5_w0317,LDM5,317,3277.0,3287.0,3277.0,3287.0,run,chest+empatica,chest+empatica+forearm,gel,ecg/LDM5_w0317.npy,acc_chest/LDM5_w0317.npy,ppg_wrist/LDM5_w0317.npy,1.769,4.61,False,0.0,0.0,0.0
LDM5_w0318,LDM5,318,3287.0,3297.0,3287.0,3297.0,run,chest+empatica,chest+empatica+forearm,gel,ecg/LDM5_w0318.npy,acc_chest/LDM5_w0318.npy,ppg_wrist/LDM5_w0318.npy,1.674,4.969,False,0.0,0.0,0.0
LDM5_w0319,LDM5,319,3297.0,3307.0,3297.0,3307.0,run,chest+empatica,chest+empatica+forearm,gel,ecg/LDM5_w0319.npy,acc_chest/LDM5_w0319.npy,ppg_wrist/LDM5_w0319.npy,1.16,3.777,False,0.0,0.0,0.0
LDM5_w0320,LDM5,320,3307.0,3317.0,3307.0,3317.0,run,chest+empatica,chest+empatica+forearm,gel,ecg/LDM5_w0320.npy,acc_chest/LDM5_w0320.npy,ppg_wrist/LDM5_w0320.npy,1.41,4.103,False,0.0,0.0,0.0
LDM5_w0321,LDM5,321,3317.0,3327.0,3317.0,3327.0,run,chest+empatica,chest+empatica+forearm,gel,ecg/LDM5_w0321.npy,acc_chest/LDM5_w0321.npy,ppg_wrist/LDM5_w0321.npy,1.538,23.629,False,0.0,0.0,0.0
LDM5_w0322,LDM5,322,3327.0,3337.0,3327.0,3337.0,run,chest+empatica,chest+empatica+forearm,gel,ecg/LDM5_w0322.npy,acc_chest/LDM5_w0322.npy,ppg_wrist/LDM5_w0322.npy,0.416,15.486,False,0.0,0.0,0.0
LDM5_w0323,LDM5,323,3337.0,3347.0,3337.0,3347.0,run,chest+empatica,chest+empatica+forearm,gel,ecg/LDM5_w0323.npy,acc_chest/LDM5_w0323.npy,ppg_wrist/LDM5_w0323.npy,0.416,15.486,False,0.0,0.0,0.0
LDM5_w0324,LDM5,324,3347.0,3357.0,3347.0,3357.0,run,chest+empatica,chest+empatica+forearm,gel,ecg/LDM5_w0324.npy,acc_chest/LDM5_w0324.npy,ppg_wrist/LDM5_w0324.npy,0.416,15.486,False,0.0,0.0,0.0
LDM5_w0325,LDM5,325,3357.0,3367.0,3357.0,3367.0,run,chest+empatica,chest+empatica+forearm,gel,ecg/LDM5_w0325.npy,acc_chest/LDM5_w0325.npy,ppg_wrist/LDM5_w0325.npy,0.416,15.486,False,0.0,0.0,0.0
LDM5_w0326,LDM5,326,3367.0,3377.0,3367.0,3377.0,run,chest+empatica,chest+empatica+forearm,gel,ecg/LDM5_w0326.npy,acc_chest/LDM5_w0326.npy,ppg_wrist/LDM5_w0326.npy,0.416,15.486,False,0.0,0.0,0.0
LDM5_w0327,LDM5,327,3377.0,3387.0,3377.0,3387.0,run,chest+empatica,chest+empatica+forearm,gel,ecg/LDM5_w0327.npy,acc_chest/LDM5_w0327.npy,ppg_wrist/LDM5_w0327.npy,0.416,15.486,False,0.0,0.0,0.0
LDM5_w0328,LDM5,328,3387.0,3397.0,3387.0,3397.0,run,chest+empatica,chest+empatica+forearm,gel,ecg/LDM5_w0328.npy,acc_chest/LDM5_w0328.npy,ppg_wrist/LDM5_w0328.npy,1.088,16.943,False,0.0,0.0,0.0
LDM5_w0329,LDM5,329,3397.0,3407.0,3397.0,3407.0,run,chest+empatica,chest+empatica+forearm,gel,ecg/LDM5_w0329.npy,acc_chest/LDM5_w0329.npy,ppg_wrist/LDM5_w0329.npy,1.796,4.832,False,0.0,0.0,0.0
LDM5_w0330,LDM5,330,3407.0,3417.0,3407.0,3417.0,run,chest+empatica,chest+empatica+forearm,gel,ecg/LDM5_w0330.npy,acc_chest/LDM5_w0330.npy,ppg_wrist/LDM5_w0330.npy,1.784,4.8,False,0.0,0.0,0.0
LDM5_w0331,LDM5,331,3417.0,3427.0,3417.0,3427.0,run,chest+empatica,chest+empatica+forearm,gel,ecg/LDM5_w0331.npy,acc_chest/LDM5_w0331.npy,ppg_wrist/LDM5_w0331.npy,1.597,3.878,False,0.0,0.0,0.0
LDM5_w0332,LDM5,332,3427.0,3437.0,3427.0,3437.0,run,chest+empatica,chest+empatica+forearm,gel,ecg/LDM5_w0332.npy,acc_chest/LDM5_w0332.npy,ppg_wrist/LDM5_w0332.npy,1.816,4.414,False,0.0,0.0,0.0
LDM5_w0333,LDM5,333,3437.0,3447.0,3437.0,3447.0,run,chest+empatica,chest+empatica+forearm,gel,ecg/LDM5_w0333.npy,acc_chest/LDM5_w0333.npy,ppg_wrist/LDM5_w0333.npy,1.705,4.196,False,0.0,0.0,0.0
LDM5_w0334,LDM5,334,3447.0,3457.0,3447.0,3457.0,run,chest+empatica,chest+empatica+forearm,gel,ecg/LDM5_w0334.npy,acc_chest/LDM5_w0334.npy,ppg_wrist/LDM5_w0334.npy,1.743,4.01,False,0.0,0.0,0.0
LDM5_w0335,LDM5,335,3457.0,3467.0,3457.0,3467.0,run,chest+empatica,chest+empatica+forearm,gel,ecg/LDM5_w0335.npy,acc_chest/LDM5_w0335.npy,ppg_wrist/LDM5_w0335.npy,1.575,3.816,False,0.0,0.0,0.0
LDM5_w0336,LDM5,336,3467.0,3477.0,3467.0,3477.0,run,chest+empatica,chest+empatica+forearm,gel,ecg/LDM5_w0336.npy,acc_chest/LDM5_w0336.npy,ppg_wrist/LDM5_w0336.npy,1.573,3.851,False,0.0,0.0,0.0
LDM5_w0337,LDM5,337,3477.0,3487.0,3477.0,3487.0,run,chest+empatica,chest+empatica+forearm,gel,ecg/LDM5_w0337.npy,acc_chest/LDM5_w0337.npy,ppg_wrist/LDM5_w0337.npy,1.66,3.891,False,0.0,0.0,0.0
LDM5_w0338,LDM5,338,3487.0,3497.0,3487.0,3497.0,run,chest+empatica,chest+empatica+forearm,gel,ecg/LDM5_w0338.npy,acc_chest/LDM5_w0338.npy,ppg_wrist/LDM5_w0338.npy,1.685,3.872,False,0.0,0.0,0.0
LDM5_w0339,LDM5,339,3497.0,3507.0,3497.0,3507.0,run,chest+empatica,chest+empatica+forearm,gel,ecg/LDM5_w0339.npy,acc_chest/LDM5_w0339.npy,ppg_wrist/LDM5_w0339.npy,1.645,4.033,False,0.0,0.0,0.0
LDM5_w0340,LDM5,340,3507.0,3517.0,3507.0,3517.0,run,chest+empatica,chest+empatica+forearm,gel,ecg/LDM5_w0340.npy,acc_chest/LDM5_w0340.npy,ppg_wrist/LDM5_w0340.npy,1.487,4.869,False,0.0,0.0,0.0
LDM5_w0341,LDM5,341,3517.0,3527.0,3517.0,3527.0,run,chest+empatica,chest+empatica+forearm,gel,ecg/LDM5_w0341.npy,acc_chest/LDM5_w0341.npy,ppg_wrist/LDM5_w0341.npy,1.522,5.065,False,0.0,0.0,0.0
LDM5_w0342,LDM5,342,3527.0,3537.0,3527.0,3537.0,run,chest+empatica,chest+empatica+forearm,gel,ecg/LDM5_w0342.npy,acc_chest/LDM5_w0342.npy,ppg_wrist/LDM5_w0342.npy,1.577,3.969,False,0.0,0.0,0.0
LDM5_w0343,LDM5,343,3537.0,3547.0,3537.0,3547.0,run,chest+empatica,chest+empatica+forearm,gel,ecg/LDM5_w0343.npy,acc_chest/LDM5_w0343.npy,ppg_wrist/LDM5_w0343.npy,1.486,4.026,False,0.0,0.0,0.0
LDM5_w0344,LDM5,344,3547.0,3557.0,3547.0,3557.0,run,chest+empatica,chest+empatica+forearm,gel,ecg/LDM5_w0344.npy,acc_chest/LDM5_w0344.npy,ppg_wrist/LDM5_w0344.npy,1.123,3.5,False,0.0,0.0,0.0
LDM5_w0345,LDM5,345,3557.0,3567.0,3557.0,3561.0,walk_after,chest+empatica,chest+empatica+forearm,gel,ecg/LDM5_w0345.npy,acc_chest/LDM5_w0345.npy,ppg_wrist/LDM5_w0345.npy,2.687,31.572,True,0.6,0.6,0.0
LK27_w0000,LK27,0,78.0,88.0,78.0,88.0,unknown,chest+empatica,chest+empatica+forearm,gel,ecg/LK27_w0000.npy,acc_chest/LK27_w0000.npy,ppg_wrist/LK27_w0000.npy,0.807,4.371,False,0.0,0.0,0.0
LK27_w0001,LK27,1,88.0,98.0,88.0,98.0,unknown,chest+empatica,chest+empatica+forearm,gel,ecg/LK27_w0001.npy,acc_chest/LK27_w0001.npy,ppg_wrist/LK27_w0001.npy,0.82,4.324,False,0.0,0.0,0.0
LK27_w0002,LK27,2,98.0,108.0,98.0,108.0,unknown,chest+empatica,chest+empatica+forearm,gel,ecg/LK27_w0002.npy,acc_chest/LK27_w0002.npy,ppg_wrist/LK27_w0002.npy,0.747,4.273,False,0.0,0.0,0.0
LK27_w0003,LK27,3,108.0,118.0,108.0,118.0,unknown,chest+empatica,chest+empatica+forearm,gel,ecg/LK27_w0003.npy,acc_chest/LK27_w0003.npy,ppg_wrist/LK27_w0003.npy,0.769,4.295,False,0.0,0.0,0.0
LK27_w0004,LK27,4,118.0,128.0,118.0,128.0,unknown,chest+empatica,chest+empatica+forearm,gel,ecg/LK27_w0004.npy,acc_chest/LK27_w0004.npy,ppg_wrist/LK27_w0004.npy,0.764,4.321,False,0.0,0.0,0.0
LK27_w0005,LK27,5,128.0,138.0,128.0,138.0,unknown,chest+empatica,chest+empatica+forearm,gel,ecg/LK27_w0005.npy,acc_chest/LK27_w0005.npy,ppg_wrist/LK27_w0005.npy,0.762,4.253,False,0.0,0.0,0.0
LK27_w0006,LK27,6,138.0,148.0,138.0,148.0,unknown,chest+empatica,chest+empatica+forearm,gel,ecg/LK27_w0006.npy,acc_chest/LK27_w0006.npy,ppg_wrist/LK27_w0006.npy,0.768,4.256,False,0.0,0.0,0.0
LK27_w0007,LK27,7,148.0,158.0,148.0,158.0,unknown,chest+empatica,chest+empatica+forearm,gel,ecg/LK27_w0007.npy,acc_chest/LK27_w0007.npy,ppg_wrist/LK27_w0007.npy,0.739,4.345,False,0.0,0.0,0.0
LK27_w0008,LK27,8,158.0,168.0,158.0,168.0,unknown,chest+empatica,chest+empatica+forearm,gel,ecg/LK27_w0008.npy,acc_chest/LK27_w0008.npy,ppg_wrist/LK27_w0008.npy,0.74,4.397,False,0.0,0.0,0.0
LK27_w0009,LK27,9,168.0,178.0,168.0,178.0,unknown,chest+empatica,chest+empatica+forearm,gel,ecg/LK27_w0009.npy,acc_chest/LK27_w0009.npy,ppg_wrist/LK27_w0009.npy,0.75,4.351,False,0.0,0.0,0.0
LK27_w0010,LK27,10,178.0,188.0,178.0,188.0,unknown,chest+empatica,chest+empatica+forearm,gel,ecg/LK27_w0010.npy,acc_chest/LK27_w0010.npy,ppg_wrist/LK27_w0010.npy,0.722,4.284,False,0.0,0.0,0.0
LK27_w0011,LK27,11,188.0,198.0,188.0,198.0,unknown,chest+empatica,chest+empatica+forearm,gel,ecg/LK27_w0011.npy,acc_chest/LK27_w0011.npy,ppg_wrist/LK27_w0011.npy,0.883,4.404,False,0.0,0.0,0.0
LK27_w0012,LK27,12,198.0,208.0,198.0,208.0,unknown,chest+empatica,chest+empatica+forearm,gel,ecg/LK27_w0012.npy,acc_chest/LK27_w0012.npy,ppg_wrist/LK27_w0012.npy,0.87,4.472,False,0.0,0.0,0.0
LK27_w0013,LK27,13,208.0,218.0,208.0,218.0,unknown,chest+empatica,chest+empatica+forearm,gel,ecg/LK27_w0013.npy,acc_chest/LK27_w0013.npy,ppg_wrist/LK27_w0013.npy,0.85,4.28,False,0.0,0.0,0.0
LK27_w0014,LK27,14,218.0,228.0,218.0,228.0,unknown,chest+empatica,chest+empatica+forearm,gel,ecg/LK27_w0014.npy,acc_chest/LK27_w0014.npy,ppg_wrist/LK27_w0014.npy,0.773,4.105,False,0.0,0.0,0.0
LK27_w0015,LK27,15,228.0,238.0,228.0,238.0,unknown,chest+empatica,chest+empatica+forearm,gel,ecg/LK27_w0015.npy,acc_chest/LK27_w0015.npy,ppg_wrist/LK27_w0015.npy,0.747,4.184,False,0.0,0.0,0.0
LK27_w0016,LK27,16,238.0,248.0,238.0,248.0,unknown,chest+empatica,chest+empatica+forearm,gel,ecg/LK27_w0016.npy,acc_chest/LK27_w0016.npy,ppg_wrist/LK27_w0016.npy,0.419,10.573,False,0.0,0.0,0.0
LK27_w0017,LK27,17,248.0,258.0,248.0,258.0,unknown,chest+empatica,chest+empatica+forearm,gel,ecg/LK27_w0017.npy,acc_chest/LK27_w0017.npy,ppg_wrist/LK27_w0017.npy,0.293,10.926,False,0.0,0.0,0.0
LK27_w0018,LK27,18,258.0,268.0,258.0,268.0,unknown,chest+empatica,chest+empatica+forearm,gel,ecg/LK27_w0018.npy,acc_chest/LK27_w0018.npy,ppg_wrist/LK27_w0018.npy,0.293,10.926,False,0.0,0.0,0.0
LK27_w0019,LK27,19,268.0,278.0,268.0,278.0,unknown,chest+empatica,chest+empatica+forearm,gel,ecg/LK27_w0019.npy,acc_chest/LK27_w0019.npy,ppg_wrist/LK27_w0019.npy,0.293,10.926,False,0.0,0.0,0.0
LK27_w0020,LK27,20,278.0,288.0,278.0,288.0,unknown,chest+empatica,chest+empatica+forearm,gel,ecg/LK27_w0020.npy,acc_chest/LK27_w0020.npy,ppg_wrist/LK27_w0020.npy,0.293,10.926,False,0.0,0.0,0.0
LK27_w0021,LK27,21,288.0,298.0,288.0,298.0,unknown,chest+empatica,chest+empatica+forearm,gel,ecg/LK27_w0021.npy,acc_chest/LK27_w0021.npy,ppg_wrist/LK27_w0021.npy,0.293,10.926,False,0.0,0.0,0.0
LK27_w0022,LK27,22,298.0,308.0,298.0,308.0,unknown,chest+empatica,chest+empatica+forearm,gel,ecg/LK27_w0022.npy,acc_chest/LK27_w0022.npy,ppg_wrist/LK27_w0022.npy,0.293,10.926,False,0.0,0.0,0.0
LK27_w0023,LK27,23,308.0,318.0,308.0,318.0,unknown,chest+empatica,chest+empatica+forearm,gel,ecg/LK27_w0023.npy,acc_chest/LK27_w0023.npy,ppg_wrist/LK27_w0023.npy,0.293,10.926,False,0.0,0.0,0.0
LK27_w0024,LK27,24,318.0,328.0,318.0,328.0,unknown,chest+empatica,chest+empatica+forearm,gel,ecg/LK27_w0024.npy,acc_chest/LK27_w0024.npy,ppg_wrist/LK27_w0024.npy,0.293,10.926,False,0.0,0.0,0.0
LK27_w0025,LK27,25,328.0,338.0,328.0,338.0,unknown,chest+empatica,chest+empatica+forearm,gel,ecg/LK27_w0025.npy,acc_chest/LK27_w0025.npy,ppg_wrist/LK27_w0025.npy,0.293,10.926,False,0.0,0.0,0.0
LK27_w0026,LK27,26,338.0,348.0,338.0,348.0,unknown,chest+empatica,chest+empatica+forearm,gel,ecg/LK27_w0026.npy,acc_chest/LK27_w0026.npy,ppg_wrist/LK27_w0026.npy,0.293,10.926,False,0.0,0.0,0.0
LK27_w0027,LK27,27,348.0,358.0,348.0,358.0,unknown,chest+empatica,chest+empatica+forearm,gel,ecg/LK27_w0027.npy,acc_chest/LK27_w0027.npy,ppg_wrist/LK27_w0027.npy,0.293,10.926,False,0.0,0.0,0.0
LK27_w0028,LK27,28,358.0,368.0,358.0,368.0,unknown,chest+empatica,chest+empatica+forearm,gel,ecg/LK27_w0028.npy,acc_chest/LK27_w0028.npy,ppg_wrist/LK27_w0028.npy,0.293,10.926,False,0.0,0.0,0.0
LK27_w0029,LK27,29,368.0,378.0,368.0,378.0,unknown,chest+empatica,chest+empatica+forearm,gel,ecg/LK27_w0029.npy,acc_chest/LK27_w0029.npy,ppg_wrist/LK27_w0029.npy,0.293,10.926,False,0.0,0.0,0.0
LK27_w0030,LK27,30,378.0,388.0,378.0,388.0,unknown,chest+empatica,chest+empatica+forearm,gel,ecg/LK27_w0030.npy,acc_chest/LK27_w0030.npy,ppg_wrist/LK27_w0030.npy,0.293,10.926,False,0.0,0.0,0.0
LK27_w0031,LK27,31,388.0,398.0,388.0,398.0,unknown,chest+empatica,chest+empatica+forearm,gel,ecg/LK27_w0031.npy,acc_chest/LK27_w0031.npy,ppg_wrist/LK27_w0031.npy,0.293,10.926,False,0.0,0.0,0.0
LK27_w0032,LK27,32,398.0,408.0,398.0,408.0,unknown,chest+empatica,chest+empatica+forearm,gel,ecg/LK27_w0032.npy,acc_chest/LK27_w0032.npy,ppg_wrist/LK27_w0032.npy,0.293,10.926,False,0.0,0.0,0.0
LK27_w0033,LK27,33,408.0,418.0,408.0,418.0,unknown,chest+empatica,chest+empatica+forearm,gel,ecg/LK27_w0033.npy,acc_chest/LK27_w0033.npy,ppg_wrist/LK27_w0033.npy,0.293,10.926,False,0.0,0.0,0.0
LK27_w0034,LK27,34,418.0,428.0,418.0,428.0,unknown,chest+empatica,chest+empatica+forearm,gel,ecg/LK27_w0034.npy,acc_chest/LK27_w0034.npy,ppg_wrist/LK27_w0034.npy,0.293,10.926,False,0.0,0.0,0.0
LK27_w0035,LK27,35,428.0,438.0,428.0,438.0,unknown,chest+empatica,chest+empatica+forearm,gel,ecg/LK27_w0035.npy,acc_chest/LK27_w0035.npy,ppg_wrist/LK27_w0035.npy,0.293,10.926,False,0.0,0.0,0.0
LK27_w0036,LK27,36,438.0,448.0,438.0,448.0,unknown,chest+empatica,chest+empatica+forearm,gel,ecg/LK27_w0036.npy,acc_chest/LK27_w0036.npy,ppg_wrist/LK27_w0036.npy,0.293,10.926,False,0.0,0.0,0.0
LK27_w0037,LK27,37,448.0,458.0,448.0,458.0,unknown,chest+empatica,chest+empatica+forearm,gel,ecg/LK27_w0037.npy,acc_chest/LK27_w0037.npy,ppg_wrist/LK27_w0037.npy,0.293,10.926,False,0.0,0.0,0.0
LK27_w0038,LK27,38,458.0,468.0,458.0,468.0,unknown,chest+empatica,chest+empatica+forearm,gel,ecg/LK27_w0038.npy,acc_chest/LK27_w0038.npy,ppg_wrist/LK27_w0038.npy,0.293,10.926,False,0.0,0.0,0.0
LK27_w0039,LK27,39,468.0,478.0,468.0,478.0,unknown,chest+empatica,chest+empatica+forearm,gel,ecg/LK27_w0039.npy,acc_chest/LK27_w0039.npy,ppg_wrist/LK27_w0039.npy,0.293,10.926,False,0.0,0.0,0.0
LK27_w0040,LK27,40,478.0,488.0,478.0,488.0,unknown,chest+empatica,chest+empatica+forearm,gel,ecg/LK27_w0040.npy,acc_chest/LK27_w0040.npy,ppg_wrist/LK27_w0040.npy,0.293,10.926,False,0.0,0.0,0.0
LK27_w0041,LK27,41,488.0,498.0,488.0,498.0,unknown,chest+empatica,chest+empatica+forearm,gel,ecg/LK27_w0041.npy,acc_chest/LK27_w0041.npy,ppg_wrist/LK27_w0041.npy,0.293,10.926,False,0.0,0.0,0.0
LK27_w0042,LK27,42,498.0,508.0,498.0,508.0,unknown,chest+empatica,chest+empatica+forearm,gel,ecg/LK27_w0042.npy,acc_chest/LK27_w0042.npy,ppg_wrist/LK27_w0042.npy,0.293,10.926,False,0.0,0.0,0.0
LK27_w0043,LK27,43,508.0,518.0,508.0,518.0,unknown,chest+empatica,chest+empatica+forearm,gel,ecg/LK27_w0043.npy,acc_chest/LK27_w0043.npy,ppg_wrist/LK27_w0043.npy,0.293,10.926,False,0.0,0.0,0.0
LK27_w0044,LK27,44,518.0,528.0,518.0,528.0,unknown,chest+empatica,chest+empatica+forearm,gel,ecg/LK27_w0044.npy,acc_chest/LK27_w0044.npy,ppg_wrist/LK27_w0044.npy,0.293,10.926,False,0.0,0.0,0.0
LK27_w0045,LK27,45,528.0,538.0,528.0,538.0,unknown,chest+empatica,chest+empatica+forearm,gel,ecg/LK27_w0045.npy,acc_chest/LK27_w0045.npy,ppg_wrist/LK27_w0045.npy,0.293,10.926,False,0.0,0.0,0.0
LK27_w0046,LK27,46,538.0,548.0,538.0,548.0,unknown,chest+empatica,chest+empatica+forearm,gel,ecg/LK27_w0046.npy,acc_chest/LK27_w0046.npy,ppg_wrist/LK27_w0046.npy,0.293,10.926,False,0.0,0.0,0.0
LK27_w0047,LK27,47,548.0,558.0,548.0,558.0,unknown,chest+empatica,chest+empatica+forearm,gel,ecg/LK27_w0047.npy,acc_chest/LK27_w0047.npy,ppg_wrist/LK27_w0047.npy,0.293,10.926,False,0.0,0.0,0.0
LK27_w0048,LK27,48,558.0,568.0,558.0,568.0,unknown,chest+empatica,chest+empatica+forearm,gel,ecg/LK27_w0048.npy,acc_chest/LK27_w0048.npy,ppg_wrist/LK27_w0048.npy,0.293,10.926,False,0.0,0.0,0.0
LK27_w0049,LK27,49,568.0,578.0,568.0,578.0,unknown,chest+empatica,chest+empatica+forearm,gel,ecg/LK27_w0049.npy,acc_chest/LK27_w0049.npy,ppg_wrist/LK27_w0049.npy,0.293,10.926,False,0.0,0.0,0.0
LK27_w0050,LK27,50,578.0,588.0,578.0,588.0,unknown,chest+empatica,chest+empatica+forearm,gel,ecg/LK27_w0050.npy,acc_chest/LK27_w0050.npy,ppg_wrist/LK27_w0050.npy,0.293,10.926,False,0.0,0.0,0.0
LK27_w0051,LK27,51,588.0,598.0,588.0,598.0,unknown,chest+empatica,chest+empatica+forearm,gel,ecg/LK27_w0051.npy,acc_chest/LK27_w0051.npy,ppg_wrist/LK27_w0051.npy,0.293,10.926,False,0.0,0.0,0.0
LK27_w0052,LK27,52,598.0,608.0,598.0,608.0,unknown,chest+empatica,chest+empatica+forearm,gel,ecg/LK27_w0052.npy,acc_chest/LK27_w0052.npy,ppg_wrist/LK27_w0052.npy,0.293,10.926,False,0.0,0.0,0.0
LK27_w0053,LK27,53,608.0,618.0,608.0,618.0,unknown,chest+empatica,chest+empatica+forearm,gel,ecg/LK27_w0053.npy,acc_chest/LK27_w0053.npy,ppg_wrist/LK27_w0053.npy,0.293,10.926,False,0.0,0.0,0.0
LK27_w0054,LK27,54,618.0,628.0,618.0,628.0,unknown,chest+empatica,chest+empatica+forearm,gel,ecg/LK27_w0054.npy,acc_chest/LK27_w0054.npy,ppg_wrist/LK27_w0054.npy,0.293,10.926,False,0.0,0.0,0.0
LK27_w0055,LK27,55,628.0,638.0,628.0,638.0,unknown,chest+empatica,chest+empatica+forearm,gel,ecg/LK27_w0055.npy,acc_chest/LK27_w0055.npy,ppg_wrist/LK27_w0055.npy,0.293,10.926,False,0.0,0.0,0.0
LK27_w0056,LK27,56,638.0,648.0,638.0,648.0,unknown,chest+empatica,chest+empatica+forearm,gel,ecg/LK27_w0056.npy,acc_chest/LK27_w0056.npy,ppg_wrist/LK27_w0056.npy,0.293,10.926,False,0.0,0.0,0.0
LK27_w0057,LK27,57,648.0,658.0,648.0,658.0,unknown,chest+empatica,chest+empatica+forearm,gel,ecg/LK27_w0057.npy,acc_chest/LK27_w0057.npy,ppg_wrist/LK27_w0057.npy,0.293,10.926,False,0.0,0.0,0.0
LK27_w0058,LK27,58,658.0,668.0,658.0,668.0,unknown,chest+empatica,chest+empatica+forearm,gel,ecg/LK27_w0058.npy,acc_chest/LK27_w0058.npy,ppg_wrist/LK27_w0058.npy,0.293,10.926,False,0.0,0.0,0.0
LK27_w0059,LK27,59,668.0,678.0,668.0,678.0,unknown,chest+empatica,chest+empatica+forearm,gel,ecg/LK27_w0059.npy,acc_chest/LK27_w0059.npy,ppg_wrist/LK27_w0059.npy,0.293,10.926,False,0.0,0.0,0.0
LK27_w0060,LK27,60,678.0,688.0,678.0,688.0,unknown,chest+empatica,chest+empatica+forearm,gel,ecg/LK27_w0060.npy,acc_chest/LK27_w0060.npy,ppg_wrist/LK27_w0060.npy,0.293,10.926,False,0.0,0.0,0.0
LK27_w0061,LK27,61,688.0,698.0,688.0,698.0,unknown,chest+empatica,chest+empatica+forearm,gel,ecg/LK27_w0061.npy,acc_chest/LK27_w0061.npy,ppg_wrist/LK27_w0061.npy,0.418,10.644,False,0.0,0.0,0.0
LK27_w0062,LK27,62,698.0,708.0,698.0,708.0,unknown,chest+empatica,chest+empatica+forearm,gel,ecg/LK27_w0062.npy,acc_chest/LK27_w0062.npy,ppg_wrist/LK27_w0062.npy,0.784,4.289,False,0.0,0.0,0.0
LK27_w0063,LK27,63,708.0,718.0,708.0,718.0,lift,chest+empatica,chest+empatica+forearm,gel,ecg/LK27_w0063.npy,acc_chest/LK27_w0063.npy,ppg_wrist/LK27_w0063.npy,0.758,4.008,False,0.0,0.0,0.0
LK27_w0064,LK27,64,718.0,728.0,718.0,728.0,lift,chest+empatica,chest+empatica+forearm,gel,ecg/LK27_w0064.npy,acc_chest/LK27_w0064.npy,ppg_wrist/LK27_w0064.npy,0.758,4.048,False,0.0,0.0,0.0
LK27_w0065,LK27,65,728.0,738.0,728.0,738.0,lift,chest+empatica,chest+empatica+forearm,gel,ecg/LK27_w0065.npy,acc_chest/LK27_w0065.npy,ppg_wrist/LK27_w0065.npy,0.79,4.112,False,0.0,0.0,0.0
LK27_w0066,LK27,66,738.0,748.0,738.0,748.0,lift,chest+empatica,chest+empatica+forearm,gel,ecg/LK27_w0066.npy,acc_chest/LK27_w0066.npy,ppg_wrist/LK27_w0066.npy,0.77,3.588,False,0.0,0.0,0.0
LK27_w0067,LK27,67,748.0,758.0,748.0,758.0,lift,chest+empatica,chest+empatica+forearm,gel,ecg/LK27_w0067.npy,acc_chest/LK27_w0067.npy,ppg_wrist/LK27_w0067.npy,0.765,3.769,False,0.0,0.0,0.0
LK27_w0068,LK27,68,758.0,768.0,758.0,768.0,lift,chest+empatica,chest+empatica+forearm,gel,ecg/LK27_w0068.npy,acc_chest/LK27_w0068.npy,ppg_wrist/LK27_w0068.npy,0.745,3.745,False,0.0,0.0,0.0
LK27_w0069,LK27,69,768.0,778.0,768.0,778.0,lift,chest+empatica,chest+empatica+forearm,gel,ecg/LK27_w0069.npy,acc_chest/LK27_w0069.npy,ppg_wrist/LK27_w0069.npy,0.754,3.869,False,0.0,0.0,0.0
LK27_w0070,LK27,70,778.0,788.0,778.0,788.0,lift,chest+empatica,chest+empatica+forearm,gel,ecg/LK27_w0070.npy,acc_chest/LK27_w0070.npy,ppg_wrist/LK27_w0070.npy,0.755,4.428,False,0.0,0.0,0.0
LK27_w0071,LK27,71,788.0,798.0,788.0,798.0,lift,chest+empatica,chest+empatica+forearm,gel,ecg/LK27_w0071.npy,acc_chest/LK27_w0071.npy,ppg_wrist/LK27_w0071.npy,0.738,4.372,False,0.0,0.0,0.0
LK27_w0072,LK27,72,798.0,808.0,798.0,808.0,lift,chest+empatica,chest+empatica+forearm,gel,ecg/LK27_w0072.npy,acc_chest/LK27_w0072.npy,ppg_wrist/LK27_w0072.npy,1.019,10.7,False,0.0,0.0,0.0
LK27_w0073,LK27,73,808.0,818.0,808.0,818.0,lift,chest+empatica,chest+empatica+forearm,gel,ecg/LK27_w0073.npy,acc_chest/LK27_w0073.npy,ppg_wrist/LK27_w0073.npy,0.293,10.926,False,0.0,0.0,0.0
LK27_w0074,LK27,74,818.0,828.0,818.0,828.0,lift,chest+empatica,chest+empatica+forearm,gel,ecg/LK27_w0074.npy,acc_chest/LK27_w0074.npy,ppg_wrist/LK27_w0074.npy,0.293,10.926,False,0.0,0.0,0.0
LK27_w0075,LK27,75,828.0,838.0,828.0,838.0,lift,chest+empatica,chest+empatica+forearm,gel,ecg/LK27_w0075.npy,acc_chest/LK27_w0075.npy,ppg_wrist/LK27_w0075.npy,0.293,10.926,False,0.0,0.0,0.0
LK27_w0076,LK27,76,838.0,848.0,838.0,848.0,lift,chest+empatica,chest+empatica+forearm,gel,ecg/LK27_w0076.npy,acc_chest/LK27_w0076.npy,ppg_wrist/LK27_w0076.npy,0.293,10.926,False,0.0,0.0,0.0
LK27_w0077,LK27,77,848.0,858.0,848.0,858.0,lift,chest+empatica,chest+empatica+forearm,gel,ecg/LK27_w0077.npy,acc_chest/LK27_w0077.npy,ppg_wrist/LK27_w0077.npy,0.807,10.661,False,0.0,0.0,0.0
LK27_w0078,LK27,78,858.0,868.0,858.0,868.0,greetings,chest+empatica,chest+empatica+forearm,gel,ecg/LK27_w0078.npy,acc_chest/LK27_w0078.npy,ppg_wrist/LK27_w0078.npy,0.764,4.374,False,0.0,0.0,0.0
LK27_w0079,LK27,79,868.0,878.0,868.0,878.0,greetings,chest+empatica,chest+empatica+forearm,gel,ecg/LK27_w0079.npy,acc_chest/LK27_w0079.npy,ppg_wrist/LK27_w0079.npy,0.764,4.311,False,0.0,0.0,0.0
LK27_w0080,LK27,80,878.0,888.0,878.0,888.0,greetings,chest+empatica,chest+empatica+forearm,gel,ecg/LK27_w0080.npy,acc_chest/LK27_w0080.npy,ppg_wrist/LK27_w0080.npy,0.755,4.207,False,0.0,0.0,0.0
LK27_w0081,LK27,81,888.0,898.0,888.0,898.0,greetings,chest+empatica,chest+empatica+forearm,gel,ecg/LK27_w0081.npy,acc_chest/LK27_w0081.npy,ppg_wrist/LK27_w0081.npy,0.734,4.243,False,0.0,0.0,0.0
LK27_w0082,LK27,82,898.0,908.0,898.0,908.0,greetings,chest+empatica,chest+empatica+forearm,gel,ecg/LK27_w0082.npy,acc_chest/LK27_w0082.npy,ppg_wrist/LK27_w0082.npy,0.402,10.701,False,0.0,0.0,0.0
LK27_w0083,LK27,83,908.0,918.0,908.0,918.0,greetings,chest+empatica,chest+empatica+forearm,gel,ecg/LK27_w0083.npy,acc_chest/LK27_w0083.npy,ppg_wrist/LK27_w0083.npy,0.293,10.926,False,0.0,0.0,0.0
LK27_w0084,LK27,84,918.0,928.0,918.0,928.0,greetings,chest+empatica,chest+empatica+forearm,gel,ecg/LK27_w0084.npy,acc_chest/LK27_w0084.npy,ppg_wrist/LK27_w0084.npy,0.293,10.926,False,0.0,0.0,0.0
LK27_w0085,LK27,85,928.0,938.0,928.0,938.0,greetings,chest+empatica,chest+empatica+forearm,gel,ecg/LK27_w0085.npy,acc_chest/LK27_w0085.npy,ppg_wrist/LK27_w0085.npy,0.293,10.926,False,0.0,0.0,0.0
LK27_w0086,LK27,86,938.0,948.0,938.0,948.0,greetings,chest+empatica,chest+empatica+forearm,gel,ecg/LK27_w0086.npy,acc_chest/LK27_w0086.npy,ppg_wrist/LK27_w0086.npy,0.89,10.598,False,0.0,0.0,0.0
LK27_w0087,LK27,87,948.0,958.0,948.0,958.0,gesticulate,chest+empatica,chest+empatica+forearm,gel,ecg/LK27_w0087.npy,acc_chest/LK27_w0087.npy,ppg_wrist/LK27_w0087.npy,0.751,4.385,False,0.0,0.0,0.0
LK27_w0088,LK27,88,958.0,968.0,958.0,968.0,gesticulate,chest+empatica,chest+empatica+forearm,gel,ecg/LK27_w0088.npy,acc_chest/LK27_w0088.npy,ppg_wrist/LK27_w0088.npy,0.796,4.422,False,0.0,0.0,0.0
LK27_w0089,LK27,89,968.0,978.0,968.0,978.0,gesticulate,chest+empatica,chest+empatica+forearm,gel,ecg/LK27_w0089.npy,acc_chest/LK27_w0089.npy,ppg_wrist/LK27_w0089.npy,0.753,4.386,False,0.0,0.0,0.0
LK27_w0090,LK27,90,978.0,988.0,978.0,988.0,gesticulate,chest+empatica,chest+empatica+forearm,gel,ecg/LK27_w0090.npy,acc_chest/LK27_w0090.npy,ppg_wrist/LK27_w0090.npy,0.725,4.211,False,0.0,0.0,0.0
LK27_w0091,LK27,91,988.0,998.0,988.0,998.0,gesticulate,chest+empatica,chest+empatica+forearm,gel,ecg/LK27_w0091.npy,acc_chest/LK27_w0091.npy,ppg_wrist/LK27_w0091.npy,0.714,4.247,False,0.0,0.0,0.0
LK27_w0092,LK27,92,998.0,1008.0,998.0,1008.0,gesticulate,chest+empatica,chest+empatica+forearm,gel,ecg/LK27_w0092.npy,acc_chest/LK27_w0092.npy,ppg_wrist/LK27_w0092.npy,0.741,4.363,False,0.0,0.0,0.0
LK27_w0093,LK27,93,1008.0,1018.0,1008.0,1018.0,gesticulate,chest+empatica,chest+empatica+forearm,gel,ecg/LK27_w0093.npy,acc_chest/LK27_w0093.npy,ppg_wrist/LK27_w0093.npy,0.754,4.375,False,0.0,0.0,0.0
LK27_w0094,LK27,94,1018.0,1028.0,1018.0,1028.0,gesticulate,chest+empatica,chest+empatica+forearm,gel,ecg/LK27_w0094.npy,acc_chest/LK27_w0094.npy,ppg_wrist/LK27_w0094.npy,0.769,4.313,False,0.0,0.0,0.0
LK27_w0095,LK27,95,1028.0,1038.0,1028.0,1038.0,gesticulate,chest+empatica,chest+empatica+forearm,gel,ecg/LK27_w0095.npy,acc_chest/LK27_w0095.npy,ppg_wrist/LK27_w0095.npy,0.745,4.337,False,0.0,0.0,0.0
LK27_w0096,LK27,96,1038.0,1048.0,1038.0,1048.0,gesticulate,chest+empatica,chest+empatica+forearm,gel,ecg/LK27_w0096.npy,acc_chest/LK27_w0096.npy,ppg_wrist/LK27_w0096.npy,0.738,4.383,False,0.0,0.0,0.0
LK27_w0097,LK27,97,1048.0,1058.0,1048.0,1058.0,gesticulate,chest+empatica,chest+empatica+forearm,gel,ecg/LK27_w0097.npy,acc_chest/LK27_w0097.npy,ppg_wrist/LK27_w0097.npy,0.776,10.615,False,0.0,0.0,0.0
LK27_w0098,LK27,98,1058.0,1068.0,1058.0,1068.0,gesticulate,chest+empatica,chest+empatica+forearm,gel,ecg/LK27_w0098.npy,acc_chest/LK27_w0098.npy,ppg_wrist/LK27_w0098.npy,0.293,10.926,False,0.0,0.0,0.0
LK27_w0099,LK27,99,1068.0,1078.0,1068.0,1078.0,gesticulate,chest+empatica,chest+empatica+forearm,gel,ecg/LK27_w0099.npy,acc_chest/LK27_w0099.npy,ppg_wrist/LK27_w0099.npy,0.293,10.926,False,0.0,0.0,0.0
LK27_w0100,LK27,100,1078.0,1088.0,1078.0,1088.0,gesticulate,chest+empatica,chest+empatica+forearm,gel,ecg/LK27_w0100.npy,acc_chest/LK27_w0100.npy,ppg_wrist/LK27_w0100.npy,0.293,10.926,False,0.0,0.0,0.0
LK27_w0101,LK27,101,1088.0,1098.0,1088.0,1098.0,gesticulate,chest+empatica,chest+empatica+forearm,gel,ecg/LK27_w0101.npy,acc_chest/LK27_w0101.npy,ppg_wrist/LK27_w0101.npy,0.293,10.926,False,0.0,0.0,0.0
LK27_w0102,LK27,102,1098.0,1108.0,1098.0,1108.0,gesticulate,chest+empatica,chest+empatica+forearm,gel,ecg/LK27_w0102.npy,acc_chest/LK27_w0102.npy,ppg_wrist/LK27_w0102.npy,0.293,10.926,False,0.0,0.0,0.0
LK27_w0103,LK27,103,1108.0,1118.0,1108.0,1118.0,gesticulate,chest+empatica,chest+empatica+forearm,gel,ecg/LK27_w0103.npy,acc_chest/LK27_w0103.npy,ppg_wrist/LK27_w0103.npy,0.293,10.926,False,0.0,0.0,0.0
LK27_w0104,LK27,104,1118.0,1128.0,1118.0,1128.0,gesticulate,chest+empatica,chest+empatica+forearm,gel,ecg/LK27_w0104.npy,acc_chest/LK27_w0104.npy,ppg_wrist/LK27_w0104.npy,0.612,10.773,False,0.0,0.0,0.0
LK27_w0105,LK27,105,1128.0,1138.0,1128.0,1138.0,walk_before,chest+empatica,chest+empatica+forearm,gel,ecg/LK27_w0105.npy,acc_chest/LK27_w0105.npy,ppg_wrist/LK27_w0105.npy,0.813,4.246,False,0.0,0.0,0.0
LK27_w0106,LK27,106,1138.0,1148.0,1138.0,1148.0,walk_before,chest+empatica,chest+empatica+forearm,gel,ecg/LK27_w0106.npy,acc_chest/LK27_w0106.npy,ppg_wrist/LK27_w0106.npy,0.816,4.283,False,0.0,0.0,0.0
LK27_w0107,LK27,107,1148.0,1158.0,1148.0,1158.0,walk_before,chest+empatica,chest+empatica+forearm,gel,ecg/LK27_w0107.npy,acc_chest/LK27_w0107.npy,ppg_wrist/LK27_w0107.npy,0.744,4.355,False,0.0,0.0,0.0
LK27_w0108,LK27,108,1158.0,1168.0,1158.0,1168.0,walk_before,chest+empatica,chest+empatica+forearm,gel,ecg/LK27_w0108.npy,acc_chest/LK27_w0108.npy,ppg_wrist/LK27_w0108.npy,0.727,4.341,False,0.0,0.0,0.0
LK27_w0109,LK27,109,1168.0,1178.0,1168.0,1178.0,walk_before,chest+empatica,chest+empatica+forearm,gel,ecg/LK27_w0109.npy,acc_chest/LK27_w0109.npy,ppg_wrist/LK27_w0109.npy,0.755,4.303,False,0.0,0.0,0.0
LK27_w0110,LK27,110,1178.0,1188.0,1178.0,1188.0,walk_before,chest+empatica,chest+empatica+forearm,gel,ecg/LK27_w0110.npy,acc_chest/LK27_w0110.npy,ppg_wrist/LK27_w0110.npy,0.715,4.332,False,0.0,0.0,0.0
LK27_w0111,LK27,111,1188.0,1198.0,1188.0,1198.0,walk_before,chest+empatica,chest+empatica+forearm,gel,ecg/LK27_w0111.npy,acc_chest/LK27_w0111.npy,ppg_wrist/LK27_w0111.npy,0.736,4.308,False,0.0,0.0,0.0
LK27_w0112,LK27,112,1198.0,1208.0,1198.0,1208.0,walk_before,chest+empatica,chest+empatica+forearm,gel,ecg/LK27_w0112.npy,acc_chest/LK27_w0112.npy,ppg_wrist/LK27_w0112.npy,0.723,4.302,False,0.0,0.0,0.0
LK27_w0113,LK27,113,1208.0,1218.0,1208.0,1218.0,walk_before,chest+empatica,chest+empatica+forearm,gel,ecg/LK27_w0113.npy,acc_chest/LK27_w0113.npy,ppg_wrist/LK27_w0113.npy,0.769,4.157,False,0.0,0.0,0.0
LK27_w0114,LK27,114,1218.0,1228.0,1218.0,1228.0,walk_before,chest+empatica,chest+empatica+forearm,gel,ecg/LK27_w0114.npy,acc_chest/LK27_w0114.npy,ppg_wrist/LK27_w0114.npy,0.789,4.181,False,0.0,0.0,0.0
LK27_w0115,LK27,115,1228.0,1238.0,1228.0,1238.0,walk_before,chest+empatica,chest+empatica+forearm,gel,ecg/LK27_w0115.npy,acc_chest/LK27_w0115.npy,ppg_wrist/LK27_w0115.npy,0.764,4.068,False,0.0,0.0,0.0
LK27_w0116,LK27,116,1238.0,1248.0,1238.0,1248.0,walk_before,chest+empatica,chest+empatica+forearm,gel,ecg/LK27_w0116.npy,acc_chest/LK27_w0116.npy,ppg_wrist/LK27_w0116.npy,0.864,3.859,False,0.0,0.0,0.0
LK27_w0117,LK27,117,1248.0,1258.0,1248.0,1258.0,walk_before,chest+empatica,chest+empatica+forearm,gel,ecg/LK27_w0117.npy,acc_chest/LK27_w0117.npy,ppg_wrist/LK27_w0117.npy,0.862,4.016,False,0.0,0.0,0.0
LK27_w0118,LK27,118,1258.0,1268.0,1258.0,1268.0,walk_before,chest+empatica,chest+empatica+forearm,gel,ecg/LK27_w0118.npy,acc_chest/LK27_w0118.npy,ppg_wrist/LK27_w0118.npy,0.901,4.069,False,0.0,0.0,0.0
LK27_w0119,LK27,119,1268.0,1278.0,1268.0,1278.0,walk_before,chest+empatica,chest+empatica+forearm,gel,ecg/LK27_w0119.npy,acc_chest/LK27_w0119.npy,ppg_wrist/LK27_w0119.npy,0.934,4.838,False,0.0,0.0,0.0
LK27_w0120,LK27,120,1278.0,1288.0,1278.0,1288.0,walk_before,chest+empatica,chest+empatica+forearm,gel,ecg/LK27_w0120.npy,acc_chest/LK27_w0120.npy,ppg_wrist/LK27_w0120.npy,0.927,4.806,False,0.0,0.0,0.0
LK27_w0121,LK27,121,1288.0,1298.0,1288.0,1298.0,walk_before,chest+empatica,chest+empatica+forearm,gel,ecg/LK27_w0121.npy,acc_chest/LK27_w0121.npy,ppg_wrist/LK27_w0121.npy,0.9,4.367,False,0.0,0.0,0.0
LK27_w0122,LK27,122,1298.0,1308.0,1298.0,1308.0,walk_before,chest+empatica,chest+empatica+forearm,gel,ecg/LK27_w0122.npy,acc_chest/LK27_w0122.npy,ppg_wrist/LK27_w0122.npy,0.887,4.545,False,0.0,0.0,0.0
LK27_w0123,LK27,123,1308.0,1318.0,1308.0,1318.0,walk_before,chest+empatica,chest+empatica+forearm,gel,ecg/LK27_w0123.npy,acc_chest/LK27_w0123.npy,ppg_wrist/LK27_w0123.npy,0.918,4.584,False,0.0,0.0,0.0
LK27_w0124,LK27,124,1318.0,1328.0,1318.0,1328.0,walk_before,chest+empatica,chest+empatica+forearm,gel,ecg/LK27_w0124.npy,acc_chest/LK27_w0124.npy,ppg_wrist/LK27_w0124.npy,0.912,4.89,False,0.0,0.0,0.0
LK27_w0125,LK27,125,1328.0,1338.0,1328.0,1338.0,walk_before,chest+empatica,chest+empatica+forearm,gel,ecg/LK27_w0125.npy,acc_chest/LK27_w0125.npy,ppg_wrist/LK27_w0125.npy,0.889,4.751,False,0.0,0.0,0.0
LK27_w0126,LK27,126,1338.0,1348.0,1338.0,1348.0,walk_before,chest+empatica,chest+empatica+forearm,gel,ecg/LK27_w0126.npy,acc_chest/LK27_w0126.npy,ppg_wrist/LK27_w0126.npy,0.909,4.399,False,0.0,0.0,0.0
LK27_w0127,LK27,127,1348.0,1358.0,1348.0,1358.0,walk_before,chest+empatica,chest+empatica+forearm,gel,ecg/LK27_w0127.npy,acc_chest/LK27_w0127.npy,ppg_wrist/LK27_w0127.npy,0.856,4.398,False,0.0,0.0,0.0
LK27_w0128,LK27,128,1358.0,1368.0,1358.0,1368.0,walk_before,chest+empatica,chest+empatica+forearm,gel,ecg/LK27_w0128.npy,acc_chest/LK27_w0128.npy,ppg_wrist/LK27_w0128.npy,0.894,4.564,False,0.0,0.0,0.0
LK27_w0129,LK27,129,1368.0,1378.0,1368.0,1378.0,walk_before,chest+empatica,chest+empatica+forearm,gel,ecg/LK27_w0129.npy,acc_chest/LK27_w0129.npy,ppg_wrist/LK27_w0129.npy,0.868,4.286,False,0.0,0.0,0.0
LK27_w0130,LK27,130,1378.0,1388.0,1378.0,1388.0,walk_before,chest+empatica,chest+empatica+forearm,gel,ecg/LK27_w0130.npy,acc_chest/LK27_w0130.npy,ppg_wrist/LK27_w0130.npy,0.903,4.234,False,0.0,0.0,0.0
LK27_w0131,LK27,131,1388.0,1398.0,1388.0,1398.0,walk_before,chest+empatica,chest+empatica+forearm,gel,ecg/LK27_w0131.npy,acc_chest/LK27_w0131.npy,ppg_wrist/LK27_w0131.npy,0.805,4.422,False,0.0,0.0,0.0
LK27_w0132,LK27,132,1398.0,1408.0,1398.0,1408.0,walk_before,chest+empatica,chest+empatica+forearm,gel,ecg/LK27_w0132.npy,acc_chest/LK27_w0132.npy,ppg_wrist/LK27_w0132.npy,0.758,4.284,False,0.0,0.0,0.0
LK27_w0133,LK27,133,1408.0,1418.0,1408.0,1418.0,walk_before,chest+empatica,chest+empatica+forearm,gel,ecg/LK27_w0133.npy,acc_chest/LK27_w0133.npy,ppg_wrist/LK27_w0133.npy,0.755,4.37,False,0.0,0.0,0.0
LK27_w0134,LK27,134,1418.0,1428.0,1418.0,1428.0,walk_before,chest+empatica,chest+empatica+forearm,gel,ecg/LK27_w0134.npy,acc_chest/LK27_w0134.npy,ppg_wrist/LK27_w0134.npy,0.782,4.326,False,0.0,0.0,0.0
LK27_w0135,LK27,135,1428.0,1438.0,1428.0,1438.0,walk_before,chest+empatica,chest+empatica+forearm,gel,ecg/LK27_w0135.npy,acc_chest/LK27_w0135.npy,ppg_wrist/LK27_w0135.npy,0.889,4.198,False,0.0,0.0,0.0
LK27_w0136,LK27,136,1438.0,1448.0,1438.0,1448.0,walk_before,chest+empatica,chest+empatica+forearm,gel,ecg/LK27_w0136.npy,acc_chest/LK27_w0136.npy,ppg_wrist/LK27_w0136.npy,0.913,3.901,False,0.0,0.0,0.0
LK27_w0137,LK27,137,1448.0,1458.0,1448.0,1458.0,walk_before,chest+empatica,chest+empatica+forearm,gel,ecg/LK27_w0137.npy,acc_chest/LK27_w0137.npy,ppg_wrist/LK27_w0137.npy,0.784,10.432,False,0.0,0.0,0.0
LK27_w0138,LK27,138,1458.0,1468.0,1458.0,1468.0,walk_before,chest+empatica,chest+empatica+forearm,gel,ecg/LK27_w0138.npy,acc_chest/LK27_w0138.npy,ppg_wrist/LK27_w0138.npy,0.293,10.926,False,0.0,0.0,0.0
LK27_w0139,LK27,139,1468.0,1478.0,1468.0,1478.0,walk_before,chest+empatica,chest+empatica+forearm,gel,ecg/LK27_w0139.npy,acc_chest/LK27_w0139.npy,ppg_wrist/LK27_w0139.npy,0.393,10.712,False,0.0,0.0,0.0
LK27_w0140,LK27,140,1478.0,1488.0,1478.0,1488.0,walk_before,chest+empatica,chest+empatica+forearm,gel,ecg/LK27_w0140.npy,acc_chest/LK27_w0140.npy,ppg_wrist/LK27_w0140.npy,0.797,4.18,False,0.0,0.0,0.0
LK27_w0141,LK27,141,1488.0,1498.0,1488.0,1498.0,run,chest+empatica,chest+empatica+forearm,gel,ecg/LK27_w0141.npy,acc_chest/LK27_w0141.npy,ppg_wrist/LK27_w0141.npy,1.22,4.444,False,0.0,0.0,0.0
LK27_w0142,LK27,142,1498.0,1508.0,1498.0,1508.0,run,chest+empatica,chest+empatica+forearm,gel,ecg/LK27_w0142.npy,acc_chest/LK27_w0142.npy,ppg_wrist/LK27_w0142.npy,1.838,4.308,False,0.0,0.0,0.0
LK27_w0143,LK27,143,1508.0,1518.0,1508.0,1518.0,run,chest+empatica,chest+empatica+forearm,gel,ecg/LK27_w0143.npy,acc_chest/LK27_w0143.npy,ppg_wrist/LK27_w0143.npy,1.762,3.381,False,0.0,0.0,0.0
LK27_w0144,LK27,144,1518.0,1528.0,1518.0,1528.0,run,chest+empatica,chest+empatica+forearm,gel,ecg/LK27_w0144.npy,acc_chest/LK27_w0144.npy,ppg_wrist/LK27_w0144.npy,1.711,2.953,False,0.0,0.0,0.0
LK27_w0145,LK27,145,1528.0,1538.0,1528.0,1538.0,run,chest+empatica,chest+empatica+forearm,gel,ecg/LK27_w0145.npy,acc_chest/LK27_w0145.npy,ppg_wrist/LK27_w0145.npy,1.506,2.836,False,0.0,0.0,0.0
LK27_w0146,LK27,146,1538.0,1548.0,1538.0,1548.0,run,chest+empatica,chest+empatica+forearm,gel,ecg/LK27_w0146.npy,acc_chest/LK27_w0146.npy,ppg_wrist/LK27_w0146.npy,1.536,4.476,False,0.0,0.0,0.0
LK27_w0147,LK27,147,1548.0,1558.0,1548.0,1558.0,run,chest+empatica,chest+empatica+forearm,gel,ecg/LK27_w0147.npy,acc_chest/LK27_w0147.npy,ppg_wrist/LK27_w0147.npy,1.564,5.636,False,0.0,0.0,0.0
LK27_w0148,LK27,148,1558.0,1568.0,1558.0,1568.0,run,chest+empatica,chest+empatica+forearm,gel,ecg/LK27_w0148.npy,acc_chest/LK27_w0148.npy,ppg_wrist/LK27_w0148.npy,1.518,4.117,False,0.0,0.0,0.0
LK27_w0149,LK27,149,1568.0,1578.0,1568.0,1578.0,run,chest+empatica,chest+empatica+forearm,gel,ecg/LK27_w0149.npy,acc_chest/LK27_w0149.npy,ppg_wrist/LK27_w0149.npy,1.527,3.031,False,0.0,0.0,0.0
LK27_w0150,LK27,150,1578.0,1588.0,1578.0,1588.0,run,chest+empatica,chest+empatica+forearm,gel,ecg/LK27_w0150.npy,acc_chest/LK27_w0150.npy,ppg_wrist/LK27_w0150.npy,1.512,2.821,False,0.0,0.0,0.0
LK27_w0151,LK27,151,1588.0,1598.0,1588.0,1598.0,run,chest+empatica,chest+empatica+forearm,gel,ecg/LK27_w0151.npy,acc_chest/LK27_w0151.npy,ppg_wrist/LK27_w0151.npy,1.574,2.894,False,0.0,0.0,0.0
LK27_w0152,LK27,152,1598.0,1608.0,1598.0,1608.0,run,chest+empatica,chest+empatica+forearm,gel,ecg/LK27_w0152.npy,acc_chest/LK27_w0152.npy,ppg_wrist/LK27_w0152.npy,1.593,2.687,False,0.0,0.0,0.0
LK27_w0153,LK27,153,1608.0,1618.0,1608.0,1618.0,run,chest+empatica,chest+empatica+forearm,gel,ecg/LK27_w0153.npy,acc_chest/LK27_w0153.npy,ppg_wrist/LK27_w0153.npy,1.566,4.592,False,0.0,0.0,0.0
LK27_w0154,LK27,154,1618.0,1628.0,1618.0,1628.0,run,chest+empatica,chest+empatica+forearm,gel,ecg/LK27_w0154.npy,acc_chest/LK27_w0154.npy,ppg_wrist/LK27_w0154.npy,1.731,6.338,False,0.0,0.0,0.0
LK27_w0155,LK27,155,1628.0,1638.0,1628.0,1638.0,run,chest+empatica,chest+empatica+forearm,gel,ecg/LK27_w0155.npy,acc_chest/LK27_w0155.npy,ppg_wrist/LK27_w0155.npy,1.772,6.546,False,0.0,0.0,0.0
LK27_w0156,LK27,156,1638.0,1648.0,1638.0,1648.0,run,chest+empatica,chest+empatica+forearm,gel,ecg/LK27_w0156.npy,acc_chest/LK27_w0156.npy,ppg_wrist/LK27_w0156.npy,1.479,4.661,False,0.0,0.0,0.0
LK27_w0157,LK27,157,1648.0,1658.0,1648.0,1658.0,run,chest+empatica,chest+empatica+forearm,gel,ecg/LK27_w0157.npy,acc_chest/LK27_w0157.npy,ppg_wrist/LK27_w0157.npy,0.763,3.696,False,0.0,0.0,0.0
LK27_w0158,LK27,158,1658.0,1668.0,1658.0,1668.0,run,chest+empatica,chest+empatica+forearm,gel,ecg/LK27_w0158.npy,acc_chest/LK27_w0158.npy,ppg_wrist/LK27_w0158.npy,0.783,4.207,False,0.0,0.0,0.0
LK27_w0159,LK27,159,1668.0,1678.0,1668.0,1678.0,run,chest+empatica,chest+empatica+forearm,gel,ecg/LK27_w0159.npy,acc_chest/LK27_w0159.npy,ppg_wrist/LK27_w0159.npy,1.089,4.237,False,0.0,0.0,0.0
LK27_w0160,LK27,160,1678.0,1688.0,1678.0,1688.0,run,chest+empatica,chest+empatica+forearm,gel,ecg/LK27_w0160.npy,acc_chest/LK27_w0160.npy,ppg_wrist/LK27_w0160.npy,0.76,4.138,False,0.0,0.0,0.0
LK27_w0161,LK27,161,1688.0,1698.0,1688.0,1698.0,run,chest+empatica,chest+empatica+forearm,gel,ecg/LK27_w0161.npy,acc_chest/LK27_w0161.npy,ppg_wrist/LK27_w0161.npy,0.748,4.197,False,0.0,0.0,0.0
LK27_w0162,LK27,162,1698.0,1708.0,1698.0,1708.0,run,chest+empatica,chest+empatica+forearm,gel,ecg/LK27_w0162.npy,acc_chest/LK27_w0162.npy,ppg_wrist/LK27_w0162.npy,1.455,4.021,False,0.0,0.0,0.0
LK27_w0163,LK27,163,1708.0,1718.0,1708.0,1718.0,run,chest+empatica,chest+empatica+forearm,gel,ecg/LK27_w0163.npy,acc_chest/LK27_w0163.npy,ppg_wrist/LK27_w0163.npy,1.581,3.495,False,0.0,0.0,0.0
LK27_w0164,LK27,164,1718.0,1728.0,1718.0,1728.0,run,chest+empatica,chest+empatica+forearm,gel,ecg/LK27_w0164.npy,acc_chest/LK27_w0164.npy,ppg_wrist/LK27_w0164.npy,1.613,4.164,False,0.0,0.0,0.0
LK27_w0165,LK27,165,1728.0,1738.0,1728.0,1738.0,run,chest+empatica,chest+empatica+forearm,gel,ecg/LK27_w0165.npy,acc_chest/LK27_w0165.npy,ppg_wrist/LK27_w0165.npy,1.815,4.01,False,0.0,0.0,0.0
LK27_w0166,LK27,166,1738.0,1748.0,1738.0,1748.0,run,chest+empatica,chest+empatica+forearm,gel,ecg/LK27_w0166.npy,acc_chest/LK27_w0166.npy,ppg_wrist/LK27_w0166.npy,1.621,3.051,False,0.0,0.0,0.0
LK27_w0167,LK27,167,1748.0,1758.0,1748.0,1758.0,run,chest+empatica,chest+empatica+forearm,gel,ecg/LK27_w0167.npy,acc_chest/LK27_w0167.npy,ppg_wrist/LK27_w0167.npy,1.599,3.316,False,0.0,0.0,0.0
LK27_w0168,LK27,168,1758.0,1768.0,1758.0,1768.0,run,chest+empatica,chest+empatica+forearm,gel,ecg/LK27_w0168.npy,acc_chest/LK27_w0168.npy,ppg_wrist/LK27_w0168.npy,1.63,3.076,False,0.0,0.0,0.0
LK27_w0169,LK27,169,1768.0,1778.0,1768.0,1778.0,run,chest+empatica,chest+empatica+forearm,gel,ecg/LK27_w0169.npy,acc_chest/LK27_w0169.npy,ppg_wrist/LK27_w0169.npy,1.863,3.406,False,0.0,0.0,0.0
LK27_w0170,LK27,170,1778.0,1788.0,1778.0,1788.0,run,chest+empatica,chest+empatica+forearm,gel,ecg/LK27_w0170.npy,acc_chest/LK27_w0170.npy,ppg_wrist/LK27_w0170.npy,1.733,3.144,False,0.0,0.0,0.0
LK27_w0171,LK27,171,1788.0,1798.0,1788.0,1798.0,run,chest+empatica,chest+empatica+forearm,gel,ecg/LK27_w0171.npy,acc_chest/LK27_w0171.npy,ppg_wrist/LK27_w0171.npy,1.788,3.561,False,0.0,0.0,0.0
LK27_w0172,LK27,172,1798.0,1808.0,1798.0,1808.0,run,chest+empatica,chest+empatica+forearm,gel,ecg/LK27_w0172.npy,acc_chest/LK27_w0172.npy,ppg_wrist/LK27_w0172.npy,1.625,3.515,False,0.0,0.0,0.0
LK27_w0173,LK27,173,1808.0,1818.0,1808.0,1818.0,run,chest+empatica,chest+empatica+forearm,gel,ecg/LK27_w0173.npy,acc_chest/LK27_w0173.npy,ppg_wrist/LK27_w0173.npy,1.64,4.859,False,0.0,0.0,0.0
LK27_w0174,LK27,174,1818.0,1828.0,1818.0,1828.0,run,chest+empatica,chest+empatica+forearm,gel,ecg/LK27_w0174.npy,acc_chest/LK27_w0174.npy,ppg_wrist/LK27_w0174.npy,0.902,5.237,False,0.0,0.0,0.0
LK27_w0175,LK27,175,1828.0,1838.0,1828.0,1838.0,run,chest+empatica,chest+empatica+forearm,gel,ecg/LK27_w0175.npy,acc_chest/LK27_w0175.npy,ppg_wrist/LK27_w0175.npy,1.206,5.433,False,0.0,0.0,0.0
LK27_w0176,LK27,176,1838.0,1848.0,1838.0,1848.0,run,chest+empatica,chest+empatica+forearm,gel,ecg/LK27_w0176.npy,acc_chest/LK27_w0176.npy,ppg_wrist/LK27_w0176.npy,1.575,5.133,False,0.0,0.0,0.0
LK27_w0177,LK27,177,1848.0,1858.0,1848.0,1858.0,run,chest+empatica,chest+empatica+forearm,gel,ecg/LK27_w0177.npy,acc_chest/LK27_w0177.npy,ppg_wrist/LK27_w0177.npy,1.583,3.732,False,0.0,0.0,0.0
LK27_w0178,LK27,178,1858.0,1868.0,1858.0,1868.0,run,chest+empatica,chest+empatica+forearm,gel,ecg/LK27_w0178.npy,acc_chest/LK27_w0178.npy,ppg_wrist/LK27_w0178.npy,1.441,2.903,False,0.0,0.0,0.0
LK27_w0179,LK27,179,1868.0,1878.0,1868.0,1878.0,run,chest+empatica,chest+empatica+forearm,gel,ecg/LK27_w0179.npy,acc_chest/LK27_w0179.npy,ppg_wrist/LK27_w0179.npy,1.536,2.474,False,0.0,0.0,0.0
LK27_w0180,LK27,180,1878.0,1888.0,1878.0,1888.0,run,chest+empatica,chest+empatica+forearm,gel,ecg/LK27_w0180.npy,acc_chest/LK27_w0180.npy,ppg_wrist/LK27_w0180.npy,1.665,4.415,False,0.0,0.0,0.0
LK27_w0181,LK27,181,1888.0,1898.0,1888.0,1898.0,run,chest+empatica,chest+empatica+forearm,gel,ecg/LK27_w0181.npy,acc_chest/LK27_w0181.npy,ppg_wrist/LK27_w0181.npy,1.614,4.42,False,0.0,0.0,0.0
LK27_w0182,LK27,182,1898.0,1908.0,1898.0,1908.0,run,chest+empatica,chest+empatica+forearm,gel,ecg/LK27_w0182.npy,acc_chest/LK27_w0182.npy,ppg_wrist/LK27_w0182.npy,1.626,3.172,False,0.0,0.0,0.0
LK27_w0183,LK27,183,1908.0,1918.0,1908.0,1918.0,run,chest+empatica,chest+empatica+forearm,gel,ecg/LK27_w0183.npy,acc_chest/LK27_w0183.npy,ppg_wrist/LK27_w0183.npy,1.629,3.416,False,0.0,0.0,0.0
LK27_w0184,LK27,184,1918.0,1928.0,1918.0,1928.0,run,chest+empatica,chest+empatica+forearm,gel,ecg/LK27_w0184.npy,acc_chest/LK27_w0184.npy,ppg_wrist/LK27_w0184.npy,1.61,3.874,False,0.0,0.0,0.0
LK27_w0185,LK27,185,1928.0,1938.0,1928.0,1938.0,run,chest+empatica,chest+empatica+forearm,gel,ecg/LK27_w0185.npy,acc_chest/LK27_w0185.npy,ppg_wrist/LK27_w0185.npy,1.668,5.338,False,0.0,0.0,0.0
LK27_w0186,LK27,186,1938.0,1948.0,1938.0,1948.0,run,chest+empatica,chest+empatica+forearm,gel,ecg/LK27_w0186.npy,acc_chest/LK27_w0186.npy,ppg_wrist/LK27_w0186.npy,1.622,4.941,False,0.0,0.0,0.0
LK27_w0187,LK27,187,1948.0,1958.0,1948.0,1958.0,run,chest+empatica,chest+empatica+forearm,gel,ecg/LK27_w0187.npy,acc_chest/LK27_w0187.npy,ppg_wrist/LK27_w0187.npy,1.614,4.837,False,0.0,0.0,0.0
LK27_w0188,LK27,188,1958.0,1968.0,1958.0,1968.0,run,chest+empatica,chest+empatica+forearm,gel,ecg/LK27_w0188.npy,acc_chest/LK27_w0188.npy,ppg_wrist/LK27_w0188.npy,1.624,5.109,False,0.0,0.0,0.0
LK27_w0189,LK27,189,1968.0,1978.0,1968.0,1978.0,run,chest+empatica,chest+empatica+forearm,gel,ecg/LK27_w0189.npy,acc_chest/LK27_w0189.npy,ppg_wrist/LK27_w0189.npy,1.696,4.803,False,0.0,0.0,0.0
LK27_w0190,LK27,190,1978.0,1988.0,1978.0,1988.0,run,chest+empatica,chest+empatica+forearm,gel,ecg/LK27_w0190.npy,acc_chest/LK27_w0190.npy,ppg_wrist/LK27_w0190.npy,1.721,4.863,False,0.0,0.0,0.0
LK27_w0191,LK27,191,1988.0,1998.0,1988.0,1998.0,run,chest+empatica,chest+empatica+forearm,gel,ecg/LK27_w0191.npy,acc_chest/LK27_w0191.npy,ppg_wrist/LK27_w0191.npy,1.726,4.948,False,0.0,0.0,0.0
LK27_w0192,LK27,192,1998.0,2008.0,1998.0,2008.0,run,chest+empatica,chest+empatica+forearm,gel,ecg/LK27_w0192.npy,acc_chest/LK27_w0192.npy,ppg_wrist/LK27_w0192.npy,1.914,6.419,False,0.0,0.0,0.0
LK27_w0193,LK27,193,2008.0,2018.0,2008.0,2018.0,run,chest+empatica,chest+empatica+forearm,gel,ecg/LK27_w0193.npy,acc_chest/LK27_w0193.npy,ppg_wrist/LK27_w0193.npy,1.674,5.508,False,0.0,0.0,0.0
LK27_w0194,LK27,194,2018.0,2028.0,2018.0,2028.0,run,chest+empatica,chest+empatica+forearm,gel,ecg/LK27_w0194.npy,acc_chest/LK27_w0194.npy,ppg_wrist/LK27_w0194.npy,1.654,3.298,False,0.0,0.0,0.0
LK27_w0195,LK27,195,2028.0,2038.0,2028.0,2038.0,run,chest+empatica,chest+empatica+forearm,gel,ecg/LK27_w0195.npy,acc_chest/LK27_w0195.npy,ppg_wrist/LK27_w0195.npy,1.699,5.018,False,0.0,0.0,0.0
LK27_w0196,LK27,196,2038.0,2048.0,2038.0,2048.0,run,chest+empatica,chest+empatica+forearm,gel,ecg/LK27_w0196.npy,acc_chest/LK27_w0196.npy,ppg_wrist/LK27_w0196.npy,1.805,6.488,False,0.0,0.0,0.0
LK27_w0197,LK27,197,2048.0,2058.0,2048.0,2058.0,run,chest+empatica,chest+empatica+forearm,gel,ecg/LK27_w0197.npy,acc_chest/LK27_w0197.npy,ppg_wrist/LK27_w0197.npy,0.494,9.745,False,0.0,0.0,0.0
LK27_w0198,LK27,198,2058.0,2068.0,2058.0,2068.0,run,chest+empatica,chest+empatica+forearm,gel,ecg/LK27_w0198.npy,acc_chest/LK27_w0198.npy,ppg_wrist/LK27_w0198.npy,0.293,10.926,False,0.0,0.0,0.0
LK27_w0199,LK27,199,2068.0,2078.0,2068.0,2078.0,run,chest+empatica,chest+empatica+forearm,gel,ecg/LK27_w0199.npy,acc_chest/LK27_w0199.npy,ppg_wrist/LK27_w0199.npy,0.293,10.926,False,0.0,0.0,0.0
LK27_w0200,LK27,200,2078.0,2088.0,2078.0,2088.0,run,chest+empatica,chest+empatica+forearm,gel,ecg/LK27_w0200.npy,acc_chest/LK27_w0200.npy,ppg_wrist/LK27_w0200.npy,1.408,11.256,False,0.0,0.0,0.0
LK27_w0201,LK27,201,2088.0,2098.0,2088.0,2098.0,run,chest+empatica,chest+empatica+forearm,gel,ecg/LK27_w0201.npy,acc_chest/LK27_w0201.npy,ppg_wrist/LK27_w0201.npy,1.726,6.112,False,0.0,0.0,0.0
LK27_w0202,LK27,202,2098.0,2108.0,2098.0,2108.0,run,chest+empatica,chest+empatica+forearm,gel,ecg/LK27_w0202.npy,acc_chest/LK27_w0202.npy,ppg_wrist/LK27_w0202.npy,1.649,6.736,False,0.0,0.0,0.0
LK27_w0203,LK27,203,2108.0,2118.0,2108.0,2118.0,run,chest+empatica,chest+empatica+forearm,gel,ecg/LK27_w0203.npy,acc_chest/LK27_w0203.npy,ppg_wrist/LK27_w0203.npy,1.666,4.25,False,0.0,0.0,0.0
LK27_w0204,LK27,204,2118.0,2128.0,2118.0,2128.0,run,chest+empatica,chest+empatica+forearm,gel,ecg/LK27_w0204.npy,acc_chest/LK27_w0204.npy,ppg_wrist/LK27_w0204.npy,1.586,2.89,False,0.0,0.0,0.0
LK27_w0205,LK27,205,2128.0,2138.0,2128.0,2138.0,run,chest+empatica,chest+empatica+forearm,gel,ecg/LK27_w0205.npy,acc_chest/LK27_w0205.npy,ppg_wrist/LK27_w0205.npy,1.577,2.836,False,0.0,0.0,0.0
LK27_w0206,LK27,206,2138.0,2148.0,2138.0,2148.0,run,chest+empatica,chest+empatica+forearm,gel,ecg/LK27_w0206.npy,acc_chest/LK27_w0206.npy,ppg_wrist/LK27_w0206.npy,1.549,4.188,False,0.0,0.0,0.0
LK27_w0207,LK27,207,2148.0,2158.0,2148.0,2158.0,run,chest+empatica,chest+empatica+forearm,gel,ecg/LK27_w0207.npy,acc_chest/LK27_w0207.npy,ppg_wrist/LK27_w0207.npy,1.596,5.897,False,0.0,0.0,0.0
LK27_w0208,LK27,208,2158.0,2168.0,2158.0,2168.0,run,chest+empatica,chest+empatica+forearm,gel,ecg/LK27_w0208.npy,acc_chest/LK27_w0208.npy,ppg_wrist/LK27_w0208.npy,1.7,5.52,False,0.0,0.0,0.0
LK27_w0209,LK27,209,2168.0,2178.0,2168.0,2178.0,run,chest+empatica,chest+empatica+forearm,gel,ecg/LK27_w0209.npy,acc_chest/LK27_w0209.npy,ppg_wrist/LK27_w0209.npy,1.574,3.065,False,0.0,0.0,0.0
LK27_w0210,LK27,210,2178.0,2188.0,2178.0,2188.0,run,chest+empatica,chest+empatica+forearm,gel,ecg/LK27_w0210.npy,acc_chest/LK27_w0210.npy,ppg_wrist/LK27_w0210.npy,1.558,4.243,False,0.0,0.0,0.0
LK27_w0211,LK27,211,2188.0,2198.0,2188.0,2198.0,run,chest+empatica,chest+empatica+forearm,gel,ecg/LK27_w0211.npy,acc_chest/LK27_w0211.npy,ppg_wrist/LK27_w0211.npy,1.696,5.164,False,0.0,0.0,0.0
LK27_w0212,LK27,212,2198.0,2208.0,2198.0,2208.0,run,chest+empatica,chest+empatica+forearm,gel,ecg/LK27_w0212.npy,acc_chest/LK27_w0212.npy,ppg_wrist/LK27_w0212.npy,1.635,4.216,False,0.0,0.0,0.0
LK27_w0213,LK27,213,2208.0,2218.0,2208.0,2218.0,run,chest+empatica,chest+empatica+forearm,gel,ecg/LK27_w0213.npy,acc_chest/LK27_w0213.npy,ppg_wrist/LK27_w0213.npy,1.776,4.668,False,0.0,0.0,0.0
LK27_w0214,LK27,214,2218.0,2228.0,2218.0,2228.0,run,chest+empatica,chest+empatica+forearm,gel,ecg/LK27_w0214.npy,acc_chest/LK27_w0214.npy,ppg_wrist/LK27_w0214.npy,1.733,4.488,False,0.0,0.0,0.0
LK27_w0215,LK27,215,2228.0,2238.0,2228.0,2238.0,run,chest+empatica,chest+empatica+forearm,gel,ecg/LK27_w0215.npy,acc_chest/LK27_w0215.npy,ppg_wrist/LK27_w0215.npy,1.663,3.926,False,0.0,0.0,0.0
LK27_w0216,LK27,216,2238.0,2248.0,2238.0,2248.0,run,chest+empatica,chest+empatica+forearm,gel,ecg/LK27_w0216.npy,acc_chest/LK27_w0216.npy,ppg_wrist/LK27_w0216.npy,1.748,5.077,False,0.0,0.0,0.0
LK27_w0217,LK27,217,2248.0,2258.0,2248.0,2258.0,run,chest+empatica,chest+empatica+forearm,gel,ecg/LK27_w0217.npy,acc_chest/LK27_w0217.npy,ppg_wrist/LK27_w0217.npy,1.76,4.557,False,0.0,0.0,0.0
LK27_w0218,LK27,218,2258.0,2268.0,2258.0,2268.0,run,chest+empatica,chest+empatica+forearm,gel,ecg/LK27_w0218.npy,acc_chest/LK27_w0218.npy,ppg_wrist/LK27_w0218.npy,1.715,5.23,False,0.0,0.0,0.0
LK27_w0219,LK27,219,2268.0,2278.0,2268.0,2278.0,run,chest+empatica,chest+empatica+forearm,gel,ecg/LK27_w0219.npy,acc_chest/LK27_w0219.npy,ppg_wrist/LK27_w0219.npy,1.817,5.463,False,0.0,0.0,0.0
LK27_w0220,LK27,220,2278.0,2288.0,2278.0,2288.0,run,chest+empatica,chest+empatica+forearm,gel,ecg/LK27_w0220.npy,acc_chest/LK27_w0220.npy,ppg_wrist/LK27_w0220.npy,1.681,5.088,False,0.0,0.0,0.0
LK27_w0221,LK27,221,2288.0,2298.0,2288.0,2298.0,run,chest+empatica,chest+empatica+forearm,gel,ecg/LK27_w0221.npy,acc_chest/LK27_w0221.npy,ppg_wrist/LK27_w0221.npy,1.236,5.351,False,0.0,0.0,0.0
LK27_w0222,LK27,222,2298.0,2308.0,2298.0,2308.0,run,chest+empatica,chest+empatica+forearm,gel,ecg/LK27_w0222.npy,acc_chest/LK27_w0222.npy,ppg_wrist/LK27_w0222.npy,0.739,4.09,False,0.0,0.0,0.0
LK27_w0223,LK27,223,2308.0,2318.0,2308.0,2318.0,run,chest+empatica,chest+empatica+forearm,gel,ecg/LK27_w0223.npy,acc_chest/LK27_w0223.npy,ppg_wrist/LK27_w0223.npy,0.931,4.296,False,0.0,0.0,0.0
LK27_w0224,LK27,224,2318.0,2328.0,2318.0,2328.0,run,chest+empatica,chest+empatica+forearm,gel,ecg/LK27_w0224.npy,acc_chest/LK27_w0224.npy,ppg_wrist/LK27_w0224.npy,0.776,4.329,False,0.0,0.0,0.0
LK27_w0225,LK27,225,2328.0,2338.0,2328.0,2338.0,run,chest+empatica,chest+empatica+forearm,gel,ecg/LK27_w0225.npy,acc_chest/LK27_w0225.npy,ppg_wrist/LK27_w0225.npy,0.782,4.365,False,0.0,0.0,0.0
LK27_w0226,LK27,226,2338.0,2348.0,2338.0,2348.0,run,chest+empatica,chest+empatica+forearm,gel,ecg/LK27_w0226.npy,acc_chest/LK27_w0226.npy,ppg_wrist/LK27_w0226.npy,1.083,4.117,False,0.0,0.0,0.0
LK27_w0227,LK27,227,2348.0,2358.0,2348.0,2358.0,run,chest+empatica,chest+empatica+forearm,gel,ecg/LK27_w0227.npy,acc_chest/LK27_w0227.npy,ppg_wrist/LK27_w0227.npy,1.477,4.76,False,0.0,0.0,0.0
LK27_w0228,LK27,228,2358.0,2368.0,2358.0,2368.0,run,chest+empatica,chest+empatica+forearm,gel,ecg/LK27_w0228.npy,acc_chest/LK27_w0228.npy,ppg_wrist/LK27_w0228.npy,1.504,4.564,False,0.0,0.0,0.0
LK27_w0229,LK27,229,2368.0,2378.0,2368.0,2378.0,run,chest+empatica,chest+empatica+forearm,gel,ecg/LK27_w0229.npy,acc_chest/LK27_w0229.npy,ppg_wrist/LK27_w0229.npy,1.516,3.67,False,0.0,0.0,0.0
LK27_w0230,LK27,230,2378.0,2388.0,2378.0,2388.0,run,chest+empatica,chest+empatica+forearm,gel,ecg/LK27_w0230.npy,acc_chest/LK27_w0230.npy,ppg_wrist/LK27_w0230.npy,1.622,5.341,False,0.0,0.0,0.0
LK27_w0231,LK27,231,2388.0,2398.0,2388.0,2398.0,run,chest+empatica,chest+empatica+forearm,gel,ecg/LK27_w0231.npy,acc_chest/LK27_w0231.npy,ppg_wrist/LK27_w0231.npy,1.528,4.774,False,0.0,0.0,0.0
LK27_w0232,LK27,232,2398.0,2408.0,2398.0,2408.0,run,chest+empatica,chest+empatica+forearm,gel,ecg/LK27_w0232.npy,acc_chest/LK27_w0232.npy,ppg_wrist/LK27_w0232.npy,1.606,5.38,False,0.0,0.0,0.0
LK27_w0233,LK27,233,2408.0,2418.0,2408.0,2418.0,run,chest+empatica,chest+empatica+forearm,gel,ecg/LK27_w0233.npy,acc_chest/LK27_w0233.npy,ppg_wrist/LK27_w0233.npy,1.716,6.297,False,0.0,0.0,0.0
LK27_w0234,LK27,234,2418.0,2428.0,2418.0,2428.0,run,chest+empatica,chest+empatica+forearm,gel,ecg/LK27_w0234.npy,acc_chest/LK27_w0234.npy,ppg_wrist/LK27_w0234.npy,1.584,4.257,False,0.0,0.0,0.0
LK27_w0235,LK27,235,2428.0,2438.0,2428.0,2438.0,run,chest+empatica,chest+empatica+forearm,gel,ecg/LK27_w0235.npy,acc_chest/LK27_w0235.npy,ppg_wrist/LK27_w0235.npy,1.661,4.441,False,0.0,0.0,0.0
LK27_w0236,LK27,236,2438.0,2448.0,2438.0,2448.0,run,chest+empatica,chest+empatica+forearm,gel,ecg/LK27_w0236.npy,acc_chest/LK27_w0236.npy,ppg_wrist/LK27_w0236.npy,1.622,4.467,False,0.0,0.0,0.0
LK27_w0237,LK27,237,2448.0,2458.0,2448.0,2458.0,run,chest+empatica,chest+empatica+forearm,gel,ecg/LK27_w0237.npy,acc_chest/LK27_w0237.npy,ppg_wrist/LK27_w0237.npy,1.514,3.849,False,0.0,0.0,0.0
LK27_w0238,LK27,238,2458.0,2468.0,2458.0,2468.0,run,chest+empatica,chest+empatica+forearm,gel,ecg/LK27_w0238.npy,acc_chest/LK27_w0238.npy,ppg_wrist/LK27_w0238.npy,1.528,5.474,False,0.0,0.0,0.0
LK27_w0239,LK27,239,2468.0,2478.0,2468.0,2478.0,run,chest+empatica,chest+empatica+forearm,gel,ecg/LK27_w0239.npy,acc_chest/LK27_w0239.npy,ppg_wrist/LK27_w0239.npy,1.518,5.741,False,0.0,0.0,0.0
LK27_w0240,LK27,240,2478.0,2488.0,2478.0,2488.0,run,chest+empatica,chest+empatica+forearm,gel,ecg/LK27_w0240.npy,acc_chest/LK27_w0240.npy,ppg_wrist/LK27_w0240.npy,1.441,4.02,False,0.0,0.0,0.0
LK27_w0241,LK27,241,2488.0,2498.0,2488.0,2498.0,run,chest+empatica,chest+empatica+forearm,gel,ecg/LK27_w0241.npy,acc_chest/LK27_w0241.npy,ppg_wrist/LK27_w0241.npy,1.636,5.284,False,0.0,0.0,0.0
LK27_w0242,LK27,242,2498.0,2508.0,2498.0,2508.0,run,chest+empatica,chest+empatica+forearm,gel,ecg/LK27_w0242.npy,acc_chest/LK27_w0242.npy,ppg_wrist/LK27_w0242.npy,1.649,5.129,False,0.0,0.0,0.0
LK27_w0243,LK27,243,2508.0,2518.0,2508.0,2518.0,run,chest+empatica,chest+empatica+forearm,gel,ecg/LK27_w0243.npy,acc_chest/LK27_w0243.npy,ppg_wrist/LK27_w0243.npy,1.643,5.55,False,0.0,0.0,0.0
LK27_w0244,LK27,244,2518.0,2528.0,2518.0,2528.0,run,chest+empatica,chest+empatica+forearm,gel,ecg/LK27_w0244.npy,acc_chest/LK27_w0244.npy,ppg_wrist/LK27_w0244.npy,1.745,5.761,False,0.0,0.0,0.0
LK27_w0245,LK27,245,2528.0,2538.0,2528.0,2538.0,run,chest+empatica,chest+empatica+forearm,gel,ecg/LK27_w0245.npy,acc_chest/LK27_w0245.npy,ppg_wrist/LK27_w0245.npy,1.805,4.989,False,0.0,0.0,0.0
LK27_w0246,LK27,246,2538.0,2548.0,2538.0,2548.0,run,chest+empatica,chest+empatica+forearm,gel,ecg/LK27_w0246.npy,acc_chest/LK27_w0246.npy,ppg_wrist/LK27_w0246.npy,1.823,5.277,False,0.0,0.0,0.0
LK27_w0247,LK27,247,2548.0,2558.0,2548.0,2558.0,run,chest+empatica,chest+empatica+forearm,gel,ecg/LK27_w0247.npy,acc_chest/LK27_w0247.npy,ppg_wrist/LK27_w0247.npy,1.831,4.331,False,0.0,0.0,0.0
LK27_w0248,LK27,248,2558.0,2568.0,2558.0,2568.0,run,chest+empatica,chest+empatica+forearm,gel,ecg/LK27_w0248.npy,acc_chest/LK27_w0248.npy,ppg_wrist/LK27_w0248.npy,1.88,4.563,False,0.0,0.0,0.0
LK27_w0249,LK27,249,2568.0,2578.0,2568.0,2578.0,run,chest+empatica,chest+empatica+forearm,gel,ecg/LK27_w0249.npy,acc_chest/LK27_w0249.npy,ppg_wrist/LK27_w0249.npy,1.898,5.157,False,0.0,0.0,0.0
LK27_w0250,LK27,250,2578.0,2588.0,2578.0,2588.0,run,chest+empatica,chest+empatica+forearm,gel,ecg/LK27_w0250.npy,acc_chest/LK27_w0250.npy,ppg_wrist/LK27_w0250.npy,1.899,5.227,False,0.0,0.0,0.0
LK27_w0251,LK27,251,2588.0,2598.0,2588.0,2598.0,run,chest+empatica,chest+empatica+forearm,gel,ecg/LK27_w0251.npy,acc_chest/LK27_w0251.npy,ppg_wrist/LK27_w0251.npy,1.9,5.208,False,0.0,0.0,0.0
LK27_w0252,LK27,252,2598.0,2608.0,2598.0,2608.0,run,chest+empatica,chest+empatica+forearm,gel,ecg/LK27_w0252.npy,acc_chest/LK27_w0252.npy,ppg_wrist/LK27_w0252.npy,1.82,5.145,False,0.0,0.0,0.0
LK27_w0253,LK27,253,2608.0,2618.0,2608.0,2618.0,run,chest+empatica,chest+empatica+forearm,gel,ecg/LK27_w0253.npy,acc_chest/LK27_w0253.npy,ppg_wrist/LK27_w0253.npy,1.748,5.122,False,0.0,0.0,0.0
LK27_w0254,LK27,254,2618.0,2628.0,2618.0,2628.0,run,chest+empatica,chest+empatica+forearm,gel,ecg/LK27_w0254.npy,acc_chest/LK27_w0254.npy,ppg_wrist/LK27_w0254.npy,1.688,5.532,False,0.0,0.0,0.0
LK27_w0255,LK27,255,2628.0,2638.0,2628.0,2638.0,run,chest+empatica,chest+empatica+forearm,gel,ecg/LK27_w0255.npy,acc_chest/LK27_w0255.npy,ppg_wrist/LK27_w0255.npy,1.77,3.812,False,0.0,0.0,0.0
LK27_w0256,LK27,256,2638.0,2648.0,2638.0,2648.0,run,chest+empatica,chest+empatica+forearm,gel,ecg/LK27_w0256.npy,acc_chest/LK27_w0256.npy,ppg_wrist/LK27_w0256.npy,1.879,5.162,False,0.0,0.0,0.0
LK27_w0257,LK27,257,2648.0,2658.0,2648.0,2658.0,run,chest+empatica,chest+empatica+forearm,gel,ecg/LK27_w0257.npy,acc_chest/LK27_w0257.npy,ppg_wrist/LK27_w0257.npy,1.731,4.855,False,0.0,0.0,0.0
LK27_w0258,LK27,258,2658.0,2668.0,2658.0,2668.0,run,chest+empatica,chest+empatica+forearm,gel,ecg/LK27_w0258.npy,acc_chest/LK27_w0258.npy,ppg_wrist/LK27_w0258.npy,1.666,3.638,False,0.0,0.0,0.0
LK27_w0259,LK27,259,2668.0,2678.0,2668.0,2678.0,run,chest+empatica,chest+empatica+forearm,gel,ecg/LK27_w0259.npy,acc_chest/LK27_w0259.npy,ppg_wrist/LK27_w0259.npy,1.879,5.768,False,0.0,0.0,0.0
LK27_w0260,LK27,260,2678.0,2688.0,2678.0,2688.0,run,chest+empatica,chest+empatica+forearm,gel,ecg/LK27_w0260.npy,acc_chest/LK27_w0260.npy,ppg_wrist/LK27_w0260.npy,1.981,6.734,False,0.0,0.0,0.0
LK27_w0261,LK27,261,2688.0,2698.0,2688.0,2698.0,run,chest+empatica,chest+empatica+forearm,gel,ecg/LK27_w0261.npy,acc_chest/LK27_w0261.npy,ppg_wrist/LK27_w0261.npy,1.798,6.849,False,0.0,0.0,0.0
LK27_w0262,LK27,262,2698.0,2708.0,2698.0,2708.0,run,chest+empatica,chest+empatica+forearm,gel,ecg/LK27_w0262.npy,acc_chest/LK27_w0262.npy,ppg_wrist/LK27_w0262.npy,1.565,5.623,False,0.0,0.0,0.0
LK27_w0263,LK27,263,2708.0,2718.0,2708.0,2718.0,run,chest+empatica,chest+empatica+forearm,gel,ecg/LK27_w0263.npy,acc_chest/LK27_w0263.npy,ppg_wrist/LK27_w0263.npy,1.757,5.884,False,0.0,0.0,0.0
LK27_w0264,LK27,264,2718.0,2728.0,2718.0,2728.0,run,chest+empatica,chest+empatica+forearm,gel,ecg/LK27_w0264.npy,acc_chest/LK27_w0264.npy,ppg_wrist/LK27_w0264.npy,1.719,5.691,False,0.0,0.0,0.0
LK27_w0265,LK27,265,2728.0,2738.0,2728.0,2738.0,run,chest+empatica,chest+empatica+forearm,gel,ecg/LK27_w0265.npy,acc_chest/LK27_w0265.npy,ppg_wrist/LK27_w0265.npy,1.757,3.985,False,0.0,0.0,0.0
LK27_w0266,LK27,266,2738.0,2748.0,2738.0,2748.0,run,chest+empatica,chest+empatica+forearm,gel,ecg/LK27_w0266.npy,acc_chest/LK27_w0266.npy,ppg_wrist/LK27_w0266.npy,1.806,5.576,False,0.0,0.0,0.0
LK27_w0267,LK27,267,2748.0,2758.0,2748.0,2758.0,run,chest+empatica,chest+empatica+forearm,gel,ecg/LK27_w0267.npy,acc_chest/LK27_w0267.npy,ppg_wrist/LK27_w0267.npy,1.845,5.25,False,0.0,0.0,0.0
LK27_w0268,LK27,268,2758.0,2768.0,2758.0,2768.0,run,chest+empatica,chest+empatica+forearm,gel,ecg/LK27_w0268.npy,acc_chest/LK27_w0268.npy,ppg_wrist/LK27_w0268.npy,1.82,4.358,False,0.0,0.0,0.0
LK27_w0269,LK27,269,2768.0,2778.0,2768.0,2778.0,run,chest+empatica,chest+empatica+forearm,gel,ecg/LK27_w0269.npy,acc_chest/LK27_w0269.npy,ppg_wrist/LK27_w0269.npy,1.76,4.418,False,0.0,0.0,0.0
LK27_w0270,LK27,270,2778.0,2788.0,2778.0,2788.0,run,chest+empatica,chest+empatica+forearm,gel,ecg/LK27_w0270.npy,acc_chest/LK27_w0270.npy,ppg_wrist/LK27_w0270.npy,1.887,5.315,False,0.0,0.0,0.0
LK27_w0271,LK27,271,2788.0,2798.0,2788.0,2798.0,run,chest+empatica,chest+empatica+forearm,gel,ecg/LK27_w0271.npy,acc_chest/LK27_w0271.npy,ppg_wrist/LK27_w0271.npy,0.972,10.734,False,0.0,0.0,0.0
LK27_w0272,LK27,272,2798.0,2808.0,2798.0,2808.0,run,chest+empatica,chest+empatica+forearm,gel,ecg/LK27_w0272.npy,acc_chest/LK27_w0272.npy,ppg_wrist/LK27_w0272.npy,0.293,10.926,False,0.0,0.0,0.0
LK27_w0273,LK27,273,2808.0,2818.0,2808.0,2818.0,run,chest+empatica,chest+empatica+forearm,gel,ecg/LK27_w0273.npy,acc_chest/LK27_w0273.npy,ppg_wrist/LK27_w0273.npy,0.293,10.926,False,0.0,0.0,0.0
LK27_w0274,LK27,274,2818.0,2828.0,2818.0,2828.0,run,chest+empatica,chest+empatica+forearm,gel,ecg/LK27_w0274.npy,acc_chest/LK27_w0274.npy,ppg_wrist/LK27_w0274.npy,0.293,10.926,False,0.0,0.0,0.0
LK27_w0275,LK27,275,2828.0,2838.0,2828.0,2838.0,run,chest+empatica,chest+empatica+forearm,gel,ecg/LK27_w0275.npy,acc_chest/LK27_w0275.npy,ppg_wrist/LK27_w0275.npy,0.293,10.926,False,0.0,0.0,0.0
LK27_w0276,LK27,276,2838.0,2848.0,2838.0,2848.0,run,chest+empatica,chest+empatica+forearm,gel,ecg/LK27_w0276.npy,acc_chest/LK27_w0276.npy,ppg_wrist/LK27_w0276.npy,0.293,10.926,False,0.0,0.0,0.0
LK27_w0277,LK27,277,2848.0,2858.0,2848.0,2858.0,run,chest+empatica,chest+empatica+forearm,gel,ecg/LK27_w0277.npy,acc_chest/LK27_w0277.npy,ppg_wrist/LK27_w0277.npy,0.293,10.926,False,0.0,0.0,0.0
LK27_w0278,LK27,278,2858.0,2868.0,2858.0,2868.0,run,chest+empatica,chest+empatica+forearm,gel,ecg/LK27_w0278.npy,acc_chest/LK27_w0278.npy,ppg_wrist/LK27_w0278.npy,1.113,11.737,False,0.0,0.0,0.0
LK27_w0279,LK27,279,2868.0,2878.0,2868.0,2878.0,run,chest+empatica,chest+empatica+forearm,gel,ecg/LK27_w0279.npy,acc_chest/LK27_w0279.npy,ppg_wrist/LK27_w0279.npy,1.67,3.783,False,0.0,0.0,0.0
LK27_w0280,LK27,280,2878.0,2888.0,2878.0,2888.0,run,chest+empatica,chest+empatica+forearm,gel,ecg/LK27_w0280.npy,acc_chest/LK27_w0280.npy,ppg_wrist/LK27_w0280.npy,1.65,4.578,False,0.0,0.0,0.0
LK27_w0281,LK27,281,2888.0,2898.0,2888.0,2898.0,run,chest+empatica,chest+empatica+forearm,gel,ecg/LK27_w0281.npy,acc_chest/LK27_w0281.npy,ppg_wrist/LK27_w0281.npy,1.728,4.862,False,0.0,0.0,0.0
LK27_w0282,LK27,282,2898.0,2908.0,2898.0,2908.0,run,chest+empatica,chest+empatica+forearm,gel,ecg/LK27_w0282.npy,acc_chest/LK27_w0282.npy,ppg_wrist/LK27_w0282.npy,1.879,5.67,False,0.0,0.0,0.0
LK27_w0283,LK27,283,2908.0,2918.0,2908.0,2918.0,run,chest+empatica,chest+empatica+forearm,gel,ecg/LK27_w0283.npy,acc_chest/LK27_w0283.npy,ppg_wrist/LK27_w0283.npy,1.934,6.99,False,0.0,0.0,0.0
LK27_w0284,LK27,284,2918.0,2928.0,2918.0,2928.0,run,chest+empatica,chest+empatica+forearm,gel,ecg/LK27_w0284.npy,acc_chest/LK27_w0284.npy,ppg_wrist/LK27_w0284.npy,1.86,5.207,False,0.0,0.0,0.0
LK27_w0285,LK27,285,2928.0,2938.0,2928.0,2938.0,run,chest+empatica,chest+empatica+forearm,gel,ecg/LK27_w0285.npy,acc_chest/LK27_w0285.npy,ppg_wrist/LK27_w0285.npy,1.769,3.347,False,0.0,0.0,0.0
LK27_w0286,LK27,286,2938.0,2948.0,2938.0,2948.0,run,chest+empatica,chest+empatica+forearm,gel,ecg/LK27_w0286.npy,acc_chest/LK27_w0286.npy,ppg_wrist/LK27_w0286.npy,1.776,3.378,False,0.0,0.0,0.0
LK27_w0287,LK27,287,2948.0,2958.0,2948.0,2958.0,run,chest+empatica,chest+empatica+forearm,gel,ecg/LK27_w0287.npy,acc_chest/LK27_w0287.npy,ppg_wrist/LK27_w0287.npy,1.817,3.331,False,0.0,0.0,0.0
LK27_w0288,LK27,288,2958.0,2968.0,2958.0,2968.0,run,chest+empatica,chest+empatica+forearm,gel,ecg/LK27_w0288.npy,acc_chest/LK27_w0288.npy,ppg_wrist/LK27_w0288.npy,0.941,3.413,False,0.0,0.0,0.0
LK27_w0289,LK27,289,2968.0,2978.0,2968.0,2978.0,run,chest+empatica,chest+empatica+forearm,gel,ecg/LK27_w0289.npy,acc_chest/LK27_w0289.npy,ppg_wrist/LK27_w0289.npy,0.787,4.197,False,0.0,0.0,0.0
LK27_w0290,LK27,290,2978.0,2988.0,2978.0,2988.0,run,chest+empatica,chest+empatica+forearm,gel,ecg/LK27_w0290.npy,acc_chest/LK27_w0290.npy,ppg_wrist/LK27_w0290.npy,0.79,3.62,False,0.0,0.0,0.0
LK27_w0291,LK27,291,2988.0,2998.0,2988.0,2998.0,run,chest+empatica,chest+empatica+forearm,gel,ecg/LK27_w0291.npy,acc_chest/LK27_w0291.npy,ppg_wrist/LK27_w0291.npy,1.534,4.548,False,0.0,0.0,0.0
LK27_w0292,LK27,292,2998.0,3008.0,2998.0,3008.0,run,chest+empatica,chest+empatica+forearm,gel,ecg/LK27_w0292.npy,acc_chest/LK27_w0292.npy,ppg_wrist/LK27_w0292.npy,1.724,5.732,False,0.0,0.0,0.0
LK27_w0293,LK27,293,3008.0,3018.0,3008.0,3018.0,run,chest+empatica,chest+empatica+forearm,gel,ecg/LK27_w0293.npy,acc_chest/LK27_w0293.npy,ppg_wrist/LK27_w0293.npy,1.766,5.032,False,0.0,0.0,0.0
LK27_w0294,LK27,294,3018.0,3028.0,3018.0,3028.0,run,chest+empatica,chest+empatica+forearm,gel,ecg/LK27_w0294.npy,acc_chest/LK27_w0294.npy,ppg_wrist/LK27_w0294.npy,1.83,4.278,False,0.0,0.0,0.0
LK27_w0295,LK27,295,3028.0,3038.0,3028.0,3038.0,run,chest+empatica,chest+empatica+forearm,gel,ecg/LK27_w0295.npy,acc_chest/LK27_w0295.npy,ppg_wrist/LK27_w0295.npy,1.735,3.411,False,0.0,0.0,0.0
LK27_w0296,LK27,296,3038.0,3048.0,3038.0,3048.0,run,chest+empatica,chest+empatica+forearm,gel,ecg/LK27_w0296.npy,acc_chest/LK27_w0296.npy,ppg_wrist/LK27_w0296.npy,1.76,4.87,False,0.0,0.0,0.0
LK27_w0297,LK27,297,3048.0,3058.0,3048.0,3058.0,run,chest+empatica,chest+empatica+forearm,gel,ecg/LK27_w0297.npy,acc_chest/LK27_w0297.npy,ppg_wrist/LK27_w0297.npy,1.71,4.762,False,0.0,0.0,0.0
LK27_w0298,LK27,298,3058.0,3068.0,3058.0,3068.0,run,chest+empatica,chest+empatica+forearm,gel,ecg/LK27_w0298.npy,acc_chest/LK27_w0298.npy,ppg_wrist/LK27_w0298.npy,1.689,3.189,False,0.0,0.0,0.0
LK27_w0299,LK27,299,3068.0,3078.0,3068.0,3078.0,run,chest+empatica,chest+empatica+forearm,gel,ecg/LK27_w0299.npy,acc_chest/LK27_w0299.npy,ppg_wrist/LK27_w0299.npy,1.682,6.097,False,0.0,0.0,0.0
LK27_w0300,LK27,300,3078.0,3088.0,3078.0,3088.0,run,chest+empatica,chest+empatica+forearm,gel,ecg/LK27_w0300.npy,acc_chest/LK27_w0300.npy,ppg_wrist/LK27_w0300.npy,2.022,6.293,False,0.0,0.0,0.0
LK27_w0301,LK27,301,3088.0,3098.0,3088.0,3098.0,run,chest+empatica,chest+empatica+forearm,gel,ecg/LK27_w0301.npy,acc_chest/LK27_w0301.npy,ppg_wrist/LK27_w0301.npy,1.853,4.061,False,0.0,0.0,0.0
LK27_w0302,LK27,302,3098.0,3108.0,3098.0,3108.0,run,chest+empatica,chest+empatica+forearm,gel,ecg/LK27_w0302.npy,acc_chest/LK27_w0302.npy,ppg_wrist/LK27_w0302.npy,1.877,4.526,False,0.0,0.0,0.0
LK27_w0303,LK27,303,3108.0,3118.0,3108.0,3118.0,run,chest+empatica,chest+empatica+forearm,gel,ecg/LK27_w0303.npy,acc_chest/LK27_w0303.npy,ppg_wrist/LK27_w0303.npy,1.963,5.38,False,0.0,0.0,0.0
LK27_w0304,LK27,304,3118.0,3128.0,3118.0,3128.0,run,chest+empatica,chest+empatica+forearm,gel,ecg/LK27_w0304.npy,acc_chest/LK27_w0304.npy,ppg_wrist/LK27_w0304.npy,1.863,4.55,False,0.0,0.0,0.0
LK27_w0305,LK27,305,3128.0,3138.0,3128.0,3138.0,run,chest+empatica,chest+empatica+forearm,gel,ecg/LK27_w0305.npy,acc_chest/LK27_w0305.npy,ppg_wrist/LK27_w0305.npy,1.776,3.071,False,0.0,0.0,0.0
LK27_w0306,LK27,306,3138.0,3148.0,3138.0,3148.0,run,chest+empatica,chest+empatica+forearm,gel,ecg/LK27_w0306.npy,acc_chest/LK27_w0306.npy,ppg_wrist/LK27_w0306.npy,1.798,3.361,False,0.0,0.0,0.0
LK27_w0307,LK27,307,3148.0,3158.0,3148.0,3158.0,run,chest+empatica,chest+empatica+forearm,gel,ecg/LK27_w0307.npy,acc_chest/LK27_w0307.npy,ppg_wrist/LK27_w0307.npy,1.881,7.09,False,0.0,0.0,0.0
LK27_w0308,LK27,308,3158.0,3168.0,3158.0,3168.0,run,chest+empatica,chest+empatica+forearm,gel,ecg/LK27_w0308.npy,acc_chest/LK27_w0308.npy,ppg_wrist/LK27_w0308.npy,1.895,7.414,False,0.0,0.0,0.0
LK27_w0309,LK27,309,3168.0,3178.0,3168.0,3178.0,run,chest+empatica,chest+empatica+forearm,gel,ecg/LK27_w0309.npy,acc_chest/LK27_w0309.npy,ppg_wrist/LK27_w0309.npy,1.7,3.898,False,0.0,0.0,0.0
LK27_w0310,LK27,310,3178.0,3188.0,3178.0,3188.0,run,chest+empatica,chest+empatica+forearm,gel,ecg/LK27_w0310.npy,acc_chest/LK27_w0310.npy,ppg_wrist/LK27_w0310.npy,1.601,4.999,False,0.0,0.0,0.0
LK27_w0311,LK27,311,3188.0,3198.0,3188.0,3198.0,run,chest+empatica,chest+empatica+forearm,gel,ecg/LK27_w0311.npy,acc_chest/LK27_w0311.npy,ppg_wrist/LK27_w0311.npy,1.679,4.79,False,0.0,0.0,0.0
LK27_w0312,LK27,312,3198.0,3208.0,3198.0,3208.0,run,chest+empatica,chest+empatica+forearm,gel,ecg/LK27_w0312.npy,acc_chest/LK27_w0312.npy,ppg_wrist/LK27_w0312.npy,1.724,4.522,False,0.0,0.0,0.0
LK27_w0313,LK27,313,3208.0,3218.0,3208.0,3218.0,run,chest+empatica,chest+empatica+forearm,gel,ecg/LK27_w0313.npy,acc_chest/LK27_w0313.npy,ppg_wrist/LK27_w0313.npy,0.893,11.354,False,0.0,0.0,0.0
LK27_w0314,LK27,314,3218.0,3228.0,3218.0,3228.0,run,chest+empatica,chest+empatica+forearm,gel,ecg/LK27_w0314.npy,acc_chest/LK27_w0314.npy,ppg_wrist/LK27_w0314.npy,0.293,10.926,False,0.0,0.0,0.0
LK27_w0315,LK27,315,3228.0,3238.0,3228.0,3238.0,run,chest+empatica,chest+empatica+forearm,gel,ecg/LK27_w0315.npy,acc_chest/LK27_w0315.npy,ppg_wrist/LK27_w0315.npy,1.017,10.257,False,0.0,0.0,0.0
LK27_w0316,LK27,316,3238.0,3248.0,3238.0,3248.0,run,chest+empatica,chest+empatica+forearm,gel,ecg/LK27_w0316.npy,acc_chest/LK27_w0316.npy,ppg_wrist/LK27_w0316.npy,1.702,5.81,False,0.0,0.0,0.0
LK27_w0317,LK27,317,3248.0,3258.0,3248.0,3258.0,run,chest+empatica,chest+empatica+forearm,gel,ecg/LK27_w0317.npy,acc_chest/LK27_w0317.npy,ppg_wrist/LK27_w0317.npy,1.75,5.368,False,0.0,0.0,0.0
LK27_w0318,LK27,318,3258.0,3268.0,3258.0,3268.0,run,chest+empatica,chest+empatica+forearm,gel,ecg/LK27_w0318.npy,acc_chest/LK27_w0318.npy,ppg_wrist/LK27_w0318.npy,1.834,4.594,False,0.0,0.0,0.0
LK27_w0319,LK27,319,3268.0,3278.0,3268.0,3278.0,run,chest+empatica,chest+empatica+forearm,gel,ecg/LK27_w0319.npy,acc_chest/LK27_w0319.npy,ppg_wrist/LK27_w0319.npy,1.815,4.09,False,0.0,0.0,0.0
LK27_w0320,LK27,320,3278.0,3288.0,3278.0,3288.0,run,chest+empatica,chest+empatica+forearm,gel,ecg/LK27_w0320.npy,acc_chest/LK27_w0320.npy,ppg_wrist/LK27_w0320.npy,1.728,5.897,False,0.0,0.0,0.0
LK27_w0321,LK27,321,3288.0,3298.0,3288.0,3298.0,run,chest+empatica,chest+empatica+forearm,gel,ecg/LK27_w0321.npy,acc_chest/LK27_w0321.npy,ppg_wrist/LK27_w0321.npy,1.775,5.952,False,0.0,0.0,0.0
LK27_w0322,LK27,322,3298.0,3308.0,3298.0,3308.0,run,chest+empatica,chest+empatica+forearm,gel,ecg/LK27_w0322.npy,acc_chest/LK27_w0322.npy,ppg_wrist/LK27_w0322.npy,1.775,4.584,False,0.0,0.0,0.0
LK27_w0323,LK27,323,3308.0,3318.0,3308.0,3318.0,run,chest+empatica,chest+empatica+forearm,gel,ecg/LK27_w0323.npy,acc_chest/LK27_w0323.npy,ppg_wrist/LK27_w0323.npy,1.872,5.024,False,0.0,0.0,0.0
LK27_w0324,LK27,324,3318.0,3328.0,3318.0,3328.0,run,chest+empatica,chest+empatica+forearm,gel,ecg/LK27_w0324.npy,acc_chest/LK27_w0324.npy,ppg_wrist/LK27_w0324.npy,1.005,4.039,False,0.0,0.0,0.0
LK27_w0325,LK27,325,3328.0,3338.0,3328.0,3338.0,run,chest+empatica,chest+empatica+forearm,gel,ecg/LK27_w0325.npy,acc_chest/LK27_w0325.npy,ppg_wrist/LK27_w0325.npy,0.781,4.192,False,0.0,0.0,0.0
LK27_w0326,LK27,326,3338.0,3348.0,3338.0,3348.0,run,chest+empatica,chest+empatica+forearm,gel,ecg/LK27_w0326.npy,acc_chest/LK27_w0326.npy,ppg_wrist/LK27_w0326.npy,0.802,4.285,False,0.0,0.0,0.0
LK27_w0327,LK27,327,3348.0,3358.0,3348.0,3358.0,run,chest+empatica,chest+empatica+forearm,gel,ecg/LK27_w0327.npy,acc_chest/LK27_w0327.npy,ppg_wrist/LK27_w0327.npy,1.014,5.465,False,0.0,0.0,0.0
LK27_w0328,LK27,328,3358.0,3368.0,3358.0,3368.0,run,chest+empatica,chest+empatica+forearm,gel,ecg/LK27_w0328.npy,acc_chest/LK27_w0328.npy,ppg_wrist/LK27_w0328.npy,1.679,4.91,False,0.0,0.0,0.0
LK27_w0329,LK27,329,3368.0,3378.0,3368.0,3378.0,run,chest+empatica,chest+empatica+forearm,gel,ecg/LK27_w0329.npy,acc_chest/LK27_w0329.npy,ppg_wrist/LK27_w0329.npy,1.775,4.022,False,0.0,0.0,0.0
LK27_w0330,LK27,330,3378.0,3388.0,3378.0,3388.0,run,chest+empatica,chest+empatica+forearm,gel,ecg/LK27_w0330.npy,acc_chest/LK27_w0330.npy,ppg_wrist/LK27_w0330.npy,1.88,4.721,False,0.0,0.0,0.0
LK27_w0331,LK27,331,3388.0,3398.0,3388.0,3398.0,run,chest+empatica,chest+empatica+forearm,gel,ecg/LK27_w0331.npy,acc_chest/LK27_w0331.npy,ppg_wrist/LK27_w0331.npy,1.888,4.361,False,0.0,0.0,0.0
LK27_w0332,LK27,332,3398.0,3408.0,3398.0,3408.0,run,chest+empatica,chest+empatica+forearm,gel,ecg/LK27_w0332.npy,acc_chest/LK27_w0332.npy,ppg_wrist/LK27_w0332.npy,1.748,4.352,False,0.0,0.0,0.0
LK27_w0333,LK27,333,3408.0,3418.0,3408.0,3418.0,run,chest+empatica,chest+empatica+forearm,gel,ecg/LK27_w0333.npy,acc_chest/LK27_w0333.npy,ppg_wrist/LK27_w0333.npy,1.91,5.482,False,0.0,0.0,0.0
LK27_w0334,LK27,334,3418.0,3428.0,3418.0,3428.0,run,chest+empatica,chest+empatica+forearm,gel,ecg/LK27_w0334.npy,acc_chest/LK27_w0334.npy,ppg_wrist/LK27_w0334.npy,1.901,5.265,False,0.0,0.0,0.0
LK27_w0335,LK27,335,3428.0,3438.0,3428.0,3438.0,run,chest+empatica,chest+empatica+forearm,gel,ecg/LK27_w0335.npy,acc_chest/LK27_w0335.npy,ppg_wrist/LK27_w0335.npy,1.874,4.503,False,0.0,0.0,0.0
LK27_w0336,LK27,336,3438.0,3448.0,3438.0,3448.0,run,chest+empatica,chest+empatica+forearm,gel,ecg/LK27_w0336.npy,acc_chest/LK27_w0336.npy,ppg_wrist/LK27_w0336.npy,1.743,3.498,False,0.0,0.0,0.0
LK27_w0337,LK27,337,3448.0,3458.0,3448.0,3458.0,run,chest+empatica,chest+empatica+forearm,gel,ecg/LK27_w0337.npy,acc_chest/LK27_w0337.npy,ppg_wrist/LK27_w0337.npy,1.871,6.955,False,0.0,0.0,0.0
LK27_w0338,LK27,338,3458.0,3468.0,3458.0,3468.0,run,chest+empatica,chest+empatica+forearm,gel,ecg/LK27_w0338.npy,acc_chest/LK27_w0338.npy,ppg_wrist/LK27_w0338.npy,1.896,7.824,False,0.0,0.0,0.0
LK27_w0339,LK27,339,3468.0,3478.0,3468.0,3478.0,run,chest+empatica,chest+empatica+forearm,gel,ecg/LK27_w0339.npy,acc_chest/LK27_w0339.npy,ppg_wrist/LK27_w0339.npy,1.648,5.982,False,0.0,0.0,0.0
LK27_w0340,LK27,340,3478.0,3488.0,3478.0,3488.0,run,chest+empatica,chest+empatica+forearm,gel,ecg/LK27_w0340.npy,acc_chest/LK27_w0340.npy,ppg_wrist/LK27_w0340.npy,1.726,5.787,False,0.0,0.0,0.0
LK27_w0341,LK27,341,3488.0,3498.0,3488.0,3498.0,run,chest+empatica,chest+empatica+forearm,gel,ecg/LK27_w0341.npy,acc_chest/LK27_w0341.npy,ppg_wrist/LK27_w0341.npy,1.851,6.075,False,0.0,0.0,0.0
LK27_w0342,LK27,342,3498.0,3508.0,3498.0,3508.0,run,chest+empatica,chest+empatica+forearm,gel,ecg/LK27_w0342.npy,acc_chest/LK27_w0342.npy,ppg_wrist/LK27_w0342.npy,1.278,5.098,False,0.0,0.0,0.0
LK27_w0343,LK27,343,3508.0,3518.0,3508.0,3518.0,run,chest+empatica,chest+empatica+forearm,gel,ecg/LK27_w0343.npy,acc_chest/LK27_w0343.npy,ppg_wrist/LK27_w0343.npy,1.044,10.771,False,0.0,0.0,0.0
LK27_w0344,LK27,344,3518.0,3528.0,3518.0,3528.0,run,chest+empatica,chest+empatica+forearm,gel,ecg/LK27_w0344.npy,acc_chest/LK27_w0344.npy,ppg_wrist/LK27_w0344.npy,0.293,10.926,False,0.0,0.0,0.0
LK27_w0345,LK27,345,3528.0,3538.0,3528.0,3538.0,walk_after,chest+empatica,chest+empatica+forearm,gel,ecg/LK27_w0345.npy,acc_chest/LK27_w0345.npy,ppg_wrist/LK27_w0345.npy,0.293,10.926,False,0.0,0.0,0.0
LK27_w0346,LK27,346,3538.0,3548.0,3538.0,3548.0,walk_after,chest+empatica,chest+empatica+forearm,gel,ecg/LK27_w0346.npy,acc_chest/LK27_w0346.npy,ppg_wrist/LK27_w0346.npy,1.062,10.627,False,0.0,0.0,0.0
LK27_w0347,LK27,347,3548.0,3558.0,3548.0,3558.0,walk_after,chest+empatica,chest+empatica+forearm,gel,ecg/LK27_w0347.npy,acc_chest/LK27_w0347.npy,ppg_wrist/LK27_w0347.npy,0.869,4.224,False,0.0,0.0,0.0
LK27_w0348,LK27,348,3558.0,3568.0,3558.0,3568.0,walk_after,chest+empatica,chest+empatica+forearm,gel,ecg/LK27_w0348.npy,acc_chest/LK27_w0348.npy,ppg_wrist/LK27_w0348.npy,0.841,4.434,False,0.0,0.0,0.0
LK27_w0349,LK27,349,3568.0,3578.0,3568.0,3578.0,walk_after,chest+empatica,chest+empatica+forearm,gel,ecg/LK27_w0349.npy,acc_chest/LK27_w0349.npy,ppg_wrist/LK27_w0349.npy,0.94,5.105,False,0.0,0.0,0.0
LK27_w0350,LK27,350,3578.0,3588.0,3578.0,3588.0,walk_after,chest+empatica,chest+empatica+forearm,gel,ecg/LK27_w0350.npy,acc_chest/LK27_w0350.npy,ppg_wrist/LK27_w0350.npy,0.899,5.406,False,0.0,0.0,0.0
LK27_w0351,LK27,351,3588.0,3598.0,3588.0,3598.0,walk_after,chest+empatica,chest+empatica+forearm,gel,ecg/LK27_w0351.npy,acc_chest/LK27_w0351.npy,ppg_wrist/LK27_w0351.npy,0.864,5.497,False,0.0,0.0,0.0
LK27_w0352,LK27,352,3598.0,3608.0,3598.0,3608.0,walk_after,chest+empatica,chest+empatica+forearm,gel,ecg/LK27_w0352.npy,acc_chest/LK27_w0352.npy,ppg_wrist/LK27_w0352.npy,0.875,5.522,False,0.0,0.0,0.0
LK27_w0353,LK27,353,3608.0,3618.0,3608.0,3618.0,walk_after,chest+empatica,chest+empatica+forearm,gel,ecg/LK27_w0353.npy,acc_chest/LK27_w0353.npy,ppg_wrist/LK27_w0353.npy,0.839,5.44,False,0.0,0.0,0.0
LK27_w0354,LK27,354,3618.0,3628.0,3618.0,3628.0,walk_after,chest+empatica,chest+empatica+forearm,gel,ecg/LK27_w0354.npy,acc_chest/LK27_w0354.npy,ppg_wrist/LK27_w0354.npy,0.816,5.192,False,0.0,0.0,0.0
LK27_w0355,LK27,355,3628.0,3638.0,3628.0,3638.0,walk_after,chest+empatica,chest+empatica+forearm,gel,ecg/LK27_w0355.npy,acc_chest/LK27_w0355.npy,ppg_wrist/LK27_w0355.npy,0.83,4.906,False,0.0,0.0,0.0
LK27_w0356,LK27,356,3638.0,3648.0,3638.0,3648.0,walk_after,chest+empatica,chest+empatica+forearm,gel,ecg/LK27_w0356.npy,acc_chest/LK27_w0356.npy,ppg_wrist/LK27_w0356.npy,0.819,4.861,False,0.0,0.0,0.0
LK27_w0357,LK27,357,3648.0,3658.0,3648.0,3658.0,walk_after,chest+empatica,chest+empatica+forearm,gel,ecg/LK27_w0357.npy,acc_chest/LK27_w0357.npy,ppg_wrist/LK27_w0357.npy,0.844,5.256,False,0.0,0.0,0.0
LK27_w0358,LK27,358,3658.0,3668.0,3658.0,3668.0,walk_after,chest+empatica,chest+empatica+forearm,gel,ecg/LK27_w0358.npy,acc_chest/LK27_w0358.npy,ppg_wrist/LK27_w0358.npy,0.843,5.11,False,0.0,0.0,0.0
LK27_w0359,LK27,359,3668.0,3678.0,3668.0,3678.0,walk_after,chest+empatica,chest+empatica+forearm,gel,ecg/LK27_w0359.npy,acc_chest/LK27_w0359.npy,ppg_wrist/LK27_w0359.npy,0.824,4.753,False,0.0,0.0,0.0
LK27_w0360,LK27,360,3678.0,3688.0,3678.0,3688.0,walk_after,chest+empatica,chest+empatica+forearm,gel,ecg/LK27_w0360.npy,acc_chest/LK27_w0360.npy,ppg_wrist/LK27_w0360.npy,0.838,4.917,False,0.0,0.0,0.0
LK27_w0361,LK27,361,3688.0,3698.0,3688.0,3698.0,walk_after,chest+empatica,chest+empatica+forearm,gel,ecg/LK27_w0361.npy,acc_chest/LK27_w0361.npy,ppg_wrist/LK27_w0361.npy,0.837,4.872,False,0.0,0.0,0.0
LK27_w0362,LK27,362,3698.0,3708.0,3698.0,3708.0,walk_after,chest+empatica,chest+empatica+forearm,gel,ecg/LK27_w0362.npy,acc_chest/LK27_w0362.npy,ppg_wrist/LK27_w0362.npy,0.832,4.834,False,0.0,0.0,0.0
LK27_w0363,LK27,363,3708.0,3718.0,3708.0,3718.0,walk_after,chest+empatica,chest+empatica+forearm,gel,ecg/LK27_w0363.npy,acc_chest/LK27_w0363.npy,ppg_wrist/LK27_w0363.npy,0.806,4.736,False,0.0,0.0,0.0
LK27_w0364,LK27,364,3718.0,3728.0,3718.0,3728.0,walk_after,chest+empatica,chest+empatica+forearm,gel,ecg/LK27_w0364.npy,acc_chest/LK27_w0364.npy,ppg_wrist/LK27_w0364.npy,0.825,4.596,False,0.0,0.0,0.0
LK27_w0365,LK27,365,3728.0,3738.0,3728.0,3738.0,walk_after,chest+empatica,chest+empatica+forearm,gel,ecg/LK27_w0365.npy,acc_chest/LK27_w0365.npy,ppg_wrist/LK27_w0365.npy,0.822,4.67,False,0.0,0.0,0.0
LK27_w0366,LK27,366,3738.0,3748.0,3738.0,3748.0,walk_after,chest+empatica,chest+empatica+forearm,gel,ecg/LK27_w0366.npy,acc_chest/LK27_w0366.npy,ppg_wrist/LK27_w0366.npy,0.785,4.587,False,0.0,0.0,0.0
LK27_w0367,LK27,367,3748.0,3758.0,3748.0,3758.0,walk_after,chest+empatica,chest+empatica+forearm,gel,ecg/LK27_w0367.npy,acc_chest/LK27_w0367.npy,ppg_wrist/LK27_w0367.npy,0.826,4.866,False,0.0,0.0,0.0
LK27_w0368,LK27,368,3758.0,3768.0,3758.0,3768.0,walk_after,chest+empatica,chest+empatica+forearm,gel,ecg/LK27_w0368.npy,acc_chest/LK27_w0368.npy,ppg_wrist/LK27_w0368.npy,0.814,4.944,False,0.0,0.0,0.0
LK27_w0369,LK27,369,3768.0,3778.0,3768.0,3778.0,walk_after,chest+empatica,chest+empatica+forearm,gel,ecg/LK27_w0369.npy,acc_chest/LK27_w0369.npy,ppg_wrist/LK27_w0369.npy,0.743,4.881,False,0.0,0.0,0.0
LK27_w0370,LK27,370,3778.0,3788.0,3778.0,3787.0,walk_after,chest+empatica,chest+empatica+forearm,gel,ecg/LK27_w0370.npy,acc_chest/LK27_w0370.npy,ppg_wrist/LK27_w0370.npy,0.762,6.182,True,0.1,0.1,0.0
ME93_w0000,ME93,0,89.0,99.0,89.0,99.0,unknown,chest+empatica,chest+empatica,gel,ecg/ME93_w0000.npy,acc_chest/ME93_w0000.npy,ppg_wrist/ME93_w0000.npy,0.771,3.282,False,0.0,0.0,0.0
ME93_w0001,ME93,1,99.0,109.0,99.0,109.0,unknown,chest+empatica,chest+empatica,gel,ecg/ME93_w0001.npy,acc_chest/ME93_w0001.npy,ppg_wrist/ME93_w0001.npy,1.031,4.092,False,0.0,0.0,0.0
ME93_w0002,ME93,2,109.0,119.0,109.0,119.0,unknown,chest+empatica,chest+empatica,gel,ecg/ME93_w0002.npy,acc_chest/ME93_w0002.npy,ppg_wrist/ME93_w0002.npy,1.542,6.234,False,0.0,0.0,0.0
ME93_w0003,ME93,3,119.0,129.0,119.0,129.0,unknown,chest+empatica,chest+empatica,gel,ecg/ME93_w0003.npy,acc_chest/ME93_w0003.npy,ppg_wrist/ME93_w0003.npy,1.291,5.573,False,0.0,0.0,0.0
ME93_w0004,ME93,4,129.0,139.0,129.0,139.0,unknown,chest+empatica,chest+empatica,gel,ecg/ME93_w0004.npy,acc_chest/ME93_w0004.npy,ppg_wrist/ME93_w0004.npy,1.38,2.872,False,0.0,0.0,0.0
ME93_w0005,ME93,5,139.0,149.0,139.0,149.0,unknown,chest+empatica,chest+empatica,gel,ecg/ME93_w0005.npy,acc_chest/ME93_w0005.npy,ppg_wrist/ME93_w0005.npy,1.658,3.591,False,0.0,0.0,0.0
ME93_w0006,ME93,6,149.0,159.0,149.0,159.0,unknown,chest+empatica,chest+empatica,gel,ecg/ME93_w0006.npy,acc_chest/ME93_w0006.npy,ppg_wrist/ME93_w0006.npy,1.743,4.843,False,0.0,0.0,0.0
ME93_w0007,ME93,7,159.0,169.0,159.0,169.0,unknown,chest+empatica,chest+empatica,gel,ecg/ME93_w0007.npy,acc_chest/ME93_w0007.npy,ppg_wrist/ME93_w0007.npy,1.591,4.542,False,0.0,0.0,0.0
ME93_w0008,ME93,8,169.0,179.0,169.0,179.0,unknown,chest+empatica,chest+empatica,gel,ecg/ME93_w0008.npy,acc_chest/ME93_w0008.npy,ppg_wrist/ME93_w0008.npy,1.614,3.4,False,0.0,0.0,0.0
ME93_w0009,ME93,9,179.0,189.0,179.0,189.0,unknown,chest+empatica,chest+empatica,gel,ecg/ME93_w0009.npy,acc_chest/ME93_w0009.npy,ppg_wrist/ME93_w0009.npy,1.701,3.74,False,0.0,0.0,0.0
ME93_w0010,ME93,10,189.0,199.0,189.0,199.0,unknown,chest+empatica,chest+empatica,gel,ecg/ME93_w0010.npy,acc_chest/ME93_w0010.npy,ppg_wrist/ME93_w0010.npy,1.814,4.097,False,0.0,0.0,0.0
ME93_w0011,ME93,11,199.0,209.0,199.0,209.0,unknown,chest+empatica,chest+empatica,gel,ecg/ME93_w0011.npy,acc_chest/ME93_w0011.npy,ppg_wrist/ME93_w0011.npy,1.556,4.868,False,0.0,0.0,0.0
ME93_w0012,ME93,12,209.0,219.0,209.0,219.0,unknown,chest+empatica,chest+empatica,gel,ecg/ME93_w0012.npy,acc_chest/ME93_w0012.npy,ppg_wrist/ME93_w0012.npy,1.364,5.028,False,0.0,0.0,0.0
ME93_w0013,ME93,13,219.0,229.0,219.0,229.0,unknown,chest+empatica,chest+empatica,gel,ecg/ME93_w0013.npy,acc_chest/ME93_w0013.npy,ppg_wrist/ME93_w0013.npy,1.201,4.205,False,0.0,0.0,0.0
ME93_w0014,ME93,14,229.0,239.0,229.0,239.0,unknown,chest+empatica,chest+empatica,gel,ecg/ME93_w0014.npy,acc_chest/ME93_w0014.npy,ppg_wrist/ME93_w0014.npy,1.227,5.529,False,0.0,0.0,0.0
ME93_w0015,ME93,15,239.0,249.0,239.0,249.0,unknown,chest+empatica,chest+empatica,gel,ecg/ME93_w0015.npy,acc_chest/ME93_w0015.npy,ppg_wrist/ME93_w0015.npy,1.183,5.119,False,0.0,0.0,0.0
ME93_w0016,ME93,16,249.0,259.0,249.0,259.0,unknown,chest+empatica,chest+empatica,gel,ecg/ME93_w0016.npy,acc_chest/ME93_w0016.npy,ppg_wrist/ME93_w0016.npy,1.091,4.137,False,0.0,0.0,0.0
ME93_w0017,ME93,17,259.0,269.0,259.0,269.0,unknown,chest+empatica,chest+empatica,gel,ecg/ME93_w0017.npy,acc_chest/ME93_w0017.npy,ppg_wrist/ME93_w0017.npy,1.042,3.851,False,0.0,0.0,0.0
ME93_w0018,ME93,18,269.0,279.0,269.0,279.0,unknown,chest+empatica,chest+empatica,gel,ecg/ME93_w0018.npy,acc_chest/ME93_w0018.npy,ppg_wrist/ME93_w0018.npy,1.189,10.621,False,0.0,0.0,0.0
ME93_w0019,ME93,19,279.0,289.0,279.0,289.0,unknown,chest+empatica,chest+empatica,gel,ecg/ME93_w0019.npy,acc_chest/ME93_w0019.npy,ppg_wrist/ME93_w0019.npy,0.302,11.233,False,0.0,0.0,0.0
ME93_w0020,ME93,20,289.0,299.0,289.0,299.0,unknown,chest+empatica,chest+empatica,gel,ecg/ME93_w0020.npy,acc_chest/ME93_w0020.npy,ppg_wrist/ME93_w0020.npy,0.302,11.233,False,0.0,0.0,0.0
ME93_w0021,ME93,21,299.0,309.0,299.0,309.0,unknown,chest+empatica,chest+empatica,gel,ecg/ME93_w0021.npy,acc_chest/ME93_w0021.npy,ppg_wrist/ME93_w0021.npy,0.639,12.425,False,0.0,0.0,0.0
ME93_w0022,ME93,22,309.0,319.0,309.0,319.0,unknown,chest+empatica,chest+empatica,gel,ecg/ME93_w0022.npy,acc_chest/ME93_w0022.npy,ppg_wrist/ME93_w0022.npy,1.038,4.52,False,0.0,0.0,0.0
ME93_w0023,ME93,23,319.0,329.0,319.0,329.0,unknown,chest+empatica,chest+empatica,gel,ecg/ME93_w0023.npy,acc_chest/ME93_w0023.npy,ppg_wrist/ME93_w0023.npy,1.101,3.497,False,0.0,0.0,0.0
ME93_w0024,ME93,24,329.0,339.0,329.0,339.0,unknown,chest+empatica,chest+empatica,gel,ecg/ME93_w0024.npy,acc_chest/ME93_w0024.npy,ppg_wrist/ME93_w0024.npy,1.084,3.553,False,0.0,0.0,0.0
ME93_w0025,ME93,25,339.0,349.0,339.0,349.0,unknown,chest+empatica,chest+empatica,gel,ecg/ME93_w0025.npy,acc_chest/ME93_w0025.npy,ppg_wrist/ME93_w0025.npy,1.082,4.991,False,0.0,0.0,0.0
ME93_w0026,ME93,26,349.0,359.0,349.0,359.0,unknown,chest+empatica,chest+empatica,gel,ecg/ME93_w0026.npy,acc_chest/ME93_w0026.npy,ppg_wrist/ME93_w0026.npy,0.988,4.859,False,0.0,0.0,0.0
ME93_w0027,ME93,27,359.0,369.0,359.0,369.0,unknown,chest+empatica,chest+empatica,gel,ecg/ME93_w0027.npy,acc_chest/ME93_w0027.npy,ppg_wrist/ME93_w0027.npy,1.056,2.898,False,0.0,0.0,0.0
ME93_w0028,ME93,28,369.0,379.0,369.0,379.0,unknown,chest+empatica,chest+empatica,gel,ecg/ME93_w0028.npy,acc_chest/ME93_w0028.npy,ppg_wrist/ME93_w0028.npy,1.49,3.318,False,0.0,0.0,0.0
ME93_w0029,ME93,29,379.0,389.0,379.0,389.0,unknown,chest+empatica,chest+empatica,gel,ecg/ME93_w0029.npy,acc_chest/ME93_w0029.npy,ppg_wrist/ME93_w0029.npy,1.755,3.509,False,0.0,0.0,0.0
ME93_w0030,ME93,30,389.0,399.0,389.0,399.0,unknown,chest+empatica,chest+empatica,gel,ecg/ME93_w0030.npy,acc_chest/ME93_w0030.npy,ppg_wrist/ME93_w0030.npy,1.556,3.467,False,0.0,0.0,0.0
ME93_w0031,ME93,31,399.0,409.0,399.0,409.0,unknown,chest+empatica,chest+empatica,gel,ecg/ME93_w0031.npy,acc_chest/ME93_w0031.npy,ppg_wrist/ME93_w0031.npy,1.749,5.392,False,0.0,0.0,0.0
ME93_w0032,ME93,32,409.0,419.0,409.0,419.0,unknown,chest+empatica,chest+empatica,gel,ecg/ME93_w0032.npy,acc_chest/ME93_w0032.npy,ppg_wrist/ME93_w0032.npy,1.599,6.16,False,0.0,0.0,0.0
ME93_w0033,ME93,33,419.0,429.0,419.0,429.0,unknown,chest+empatica,chest+empatica,gel,ecg/ME93_w0033.npy,acc_chest/ME93_w0033.npy,ppg_wrist/ME93_w0033.npy,1.669,5.227,False,0.0,0.0,0.0
ME93_w0034,ME93,34,429.0,439.0,429.0,439.0,unknown,chest+empatica,chest+empatica,gel,ecg/ME93_w0034.npy,acc_chest/ME93_w0034.npy,ppg_wrist/ME93_w0034.npy,1.658,3.684,False,0.0,0.0,0.0
ME93_w0035,ME93,35,439.0,449.0,439.0,449.0,unknown,chest+empatica,chest+empatica,gel,ecg/ME93_w0035.npy,acc_chest/ME93_w0035.npy,ppg_wrist/ME93_w0035.npy,1.527,3.342,False,0.0,0.0,0.0
ME93_w0036,ME93,36,449.0,459.0,449.0,459.0,unknown,chest+empatica,chest+empatica,gel,ecg/ME93_w0036.npy,acc_chest/ME93_w0036.npy,ppg_wrist/ME93_w0036.npy,1.659,4.159,False,0.0,0.0,0.0
ME93_w0037,ME93,37,459.0,469.0,459.0,469.0,unknown,chest+empatica,chest+empatica,gel,ecg/ME93_w0037.npy,acc_chest/ME93_w0037.npy,ppg_wrist/ME93_w0037.npy,1.519,6.096,False,0.0,0.0,0.0
ME93_w0038,ME93,38,469.0,479.0,469.0,479.0,unknown,chest+empatica,chest+empatica,gel,ecg/ME93_w0038.npy,acc_chest/ME93_w0038.npy,ppg_wrist/ME93_w0038.npy,1.298,5.429,False,0.0,0.0,0.0
ME93_w0039,ME93,39,479.0,489.0,479.0,489.0,unknown,chest+empatica,chest+empatica,gel,ecg/ME93_w0039.npy,acc_chest/ME93_w0039.npy,ppg_wrist/ME93_w0039.npy,1.263,11.769,False,0.0,0.0,0.0
ME93_w0040,ME93,40,489.0,499.0,489.0,499.0,unknown,chest+empatica,chest+empatica,gel,ecg/ME93_w0040.npy,acc_chest/ME93_w0040.npy,ppg_wrist/ME93_w0040.npy,0.302,11.233,False,0.0,0.0,0.0
ME93_w0041,ME93,41,499.0,509.0,499.0,509.0,unknown,chest+empatica,chest+empatica,gel,ecg/ME93_w0041.npy,acc_chest/ME93_w0041.npy,ppg_wrist/ME93_w0041.npy,1.033,10.462,False,0.0,0.0,0.0
ME93_w0042,ME93,42,509.0,519.0,509.0,519.0,unknown,chest+empatica,chest+empatica,gel,ecg/ME93_w0042.npy,acc_chest/ME93_w0042.npy,ppg_wrist/ME93_w0042.npy,1.2,3.071,False,0.0,0.0,0.0
ME93_w0043,ME93,43,519.0,529.0,519.0,529.0,unknown,chest+empatica,chest+empatica,gel,ecg/ME93_w0043.npy,acc_chest/ME93_w0043.npy,ppg_wrist/ME93_w0043.npy,1.213,3.891,False,0.0,0.0,0.0
ME93_w0044,ME93,44,529.0,539.0,529.0,539.0,unknown,chest+empatica,chest+empatica,gel,ecg/ME93_w0044.npy,acc_chest/ME93_w0044.npy,ppg_wrist/ME93_w0044.npy,1.14,5.118,False,0.0,0.0,0.0
ME93_w0045,ME93,45,539.0,549.0,539.0,549.0,unknown,chest+empatica,chest+empatica,gel,ecg/ME93_w0045.npy,acc_chest/ME93_w0045.npy,ppg_wrist/ME93_w0045.npy,1.093,4.431,False,0.0,0.0,0.0
ME93_w0046,ME93,46,549.0,559.0,549.0,559.0,unknown,chest+empatica,chest+empatica,gel,ecg/ME93_w0046.npy,acc_chest/ME93_w0046.npy,ppg_wrist/ME93_w0046.npy,1.184,3.336,False,0.0,0.0,0.0
ME93_w0047,ME93,47,559.0,569.0,559.0,569.0,unknown,chest+empatica,chest+empatica,gel,ecg/ME93_w0047.npy,acc_chest/ME93_w0047.npy,ppg_wrist/ME93_w0047.npy,1.092,3.557,False,0.0,0.0,0.0
ME93_w0048,ME93,48,569.0,579.0,569.0,579.0,unknown,chest+empatica,chest+empatica,gel,ecg/ME93_w0048.npy,acc_chest/ME93_w0048.npy,ppg_wrist/ME93_w0048.npy,1.129,3.458,False,0.0,0.0,0.0
ME93_w0049,ME93,49,579.0,589.0,579.0,589.0,unknown,chest+empatica,chest+empatica,gel,ecg/ME93_w0049.npy,acc_chest/ME93_w0049.npy,ppg_wrist/ME93_w0049.npy,1.401,3.725,False,0.0,0.0,0.0
ME93_w0050,ME93,50,589.0,599.0,589.0,599.0,unknown,chest+empatica,chest+empatica,gel,ecg/ME93_w0050.npy,acc_chest/ME93_w0050.npy,ppg_wrist/ME93_w0050.npy,1.593,6.056,False,0.0,0.0,0.0
ME93_w0051,ME93,51,599.0,609.0,599.0,609.0,unknown,chest+empatica,chest+empatica,gel,ecg/ME93_w0051.npy,acc_chest/ME93_w0051.npy,ppg_wrist/ME93_w0051.npy,1.55,5.975,False,0.0,0.0,0.0
ME93_w0052,ME93,52,609.0,619.0,609.0,619.0,unknown,chest+empatica,chest+empatica,gel,ecg/ME93_w0052.npy,acc_chest/ME93_w0052.npy,ppg_wrist/ME93_w0052.npy,1.36,4.654,False,0.0,0.0,0.0
ME93_w0053,ME93,53,619.0,629.0,619.0,629.0,unknown,chest+empatica,chest+empatica,gel,ecg/ME93_w0053.npy,acc_chest/ME93_w0053.npy,ppg_wrist/ME93_w0053.npy,1.27,4.313,False,0.0,0.0,0.0
ME93_w0054,ME93,54,629.0,639.0,629.0,639.0,unknown,chest+empatica,chest+empatica,gel,ecg/ME93_w0054.npy,acc_chest/ME93_w0054.npy,ppg_wrist/ME93_w0054.npy,1.189,2.817,False,0.0,0.0,0.0
ME93_w0055,ME93,55,639.0,649.0,639.0,649.0,unknown,chest+empatica,chest+empatica,gel,ecg/ME93_w0055.npy,acc_chest/ME93_w0055.npy,ppg_wrist/ME93_w0055.npy,1.205,5.11,False,0.0,0.0,0.0
ME93_w0056,ME93,56,649.0,659.0,649.0,659.0,unknown,chest+empatica,chest+empatica,gel,ecg/ME93_w0056.npy,acc_chest/ME93_w0056.npy,ppg_wrist/ME93_w0056.npy,1.12,5.255,False,0.0,0.0,0.0
ME93_w0057,ME93,57,659.0,669.0,659.0,669.0,unknown,chest+empatica,chest+empatica,gel,ecg/ME93_w0057.npy,acc_chest/ME93_w0057.npy,ppg_wrist/ME93_w0057.npy,1.097,3.655,False,0.0,0.0,0.0
ME93_w0058,ME93,58,669.0,679.0,669.0,679.0,unknown,chest+empatica,chest+empatica,gel,ecg/ME93_w0058.npy,acc_chest/ME93_w0058.npy,ppg_wrist/ME93_w0058.npy,1.076,5.298,False,0.0,0.0,0.0
ME93_w0059,ME93,59,679.0,689.0,679.0,689.0,unknown,chest+empatica,chest+empatica,gel,ecg/ME93_w0059.npy,acc_chest/ME93_w0059.npy,ppg_wrist/ME93_w0059.npy,1.024,4.469,False,0.0,0.0,0.0
ME93_w0060,ME93,60,689.0,699.0,689.0,699.0,unknown,chest+empatica,chest+empatica,gel,ecg/ME93_w0060.npy,acc_chest/ME93_w0060.npy,ppg_wrist/ME93_w0060.npy,1.0,1.949,False,0.0,0.0,0.0
ME93_w0061,ME93,61,699.0,709.0,699.0,709.0,unknown,chest+empatica,chest+empatica,gel,ecg/ME93_w0061.npy,acc_chest/ME93_w0061.npy,ppg_wrist/ME93_w0061.npy,1.045,4.44,False,0.0,0.0,0.0
ME93_w0062,ME93,62,709.0,719.0,709.0,719.0,unknown,chest+empatica,chest+empatica,gel,ecg/ME93_w0062.npy,acc_chest/ME93_w0062.npy,ppg_wrist/ME93_w0062.npy,1.073,4.762,False,0.0,0.0,0.0
ME93_w0063,ME93,63,719.0,729.0,719.0,729.0,unknown,chest+empatica,chest+empatica,gel,ecg/ME93_w0063.npy,acc_chest/ME93_w0063.npy,ppg_wrist/ME93_w0063.npy,1.038,3.459,False,0.0,0.0,0.0
ME93_w0064,ME93,64,729.0,739.0,729.0,739.0,unknown,chest+empatica,chest+empatica,gel,ecg/ME93_w0064.npy,acc_chest/ME93_w0064.npy,ppg_wrist/ME93_w0064.npy,1.0,3.395,False,0.0,0.0,0.0
ME93_w0065,ME93,65,739.0,749.0,739.0,749.0,unknown,chest+empatica,chest+empatica,gel,ecg/ME93_w0065.npy,acc_chest/ME93_w0065.npy,ppg_wrist/ME93_w0065.npy,1.024,2.891,False,0.0,0.0,0.0
ME93_w0066,ME93,66,749.0,759.0,749.0,759.0,unknown,chest+empatica,chest+empatica,gel,ecg/ME93_w0066.npy,acc_chest/ME93_w0066.npy,ppg_wrist/ME93_w0066.npy,1.068,2.867,False,0.0,0.0,0.0
ME93_w0067,ME93,67,759.0,769.0,759.0,769.0,unknown,chest+empatica,chest+empatica,gel,ecg/ME93_w0067.npy,acc_chest/ME93_w0067.npy,ppg_wrist/ME93_w0067.npy,0.578,9.457,False,0.0,0.0,0.0
ME93_w0068,ME93,68,769.0,779.0,769.0,779.0,unknown,chest+empatica,chest+empatica,gel,ecg/ME93_w0068.npy,acc_chest/ME93_w0068.npy,ppg_wrist/ME93_w0068.npy,0.302,11.233,False,0.0,0.0,0.0
ME93_w0069,ME93,69,779.0,789.0,779.0,789.0,unknown,chest+empatica,chest+empatica,gel,ecg/ME93_w0069.npy,acc_chest/ME93_w0069.npy,ppg_wrist/ME93_w0069.npy,0.765,11.205,False,0.0,0.0,0.0
ME93_w0070,ME93,70,789.0,799.0,789.0,799.0,unknown,chest+empatica,chest+empatica,gel,ecg/ME93_w0070.npy,acc_chest/ME93_w0070.npy,ppg_wrist/ME93_w0070.npy,1.386,3.327,False,0.0,0.0,0.0
ME93_w0071,ME93,71,799.0,809.0,799.0,809.0,unknown,chest+empatica,chest+empatica,gel,ecg/ME93_w0071.npy,acc_chest/ME93_w0071.npy,ppg_wrist/ME93_w0071.npy,1.448,3.797,False,0.0,0.0,0.0
ME93_w0072,ME93,72,809.0,819.0,809.0,819.0,unknown,chest+empatica,chest+empatica,gel,ecg/ME93_w0072.npy,acc_chest/ME93_w0072.npy,ppg_wrist/ME93_w0072.npy,1.523,3.569,False,0.0,0.0,0.0
ME93_w0073,ME93,73,819.0,829.0,819.0,829.0,unknown,chest+empatica,chest+empatica,gel,ecg/ME93_w0073.npy,acc_chest/ME93_w0073.npy,ppg_wrist/ME93_w0073.npy,1.555,6.011,False,0.0,0.0,0.0
ME93_w0074,ME93,74,829.0,839.0,829.0,839.0,unknown,chest+empatica,chest+empatica,gel,ecg/ME93_w0074.npy,acc_chest/ME93_w0074.npy,ppg_wrist/ME93_w0074.npy,1.429,6.869,False,0.0,0.0,0.0
ME93_w0075,ME93,75,839.0,849.0,839.0,849.0,unknown,chest+empatica,chest+empatica,gel,ecg/ME93_w0075.npy,acc_chest/ME93_w0075.npy,ppg_wrist/ME93_w0075.npy,1.531,6.182,False,0.0,0.0,0.0
ME93_w0076,ME93,76,849.0,859.0,849.0,859.0,unknown,chest+empatica,chest+empatica,gel,ecg/ME93_w0076.npy,acc_chest/ME93_w0076.npy,ppg_wrist/ME93_w0076.npy,1.468,4.956,False,0.0,0.0,0.0
ME93_w0077,ME93,77,859.0,869.0,859.0,869.0,unknown,chest+empatica,chest+empatica,gel,ecg/ME93_w0077.npy,acc_chest/ME93_w0077.npy,ppg_wrist/ME93_w0077.npy,1.531,3.174,False,0.0,0.0,0.0
ME93_w0078,ME93,78,869.0,879.0,869.0,879.0,unknown,chest+empatica,chest+empatica,gel,ecg/ME93_w0078.npy,acc_chest/ME93_w0078.npy,ppg_wrist/ME93_w0078.npy,1.48,5.725,False,0.0,0.0,0.0
ME93_w0079,ME93,79,879.0,889.0,879.0,889.0,unknown,chest+empatica,chest+empatica,gel,ecg/ME93_w0079.npy,acc_chest/ME93_w0079.npy,ppg_wrist/ME93_w0079.npy,1.342,6.795,False,0.0,0.0,0.0
ME93_w0080,ME93,80,889.0,899.0,889.0,899.0,unknown,chest+empatica,chest+empatica,gel,ecg/ME93_w0080.npy,acc_chest/ME93_w0080.npy,ppg_wrist/ME93_w0080.npy,1.378,5.497,False,0.0,0.0,0.0
ME93_w0081,ME93,81,899.0,909.0,899.0,909.0,unknown,chest+empatica,chest+empatica,gel,ecg/ME93_w0081.npy,acc_chest/ME93_w0081.npy,ppg_wrist/ME93_w0081.npy,1.426,5.246,False,0.0,0.0,0.0
ME93_w0082,ME93,82,909.0,919.0,909.0,919.0,unknown,chest+empatica,chest+empatica,gel,ecg/ME93_w0082.npy,acc_chest/ME93_w0082.npy,ppg_wrist/ME93_w0082.npy,1.327,4.873,False,0.0,0.0,0.0
ME93_w0083,ME93,83,919.0,929.0,919.0,929.0,unknown,chest+empatica,chest+empatica,gel,ecg/ME93_w0083.npy,acc_chest/ME93_w0083.npy,ppg_wrist/ME93_w0083.npy,1.27,4.159,False,0.0,0.0,0.0
ME93_w0084,ME93,84,929.0,939.0,929.0,939.0,unknown,chest+empatica,chest+empatica,gel,ecg/ME93_w0084.npy,acc_chest/ME93_w0084.npy,ppg_wrist/ME93_w0084.npy,1.2,3.661,False,0.0,0.0,0.0
ME93_w0085,ME93,85,939.0,949.0,939.0,949.0,unknown,chest+empatica,chest+empatica,gel,ecg/ME93_w0085.npy,acc_chest/ME93_w0085.npy,ppg_wrist/ME93_w0085.npy,1.069,2.614,False,0.0,0.0,0.0
ME93_w0086,ME93,86,949.0,959.0,949.0,959.0,unknown,chest+empatica,chest+empatica,gel,ecg/ME93_w0086.npy,acc_chest/ME93_w0086.npy,ppg_wrist/ME93_w0086.npy,1.172,4.831,False,0.0,0.0,0.0
ME93_w0087,ME93,87,959.0,969.0,959.0,969.0,unknown,chest+empatica,chest+empatica,gel,ecg/ME93_w0087.npy,acc_chest/ME93_w0087.npy,ppg_wrist/ME93_w0087.npy,1.213,7.273,False,0.0,0.0,0.0
ME93_w0088,ME93,88,969.0,979.0,969.0,979.0,unknown,chest+empatica,chest+empatica,gel,ecg/ME93_w0088.npy,acc_chest/ME93_w0088.npy,ppg_wrist/ME93_w0088.npy,1.046,6.213,False,0.0,0.0,0.0
ME93_w0089,ME93,89,979.0,989.0,979.0,989.0,unknown,chest+empatica,chest+empatica,gel,ecg/ME93_w0089.npy,acc_chest/ME93_w0089.npy,ppg_wrist/ME93_w0089.npy,1.028,3.194,False,0.0,0.0,0.0
ME93_w0090,ME93,90,989.0,999.0,989.0,999.0,unknown,chest+empatica,chest+empatica,gel,ecg/ME93_w0090.npy,acc_chest/ME93_w0090.npy,ppg_wrist/ME93_w0090.npy,1.082,3.389,False,0.0,0.0,0.0
ME93_w0091,ME93,91,999.0,1009.0,999.0,1009.0,unknown,chest+empatica,chest+empatica,gel,ecg/ME93_w0091.npy,acc_chest/ME93_w0091.npy,ppg_wrist/ME93_w0091.npy,1.147,3.382,False,0.0,0.0,0.0
ME93_w0092,ME93,92,1009.0,1019.0,1009.0,1019.0,unknown,chest+empatica,chest+empatica,gel,ecg/ME93_w0092.npy,acc_chest/ME93_w0092.npy,ppg_wrist/ME93_w0092.npy,1.308,3.444,False,0.0,0.0,0.0
ME93_w0093,ME93,93,1019.0,1029.0,1019.0,1029.0,unknown,chest+empatica,chest+empatica,gel,ecg/ME93_w0093.npy,acc_chest/ME93_w0093.npy,ppg_wrist/ME93_w0093.npy,1.397,4.013,False,0.0,0.0,0.0
ME93_w0094,ME93,94,1029.0,1039.0,1029.0,1039.0,unknown,chest+empatica,chest+empatica,gel,ecg/ME93_w0094.npy,acc_chest/ME93_w0094.npy,ppg_wrist/ME93_w0094.npy,1.023,3.586,False,0.0,0.0,0.0
ME93_w0095,ME93,95,1039.0,1049.0,1039.0,1049.0,unknown,chest+empatica,chest+empatica,gel,ecg/ME93_w0095.npy,acc_chest/ME93_w0095.npy,ppg_wrist/ME93_w0095.npy,1.373,4.976,False,0.0,0.0,0.0
ME93_w0096,ME93,96,1049.0,1059.0,1049.0,1057.0,unknown,chest+empatica,chest+empatica,gel,ecg/ME93_w0096.npy,acc_chest/ME93_w0096.npy,ppg_wrist/ME93_w0096.npy,1.607,8.927,True,0.2,0.2,0.0
