seg,t_start_s,t_end_s,label,p
0,33.0,33.7,SINUS,0.999
1,33.7,34.4,SINUS,0.999
2,34.4,35.1,SINUS,0.999
3,35.1,35.8,SINUS,0.999
4,35.8,36.6,SINUS,0.999
5,36.6,37.3,SINUS,0.998
6,37.3,38.0,SINUS,0.998
7,38.0,38.7,SINUS,0.999
8,38.7,39.4,SINUS,0.999
9,39.4,40.1,SINUS,0.999
10,40.1,40.8,SINUS,0.999
11,40.8,41.5,SINUS,0.999
12,41.5,42.2,SINUS,0.998
13,42.2,43.0,SINUS,0.997
14,43.0,43.7,SINUS,0.999
15,43.7,44.4,SINUS,0.999
16,44.4,45.1,SINUS,0.999
17,45.1,45.8,SINUS,0.999
18,45.8,46.5,SINUS,0.999
19,46.5,47.2,SINUS,0.998
20,47.2,47.9,SINUS,0.998
21,47.9,48.6,SINUS,0.999
22,48.6,49.4,SINUS,0.999
23,49.4,50.1,SINUS,0.999
24,50.1,50.8,SINUS,0.999
25,50.8,51.5,SINUS,0.999
26,51.5,52.2,SINUS,0.998
27,52.2,52.9,SINUS,0.998
28,52.9,53.6,SINUS,0.999
29,53.6,54.3,SINUS,0.999
30,54.3,55.0,SINUS,0.999
31,55.0,55.8,SINUS,0.999
32,55.8,56.5,SINUS,0.999
33,56.5,57.2,SINUS,0.998
34,57.2,57.9,SINUS,0.997
35,57.9,58.6,SINUS,0.999
36,58.6,59.3,SINUS,0.999
37,59.3,60.0,SINUS,0.999
38,60.0,60.7,SINUS,0.999
39,60.7,61.4,SINUS,0.999
40,61.4,62.2,SINUS,0.998
41,62.2,62.9,SINUS,0.997
42,62.9,63.6,SINUS,0.999
43,63.6,64.3,SINUS,0.999
44,64.3,65.0,SINUS,0.999
45,65.0,65.7,SINUS,0.999
46,65.7,66.4,SINUS,0.999
47,66.4,67.1,SINUS,0.998
48,67.1,67.8,SINUS,0.997
49,67.8,68.6,SINUS,0.999
50,68.6,69.3,SINUS,0.999
51,69.3,70.0,SINUS,0.999
52,70.0,70.7,SINUS,0.999
53,70.7,71.4,SINUS,0.999
54,71.4,72.1,SINUS,0.998
55,72.1,72.8,SINUS,0.997
56,72.8,73.5,SINUS,0.999
57,73.5,74.2,SINUS,0.999
58,74.2,75.0,SINUS,0.999
59,75.0,75.7,SINUS,0.999
60,75.7,76.4,SINUS,0.999
61,76.4,77.1,SINUS,0.998
62,77.1,77.8,SINUS,0.998
63,77.8,78.5,SINUS,0.999
64,78.5,79.2,SINUS,0.999
65,79.2,79.9,SINUS,0.999
66,79.9,80.6,SINUS,0.999
67,80.6,81.4,SINUS,0.999
68,81.4,82.1,SINUS,0.998
69,82.1,82.8,SINUS,0.997
70,82.8,83.5,SINUS,0.999
71,83.5,84.2,SINUS,0.999
72,84.2,84.9,SINUS,0.999
73,84.9,85.6,SINUS,0.999
74,85.6,86.3,SINUS,0.998
75,86.3,87.0,SINUS,0.998
76,87.0,87.8,SINUS,0.997
77,87.8,88.5,SINUS,0.999
78,88.5,89.2,SINUS,0.999
79,89.2,89.9,SINUS,0.999
80,89.9,90.6,SINUS,0.999
81,90.6,91.3,SINUS,0.999
82,91.3,92.0,SINUS,0.998
83,92.0,92.7,SINUS,0.998
84,92.7,93.4,SINUS,0.999
85,93.4,94.2,SINUS,0.999
86,94.2,94.9,SINUS,0.999
87,94.9,95.6,SINUS,0.999
88,95.6,96.3,SINUS,0.999
89,96.3,97.0,SINUS,0.998
90,97.0,97.7,SINUS,0.998
91,97.7,98.4,SINUS,0.999
92,98.4,99.1,SINUS,0.999
93,99.1,99.8,SINUS,0.999
94,99.8,100.6,SINUS,0.999
95,100.6,101.3,SINUS,0.999
96,101.3,102.0,SINUS,0.998
97,102.0,102.7,SINUS,0.997
98,102.7,103.4,SINUS,0.998
99,103.4,104.1,SINUS,0.999
100,104.1,104.8,SINUS,0.999
101,104.8,105.5,SINUS,0.999
102,105.5,106.2,SINUS,0.999
103,106.2,107.0,SINUS,0.998
104,107.0,107.7,SINUS,0.997
105,107.7,108.4,SINUS,0.998
106,108.4,109.1,SINUS,0.999
107,109.1,109.8,SINUS,0.999
108,109.8,110.5,SINUS,0.999
109,110.5,111.2,SINUS,0.999
110,111.2,111.9,SINUS,0.998
111,111.9,112.6,SINUS,0.997
112,112.6,113.4,SINUS,0.998
113,113.4,114.1,SINUS,0.999
114,114.1,114.8,SINUS,0.999
115,114.8,115.5,SINUS,0.999
116,115.5,116.2,SINUS,0.999
117,116.2,116.9,SINUS,0.998
118,116.9,117.6,SINUS,0.997
119,117.6,118.3,SINUS,0.998
120,118.3,119.0,SINUS,0.999
121,119.0,119.8,SINUS,0.999
122,119.8,120.5,SINUS,0.999
123,120.5,121.2,SINUS,0.999
124,121.2,121.9,SINUS,0.998
125,121.9,122.6,SINUS,0.997
126,122.6,123.3,SINUS,0.998
127,123.3,124.0,SINUS,0.999
128,124.0,124.7,SINUS,0.999
129,124.7,125.4,SINUS,0.999
130,125.4,126.2,SINUS,0.999
131,126.2,126.9,SINUS,0.998
132,126.9,127.6,SINUS,0.997
133,127.6,128.3,SINUS,0.998
134,128.3,129.0,SINUS,0.999
135,129.0,129.7,SINUS,0.999
136,129.7,130.4,SINUS,0.999
137,130.4,131.1,SINUS,0.999
138,131.1,131.8,SINUS,0.998
139,131.8,132.6,SINUS,0.997
140,132.6,133.3,SINUS,0.998
141,133.3,134.0,SINUS,0.999
142,134.0,134.7,SINUS,0.999
143,134.7,135.4,SINUS,0.999
144,135.4,136.1,SINUS,0.999
145,136.1,136.8,SINUS,0.998
146,136.8,137.5,SINUS,0.997
147,137.5,138.2,SINUS,0.998
148,138.2,139.0,SINUS,0.999
149,139.0,139.7,SINUS,0.999
150,139.7,140.4,SINUS,0.999
151,140.4,141.1,SINUS,0.999
152,141.1,141.8,SINUS,0.998
153,141.8,142.5,SINUS,0.997
154,142.5,143.2,SINUS,0.998
155,143.2,143.9,SINUS,0.999
156,143.9,144.6,SINUS,0.999
157,144.6,145.4,SINUS,0.999
158,145.4,146.1,SINUS,0.999
159,146.1,146.8,SINUS,0.998
160,146.8,147.5,SINUS,0.997
161,147.5,148.2,SINUS,0.998
162,148.2,148.9,SINUS,0.999
163,148.9,149.6,SINUS,0.999
164,149.6,150.3,SINUS,0.999
165,150.3,151.0,SINUS,0.999
166,151.0,151.8,SINUS,0.998
167,151.8,152.5,SINUS,0.997
168,152.5,153.2,SINUS,0.998
169,153.2,153.9,SINUS,0.999
170,153.9,154.6,SINUS,0.999
171,154.6,155.3,SINUS,0.999
172,155.3,156.0,SINUS,0.999
173,156.0,156.7,SINUS,0.998
174,156.7,157.4,SINUS,0.997
175,157.4,158.2,SINUS,0.998
176,158.2,158.9,SINUS,0.999
177,158.9,159.6,SINUS,0.999
178,159.6,160.3,SINUS,0.999
179,160.3,161.0,SINUS,0.999
180,161.0,161.7,SINUS,0.998
181,161.7,162.4,SINUS,0.997
182,162.4,163.1,SINUS,0.998
183,163.1,163.8,SINUS,0.999
184,163.8,164.6,SINUS,0.999
185,164.6,165.3,SINUS,0.999
186,165.3,166.0,SINUS,0.999
187,166.0,166.7,SINUS,0.998
188,166.7,167.4,SINUS,0.997
189,167.4,168.1,SINUS,0.998
190,168.1,168.8,SINUS,0.999
191,168.8,169.5,SINUS,0.999
192,169.5,170.2,SINUS,0.999
193,170.2,171.0,SINUS,0.999
194,171.0,171.7,SINUS,0.998
195,171.7,172.4,SINUS,0.997
196,172.4,173.1,SINUS,0.998
197,173.1,173.8,SINUS,0.999
198,173.8,174.5,SINUS,0.999
199,174.5,175.2,SINUS,0.999
200,175.2,175.9,SINUS,0.999
201,175.9,176.6,SINUS,0.998
202,176.6,177.4,SINUS,0.997
203,177.4,178.1,SINUS,0.998
204,178.1,178.8,SINUS,0.999
205,178.8,179.5,SINUS,0.999
206,179.5,180.2,SINUS,0.999
207,180.2,180.9,SINUS,0.999
208,180.9,181.6,SINUS,0.998
209,181.6,182.3,SINUS,0.997
210,182.3,183.0,SINUS,0.998
211,183.0,183.8,SINUS,0.999
212,183.8,184.5,SINUS,0.999
213,184.5,185.2,SINUS,0.999
214,185.2,185.9,SINUS,0.999
215,185.9,186.6,SINUS,0.998
216,186.6,187.3,SINUS,0.997
217,187.3,188.0,SINUS,0.998
218,188.0,188.7,SINUS,0.999
219,188.7,189.4,SINUS,0.999
220,189.4,190.2,SINUS,0.999
221,190.2,190.9,SINUS,0.999
222,190.9,191.6,SINUS,0.998
223,191.6,192.3,SINUS,0.997
224,192.3,193.0,SINUS,0.998
225,193.0,193.7,SINUS,0.999
226,193.7,194.4,SINUS,0.999
227,194.4,195.1,SINUS,0.999
228,195.1,195.8,SINUS,0.999
229,195.8,196.6,SINUS,0.998
230,196.6,197.3,SINUS,0.997
231,197.3,198.0,SINUS,0.998
232,198.0,198.7,SINUS,0.999
233,198.7,199.4,SINUS,0.999
234,199.4,200.1,SINUS,0.999
235,200.1,200.8,SINUS,0.999
236,200.8,201.5,SINUS,0.998
237,201.5,202.2,SINUS,0.997
238,202.2,203.0,SINUS,0.998
239,203.0,203.7,SINUS,0.999
240,203.7,204.4,SINUS,0.999
241,204.4,205.1,SINUS,0.999
242,205.1,205.8,SINUS,0.999
243,205.8,206.5,SINUS,0.998
244,206.5,207.2,SINUS,0.997
245,207.2,207.9,SINUS,0.998
246,207.9,208.6,SINUS,0.999
247,208.6,209.4,SINUS,0.999
248,209.4,210.1,SINUS,0.999
249,210.1,210.8,SINUS,0.999
250,210.8,211.5,SINUS,0.998
251,211.5,212.2,SINUS,0.997
252,212.2,212.9,SINUS,0.998
253,212.9,213.6,SINUS,0.999
254,213.6,214.3,SINUS,0.999
255,214.3,215.0,SINUS,0.999
256,215.0,215.8,SINUS,0.999
257,215.8,216.5,SINUS,0.998
258,216.5,217.2,SINUS,0.997
259,217.2,217.9,SINUS,0.998
260,217.9,218.6,SINUS,0.999
261,218.6,219.3,SINUS,0.999
262,219.3,220.0,SINUS,0.999
263,220.0,220.7,SINUS,0.999
264,220.7,221.4,SINUS,0.998
265,221.4,222.2,SINUS,0.997
266,222.2,222.9,SINUS,0.998
267,222.9,223.6,SINUS,0.999
268,223.6,224.3,SINUS,0.999
269,224.3,225.0,SINUS,0.999
270,225.0,225.7,SINUS,0.999
271,225.7,226.4,SINUS,0.998
272,226.4,227.1,SINUS,0.997
273,227.1,227.8,SINUS,0.998
274,227.8,228.6,SINUS,0.999
275,228.6,229.3,SINUS,0.999
276,229.3,230.0,SINUS,0.999
277,230.0,230.7,SINUS,0.999
278,230.7,231.4,SINUS,0.998
279,231.4,232.1,SINUS,0.997
280,232.1,232.8,SINUS,0.998
281,232.8,233.5,SINUS,0.999
282,233.5,234.2,SINUS,0.999
283,234.2,235.0,SINUS,0.999
284,235.0,235.7,SINUS,0.999
285,235.7,236.4,SINUS,0.998
286,236.4,237.1,SINUS,0.997
287,237.1,237.8,SINUS,0.998
288,237.8,238.5,SINUS,0.999
289,238.5,239.2,SINUS,0.999
290,239.2,239.9,SINUS,0.999
291,239.9,240.6,SINUS,0.999
292,240.6,241.4,SINUS,0.998
293,241.4,242.1,SINUS,0.997
294,242.1,242.8,SINUS,0.998
295,242.8,243.5,SINUS,0.999
296,243.5,244.2,SINUS,0.999
297,244.2,244.9,SINUS,0.999
298,244.9,245.6,SINUS,0.999
299,245.6,246.3,SINUS,0.998
300,246.3,247.0,SINUS,0.997
301,247.0,247.8,SINUS,0.998
302,247.8,248.5,SINUS,0.999
303,248.5,249.2,SINUS,0.999
304,249.2,249.9,SINUS,0.999
305,249.9,250.6,SINUS,0.999
306,250.6,251.3,SINUS,0.998
307,251.3,252.0,SINUS,0.997
308,252.0,252.7,SINUS,0.998
309,252.7,253.4,SINUS,0.999
310,253.4,254.2,SINUS,0.999
311,254.2,254.9,SINUS,0.999
312,254.9,255.6,SINUS,0.999
313,255.6,256.3,SINUS,0.998
314,256.3,257.0,SINUS,0.997
315,257.0,257.7,SINUS,0.998
316,257.7,258.4,SINUS,0.999
317,258.4,259.1,SINUS,0.999
318,259.1,259.8,SINUS,0.999
319,259.8,260.6,SINUS,0.999
320,260.6,261.3,SINUS,0.998
321,261.3,262.0,SINUS,0.997
322,262.0,262.7,SINUS,0.998
323,262.7,263.4,SINUS,0.999
324,263.4,264.1,SINUS,0.999
325,264.1,264.8,SINUS,0.999
326,264.8,265.5,SINUS,0.999
327,265.5,266.2,SINUS,0.998
328,266.2,267.0,SINUS,0.997
329,267.0,267.7,SINUS,0.998
330,267.7,268.4,SINUS,0.999
331,268.4,269.1,SINUS,0.999
332,269.1,269.8,SINUS,0.999
333,269.8,270.5,SINUS,0.999
334,270.5,271.2,SINUS,0.998
335,271.2,271.9,SINUS,0.997
336,271.9,272.6,SINUS,0.998
337,272.6,273.4,SINUS,0.999
338,273.4,274.1,SINUS,0.999
339,274.1,274.8,SINUS,0.999
340,274.8,275.5,SINUS,0.999
341,275.5,276.2,SINUS,0.998
342,276.2,276.9,SINUS,0.997
343,276.9,277.6,SINUS,0.998
344,277.6,278.3,SINUS,0.999
345,278.3,279.0,SINUS,0.999
346,279.0,279.8,SINUS,0.999
347,279.8,280.5,SINUS,0.999
348,280.5,281.2,SINUS,0.998
349,281.2,281.9,SINUS,0.997
350,281.9,282.6,SINUS,0.998
351,282.6,283.3,SINUS,0.999
352,283.3,284.0,SINUS,0.999
353,284.0,284.7,SINUS,0.999
354,284.7,285.4,SINUS,0.999
355,285.4,286.2,SINUS,0.998
356,286.2,286.9,SINUS,0.997
357,286.9,287.6,SINUS,0.998
358,287.6,288.3,SINUS,0.999
359,288.3,289.0,SINUS,0.999
360,289.0,289.7,SINUS,0.999
361,289.7,290.4,SINUS,0.999
362,290.4,291.1,SINUS,0.998
363,291.1,291.8,SINUS,0.997
364,291.8,292.6,SINUS,0.998
365,292.6,293.3,SINUS,0.999
366,293.3,294.0,SINUS,0.999
367,294.0,294.7,SINUS,0.999
368,294.7,295.4,SINUS,0.999
369,295.4,296.1,SINUS,0.998
370,296.1,296.8,SINUS,0.997
371,296.8,297.5,SINUS,0.998
372,297.5,298.2,SINUS,0.999
373,298.2,299.0,SINUS,0.999
374,299.0,299.7,SINUS,0.999
375,299.7,300.4,SINUS,0.999
376,300.4,301.1,SINUS,0.998
377,301.1,301.8,SINUS,0.997
378,301.8,302.5,SINUS,0.998
379,302.5,303.2,SINUS,0.999
380,303.2,303.9,SINUS,0.999
381,303.9,304.6,SINUS,0.999
382,304.6,305.4,SINUS,0.999
383,305.4,306.1,SINUS,0.998
384,306.1,306.8,SINUS,0.997
385,306.8,307.5,SINUS,0.998
386,307.5,308.2,SINUS,0.999
387,308.2,308.9,SINUS,0.999
388,308.9,309.6,SINUS,0.999
389,309.6,310.3,SINUS,0.999
390,310.3,311.0,SINUS,0.998
391,311.0,311.8,SINUS,0.997
392,311.8,312.5,SINUS,0.998
393,312.5,313.2,SINUS,0.999
394,313.2,313.9,SINUS,0.999
395,313.9,314.6,SINUS,0.999
396,314.6,315.3,SINUS,0.999
397,315.3,316.0,SINUS,0.998
398,316.0,316.7,SINUS,0.997
399,316.7,317.4,SINUS,0.998
400,317.4,318.2,SINUS,0.999
401,318.2,318.9,SINUS,0.999
402,318.9,319.6,SINUS,0.999
403,319.6,320.3,SINUS,0.999
404,320.3,321.0,SINUS,0.998
405,321.0,321.7,SINUS,0.997
406,321.7,322.4,SINUS,0.998
407,322.4,323.1,SINUS,0.999
408,323.1,323.8,SINUS,0.999
409,323.8,324.6,SINUS,0.999
410,324.6,325.3,SINUS,0.999
411,325.3,326.0,SINUS,0.998
412,326.0,326.7,SINUS,0.997
413,326.7,327.4,SINUS,0.998
414,327.4,328.1,SINUS,0.999
415,328.1,328.8,SINUS,0.999
416,328.8,329.5,SINUS,0.999
417,329.5,330.2,SINUS,0.999
418,330.2,331.0,SINUS,0.998
419,331.0,331.7,SINUS,0.997
420,331.7,332.4,SINUS,0.998
421,332.4,333.1,SINUS,0.999
422,333.1,333.8,SINUS,0.999
423,333.8,334.5,SINUS,0.999
424,334.5,335.2,SINUS,0.999
425,335.2,335.9,SINUS,0.998
426,335.9,336.6,SINUS,0.997
427,336.6,337.4,SINUS,0.998
428,337.4,338.1,SINUS,0.999
429,338.1,338.8,SINUS,0.999
430,338.8,339.5,SINUS,0.999
431,339.5,340.2,SINUS,0.999
432,340.2,340.9,SINUS,0.998
433,340.9,341.6,SINUS,0.997
434,341.6,342.3,SINUS,0.998
435,342.3,343.0,SINUS,0.999
436,343.0,343.8,SINUS,0.999
437,343.8,344.5,SINUS,0.999
438,344.5,345.2,SINUS,0.999
439,345.2,345.9,SINUS,0.998
440,345.9,346.6,SINUS,0.997
441,346.6,347.3,SINUS,0.998
442,347.3,348.0,SINUS,0.999
443,348.0,348.7,SINUS,0.999
444,348.7,349.4,SINUS,0.999
445,349.4,350.2,SINUS,0.999
446,350.2,350.9,SINUS,0.998
447,350.9,351.6,SINUS,0.997
448,351.6,352.3,SINUS,0.998
449,352.3,353.0,SINUS,0.999
450,353.0,353.7,SINUS,0.999
451,353.7,354.4,SINUS,0.999
452,354.4,355.1,SINUS,0.999
453,355.1,355.8,SINUS,0.998
454,355.8,356.6,SINUS,0.997
455,356.6,357.3,SINUS,0.998
456,357.3,358.0,SINUS,0.999
457,358.0,358.7,SINUS,0.999
458,358.7,359.4,SINUS,0.999
459,359.4,360.1,SINUS,0.999
460,360.1,360.8,SINUS,0.998
461,360.8,361.5,SINUS,0.997
462,361.5,362.2,SINUS,0.998
463,362.2,363.0,SINUS,0.999
464,363.0,363.7,SINUS,0.999
465,363.7,364.4,SINUS,0.999
466,364.4,365.1,SINUS,0.999
467,365.1,365.8,SINUS,0.998
468,365.8,366.5,SINUS,0.997
469,366.5,367.2,SINUS,0.998
470,367.2,367.9,SINUS,0.999
471,367.9,368.6,SINUS,0.999
472,368.6,369.4,SINUS,0.999
473,369.4,370.1,SINUS,0.999
474,370.1,370.8,SINUS,0.998
475,370.8,371.5,SINUS,0.997
476,371.5,372.2,SINUS,0.998
477,372.2,372.9,SINUS,0.999
478,372.9,373.6,SINUS,0.999
479,373.6,374.3,SINUS,0.999
480,374.3,375.0,SINUS,0.999
481,375.0,375.8,SINUS,0.998
482,375.8,376.5,SINUS,0.997
483,376.5,377.2,SINUS,0.998
484,377.2,377.9,SINUS,0.999
485,377.9,378.6,SINUS,0.999
486,378.6,379.3,SINUS,0.999
487,379.3,380.0,SINUS,0.999
488,380.0,380.7,SINUS,0.998
489,380.7,381.4,SINUS,0.997
490,381.4,382.2,SINUS,0.998
491,382.2,382.9,SINUS,0.999
492,382.9,383.6,SINUS,0.999
493,383.6,384.3,SINUS,0.999
494,384.3,385.0,SINUS,0.999
495,385.0,385.7,SINUS,0.998
496,385.7,386.4,SINUS,0.997
497,386.4,387.1,SINUS,0.998
498,387.1,387.8,SINUS,0.999
499,387.8,388.6,SINUS,0.999
500,388.6,389.3,SINUS,0.999
501,389.3,390.0,SINUS,0.999
502,390.0,390.7,SINUS,0.998
503,390.7,391.4,SINUS,0.997
504,391.4,392.1,SINUS,0.998
505,392.1,392.8,SINUS,0.999
506,392.8,393.5,SINUS,0.999
507,393.5,394.2,SINUS,0.999
508,394.2,395.0,SINUS,0.999
509,395.0,395.7,SINUS,0.998
510,395.7,396.4,SINUS,0.997
511,396.4,397.1,SINUS,0.998
512,397.1,397.8,SINUS,0.999
513,397.8,398.5,SINUS,0.999
514,398.5,399.2,SINUS,0.999
515,399.2,399.9,SINUS,0.999
516,399.9,400.6,SINUS,0.998
517,400.6,401.4,SINUS,0.997
518,401.4,402.1,SINUS,0.998
519,402.1,402.8,SINUS,0.999
520,402.8,403.5,SINUS,0.999
521,403.5,404.2,SINUS,0.999
522,404.2,404.9,SINUS,0.999
523,404.9,405.6,SINUS,0.998
524,405.6,406.3,SINUS,0.997
525,406.3,407.0,SINUS,0.998
526,407.0,407.8,SINUS,0.999
527,407.8,408.5,SINUS,0.999
528,408.5,409.2,SINUS,0.999
529,409.2,409.9,SINUS,0.999
530,409.9,410.6,SINUS,0.998
531,410.6,411.3,SINUS,0.997
532,411.3,412.0,SINUS,0.998
533,412.0,412.7,SINUS,0.999
534,412.7,413.4,SINUS,0.999
535,413.4,414.2,SINUS,0.999
536,414.2,414.9,SINUS,0.999
537,414.9,415.6,SINUS,0.998
538,415.6,416.3,SINUS,0.997
539,416.3,417.0,SINUS,0.998
540,417.0,417.7,SINUS,0.999
541,417.7,418.4,SINUS,0.999
542,418.4,419.1,SINUS,0.999
543,419.1,419.8,SINUS,0.999
544,419.8,420.6,SINUS,0.998
545,420.6,421.3,SINUS,0.997
546,421.3,422.0,SINUS,0.998
547,422.0,422.7,SINUS,0.999
548,422.7,423.4,SINUS,0.999
549,423.4,424.1,SINUS,0.999
550,424.1,424.8,SINUS,0.999
551,424.8,425.5,SINUS,0.998
552,425.5,426.2,SINUS,0.997
553,426.2,427.0,SINUS,0.998
554,427.0,427.7,SINUS,0.999
555,427.7,428.4,SINUS,0.999
556,428.4,429.1,SINUS,0.999
557,429.1,429.8,SINUS,0.999
558,429.8,430.5,SINUS,0.998
559,430.5,431.2,SINUS,0.997
560,431.2,431.9,SINUS,0.998
561,431.9,432.6,SINUS,0.999
562,432.6,433.4,SINUS,0.999
563,433.4,434.1,SINUS,0.999
564,434.1,434.8,SINUS,0.999
565,434.8,435.5,SINUS,0.998
566,435.5,436.2,SINUS,0.997
567,436.2,436.9,SINUS,0.998
568,436.9,437.6,SINUS,0.999
569,437.6,438.3,SINUS,0.999
570,438.3,439.0,SINUS,0.999
571,439.0,439.8,SINUS,0.999
572,439.8,440.5,SINUS,0.998
573,440.5,441.2,SINUS,0.997
574,441.2,441.9,SINUS,0.998
575,441.9,442.6,SINUS,0.999
576,442.6,443.3,SINUS,0.999
577,443.3,444.0,SINUS,0.999
578,444.0,444.7,SINUS,0.999
579,444.7,445.4,SINUS,0.998
580,445.4,446.2,SINUS,0.997
581,446.2,446.9,SINUS,0.998
582,446.9,447.6,SINUS,0.999
583,447.6,448.3,SINUS,0.999
584,448.3,449.0,SINUS,0.999
585,449.0,449.7,SINUS,0.999
586,449.7,450.4,SINUS,0.998
587,450.4,451.1,SINUS,0.997
588,451.1,451.8,SINUS,0.998
589,451.8,452.6,SINUS,0.999
590,452.6,453.3,SINUS,0.999
591,453.3,454.0,SINUS,0.999
592,454.0,454.7,SINUS,0.999
593,454.7,455.4,SINUS,0.998
594,455.4,456.1,SINUS,0.997
595,456.1,456.8,SINUS,0.998
596,456.8,457.5,SINUS,0.999
597,457.5,458.2,SINUS,0.999
598,458.2,459.0,SINUS,0.999
599,459.0,459.7,SINUS,0.999
600,459.7,460.4,SINUS,0.998
601,460.4,461.1,SINUS,0.997
602,461.1,461.8,SINUS,0.998
603,461.8,462.5,SINUS,0.999
604,462.5,463.2,SINUS,0.999
605,463.2,463.9,SINUS,0.999
606,463.9,464.6,SINUS,0.999
607,464.6,465.4,SINUS,0.998
608,465.4,466.1,SINUS,0.997
609,466.1,466.8,SINUS,0.998
610,466.8,467.5,SINUS,0.999
611,467.5,468.2,SINUS,0.999
612,468.2,468.9,SINUS,0.999
613,468.9,469.6,SINUS,0.999
614,469.6,470.3,SINUS,0.998
615,470.3,471.0,SINUS,0.997
616,471.0,471.8,SINUS,0.998
617,471.8,472.5,SINUS,0.999
618,472.5,473.2,SINUS,0.999
619,473.2,473.9,SINUS,0.999
620,473.9,474.6,SINUS,0.999
621,474.6,475.3,SINUS,0.998
622,475.3,476.0,SINUS,0.997
623,476.0,476.7,SINUS,0.998
624,476.7,477.4,SINUS,0.999
625,477.4,478.2,SINUS,0.999
626,478.2,478.9,SINUS,0.999
627,478.9,479.6,SINUS,0.999
628,479.6,480.3,SINUS,0.998
629,480.3,481.0,SINUS,0.997
630,481.0,481.7,SINUS,0.998
631,481.7,482.4,SINUS,0.999
632,482.4,483.1,SINUS,0.999
633,483.1,483.8,SINUS,0.999
634,483.8,484.6,SINUS,0.999
635,484.6,485.3,SINUS,0.998
636,485.3,486.0,SINUS,0.997
637,486.0,486.7,SINUS,0.998
638,486.7,487.4,SINUS,0.999
639,487.4,488.1,SINUS,0.999
640,488.1,488.8,SINUS,0.999
641,488.8,489.5,SINUS,0.999
642,489.5,490.2,SINUS,0.998
643,490.2,491.0,SINUS,0.997
644,491.0,491.7,SINUS,0.998
645,491.7,492.4,SINUS,0.999
646,492.4,493.1,SINUS,0.999
647,493.1,493.8,SINUS,0.999
648,493.8,494.5,SINUS,0.999
649,494.5,495.2,SINUS,0.998
650,495.2,495.9,SINUS,0.997
651,495.9,496.6,SINUS,0.998
652,496.6,497.4,SINUS,0.999
653,497.4,498.1,SINUS,0.999
654,498.1,498.8,SINUS,0.999
655,498.8,499.5,SINUS,0.999
656,499.5,500.2,SINUS,0.998
657,500.2,500.9,SINUS,0.997
658,500.9,501.6,SINUS,0.998
659,501.6,502.3,SINUS,0.999
660,502.3,503.0,SINUS,0.999
661,503.0,503.8,SINUS,0.999
662,503.8,504.5,SINUS,0.999
663,504.5,505.2,SINUS,0.998
664,505.2,505.9,SINUS,0.997
665,505.9,506.6,SINUS,0.998
666,506.6,507.3,SINUS,0.999
667,507.3,508.0,SINUS,0.999
668,508.0,508.7,SINUS,0.999
669,508.7,509.4,SINUS,0.999
670,509.4,510.2,SINUS,0.998
671,510.2,510.9,SINUS,0.997
672,510.9,511.6,SINUS,0.998
673,511.6,512.3,SINUS,0.999
674,512.3,513.0,SINUS,0.999
675,513.0,513.7,SINUS,0.999
676,513.7,514.4,SINUS,0.999
677,514.4,515.1,SINUS,0.998
678,515.1,515.8,SINUS,0.997
679,515.8,516.6,SINUS,0.998
680,516.6,517.3,SINUS,0.999
681,517.3,518.0,SINUS,0.999
682,518.0,518.7,SINUS,0.999
683,518.7,519.4,SINUS,0.999
684,519.4,520.1,SINUS,0.998
685,520.1,520.8,SINUS,0.997
686,520.8,521.5,SINUS,0.998
687,521.5,522.2,SINUS,0.999
688,522.2,523.0,SINUS,0.999
689,523.0,523.7,SINUS,0.999
690,523.7,524.4,SINUS,0.999
691,524.4,525.1,SINUS,0.998
692,525.1,525.8,SINUS,0.997
693,525.8,526.5,SINUS,0.998
694,526.5,527.2,SINUS,0.999
695,527.2,527.9,SINUS,0.999
696,527.9,528.6,SINUS,0.999
697,528.6,529.4,SINUS,0.999
698,529.4,530.1,SINUS,0.998
699,530.1,530.8,SINUS,0.997
700,530.8,531.5,SINUS,0.998
701,531.5,532.2,SINUS,0.999
702,532.2,532.9,SINUS,0.999
703,532.9,533.6,SINUS,0.999
704,533.6,534.3,SINUS,0.999
705,534.3,535.0,SINUS,0.998
706,535.0,535.8,SINUS,0.997
707,535.8,536.5,SINUS,0.998
708,536.5,537.2,SINUS,0.999
709,537.2,537.9,SINUS,0.999
710,537.9,538.6,SINUS,0.999
711,538.6,539.3,SINUS,0.999
712,539.3,540.0,SINUS,0.998
713,540.0,540.7,SINUS,0.997
714,540.7,541.4,SINUS,0.998
715,541.4,542.2,SINUS,0.999
716,542.2,542.9,SINUS,0.999
717,542.9,543.6,SINUS,0.999
718,543.6,544.3,SINUS,0.999
719,544.3,545.0,SINUS,0.998
720,545.0,545.7,SINUS,0.997
721,545.7,546.4,SINUS,0.998
722,546.4,547.1,SINUS,0.999
723,547.1,547.8,SINUS,0.999
724,547.8,548.6,SINUS,0.999
725,548.6,549.3,SINUS,0.999
726,549.3,550.0,SINUS,0.998
727,550.0,550.7,SINUS,0.997
728,550.7,551.4,SINUS,0.998
729,551.4,552.1,SINUS,0.999
730,552.1,552.8,SINUS,0.999
731,552.8,553.5,SINUS,0.999
732,553.5,554.2,SINUS,0.999
733,554.2,555.0,SINUS,0.998
734,555.0,555.7,SINUS,0.997
735,555.7,556.4,SINUS,0.998
736,556.4,557.1,SINUS,0.999
737,557.1,557.8,SINUS,0.999
738,557.8,558.5,SINUS,0.999
739,558.5,559.2,SINUS,0.999
740,559.2,559.9,SINUS,0.998
741,559.9,560.6,SINUS,0.997
742,560.6,561.4,SINUS,0.998
743,561.4,562.1,SINUS,0.999
744,562.1,562.8,SINUS,0.999
745,562.8,563.5,SINUS,0.999
746,563.5,564.2,SINUS,0.999
747,564.2,564.9,SINUS,0.998
748,564.9,565.6,SINUS,0.997
749,565.6,566.3,SINUS,0.998
750,566.3,567.0,SINUS,0.999
751,567.0,567.8,SINUS,0.999
752,567.8,568.5,SINUS,0.999
753,568.5,569.2,SINUS,0.999
754,569.2,569.9,SINUS,0.998
755,569.9,570.6,SINUS,0.997
756,570.6,571.3,SINUS,0.998
757,571.3,572.0,SINUS,0.999
758,572.0,572.7,SINUS,0.999
759,572.7,573.4,SINUS,0.999
760,573.4,574.2,SINUS,0.999
761,574.2,574.9,SINUS,0.998
762,574.9,575.6,SINUS,0.997
763,575.6,576.3,SINUS,0.998
764,576.3,577.0,SINUS,0.999
765,577.0,577.7,SINUS,0.999
766,577.7,578.4,SINUS,0.999
767,578.4,579.1,SINUS,0.999
768,579.1,579.8,SINUS,0.998
769,579.8,580.6,SINUS,0.997
770,580.6,581.3,SINUS,0.998
771,581.3,582.0,SINUS,0.999
772,582.0,582.7,SINUS,0.999
773,582.7,583.4,SINUS,0.999
774,583.4,584.1,SINUS,0.999
775,584.1,584.8,SINUS,0.998
776,584.8,585.5,SINUS,0.997
777,585.5,586.2,SINUS,0.998
778,586.2,587.0,SINUS,0.999
779,587.0,587.7,SINUS,0.999
780,587.7,588.4,SINUS,0.999
781,588.4,589.1,SINUS,0.999
782,589.1,589.8,SINUS,0.998
783,589.8,590.5,SINUS,0.997
784,590.5,591.2,SINUS,0.998
785,591.2,591.9,SINUS,0.999
786,591.9,592.6,SINUS,0.999
787,592.6,593.4,SINUS,0.999
788,593.4,594.1,SINUS,0.999
789,594.1,594.8,SINUS,0.998
790,594.8,595.5,SINUS,0.997
791,595.5,596.2,SINUS,0.998
792,596.2,596.9,SINUS,0.999
793,596.9,597.6,SINUS,0.999
794,597.6,598.3,SINUS,0.999
795,598.3,599.0,SINUS,0.999
796,599.0,599.8,SINUS,0.998
797,599.8,600.5,SINUS,0.997
798,600.5,601.2,SINUS,0.999
799,601.2,601.9,SINUS,0.999
800,601.9,602.6,SINUS,0.999
801,602.6,603.3,SINUS,0.999
802,603.3,604.0,SINUS,0.999
803,604.0,604.7,SINUS,0.998
804,604.7,605.4,SINUS,0.997
805,605.4,606.2,SINUS,0.999
806,606.2,606.9,SINUS,0.999
807,606.9,607.6,SINUS,0.999
808,607.6,608.3,SINUS,0.999
809,608.3,609.0,SINUS,0.999
810,609.0,609.7,SINUS,0.998
811,609.7,610.4,SINUS,0.998
812,610.4,611.1,SINUS,0.999
813,611.1,611.8,SINUS,0.999
814,611.8,612.6,SINUS,0.999
815,612.6,613.3,SINUS,0.999
816,613.3,614.0,SINUS,0.999
817,614.0,614.7,SINUS,0.998
818,614.7,615.4,SINUS,0.998
819,615.4,616.1,SINUS,0.999
820,616.1,616.8,SINUS,0.999
821,616.8,617.5,SINUS,0.999
822,617.5,618.2,SINUS,0.999
823,618.2,619.0,SINUS,0.998
824,619.0,619.7,SINUS,0.998
825,619.7,620.4,SINUS,0.998
826,620.4,621.1,SINUS,0.999
827,621.1,621.8,SINUS,0.999
828,621.8,622.5,SINUS,0.999
829,622.5,623.2,SINUS,0.999
830,623.2,623.9,SINUS,0.999
831,623.9,624.6,SINUS,0.998
832,624.6,625.4,SINUS,0.998
833,625.4,626.1,SINUS,0.999
834,626.1,626.8,SINUS,0.999
835,626.8,627.5,SINUS,0.999
836,627.5,628.2,SINUS,0.999
837,628.2,628.9,SINUS,0.999
838,628.9,629.6,SINUS,0.998
839,629.6,630.3,SINUS,0.997
840,630.3,631.0,SINUS,0.999
841,631.0,631.8,SINUS,0.999
842,631.8,632.5,SINUS,0.999
843,632.5,633.2,SINUS,0.999
844,633.2,633.9,SINUS,0.999
845,633.9,634.6,SINUS,0.998
846,634.6,635.3,SINUS,0.998
847,635.3,636.0,SINUS,0.999
848,636.0,636.7,SINUS,0.999
849,636.7,637.4,SINUS,0.999
850,637.4,638.2,SINUS,0.999
851,638.2,638.9,SINUS,0.999
852,638.9,639.6,SINUS,0.998
853,639.6,640.3,SINUS,0.997
854,640.3,641.0,SINUS,0.999
855,641.0,641.7,SINUS,0.999
856,641.7,642.4,SINUS,0.999
857,642.4,643.1,SINUS,0.999
858,643.1,643.8,SINUS,0.999
859,643.8,644.6,SINUS,0.998
860,644.6,645.3,SINUS,0.998
861,645.3,646.0,SINUS,0.999
862,646.0,646.7,SINUS,0.999
863,646.7,647.4,SINUS,0.999
864,647.4,648.1,SINUS,0.999
865,648.1,648.8,SINUS,0.999
866,648.8,649.5,SINUS,0.998
867,649.5,650.2,SINUS,0.997
868,650.2,651.0,SINUS,0.999
869,651.0,651.7,SINUS,0.999
870,651.7,652.4,SINUS,0.999
871,652.4,653.1,SINUS,0.999
872,653.1,653.8,SINUS,0.999
873,653.8,654.5,SINUS,0.998
874,654.5,655.2,SINUS,0.997
875,655.2,655.9,SINUS,0.999
876,655.9,656.6,SINUS,0.999
877,656.6,657.4,SINUS,0.999
878,657.4,658.1,SINUS,0.999
879,658.1,658.8,SINUS,0.998
880,658.8,659.5,SINUS,0.998
881,659.5,660.2,SINUS,0.997
882,660.2,660.9,SINUS,0.999
883,660.9,661.6,SINUS,0.999
884,661.6,662.3,SINUS,0.999
885,662.3,663.0,SINUS,0.999
886,663.0,663.8,SINUS,0.999
887,663.8,664.5,SINUS,0.998
888,664.5,665.2,SINUS,0.997
889,665.2,665.9,SINUS,0.998
890,665.9,666.6,SINUS,0.999
891,666.6,667.3,SINUS,0.999
892,667.3,668.0,SINUS,0.999
893,668.0,668.7,SINUS,0.999
894,668.7,669.4,SINUS,0.998
895,669.4,670.2,SINUS,0.997
896,670.2,670.9,SINUS,0.998
897,670.9,671.6,SINUS,0.999
898,671.6,672.3,SINUS,0.999
899,672.3,673.0,SINUS,0.999
900,673.0,673.7,SINUS,0.999
901,673.7,674.4,SINUS,0.998
902,674.4,675.1,SINUS,0.997
903,675.1,675.8,SINUS,0.998
904,675.8,676.6,SINUS,0.999
905,676.6,677.3,SINUS,0.999
906,677.3,678.0,SINUS,0.999
907,678.0,678.7,SINUS,0.999
908,678.7,679.4,SINUS,0.998
909,679.4,680.1,SINUS,0.997
910,680.1,680.8,SINUS,0.998
911,680.8,681.5,SINUS,0.999
912,681.5,682.2,SINUS,0.999
913,682.2,683.0,SINUS,0.999
914,683.0,683.7,SINUS,0.999
915,683.7,684.4,SINUS,0.998
916,684.4,685.1,SINUS,0.997
917,685.1,685.8,SINUS,0.998
918,685.8,686.5,SINUS,0.999
919,686.5,687.2,SINUS,0.999
920,687.2,687.9,SINUS,0.999
921,687.9,688.6,SINUS,0.999
922,688.6,689.4,SINUS,0.998
923,689.4,690.1,SINUS,0.997
924,690.1,690.8,SINUS,0.998
925,690.8,691.5,SINUS,0.999
926,691.5,692.2,SINUS,0.999
927,692.2,692.9,SINUS,0.999
928,692.9,693.6,SINUS,0.999
929,693.6,694.3,SINUS,0.998
930,694.3,695.0,SINUS,0.997
931,695.0,695.8,SINUS,0.999
932,695.8,696.5,SINUS,0.999
933,696.5,697.2,SINUS,0.999
934,697.2,697.9,SINUS,0.999
935,697.9,698.6,SINUS,0.999
936,698.6,699.3,SINUS,0.998
937,699.3,700.0,SINUS,0.998
938,700.0,700.7,SINUS,0.999
939,700.7,701.4,SINUS,0.999
940,701.4,702.2,SINUS,0.999
941,702.2,702.9,SINUS,0.999
942,702.9,703.6,SINUS,0.999
943,703.6,704.3,SINUS,0.998
944,704.3,705.0,SINUS,0.998
945,705.0,705.7,SINUS,0.999
946,705.7,706.4,SINUS,0.999
947,706.4,707.1,SINUS,0.999
948,707.1,707.8,SINUS,0.999
949,707.8,708.6,SINUS,0.999
950,708.6,709.3,SINUS,0.998
951,709.3,710.0,SINUS,0.998
952,710.0,710.7,SINUS,0.999
953,710.7,711.4,SINUS,0.999
954,711.4,712.1,SINUS,0.999
955,712.1,712.8,SINUS,0.999
956,712.8,713.5,SINUS,0.999
957,713.5,714.2,SINUS,0.998
958,714.2,715.0,SINUS,0.997
959,715.0,715.7,SINUS,0.999
960,715.7,716.4,SINUS,0.999
961,716.4,717.1,SINUS,0.999
962,717.1,717.8,SINUS,0.999
963,717.8,718.5,SINUS,0.999
964,718.5,719.2,SINUS,0.998
965,719.2,719.9,SINUS,0.997
966,719.9,720.6,SINUS,0.999
967,720.6,721.4,SINUS,0.999
968,721.4,722.1,SINUS,0.999
969,722.1,722.8,SINUS,0.999
970,722.8,723.5,SINUS,0.999
971,723.5,724.2,SINUS,0.998
972,724.2,724.9,SINUS,0.998
973,724.9,725.6,SINUS,0.999
974,725.6,726.3,SINUS,0.999
975,726.3,727.0,SINUS,0.999
976,727.0,727.8,SINUS,0.999
977,727.8,728.5,SINUS,0.998
978,728.5,729.2,SINUS,0.998
979,729.2,729.9,SINUS,0.998
980,729.9,730.6,SINUS,0.999
981,730.6,731.3,SINUS,0.999
982,731.3,732.0,SINUS,0.999
983,732.0,732.7,SINUS,0.999
984,732.7,733.4,SINUS,0.998
985,733.4,734.2,SINUS,0.998
986,734.2,734.9,SINUS,0.998
987,734.9,735.6,SINUS,0.999
988,735.6,736.3,SINUS,0.999
989,736.3,737.0,SINUS,0.999
990,737.0,737.7,SINUS,0.999
991,737.7,738.4,SINUS,0.999
992,738.4,739.1,SINUS,0.998
993,739.1,739.8,SINUS,0.998
994,739.8,740.6,SINUS,0.999
995,740.6,741.3,SINUS,0.999
996,741.3,742.0,SINUS,0.999
997,742.0,742.7,SINUS,0.999
998,742.7,743.4,SINUS,0.999
999,743.4,744.1,SINUS,0.998
1000,744.1,744.8,SINUS,0.998
1001,744.8,745.5,SINUS,0.999
1002,745.5,746.2,SINUS,0.999
1003,746.2,747.0,SINUS,0.999
1004,747.0,747.7,SINUS,0.999
1005,747.7,748.4,SINUS,0.999
1006,748.4,749.1,SINUS,0.998
1007,749.1,749.8,SINUS,0.997
1008,749.8,750.5,SINUS,0.998
1009,750.5,751.2,SINUS,0.999
1010,751.2,751.9,SINUS,0.999
1011,751.9,752.6,SINUS,0.999
1012,752.6,753.4,SINUS,0.999
1013,753.4,754.1,SINUS,0.998
1014,754.1,754.8,SINUS,0.997
1015,754.8,755.5,SINUS,0.998
1016,755.5,756.2,SINUS,0.999
1017,756.2,756.9,SINUS,0.999
1018,756.9,757.6,SINUS,0.999
1019,757.6,758.3,SINUS,0.999
1020,758.3,759.0,SINUS,0.998
1021,759.0,759.8,SINUS,0.997
1022,759.8,760.5,SINUS,0.998
1023,760.5,761.2,SINUS,0.999
1024,761.2,761.9,SINUS,0.999
1025,761.9,762.6,SINUS,0.999
1026,762.6,763.3,SINUS,0.999
1027,763.3,764.0,SINUS,0.998
1028,764.0,764.7,SINUS,0.997
1029,764.7,765.4,SINUS,0.998
1030,765.4,766.2,SINUS,0.999
1031,766.2,766.9,SINUS,0.999
1032,766.9,767.6,SINUS,0.999
1033,767.6,768.3,SINUS,0.999
1034,768.3,769.0,SINUS,0.998
1035,769.0,769.7,SINUS,0.997
1036,769.7,770.4,SINUS,0.998
1037,770.4,771.1,SINUS,0.999
1038,771.1,771.8,SINUS,0.999
1039,771.8,772.6,SINUS,0.999
1040,772.6,773.3,SINUS,0.999
1041,773.3,774.0,SINUS,0.998
1042,774.0,774.7,SINUS,0.997
1043,774.7,775.4,SINUS,0.998
1044,775.4,776.1,SINUS,0.999
1045,776.1,776.8,SINUS,0.999
1046,776.8,777.5,SINUS,0.999
1047,777.5,778.2,SINUS,0.999
1048,778.2,779.0,SINUS,0.998
1049,779.0,779.7,SINUS,0.997
1050,779.7,780.4,SINUS,0.998
1051,780.4,781.1,SINUS,0.999
1052,781.1,781.8,SINUS,0.999
1053,781.8,782.5,SINUS,0.999
1054,782.5,783.2,SINUS,0.998
1055,783.2,783.9,SINUS,0.998
1056,783.9,784.6,SINUS,0.998
1057,784.6,785.4,SINUS,0.999
1058,785.4,786.1,SINUS,0.999
1059,786.1,786.8,SINUS,0.999
1060,786.8,787.5,SINUS,0.999
1061,787.5,788.2,SINUS,0.999
1062,788.2,788.9,SINUS,0.998
1063,788.9,789.6,SINUS,0.998
1064,789.6,790.3,SINUS,0.999
1065,790.3,791.0,SINUS,0.999
1066,791.0,791.8,SINUS,0.999
1067,791.8,792.5,SINUS,0.999
1068,792.5,793.2,SINUS,0.999
1069,793.2,793.9,SINUS,0.998
1070,793.9,794.6,SINUS,0.998
1071,794.6,795.3,SINUS,0.999
1072,795.3,796.0,SINUS,0.999
1073,796.0,796.7,SINUS,0.999
1074,796.7,797.4,SINUS,0.999
1075,797.4,798.2,SINUS,0.999
1076,798.2,798.9,SINUS,0.998
1077,798.9,799.6,SINUS,0.998
1078,799.6,800.3,SINUS,0.999
1079,800.3,801.0,SINUS,0.999
1080,801.0,801.7,SINUS,0.999
1081,801.7,802.4,SINUS,0.999
1082,802.4,803.1,SINUS,0.999
1083,803.1,803.8,SINUS,0.998
1084,803.8,804.6,SINUS,0.998
1085,804.6,805.3,SINUS,0.999
1086,805.3,806.0,SINUS,0.999
1087,806.0,806.7,SINUS,0.999
1088,806.7,807.4,SINUS,0.999
1089,807.4,808.1,SINUS,0.998
1090,808.1,808.8,SINUS,0.998
1091,808.8,809.5,SINUS,0.998
1092,809.5,810.2,SINUS,0.999
1093,810.2,811.0,SINUS,0.999
1094,811.0,811.7,SINUS,0.999
1095,811.7,812.4,SINUS,0.999
1096,812.4,813.1,SINUS,0.999
1097,813.1,813.8,SINUS,0.998
1098,813.8,814.5,SINUS,0.998
1099,814.5,815.2,SINUS,0.999
1100,815.2,815.9,SINUS,0.999
1101,815.9,816.6,SINUS,0.999
1102,816.6,817.4,SINUS,0.999
1103,817.4,818.1,SINUS,0.999
1104,818.1,818.8,SINUS,0.998
1105,818.8,819.5,SINUS,0.997
1106,819.5,820.2,SINUS,0.999
1107,820.2,820.9,SINUS,0.999
1108,820.9,821.6,SINUS,0.999
1109,821.6,822.3,SINUS,0.999
1110,822.3,823.0,SINUS,0.999
1111,823.0,823.8,SINUS,0.998
1112,823.8,824.5,SINUS,0.997
1113,824.5,825.2,SINUS,0.999
1114,825.2,825.9,SINUS,0.999
1115,825.9,826.6,SINUS,0.999
1116,826.6,827.3,SINUS,0.999
1117,827.3,828.0,SINUS,0.999
1118,828.0,828.7,SINUS,0.998
1119,828.7,829.4,SINUS,0.998
1120,829.4,830.2,SINUS,0.999
1121,830.2,830.9,SINUS,0.999
1122,830.9,831.6,SINUS,0.999
1123,831.6,832.3,SINUS,0.999
1124,832.3,833.0,SINUS,0.998
1125,833.0,833.7,SINUS,0.998
1126,833.7,834.4,SINUS,0.998
1127,834.4,835.1,SINUS,0.999
1128,835.1,835.8,SINUS,0.999
1129,835.8,836.6,SINUS,0.999
1130,836.6,837.3,SINUS,0.999
1131,837.3,838.0,SINUS,0.999
1132,838.0,838.7,SINUS,0.998
1133,838.7,839.4,SINUS,0.997
1134,839.4,840.1,SINUS,0.999
1135,840.1,840.8,SINUS,0.999
1136,840.8,841.5,SINUS,0.999
1137,841.5,842.2,SINUS,0.999
1138,842.2,843.0,SINUS,0.999
1139,843.0,843.7,SINUS,0.998
1140,843.7,844.4,SINUS,0.998
1141,844.4,845.1,SINUS,0.999
1142,845.1,845.8,SINUS,0.999
1143,845.8,846.5,SINUS,0.999
1144,846.5,847.2,SINUS,0.999
1145,847.2,847.9,SINUS,0.998
1146,847.9,848.6,SINUS,0.998
1147,848.6,849.4,SINUS,0.997
1148,849.4,850.1,SINUS,0.999
1149,850.1,850.8,SINUS,0.999
1150,850.8,851.5,SINUS,0.999
1151,851.5,852.2,SINUS,0.999
1152,852.2,852.9,SINUS,0.999
1153,852.9,853.6,SINUS,0.998
1154,853.6,854.3,SINUS,0.998
1155,854.3,855.0,SINUS,0.999
1156,855.0,855.8,SINUS,0.999
1157,855.8,856.5,SINUS,0.999
1158,856.5,857.2,SINUS,0.999
1159,857.2,857.9,SINUS,0.998
1160,857.9,858.6,SINUS,0.998
1161,858.6,859.3,SINUS,0.997
1162,859.3,860.0,SINUS,0.999
1163,860.0,860.7,SINUS,0.999
1164,860.7,861.4,SINUS,0.999
1165,861.4,862.2,SINUS,0.999
1166,862.2,862.9,SINUS,0.999
1167,862.9,863.6,SINUS,0.998
1168,863.6,864.3,SINUS,0.998
1169,864.3,865.0,SINUS,0.999
1170,865.0,865.7,SINUS,0.999
1171,865.7,866.4,SINUS,0.999
1172,866.4,867.1,SINUS,0.999
1173,867.1,867.8,SINUS,0.999
1174,867.8,868.6,SINUS,0.998
1175,868.6,869.3,SINUS,0.998
1176,869.3,870.0,SINUS,0.999
1177,870.0,870.7,SINUS,0.999
1178,870.7,871.4,SINUS,0.999
1179,871.4,872.1,SINUS,0.999
1180,872.1,872.8,SINUS,0.999
1181,872.8,873.5,SINUS,0.998
1182,873.5,874.2,SINUS,0.998
1183,874.2,875.0,SINUS,0.999
1184,875.0,875.7,SINUS,0.999
1185,875.7,876.4,SINUS,0.999
1186,876.4,877.1,SINUS,0.999
1187,877.1,877.8,SINUS,0.999
1188,877.8,878.5,SINUS,0.998
1189,878.5,879.2,SINUS,0.997
1190,879.2,879.9,SINUS,0.999
1191,879.9,880.6,SINUS,0.999
1192,880.6,881.4,SINUS,0.999
1193,881.4,882.1,SINUS,0.999
1194,882.1,882.8,SINUS,0.999
1195,882.8,883.5,SINUS,0.998
1196,883.5,884.2,SINUS,0.998
1197,884.2,884.9,SINUS,0.999
1198,884.9,885.6,SINUS,0.999
1199,885.6,886.3,SINUS,0.999
1200,886.3,887.0,SINUS,0.999
1201,887.0,887.8,SINUS,0.999
1202,887.8,888.5,SINUS,0.998
1203,888.5,889.2,SINUS,0.998
1204,889.2,889.9,SINUS,0.999
1205,889.9,890.6,SINUS,0.999
1206,890.6,891.3,SINUS,0.999
1207,891.3,892.0,SINUS,0.999
1208,892.0,892.7,SINUS,0.999
1209,892.7,893.4,SINUS,0.998
1210,893.4,894.2,SINUS,0.997
1211,894.2,894.9,SINUS,0.998
1212,894.9,895.6,SINUS,0.999
1213,895.6,896.3,SINUS,0.999
1214,896.3,897.0,SINUS,0.999
1215,897.0,897.7,SINUS,0.999
1216,897.7,898.4,SINUS,0.998
1217,898.4,899.1,SINUS,0.997
1218,899.1,899.8,SINUS,0.998
1219,899.8,900.6,SINUS,0.999
1220,900.6,901.3,SINUS,0.999
1221,901.3,902.0,SINUS,0.999
1222,902.0,902.7,SINUS,0.999
1223,902.7,903.4,SINUS,0.998
1224,903.4,904.1,SINUS,0.997
1225,904.1,904.8,SINUS,0.998
1226,904.8,905.5,SINUS,0.999
1227,905.5,906.2,SINUS,0.999
1228,906.2,907.0,SINUS,0.999
1229,907.0,907.7,SINUS,0.999
1230,907.7,908.4,SINUS,0.998
1231,908.4,909.1,SINUS,0.997
1232,909.1,909.8,SINUS,0.998
1233,909.8,910.5,SINUS,0.999
1234,910.5,911.2,SINUS,0.999
1235,911.2,911.9,SINUS,0.999
1236,911.9,912.6,SINUS,0.999
1237,912.6,913.4,SINUS,0.998
1238,913.4,914.1,SINUS,0.997
1239,914.1,914.8,SINUS,0.998
1240,914.8,915.5,SINUS,0.999
1241,915.5,916.2,SINUS,0.999
1242,916.2,916.9,SINUS,0.999
1243,916.9,917.6,SINUS,0.999
1244,917.6,918.3,SINUS,0.998
1245,918.3,919.0,SINUS,0.997
1246,919.0,919.8,SINUS,0.998
1247,919.8,920.5,SINUS,0.999
1248,920.5,921.2,SINUS,0.999
1249,921.2,921.9,SINUS,0.999
1250,921.9,922.6,SINUS,0.999
1251,922.6,923.3,SINUS,0.998
1252,923.3,924.0,SINUS,0.997
1253,924.0,924.7,SINUS,0.998
1254,924.7,925.4,SINUS,0.999
1255,925.4,926.2,SINUS,0.999
1256,926.2,926.9,SINUS,0.999
1257,926.9,927.6,SINUS,0.999
1258,927.6,928.3,SINUS,0.998
1259,928.3,929.0,SINUS,0.997
1260,929.0,929.7,SINUS,0.998
1261,929.7,930.4,SINUS,0.999
1262,930.4,931.1,SINUS,0.999
1263,931.1,931.8,SINUS,0.999
1264,931.8,932.6,SINUS,0.999
1265,932.6,933.3,SINUS,0.998
1266,933.3,934.0,SINUS,0.997
1267,934.0,934.7,SINUS,0.998
1268,934.7,935.4,SINUS,0.999
1269,935.4,936.1,SINUS,0.999
1270,936.1,936.8,SINUS,0.999
1271,936.8,937.5,SINUS,0.999
1272,937.5,938.2,SINUS,0.998
1273,938.2,939.0,SINUS,0.997
1274,939.0,939.7,SINUS,0.998
1275,939.7,940.4,SINUS,0.999
1276,940.4,941.1,SINUS,0.998
1277,941.1,941.8,SINUS,0.999
1278,941.8,942.5,SINUS,0.998
1279,942.5,943.2,SINUS,0.998
1280,943.2,943.9,SINUS,0.998
1281,943.9,944.6,SINUS,0.999
1282,944.6,945.4,SINUS,0.999
1283,945.4,946.1,SINUS,0.999
1284,946.1,946.8,SINUS,0.999
1285,946.8,947.5,SINUS,0.998
1286,947.5,948.2,SINUS,0.998
1287,948.2,948.9,SINUS,0.998
1288,948.9,949.6,SINUS,0.999
1289,949.6,950.3,SINUS,0.999
1290,950.3,951.0,SINUS,0.999
1291,951.0,951.8,SINUS,0.999
1292,951.8,952.5,SINUS,0.999
1293,952.5,953.2,SINUS,0.998
1294,953.2,953.9,SINUS,0.998
1295,953.9,954.6,SINUS,0.999
1296,954.6,955.3,SINUS,0.999
1297,955.3,956.0,SINUS,0.999
1298,956.0,956.7,SINUS,0.999
1299,956.7,957.4,SINUS,0.999
1300,957.4,958.2,SINUS,0.998
1301,958.2,958.9,SINUS,0.997
1302,958.9,959.6,SINUS,0.999
1303,959.6,960.3,SINUS,0.999
1304,960.3,961.0,SINUS,0.999
1305,961.0,961.7,SINUS,0.999
1306,961.7,962.4,SINUS,0.999
1307,962.4,963.1,SINUS,0.998
1308,963.1,963.8,SINUS,0.998
1309,963.8,964.6,SINUS,0.999
1310,964.6,965.3,SINUS,0.999
1311,965.3,966.0,SINUS,0.999
1312,966.0,966.7,SINUS,0.999
1313,966.7,967.4,SINUS,0.999
1314,967.4,968.1,SINUS,0.998
1315,968.1,968.8,SINUS,0.998
1316,968.8,969.5,SINUS,0.999
1317,969.5,970.2,SINUS,0.999
1318,970.2,971.0,SINUS,0.999
1319,971.0,971.7,SINUS,0.999
1320,971.7,972.4,SINUS,0.999
1321,972.4,973.1,SINUS,0.998
1322,973.1,973.8,SINUS,0.998
1323,973.8,974.5,SINUS,0.999
1324,974.5,975.2,SINUS,0.999
1325,975.2,975.9,SINUS,0.999
1326,975.9,976.6,SINUS,0.999
1327,976.6,977.4,SINUS,0.999
1328,977.4,978.1,SINUS,0.998
1329,978.1,978.8,SINUS,0.998
1330,978.8,979.5,SINUS,0.999
1331,979.5,980.2,SINUS,0.999
1332,980.2,980.9,SINUS,0.999
1333,980.9,981.6,SINUS,0.999
1334,981.6,982.3,SINUS,0.999
1335,982.3,983.0,SINUS,0.998
1336,983.0,983.8,SINUS,0.997
1337,983.8,984.5,SINUS,0.999
1338,984.5,985.2,SINUS,0.999
1339,985.2,985.9,SINUS,0.999
1340,985.9,986.6,SINUS,0.999
1341,986.6,987.3,SINUS,0.999
1342,987.3,988.0,SINUS,0.998
1343,988.0,988.7,SINUS,0.997
1344,988.7,989.4,SINUS,0.999
1345,989.4,990.2,SINUS,0.999
1346,990.2,990.9,SINUS,0.999
1347,990.9,991.6,SINUS,0.999
1348,991.6,992.3,SINUS,0.999
1349,992.3,993.0,SINUS,0.998
1350,993.0,993.7,SINUS,0.997
1351,993.7,994.4,SINUS,0.999
1352,994.4,995.1,SINUS,0.999
1353,995.1,995.8,SINUS,0.999
1354,995.8,996.6,SINUS,0.999
1355,996.6,997.3,SINUS,0.999
1356,997.3,998.0,SINUS,0.998
1357,998.0,998.7,SINUS,0.998
1358,998.7,999.4,SINUS,0.999
1359,999.4,1000.1,SINUS,0.999
1360,1000.1,1000.8,SINUS,0.999
1361,1000.8,1001.5,SINUS,0.999
1362,1001.5,1002.2,SINUS,0.998
1363,1002.2,1003.0,SINUS,0.998
1364,1003.0,1003.7,SINUS,0.998
1365,1003.7,1004.4,SINUS,0.999
1366,1004.4,1005.1,SINUS,0.999
1367,1005.1,1005.8,SINUS,0.999
1368,1005.8,1006.5,SINUS,0.999
1369,1006.5,1007.2,SINUS,0.999
1370,1007.2,1007.9,SINUS,0.998
1371,1007.9,1008.6,SINUS,0.998
1372,1008.6,1009.4,SINUS,0.999
1373,1009.4,1010.1,SINUS,0.999
1374,1010.1,1010.8,SINUS,0.999
1375,1010.8,1011.5,SINUS,0.999
1376,1011.5,1012.2,SINUS,0.999
1377,1012.2,1012.9,SINUS,0.998
1378,1012.9,1013.6,SINUS,0.997
1379,1013.6,1014.3,SINUS,0.999
1380,1014.3,1015.0,SINUS,0.999
1381,1015.0,1015.8,SINUS,0.999
1382,1015.8,1016.5,SINUS,0.999
1383,1016.5,1017.2,SINUS,0.999
1384,1017.2,1017.9,SINUS,0.998
1385,1017.9,1018.6,SINUS,0.998
1386,1018.6,1019.3,SINUS,0.999
1387,1019.3,1020.0,SINUS,0.999
1388,1020.0,1020.7,SINUS,0.999
1389,1020.7,1021.4,SINUS,0.999
1390,1021.4,1022.2,SINUS,0.999
1391,1022.2,1022.9,SINUS,0.998
1392,1022.9,1023.6,SINUS,0.997
1393,1023.6,1024.3,SINUS,0.999
1394,1024.3,1025.0,SINUS,0.999
1395,1025.0,1025.7,SINUS,0.999
1396,1025.7,1026.4,SINUS,0.999
1397,1026.4,1027.1,SINUS,0.999
1398,1027.1,1027.8,SINUS,0.998
1399,1027.8,1028.6,SINUS,0.997
1400,1028.6,1029.3,SINUS,0.999
1401,1029.3,1030.0,SINUS,0.999
1402,1030.0,1030.7,SINUS,0.999
1403,1030.7,1031.4,SINUS,0.999
1404,1031.4,1032.1,SINUS,0.998
1405,1032.1,1032.8,SINUS,0.998
1406,1032.8,1033.5,SINUS,0.998
1407,1033.5,1034.2,SINUS,0.999
1408,1034.2,1035.0,SINUS,0.999
1409,1035.0,1035.7,SINUS,0.999
1410,1035.7,1036.4,SINUS,0.999
1411,1036.4,1037.1,SINUS,0.999
1412,1037.1,1037.8,SINUS,0.998
1413,1037.8,1038.5,SINUS,0.997
1414,1038.5,1039.2,SINUS,0.999
1415,1039.2,1039.9,SINUS,0.999
1416,1039.9,1040.6,SINUS,0.999
1417,1040.6,1041.4,SINUS,0.999
1418,1041.4,1042.1,SINUS,0.999
1419,1042.1,1042.8,SINUS,0.998
1420,1042.8,1043.5,SINUS,0.997
1421,1043.5,1044.2,SINUS,0.999
1422,1044.2,1044.9,SINUS,0.999
1423,1044.9,1045.6,SINUS,0.999
1424,1045.6,1046.3,SINUS,0.999
1425,1046.3,1047.0,SINUS,0.999
1426,1047.0,1047.8,SINUS,0.998
1427,1047.8,1048.5,SINUS,0.997
1428,1048.5,1049.2,SINUS,0.999
1429,1049.2,1049.9,SINUS,0.999
1430,1049.9,1050.6,SINUS,0.999
1431,1050.6,1051.3,SINUS,0.999
1432,1051.3,1052.0,SINUS,0.999
1433,1052.0,1052.7,SINUS,0.998
1434,1052.7,1053.4,SINUS,0.998
1435,1053.4,1054.2,SINUS,0.999
1436,1054.2,1054.9,SINUS,0.999
1437,1054.9,1055.6,SINUS,0.999
1438,1055.6,1056.3,SINUS,0.999
1439,1056.3,1057.0,SINUS,0.999
1440,1057.0,1057.7,SINUS,0.998
1441,1057.7,1058.4,SINUS,0.997
1442,1058.4,1059.1,SINUS,0.999
1443,1059.1,1059.8,SINUS,0.999
1444,1059.8,1060.6,SINUS,0.999
1445,1060.6,1061.3,SINUS,0.999
1446,1061.3,1062.0,SINUS,0.999
1447,1062.0,1062.7,SINUS,0.998
1448,1062.7,1063.4,SINUS,0.997
1449,1063.4,1064.1,SINUS,0.999
1450,1064.1,1064.8,SINUS,0.999
1451,1064.8,1065.5,SINUS,0.999
1452,1065.5,1066.2,SINUS,0.999
1453,1066.2,1067.0,SINUS,0.999
1454,1067.0,1067.7,SINUS,0.998
1455,1067.7,1068.4,SINUS,0.997
1456,1068.4,1069.1,SINUS,0.999
1457,1069.1,1069.8,SINUS,0.999
1458,1069.8,1070.5,SINUS,0.999
1459,1070.5,1071.2,SINUS,0.999
1460,1071.2,1071.9,SINUS,0.999
1461,1071.9,1072.6,SINUS,0.998
1462,1072.6,1073.4,SINUS,0.997
1463,1073.4,1074.1,SINUS,0.999
1464,1074.1,1074.8,SINUS,0.999
1465,1074.8,1075.5,SINUS,0.999
1466,1075.5,1076.2,SINUS,0.999
1467,1076.2,1076.9,SINUS,0.999
1468,1076.9,1077.6,SINUS,0.998
1469,1077.6,1078.3,SINUS,0.997
1470,1078.3,1079.0,SINUS,0.999
1471,1079.0,1079.8,SINUS,0.999
1472,1079.8,1080.5,SINUS,0.999
1473,1080.5,1081.2,SINUS,0.999
1474,1081.2,1081.9,SINUS,0.999
1475,1081.9,1082.6,SINUS,0.998
1476,1082.6,1083.3,SINUS,0.997
1477,1083.3,1084.0,SINUS,0.999
1478,1084.0,1084.7,SINUS,0.999
1479,1084.7,1085.4,SINUS,0.999
1480,1085.4,1086.2,SINUS,0.999
1481,1086.2,1086.9,SINUS,0.999
1482,1086.9,1087.6,SINUS,0.998
1483,1087.6,1088.3,SINUS,0.998
1484,1088.3,1089.0,SINUS,0.999
1485,1089.0,1089.7,SINUS,0.999
1486,1089.7,1090.4,SINUS,0.999
1487,1090.4,1091.1,SINUS,0.999
1488,1091.1,1091.8,SINUS,0.999
1489,1091.8,1092.6,SINUS,0.998
1490,1092.6,1093.3,SINUS,0.998
1491,1093.3,1094.0,SINUS,0.999
1492,1094.0,1094.7,SINUS,0.999
1493,1094.7,1095.4,SINUS,0.999
1494,1095.4,1096.1,SINUS,0.999
1495,1096.1,1096.8,SINUS,0.999
1496,1096.8,1097.5,SINUS,0.998
1497,1097.5,1098.2,SINUS,0.997
1498,1098.2,1099.0,SINUS,0.999
1499,1099.0,1099.7,SINUS,0.999
1500,1099.7,1100.4,SINUS,0.999
1501,1100.4,1101.1,SINUS,0.999
1502,1101.1,1101.8,SINUS,0.999
1503,1101.8,1102.5,SINUS,0.998
1504,1102.5,1103.2,SINUS,0.998
1505,1103.2,1103.9,SINUS,0.999
1506,1103.9,1104.6,SINUS,0.999
1507,1104.6,1105.4,SINUS,0.999
1508,1105.4,1106.1,SINUS,0.999
1509,1106.1,1106.8,SINUS,0.998
1510,1106.8,1107.5,SINUS,0.998
1511,1107.5,1108.2,SINUS,0.998
1512,1108.2,1108.9,SINUS,0.999
1513,1108.9,1109.6,SINUS,0.999
1514,1109.6,1110.3,SINUS,0.999
1515,1110.3,1111.0,SINUS,0.999
1516,1111.0,1111.8,SINUS,0.999
1517,1111.8,1112.5,SINUS,0.998
1518,1112.5,1113.2,SINUS,0.998
1519,1113.2,1113.9,SINUS,0.999
1520,1113.9,1114.6,SINUS,0.999
1521,1114.6,1115.3,SINUS,0.999
1522,1115.3,1116.0,SINUS,0.999
1523,1116.0,1116.7,SINUS,0.999
1524,1116.7,1117.4,SINUS,0.998
1525,1117.4,1118.2,SINUS,0.998
1526,1118.2,1118.9,SINUS,0.999
1527,1118.9,1119.6,SINUS,0.999
1528,1119.6,1120.3,SINUS,0.999
1529,1120.3,1121.0,SINUS,0.999
1530,1121.0,1121.7,SINUS,0.998
1531,1121.7,1122.4,SINUS,0.998
1532,1122.4,1123.1,SINUS,0.998
1533,1123.1,1123.8,SINUS,0.999
1534,1123.8,1124.6,SINUS,0.999
1535,1124.6,1125.3,SINUS,0.999
1536,1125.3,1126.0,SINUS,0.999
1537,1126.0,1126.7,SINUS,0.999
1538,1126.7,1127.4,SINUS,0.998
1539,1127.4,1128.1,SINUS,0.998
1540,1128.1,1128.8,SINUS,0.999
1541,1128.8,1129.5,SINUS,0.999
1542,1129.5,1130.2,SINUS,0.999
1543,1130.2,1131.0,SINUS,0.999
1544,1131.0,1131.7,SINUS,0.999
1545,1131.7,1132.4,SINUS,0.998
1546,1132.4,1133.1,SINUS,0.997
1547,1133.1,1133.8,SINUS,0.999
1548,1133.8,1134.5,SINUS,0.999
1549,1134.5,1135.2,SINUS,0.999
1550,1135.2,1135.9,SINUS,0.999
1551,1135.9,1136.6,SINUS,0.999
1552,1136.6,1137.4,SINUS,0.998
1553,1137.4,1138.1,SINUS,0.997
1554,1138.1,1138.8,SINUS,0.999
1555,1138.8,1139.5,SINUS,0.999
1556,1139.5,1140.2,SINUS,0.999
1557,1140.2,1140.9,SINUS,0.999
1558,1140.9,1141.6,SINUS,0.998
1559,1141.6,1142.3,SINUS,0.998
1560,1142.3,1143.0,SINUS,0.997
1561,1143.0,1143.8,SINUS,0.999
1562,1143.8,1144.5,SINUS,0.999
1563,1144.5,1145.2,SINUS,0.999
1564,1145.2,1145.9,SINUS,0.999
1565,1145.9,1146.6,SINUS,0.999
1566,1146.6,1147.3,SINUS,0.998
1567,1147.3,1148.0,SINUS,0.998
1568,1148.0,1148.7,SINUS,0.999
1569,1148.7,1149.4,SINUS,0.999
1570,1149.4,1150.2,SINUS,0.999
1571,1150.2,1150.9,SINUS,0.999
1572,1150.9,1151.6,SINUS,0.998
1573,1151.6,1152.3,SINUS,0.998
1574,1152.3,1153.0,SINUS,0.997
1575,1153.0,1153.7,SINUS,0.999
1576,1153.7,1154.4,SINUS,0.999
1577,1154.4,1155.1,SINUS,0.999
1578,1155.1,1155.8,SINUS,0.999
1579,1155.8,1156.6,SINUS,0.999
1580,1156.6,1157.3,SINUS,0.998
1581,1157.3,1158.0,SINUS,0.998
1582,1158.0,1158.7,SINUS,0.999
1583,1158.7,1159.4,SINUS,0.999
1584,1159.4,1160.1,SINUS,0.999
1585,1160.1,1160.8,SINUS,0.999
1586,1160.8,1161.5,SINUS,0.999
1587,1161.5,1162.2,SINUS,0.998
1588,1162.2,1163.0,SINUS,0.997
1589,1163.0,1163.7,SINUS,0.999
1590,1163.7,1164.4,SINUS,0.999
1591,1164.4,1165.1,SINUS,0.999
1592,1165.1,1165.8,SINUS,0.999
1593,1165.8,1166.5,SINUS,0.999
1594,1166.5,1167.2,SINUS,0.998
1595,1167.2,1167.9,SINUS,0.998
1596,1167.9,1168.6,SINUS,0.999
1597,1168.6,1169.4,SINUS,0.999
1598,1169.4,1170.1,SINUS,0.999
1599,1170.1,1170.8,SINUS,0.999
1600,1170.8,1171.5,SINUS,0.999
1601,1171.5,1172.2,SINUS,0.998
1602,1172.2,1172.9,SINUS,0.998
1603,1172.9,1173.6,SINUS,0.999
1604,1173.6,1174.3,SINUS,0.999
1605,1174.3,1175.0,SINUS,0.999
1606,1175.0,1175.8,SINUS,0.999
1607,1175.8,1176.5,SINUS,0.999
1608,1176.5,1177.2,SINUS,0.998
1609,1177.2,1177.9,SINUS,0.998
1610,1177.9,1178.6,SINUS,0.999
1611,1178.6,1179.3,SINUS,0.999
1612,1179.3,1180.0,SINUS,0.999
1613,1180.0,1180.7,SINUS,0.999
1614,1180.7,1181.4,SINUS,0.999
1615,1181.4,1182.2,SINUS,0.998
1616,1182.2,1182.9,SINUS,0.997
1617,1182.9,1183.6,SINUS,0.999
1618,1183.6,1184.3,SINUS,0.999
1619,1184.3,1185.0,SINUS,0.999
1620,1185.0,1185.7,SINUS,0.999
1621,1185.7,1186.4,SINUS,0.999
1622,1186.4,1187.1,SINUS,0.998
1623,1187.1,1187.8,SINUS,0.998
1624,1187.8,1188.6,SINUS,0.999
1625,1188.6,1189.3,SINUS,0.999
1626,1189.3,1190.0,SINUS,0.999
1627,1190.0,1190.7,SINUS,0.999
1628,1190.7,1191.4,SINUS,0.999
1629,1191.4,1192.1,SINUS,0.998
1630,1192.1,1192.8,SINUS,0.998
1631,1192.8,1193.5,SINUS,0.999
1632,1193.5,1194.2,SINUS,0.999
1633,1194.2,1195.0,SINUS,0.999
1634,1195.0,1195.7,SINUS,0.999
1635,1195.7,1196.4,SINUS,0.999
1636,1196.4,1197.1,SINUS,0.998
1637,1197.1,1197.8,SINUS,0.998
1638,1197.8,1198.5,SINUS,0.999
1639,1198.5,1199.2,SINUS,0.999
1640,1199.2,1199.9,SINUS,0.999
1641,1199.9,1200.6,SINUS,0.999
1642,1200.6,1201.4,SINUS,0.999
1643,1201.4,1202.1,SINUS,0.998
1644,1202.1,1202.8,SINUS,0.998
1645,1202.8,1203.5,SINUS,0.999
1646,1203.5,1204.2,SINUS,0.999
1647,1204.2,1204.9,SINUS,0.999
1648,1204.9,1205.6,SINUS,0.999
1649,1205.6,1206.3,SINUS,0.999
1650,1206.3,1207.0,SINUS,0.998
1651,1207.0,1207.8,SINUS,0.998
1652,1207.8,1208.5,SINUS,0.999
1653,1208.5,1209.2,SINUS,0.999
1654,1209.2,1209.9,SINUS,0.999
1655,1209.9,1210.6,SINUS,0.999
1656,1210.6,1211.3,SINUS,0.999
1657,1211.3,1212.0,SINUS,0.998
1658,1212.0,1212.7,SINUS,0.998
1659,1212.7,1213.4,SINUS,0.999
1660,1213.4,1214.2,SINUS,0.999
1661,1214.2,1214.9,SINUS,0.999
1662,1214.9,1215.6,SINUS,0.999
1663,1215.6,1216.3,SINUS,0.999
1664,1216.3,1217.0,SINUS,0.998
1665,1217.0,1217.7,SINUS,0.998
1666,1217.7,1218.4,SINUS,0.999
1667,1218.4,1219.1,SINUS,0.999
1668,1219.1,1219.8,SINUS,0.999
1669,1219.8,1220.6,SINUS,0.999
1670,1220.6,1221.3,SINUS,0.999
1671,1221.3,1222.0,SINUS,0.998
1672,1222.0,1222.7,SINUS,0.997
1673,1222.7,1223.4,SINUS,0.999
1674,1223.4,1224.1,SINUS,0.999
1675,1224.1,1224.8,SINUS,0.999
1676,1224.8,1225.5,SINUS,0.999
1677,1225.5,1226.2,SINUS,0.999
1678,1226.2,1227.0,SINUS,0.998
1679,1227.0,1227.7,SINUS,0.997
1680,1227.7,1228.4,SINUS,0.999
1681,1228.4,1229.1,SINUS,0.999
1682,1229.1,1229.8,SINUS,0.999
1683,1229.8,1230.5,SINUS,0.999
1684,1230.5,1231.2,SINUS,0.999
1685,1231.2,1231.9,SINUS,0.998
1686,1231.9,1232.6,SINUS,0.997
1687,1232.6,1233.4,SINUS,0.999
1688,1233.4,1234.1,SINUS,0.999
1689,1234.1,1234.8,SINUS,0.999
1690,1234.8,1235.5,SINUS,0.999
1691,1235.5,1236.2,SINUS,0.998
1692,1236.2,1236.9,SINUS,0.998
1693,1236.9,1237.6,SINUS,0.998
1694,1237.6,1238.3,SINUS,0.999
1695,1238.3,1239.0,SINUS,0.999
1696,1239.0,1239.8,SINUS,0.999
1697,1239.8,1240.5,SINUS,0.999
1698,1240.5,1241.2,SINUS,0.999
1699,1241.2,1241.9,SINUS,0.998
1700,1241.9,1242.6,SINUS,0.998
1701,1242.6,1243.3,SINUS,0.998
1702,1243.3,1244.0,SINUS,0.999
1703,1244.0,1244.7,SINUS,0.999
1704,1244.7,1245.4,SINUS,0.999
1705,1245.4,1246.2,SINUS,0.999
1706,1246.2,1246.9,SINUS,0.998
1707,1246.9,1247.6,SINUS,0.997
1708,1247.6,1248.3,SINUS,0.998
1709,1248.3,1249.0,SINUS,0.999
1710,1249.0,1249.7,SINUS,0.999
1711,1249.7,1250.4,SINUS,0.999
1712,1250.4,1251.1,SINUS,0.999
1713,1251.1,1251.8,SINUS,0.998
1714,1251.8,1252.6,SINUS,0.997
1715,1252.6,1253.3,SINUS,0.998
1716,1253.3,1254.0,SINUS,0.999
1717,1254.0,1254.7,SINUS,0.999
1718,1254.7,1255.4,SINUS,0.999
1719,1255.4,1256.1,SINUS,0.999
1720,1256.1,1256.8,SINUS,0.998
1721,1256.8,1257.5,SINUS,0.997
1722,1257.5,1258.2,SINUS,0.998
1723,1258.2,1259.0,SINUS,0.999
1724,1259.0,1259.7,SINUS,0.999
1725,1259.7,1260.4,SINUS,0.999
1726,1260.4,1261.1,SINUS,0.999
1727,1261.1,1261.8,SINUS,0.998
1728,1261.8,1262.5,SINUS,0.997
1729,1262.5,1263.2,SINUS,0.998
1730,1263.2,1263.9,SINUS,0.999
1731,1263.9,1264.6,SINUS,0.999
1732,1264.6,1265.4,SINUS,0.999
1733,1265.4,1266.1,SINUS,0.999
1734,1266.1,1266.8,SINUS,0.998
1735,1266.8,1267.5,SINUS,0.997
1736,1267.5,1268.2,SINUS,0.998
1737,1268.2,1268.9,SINUS,0.999
1738,1268.9,1269.6,SINUS,0.999
1739,1269.6,1270.3,SINUS,0.999
1740,1270.3,1271.0,SINUS,0.999
1741,1271.0,1271.8,SINUS,0.998
1742,1271.8,1272.5,SINUS,0.997
1743,1272.5,1273.2,SINUS,0.998
1744,1273.2,1273.9,SINUS,0.999
1745,1273.9,1274.6,SINUS,0.999
1746,1274.6,1275.3,SINUS,0.999
1747,1275.3,1276.0,SINUS,0.999
1748,1276.0,1276.7,SINUS,0.998
1749,1276.7,1277.4,SINUS,0.997
1750,1277.4,1278.2,SINUS,0.998
1751,1278.2,1278.9,SINUS,0.999
1752,1278.9,1279.6,SINUS,0.999
1753,1279.6,1280.3,SINUS,0.999
1754,1280.3,1281.0,SINUS,0.999
1755,1281.0,1281.7,SINUS,0.998
1756,1281.7,1282.4,SINUS,0.997
1757,1282.4,1283.1,SINUS,0.998
1758,1283.1,1283.8,SINUS,0.999
1759,1283.8,1284.6,SINUS,0.999
1760,1284.6,1285.3,SINUS,0.999
1761,1285.3,1286.0,SINUS,0.999
1762,1286.0,1286.7,SINUS,0.998
1763,1286.7,1287.4,SINUS,0.997
1764,1287.4,1288.1,SINUS,0.998
1765,1288.1,1288.8,SINUS,0.999
1766,1288.8,1289.5,SINUS,0.999
1767,1289.5,1290.2,SINUS,0.999
1768,1290.2,1291.0,SINUS,0.999
1769,1291.0,1291.7,SINUS,0.998
1770,1291.7,1292.4,SINUS,0.997
1771,1292.4,1293.1,SINUS,0.998
1772,1293.1,1293.8,SINUS,0.999
1773,1293.8,1294.5,SINUS,0.999
1774,1294.5,1295.2,SINUS,0.999
1775,1295.2,1295.9,SINUS,0.999
1776,1295.9,1296.6,SINUS,0.998
1777,1296.6,1297.4,SINUS,0.997
1778,1297.4,1298.1,SINUS,0.998
1779,1298.1,1298.8,SINUS,0.999
1780,1298.8,1299.5,SINUS,0.999
1781,1299.5,1300.2,SINUS,0.999
1782,1300.2,1300.9,SINUS,0.999
1783,1300.9,1301.6,SINUS,0.998
1784,1301.6,1302.3,SINUS,0.997
1785,1302.3,1303.0,SINUS,0.998
1786,1303.0,1303.8,SINUS,0.999
1787,1303.8,1304.5,SINUS,0.999
1788,1304.5,1305.2,SINUS,0.999
1789,1305.2,1305.9,SINUS,0.999
1790,1305.9,1306.6,SINUS,0.998
1791,1306.6,1307.3,SINUS,0.997
1792,1307.3,1308.0,SINUS,0.998
1793,1308.0,1308.7,SINUS,0.999
1794,1308.7,1309.4,SINUS,0.999
1795,1309.4,1310.2,SINUS,0.999
1796,1310.2,1310.9,SINUS,0.999
1797,1310.9,1311.6,SINUS,0.998
1798,1311.6,1312.3,SINUS,0.997
1799,1312.3,1313.0,SINUS,0.998
1800,1313.0,1313.7,SINUS,0.999
1801,1313.7,1314.4,SINUS,0.999
1802,1314.4,1315.1,SINUS,0.999
1803,1315.1,1315.8,SINUS,0.999
1804,1315.8,1316.6,SINUS,0.998
1805,1316.6,1317.3,SINUS,0.997
1806,1317.3,1318.0,SINUS,0.998
1807,1318.0,1318.7,SINUS,0.999
1808,1318.7,1319.4,SINUS,0.999
1809,1319.4,1320.1,SINUS,0.999
1810,1320.1,1320.8,SINUS,0.999
1811,1320.8,1321.5,SINUS,0.998
1812,1321.5,1322.2,SINUS,0.997
1813,1322.2,1323.0,SINUS,0.998
1814,1323.0,1323.7,SINUS,0.999
1815,1323.7,1324.4,SINUS,0.999
1816,1324.4,1325.1,SINUS,0.999
1817,1325.1,1325.8,SINUS,0.999
1818,1325.8,1326.5,SINUS,0.998
1819,1326.5,1327.2,SINUS,0.997
1820,1327.2,1327.9,SINUS,0.998
1821,1327.9,1328.6,SINUS,0.999
1822,1328.6,1329.4,SINUS,0.999
1823,1329.4,1330.1,SINUS,0.999
1824,1330.1,1330.8,SINUS,0.999
1825,1330.8,1331.5,SINUS,0.998
1826,1331.5,1332.2,SINUS,0.997
1827,1332.2,1332.9,SINUS,0.998
1828,1332.9,1333.6,SINUS,0.999
1829,1333.6,1334.3,SINUS,0.999
1830,1334.3,1335.0,SINUS,0.999
1831,1335.0,1335.8,SINUS,0.999
1832,1335.8,1336.5,SINUS,0.998
1833,1336.5,1337.2,SINUS,0.997
1834,1337.2,1337.9,SINUS,0.998
1835,1337.9,1338.6,SINUS,0.999
1836,1338.6,1339.3,SINUS,0.999
1837,1339.3,1340.0,SINUS,0.999
1838,1340.0,1340.7,SINUS,0.999
1839,1340.7,1341.4,SINUS,0.998
1840,1341.4,1342.2,SINUS,0.997
1841,1342.2,1342.9,SINUS,0.998
1842,1342.9,1343.6,SINUS,0.999
1843,1343.6,1344.3,SINUS,0.999
1844,1344.3,1345.0,SINUS,0.999
1845,1345.0,1345.7,SINUS,0.999
1846,1345.7,1346.4,SINUS,0.998
1847,1346.4,1347.1,SINUS,0.997
1848,1347.1,1347.8,SINUS,0.998
1849,1347.8,1348.6,SINUS,0.999
1850,1348.6,1349.3,SINUS,0.999
1851,1349.3,1350.0,SINUS,0.999
1852,1350.0,1350.7,SINUS,0.999
1853,1350.7,1351.4,SINUS,0.998
1854,1351.4,1352.1,SINUS,0.997
1855,1352.1,1352.8,SINUS,0.998
1856,1352.8,1353.5,SINUS,0.999
1857,1353.5,1354.2,SINUS,0.999
1858,1354.2,1355.0,SINUS,0.999
1859,1355.0,1355.7,SINUS,0.999
1860,1355.7,1356.4,SINUS,0.998
1861,1356.4,1357.1,SINUS,0.997
1862,1357.1,1357.8,SINUS,0.998
1863,1357.8,1358.5,SINUS,0.999
1864,1358.5,1359.2,SINUS,0.999
1865,1359.2,1359.9,SINUS,0.999
1866,1359.9,1360.6,SINUS,0.999
1867,1360.6,1361.4,SINUS,0.998
1868,1361.4,1362.1,SINUS,0.997
1869,1362.1,1362.8,SINUS,0.998
1870,1362.8,1363.5,SINUS,0.999
1871,1363.5,1364.2,SINUS,0.999
1872,1364.2,1364.9,SINUS,0.999
1873,1364.9,1365.6,SINUS,0.999
1874,1365.6,1366.3,SINUS,0.998
1875,1366.3,1367.0,SINUS,0.997
1876,1367.0,1367.8,SINUS,0.998
1877,1367.8,1368.5,SINUS,0.999
1878,1368.5,1369.2,SINUS,0.999
1879,1369.2,1369.9,SINUS,0.999
1880,1369.9,1370.6,SINUS,0.999
1881,1370.6,1371.3,SINUS,0.998
1882,1371.3,1372.0,SINUS,0.997
1883,1372.0,1372.7,SINUS,0.998
1884,1372.7,1373.4,SINUS,0.999
1885,1373.4,1374.2,SINUS,0.999
1886,1374.2,1374.9,SINUS,0.999
1887,1374.9,1375.6,SINUS,0.999
1888,1375.6,1376.3,SINUS,0.998
1889,1376.3,1377.0,SINUS,0.997
1890,1377.0,1377.7,SINUS,0.998
1891,1377.7,1378.4,SINUS,0.999
1892,1378.4,1379.1,SINUS,0.999
1893,1379.1,1379.8,SINUS,0.999
1894,1379.8,1380.6,SINUS,0.999
1895,1380.6,1381.3,SINUS,0.998
1896,1381.3,1382.0,SINUS,0.997
1897,1382.0,1382.7,SINUS,0.998
1898,1382.7,1383.4,SINUS,0.999
1899,1383.4,1384.1,SINUS,0.999
1900,1384.1,1384.8,SINUS,0.999
1901,1384.8,1385.5,SINUS,0.999
1902,1385.5,1386.2,SINUS,0.998
1903,1386.2,1387.0,SINUS,0.997
1904,1387.0,1387.7,SINUS,0.998
1905,1387.7,1388.4,SINUS,0.999
1906,1388.4,1389.1,SINUS,0.999
1907,1389.1,1389.8,SINUS,0.999
1908,1389.8,1390.5,SINUS,0.999
1909,1390.5,1391.2,SINUS,0.998
1910,1391.2,1391.9,SINUS,0.997
1911,1391.9,1392.6,SINUS,0.998
1912,1392.6,1393.4,SINUS,0.999
1913,1393.4,1394.1,SINUS,0.999
1914,1394.1,1394.8,SINUS,0.999
1915,1394.8,1395.5,SINUS,0.999
1916,1395.5,1396.2,SINUS,0.998
1917,1396.2,1396.9,SINUS,0.997
1918,1396.9,1397.6,SINUS,0.998
1919,1397.6,1398.3,SINUS,0.999
1920,1398.3,1399.0,SINUS,0.999
1921,1399.0,1399.8,SINUS,0.999
1922,1399.8,1400.5,SINUS,0.999
1923,1400.5,1401.2,SINUS,0.998
1924,1401.2,1401.9,SINUS,0.997
1925,1401.9,1402.6,SINUS,0.998
1926,1402.6,1403.3,SINUS,0.999
1927,1403.3,1404.0,SINUS,0.999
1928,1404.0,1404.7,SINUS,0.999
1929,1404.7,1405.4,SINUS,0.999
1930,1405.4,1406.2,SINUS,0.998
1931,1406.2,1406.9,SINUS,0.997
1932,1406.9,1407.6,SINUS,0.998
1933,1407.6,1408.3,SINUS,0.999
1934,1408.3,1409.0,SINUS,0.999
1935,1409.0,1409.7,SINUS,0.999
1936,1409.7,1410.4,SINUS,0.999
1937,1410.4,1411.1,SINUS,0.998
1938,1411.1,1411.8,SINUS,0.997
1939,1411.8,1412.6,SINUS,0.998
1940,1412.6,1413.3,SINUS,0.999
1941,1413.3,1414.0,SINUS,0.999
1942,1414.0,1414.7,SINUS,0.999
1943,1414.7,1415.4,SINUS,0.999
1944,1415.4,1416.1,SINUS,0.998
1945,1416.1,1416.8,SINUS,0.997
1946,1416.8,1417.5,SINUS,0.998
1947,1417.5,1418.2,SINUS,0.999
1948,1418.2,1419.0,SINUS,0.999
1949,1419.0,1419.7,SINUS,0.999
1950,1419.7,1420.4,SINUS,0.999
1951,1420.4,1421.1,SINUS,0.998
1952,1421.1,1421.8,SINUS,0.997
1953,1421.8,1422.5,SINUS,0.998
1954,1422.5,1423.2,SINUS,0.999
1955,1423.2,1423.9,SINUS,0.999
1956,1423.9,1424.6,SINUS,0.999
1957,1424.6,1425.4,SINUS,0.999
1958,1425.4,1426.1,SINUS,0.998
1959,1426.1,1426.8,SINUS,0.997
1960,1426.8,1427.5,SINUS,0.998
1961,1427.5,1428.2,SINUS,0.999
1962,1428.2,1428.9,SINUS,0.999
1963,1428.9,1429.6,SINUS,0.999
1964,1429.6,1430.3,SINUS,0.999
1965,1430.3,1431.0,SINUS,0.998
1966,1431.0,1431.8,SINUS,0.997
1967,1431.8,1432.5,SINUS,0.998
1968,1432.5,1433.2,SINUS,0.999
1969,1433.2,1433.9,SINUS,0.999
1970,1433.9,1434.6,SINUS,0.999
1971,1434.6,1435.3,SINUS,0.999
1972,1435.3,1436.0,SINUS,0.998
1973,1436.0,1436.7,SINUS,0.997
1974,1436.7,1437.4,SINUS,0.998
1975,1437.4,1438.2,SINUS,0.999
1976,1438.2,1438.9,SINUS,0.999
1977,1438.9,1439.6,SINUS,0.999
1978,1439.6,1440.3,SINUS,0.999
1979,1440.3,1441.0,SINUS,0.998
1980,1441.0,1441.7,SINUS,0.997
1981,1441.7,1442.4,SINUS,0.998
1982,1442.4,1443.1,SINUS,0.999
1983,1443.1,1443.8,SINUS,0.999
1984,1443.8,1444.6,SINUS,0.999
1985,1444.6,1445.3,SINUS,0.999
1986,1445.3,1446.0,SINUS,0.998
1987,1446.0,1446.7,SINUS,0.997
1988,1446.7,1447.4,SINUS,0.998
1989,1447.4,1448.1,SINUS,0.999
1990,1448.1,1448.8,SINUS,0.999
1991,1448.8,1449.5,SINUS,0.999
1992,1449.5,1450.2,SINUS,0.998
1993,1450.2,1451.0,SINUS,0.997
1994,1451.0,1451.7,SINUS,0.996
1995,1451.7,1452.4,SINUS,0.999
1996,1452.4,1453.1,SINUS,0.999
1997,1453.1,1453.8,SINUS,0.999
1998,1453.8,1454.5,SINUS,0.999
1999,1454.5,1455.2,SINUS,0.999
2000,1455.2,1455.9,SINUS,0.998
2001,1455.9,1456.6,SINUS,0.996
2002,1456.6,1457.4,SINUS,0.999
2003,1457.4,1458.1,SINUS,0.999
2004,1458.1,1458.8,SINUS,0.999
2005,1458.8,1459.5,SINUS,0.999
2006,1459.5,1460.2,SINUS,0.999
2007,1460.2,1460.9,SINUS,0.999
2008,1460.9,1461.6,SINUS,0.998
2009,1461.6,1462.3,SINUS,0.999
2010,1462.3,1463.0,SINUS,0.999
2011,1463.0,1463.8,SINUS,0.999
2012,1463.8,1464.5,SINUS,0.999
2013,1464.5,1465.2,SINUS,0.999
2014,1465.2,1465.9,SINUS,0.999
2015,1465.9,1466.6,SINUS,0.997
2016,1466.6,1467.3,SINUS,0.999
2017,1467.3,1468.0,SINUS,0.999
2018,1468.0,1468.7,SINUS,0.999
2019,1468.7,1469.4,SINUS,0.999
2020,1469.4,1470.2,SINUS,0.999
2021,1470.2,1470.9,SINUS,0.998
2022,1470.9,1471.6,SINUS,0.998
2023,1471.6,1472.3,SINUS,0.998
2024,1472.3,1473.0,SINUS,0.999
2025,1473.0,1473.7,SINUS,0.999
2026,1473.7,1474.4,SINUS,0.999
2027,1474.4,1475.1,SINUS,0.998
2028,1475.1,1475.8,SINUS,0.998
2029,1475.8,1476.6,SINUS,0.995
2030,1476.6,1477.3,SINUS,0.998
2031,1477.3,1478.0,SINUS,0.999
2032,1478.0,1478.7,SINUS,0.999
2033,1478.7,1479.4,SINUS,0.999
2034,1479.4,1480.1,SINUS,0.999
2035,1480.1,1480.8,SINUS,0.999
2036,1480.8,1481.5,SINUS,0.998
2037,1481.5,1482.2,SINUS,0.998
2038,1482.2,1483.0,SINUS,0.999
2039,1483.0,1483.7,SINUS,0.999
2040,1483.7,1484.4,SINUS,0.999
2041,1484.4,1485.1,SINUS,0.999
2042,1485.1,1485.8,SINUS,0.998
2043,1485.8,1486.5,SINUS,0.996
2044,1486.5,1487.2,SINUS,0.998
2045,1487.2,1487.9,SINUS,0.999
2046,1487.9,1488.6,SINUS,0.999
2047,1488.6,1489.4,SINUS,0.999
2048,1489.4,1490.1,SINUS,0.999
2049,1490.1,1490.8,SINUS,0.998
2050,1490.8,1491.5,SINUS,0.997
2051,1491.5,1492.2,SINUS,0.999
2052,1492.2,1492.9,SINUS,0.999
2053,1492.9,1493.6,SINUS,0.999
2054,1493.6,1494.3,SINUS,0.999
2055,1494.3,1495.0,SINUS,0.998
2056,1495.0,1495.8,SINUS,0.998
2057,1495.8,1496.5,SINUS,0.996
2058,1496.5,1497.2,SINUS,0.999
2059,1497.2,1497.9,SINUS,0.999
2060,1497.9,1498.6,SINUS,0.999
2061,1498.6,1499.3,SINUS,0.999
2062,1499.3,1500.0,SINUS,0.999
2063,1500.0,1500.7,SINUS,0.998
2064,1500.7,1501.4,SINUS,0.997
2065,1501.4,1502.2,SINUS,0.999
2066,1502.2,1502.9,SINUS,0.999
2067,1502.9,1503.6,SINUS,0.999
2068,1503.6,1504.3,SINUS,0.999
2069,1504.3,1505.0,SINUS,0.999
2070,1505.0,1505.7,SINUS,0.998
2071,1505.7,1506.4,SINUS,0.997
2072,1506.4,1507.1,SINUS,0.996
2073,1507.1,1507.8,SINUS,0.999
2074,1507.8,1508.6,SINUS,0.999
2075,1508.6,1509.3,SINUS,0.999
2076,1509.3,1510.0,SINUS,0.998
2077,1510.0,1510.7,SINUS,0.998
2078,1510.7,1511.4,SINUS,0.997
2079,1511.4,1512.1,SINUS,0.999
2080,1512.1,1512.8,SINUS,0.999
2081,1512.8,1513.5,SINUS,0.999
2082,1513.5,1514.2,SINUS,0.999
2083,1514.2,1515.0,SINUS,0.999
2084,1515.0,1515.7,SINUS,0.999
2085,1515.7,1516.4,SINUS,0.998
2086,1516.4,1517.1,SINUS,0.999
2087,1517.1,1517.8,SINUS,0.999
2088,1517.8,1518.5,SINUS,0.999
2089,1518.5,1519.2,SINUS,0.999
2090,1519.2,1519.9,SINUS,0.999
2091,1519.9,1520.6,SINUS,0.998
2092,1520.6,1521.4,SINUS,0.997
2093,1521.4,1522.1,SINUS,0.999
2094,1522.1,1522.8,SINUS,0.999
2095,1522.8,1523.5,SINUS,0.999
2096,1523.5,1524.2,SINUS,0.999
2097,1524.2,1524.9,SINUS,0.999
2098,1524.9,1525.6,SINUS,0.999
2099,1525.6,1526.3,SINUS,0.998
2100,1526.3,1527.0,SINUS,0.999
2101,1527.0,1527.8,SINUS,0.999
2102,1527.8,1528.5,SINUS,0.999
2103,1528.5,1529.2,SINUS,0.999
2104,1529.2,1529.9,SINUS,0.999
2105,1529.9,1530.6,SINUS,0.999
2106,1530.6,1531.3,SINUS,0.998
2107,1531.3,1532.0,SINUS,0.999
2108,1532.0,1532.7,SINUS,0.999
2109,1532.7,1533.4,SINUS,0.999
2110,1533.4,1534.2,SINUS,0.999
2111,1534.2,1534.9,SINUS,0.999
2112,1534.9,1535.6,SINUS,0.998
2113,1535.6,1536.3,SINUS,0.998
2114,1536.3,1537.0,SINUS,0.999
2115,1537.0,1537.7,SINUS,0.999
2116,1537.7,1538.4,SINUS,0.999
2117,1538.4,1539.1,SINUS,0.999
2118,1539.1,1539.8,SINUS,0.999
2119,1539.8,1540.6,SINUS,0.998
2120,1540.6,1541.3,SINUS,0.997
2121,1541.3,1542.0,SINUS,0.999
2122,1542.0,1542.7,SINUS,0.999
2123,1542.7,1543.4,SINUS,0.999
2124,1543.4,1544.1,SINUS,0.999
2125,1544.1,1544.8,SINUS,0.999
2126,1544.8,1545.5,SINUS,0.998
2127,1545.5,1546.2,SINUS,0.998
2128,1546.2,1547.0,SINUS,0.999
2129,1547.0,1547.7,SINUS,0.999
2130,1547.7,1548.4,SINUS,0.999
2131,1548.4,1549.1,SINUS,0.999
2132,1549.1,1549.8,SINUS,0.999
2133,1549.8,1550.5,SINUS,0.999
2134,1550.5,1551.2,SINUS,0.998
2135,1551.2,1551.9,SINUS,0.999
2136,1551.9,1552.6,SINUS,0.999
2137,1552.6,1553.4,SINUS,0.999
2138,1553.4,1554.1,SINUS,0.999
2139,1554.1,1554.8,SINUS,0.999
2140,1554.8,1555.5,SINUS,0.998
2141,1555.5,1556.2,SINUS,0.997
2142,1556.2,1556.9,SINUS,0.999
2143,1556.9,1557.6,SINUS,0.999
2144,1557.6,1558.3,SINUS,0.999
2145,1558.3,1559.0,SINUS,0.999
2146,1559.0,1559.8,SINUS,0.998
2147,1559.8,1560.5,SINUS,0.998
2148,1560.5,1561.2,SINUS,0.997
2149,1561.2,1561.9,SINUS,0.998
2150,1561.9,1562.6,SINUS,0.998
2151,1562.6,1563.3,SINUS,0.998
2152,1563.3,1564.0,SINUS,0.998
2153,1564.0,1564.7,SINUS,0.998
2154,1564.7,1565.4,SINUS,0.998
2155,1565.4,1566.2,SINUS,0.997
2156,1566.2,1566.9,SINUS,0.999
2157,1566.9,1567.6,SINUS,0.999
2158,1567.6,1568.3,SINUS,0.999
2159,1568.3,1569.0,SINUS,0.999
2160,1569.0,1569.7,SINUS,0.999
2161,1569.7,1570.4,SINUS,0.999
2162,1570.4,1571.1,SINUS,0.998
2163,1571.1,1571.8,SINUS,0.999
2164,1571.8,1572.6,SINUS,0.999
2165,1572.6,1573.3,SINUS,0.999
2166,1573.3,1574.0,SINUS,0.999
2167,1574.0,1574.7,SINUS,0.999
2168,1574.7,1575.4,SINUS,0.999
2169,1575.4,1576.1,SINUS,0.998
2170,1576.1,1576.8,SINUS,0.999
2171,1576.8,1577.5,SINUS,0.999
2172,1577.5,1578.2,SINUS,0.999
2173,1578.2,1579.0,SINUS,0.999
2174,1579.0,1579.7,SINUS,0.999
2175,1579.7,1580.4,SINUS,0.999
2176,1580.4,1581.1,SINUS,0.998
2177,1581.1,1581.8,SINUS,0.999
2178,1581.8,1582.5,SINUS,0.999
2179,1582.5,1583.2,SINUS,0.999
2180,1583.2,1583.9,SINUS,0.999
2181,1583.9,1584.6,SINUS,0.999
2182,1584.6,1585.4,SINUS,0.999
2183,1585.4,1586.1,SINUS,0.998
2184,1586.1,1586.8,SINUS,0.999
2185,1586.8,1587.5,SINUS,0.999
2186,1587.5,1588.2,SINUS,0.999
2187,1588.2,1588.9,SINUS,0.999
2188,1588.9,1589.6,SINUS,0.999
2189,1589.6,1590.3,SINUS,0.999
2190,1590.3,1591.0,SINUS,0.999
2191,1591.0,1591.8,SINUS,0.999
2192,1591.8,1592.5,SINUS,0.999
2193,1592.5,1593.2,SINUS,0.999
2194,1593.2,1593.9,SINUS,0.999
2195,1593.9,1594.6,SINUS,0.999
2196,1594.6,1595.3,SINUS,0.999
2197,1595.3,1596.0,SINUS,0.998
2198,1596.0,1596.7,SINUS,0.999
2199,1596.7,1597.4,SINUS,0.999
2200,1597.4,1598.2,SINUS,0.999
2201,1598.2,1598.9,SINUS,0.999
2202,1598.9,1599.6,SINUS,0.999
2203,1599.6,1600.3,SINUS,0.999
2204,1600.3,1601.0,SINUS,0.998
2205,1601.0,1601.7,SINUS,0.999
2206,1601.7,1602.4,SINUS,0.999
2207,1602.4,1603.1,SINUS,0.999
2208,1603.1,1603.8,SINUS,0.999
2209,1603.8,1604.6,SINUS,0.999
2210,1604.6,1605.3,SINUS,0.999
2211,1605.3,1606.0,SINUS,0.998
2212,1606.0,1606.7,SINUS,0.999
2213,1606.7,1607.4,SINUS,0.999
2214,1607.4,1608.1,SINUS,0.999
2215,1608.1,1608.8,SINUS,0.999
2216,1608.8,1609.5,SINUS,0.998
2217,1609.5,1610.2,SINUS,0.998
2218,1610.2,1611.0,SINUS,0.997
2219,1611.0,1611.7,SINUS,0.999
2220,1611.7,1612.4,SINUS,0.999
2221,1612.4,1613.1,SINUS,0.999
2222,1613.1,1613.8,SINUS,0.999
2223,1613.8,1614.5,SINUS,0.999
2224,1614.5,1615.2,SINUS,0.999
2225,1615.2,1615.9,SINUS,0.998
2226,1615.9,1616.6,SINUS,0.999
2227,1616.6,1617.4,SINUS,0.999
2228,1617.4,1618.1,SINUS,0.999
2229,1618.1,1618.8,SINUS,0.999
2230,1618.8,1619.5,SINUS,0.999
2231,1619.5,1620.2,SINUS,0.999
2232,1620.2,1620.9,SINUS,0.998
2233,1620.9,1621.6,SINUS,0.999
2234,1621.6,1622.3,SINUS,0.999
2235,1622.3,1623.0,SINUS,0.999
2236,1623.0,1623.8,SINUS,0.999
2237,1623.8,1624.5,SINUS,0.999
2238,1624.5,1625.2,SINUS,0.999
2239,1625.2,1625.9,SINUS,0.997
2240,1625.9,1626.6,SINUS,0.998
2241,1626.6,1627.3,SINUS,0.999
2242,1627.3,1628.0,SINUS,0.999
2243,1628.0,1628.7,SINUS,0.999
2244,1628.7,1629.4,SINUS,0.999
2245,1629.4,1630.2,SINUS,0.999
2246,1630.2,1630.9,SINUS,0.997
2247,1630.9,1631.6,SINUS,0.999
2248,1631.6,1632.3,SINUS,0.999
2249,1632.3,1633.0,SINUS,0.999
2250,1633.0,1633.7,SINUS,0.999
2251,1633.7,1634.4,SINUS,0.999
2252,1634.4,1635.1,SINUS,0.999
2253,1635.1,1635.8,SINUS,0.998
2254,1635.8,1636.6,SINUS,0.999
2255,1636.6,1637.3,SINUS,0.999
2256,1637.3,1638.0,SINUS,0.999
2257,1638.0,1638.7,SINUS,0.999
2258,1638.7,1639.4,SINUS,0.999
2259,1639.4,1640.1,SINUS,0.999
2260,1640.1,1640.8,SINUS,0.998
2261,1640.8,1641.5,SINUS,0.999
2262,1641.5,1642.2,SINUS,0.999
2263,1642.2,1643.0,SINUS,0.999
2264,1643.0,1643.7,SINUS,0.999
2265,1643.7,1644.4,SINUS,0.999
2266,1644.4,1645.1,SINUS,0.999
2267,1645.1,1645.8,SINUS,0.998
2268,1645.8,1646.5,SINUS,0.999
2269,1646.5,1647.2,SINUS,0.999
2270,1647.2,1647.9,SINUS,0.999
2271,1647.9,1648.6,SINUS,0.999
2272,1648.6,1649.4,SINUS,0.999
2273,1649.4,1650.1,SINUS,0.999
2274,1650.1,1650.8,SINUS,0.998
2275,1650.8,1651.5,SINUS,0.998
2276,1651.5,1652.2,SINUS,0.998
2277,1652.2,1652.9,SINUS,0.999
2278,1652.9,1653.6,SINUS,0.998
2279,1653.6,1654.3,SINUS,0.998
2280,1654.3,1655.0,SINUS,0.998
2281,1655.0,1655.8,SINUS,0.997
2282,1655.8,1656.5,SINUS,0.999
2283,1656.5,1657.2,SINUS,0.999
2284,1657.2,1657.9,SINUS,0.999
2285,1657.9,1658.6,SINUS,0.999
2286,1658.6,1659.3,SINUS,0.999
2287,1659.3,1660.0,SINUS,0.998
2288,1660.0,1660.7,SINUS,0.997
2289,1660.7,1661.4,SINUS,0.998
2290,1661.4,1662.2,SINUS,0.999
2291,1662.2,1662.9,SINUS,0.999
2292,1662.9,1663.6,SINUS,0.999
2293,1663.6,1664.3,SINUS,0.999
2294,1664.3,1665.0,SINUS,0.998
2295,1665.0,1665.7,SINUS,0.998
2296,1665.7,1666.4,SINUS,0.999
2297,1666.4,1667.1,SINUS,0.999
2298,1667.1,1667.8,SINUS,0.999
2299,1667.8,1668.6,SINUS,0.999
2300,1668.6,1669.3,SINUS,0.999
2301,1669.3,1670.0,SINUS,0.998
2302,1670.0,1670.7,SINUS,0.997
2303,1670.7,1671.4,SINUS,0.999
2304,1671.4,1672.1,SINUS,0.999
2305,1672.1,1672.8,SINUS,0.999
2306,1672.8,1673.5,SINUS,0.999
2307,1673.5,1674.2,SINUS,0.999
2308,1674.2,1675.0,SINUS,0.998
2309,1675.0,1675.7,SINUS,0.997
2310,1675.7,1676.4,SINUS,0.999
2311,1676.4,1677.1,SINUS,0.999
2312,1677.1,1677.8,SINUS,0.999
2313,1677.8,1678.5,SINUS,0.999
2314,1678.5,1679.2,SINUS,0.999
2315,1679.2,1679.9,SINUS,0.999
2316,1679.9,1680.6,SINUS,0.997
2317,1680.6,1681.4,SINUS,0.998
2318,1681.4,1682.1,SINUS,0.999
2319,1682.1,1682.8,SINUS,0.999
2320,1682.8,1683.5,SINUS,0.999
2321,1683.5,1684.2,SINUS,0.998
2322,1684.2,1684.9,SINUS,0.997
2323,1684.9,1685.6,SINUS,0.997
2324,1685.6,1686.3,SINUS,0.998
2325,1686.3,1687.0,SINUS,0.999
2326,1687.0,1687.8,SINUS,0.999
2327,1687.8,1688.5,SINUS,0.999
2328,1688.5,1689.2,SINUS,0.998
2329,1689.2,1689.9,SINUS,0.998
2330,1689.9,1690.6,SINUS,0.995
2331,1690.6,1691.3,SINUS,0.998
2332,1691.3,1692.0,SINUS,0.999
2333,1692.0,1692.7,SINUS,0.999
2334,1692.7,1693.4,SINUS,0.999
2335,1693.4,1694.2,SINUS,0.999
2336,1694.2,1694.9,SINUS,0.998
2337,1694.9,1695.6,SINUS,0.998
2338,1695.6,1696.3,SINUS,0.999
2339,1696.3,1697.0,SINUS,0.999
2340,1697.0,1697.7,SINUS,0.999
2341,1697.7,1698.4,SINUS,0.999
2342,1698.4,1699.1,SINUS,0.999
2343,1699.1,1699.8,SINUS,0.999
2344,1699.8,1700.6,SINUS,0.998
2345,1700.6,1701.3,SINUS,0.999
2346,1701.3,1702.0,SINUS,0.999
2347,1702.0,1702.7,SINUS,0.999
2348,1702.7,1703.4,SINUS,0.999
2349,1703.4,1704.1,SINUS,0.999
2350,1704.1,1704.8,SINUS,0.998
2351,1704.8,1705.5,SINUS,0.997
2352,1705.5,1706.2,SINUS,0.996
2353,1706.2,1707.0,SINUS,0.998
2354,1707.0,1707.7,SINUS,0.998
2355,1707.7,1708.4,SINUS,0.998
2356,1708.4,1709.1,SINUS,0.997
2357,1709.1,1709.8,SINUS,0.996
2358,1709.8,1710.5,SINUS,0.997
2359,1710.5,1711.2,SINUS,0.999
2360,1711.2,1711.9,SINUS,0.999
2361,1711.9,1712.6,SINUS,0.999
2362,1712.6,1713.4,SINUS,0.999
2363,1713.4,1714.1,SINUS,0.999
2364,1714.1,1714.8,SINUS,0.998
2365,1714.8,1715.5,SINUS,0.997
2366,1715.5,1716.2,SINUS,0.999
2367,1716.2,1716.9,SINUS,0.999
2368,1716.9,1717.6,SINUS,0.999
2369,1717.6,1718.3,SINUS,0.999
2370,1718.3,1719.0,SINUS,0.999
2371,1719.0,1719.8,SINUS,0.998
2372,1719.8,1720.5,SINUS,0.998
2373,1720.5,1721.2,SINUS,0.999
2374,1721.2,1721.9,SINUS,0.999
2375,1721.9,1722.6,SINUS,0.999
2376,1722.6,1723.3,SINUS,0.999
2377,1723.3,1724.0,SINUS,0.999
2378,1724.0,1724.7,SINUS,0.998
2379,1724.7,1725.4,SINUS,0.997
2380,1725.4,1726.2,SINUS,0.997
2381,1726.2,1726.9,SINUS,0.999
2382,1726.9,1727.6,SINUS,0.999
2383,1727.6,1728.3,SINUS,0.999
2384,1728.3,1729.0,SINUS,0.998
2385,1729.0,1729.7,SINUS,0.998
2386,1729.7,1730.4,SINUS,0.997
2387,1730.4,1731.1,SINUS,0.999
2388,1731.1,1731.8,SINUS,0.999
2389,1731.8,1732.6,SINUS,0.999
2390,1732.6,1733.3,SINUS,0.999
2391,1733.3,1734.0,SINUS,0.999
2392,1734.0,1734.7,SINUS,0.998
2393,1734.7,1735.4,SINUS,0.997
2394,1735.4,1736.1,SINUS,0.998
2395,1736.1,1736.8,SINUS,0.999
2396,1736.8,1737.5,SINUS,0.999
2397,1737.5,1738.2,SINUS,0.999
2398,1738.2,1739.0,SINUS,0.998
2399,1739.0,1739.7,SINUS,0.998
2400,1739.7,1740.4,SINUS,0.998
2401,1740.4,1741.1,SINUS,0.998
2402,1741.1,1741.8,SINUS,0.999
2403,1741.8,1742.5,SINUS,0.999
2404,1742.5,1743.2,SINUS,0.998
2405,1743.2,1743.9,SINUS,0.998
2406,1743.9,1744.6,SINUS,0.997
2407,1744.6,1745.4,SINUS,0.997
2408,1745.4,1746.1,SINUS,0.999
2409,1746.1,1746.8,SINUS,0.999
2410,1746.8,1747.5,SINUS,0.999
2411,1747.5,1748.2,SINUS,0.999
2412,1748.2,1748.9,SINUS,0.999
2413,1748.9,1749.6,SINUS,0.998
2414,1749.6,1750.3,SINUS,0.997
2415,1750.3,1751.0,SINUS,0.999
2416,1751.0,1751.8,SINUS,0.999
2417,1751.8,1752.5,SINUS,0.999
2418,1752.5,1753.2,SINUS,0.999
2419,1753.2,1753.9,SINUS,0.999
2420,1753.9,1754.6,SINUS,0.999
2421,1754.6,1755.3,SINUS,0.998
2422,1755.3,1756.0,SINUS,0.999
2423,1756.0,1756.7,SINUS,0.999
2424,1756.7,1757.4,SINUS,0.999
2425,1757.4,1758.2,SINUS,0.999
2426,1758.2,1758.9,SINUS,0.999
2427,1758.9,1759.6,SINUS,0.999
2428,1759.6,1760.3,SINUS,0.998
2429,1760.3,1761.0,SINUS,0.999
2430,1761.0,1761.7,SINUS,0.999
2431,1761.7,1762.4,SINUS,0.999
2432,1762.4,1763.1,SINUS,0.999
2433,1763.1,1763.8,SINUS,0.999
2434,1763.8,1764.6,SINUS,0.999
2435,1764.6,1765.3,SINUS,0.998
2436,1765.3,1766.0,SINUS,0.999
2437,1766.0,1766.7,SINUS,0.999
2438,1766.7,1767.4,SINUS,0.999
2439,1767.4,1768.1,SINUS,0.999
2440,1768.1,1768.8,SINUS,0.999
2441,1768.8,1769.5,SINUS,0.999
2442,1769.5,1770.2,SINUS,0.998
2443,1770.2,1771.0,SINUS,0.999
2444,1771.0,1771.7,SINUS,0.999
2445,1771.7,1772.4,SINUS,0.999
2446,1772.4,1773.1,SINUS,0.999
2447,1773.1,1773.8,SINUS,0.999
2448,1773.8,1774.5,SINUS,0.998
2449,1774.5,1775.2,SINUS,0.998
2450,1775.2,1775.9,SINUS,0.999
2451,1775.9,1776.6,SINUS,0.999
2452,1776.6,1777.4,SINUS,0.999
2453,1777.4,1778.1,SINUS,0.999
2454,1778.1,1778.8,SINUS,0.999
2455,1778.8,1779.5,SINUS,0.999
2456,1779.5,1780.2,SINUS,0.998
2457,1780.2,1780.9,SINUS,0.999
2458,1780.9,1781.6,SINUS,0.999
2459,1781.6,1782.3,SINUS,0.999
2460,1782.3,1783.0,SINUS,0.999
2461,1783.0,1783.8,SINUS,0.999
2462,1783.8,1784.5,SINUS,0.999
2463,1784.5,1785.2,SINUS,0.998
2464,1785.2,1785.9,SINUS,0.999
2465,1785.9,1786.6,SINUS,0.999
2466,1786.6,1787.3,SINUS,0.999
2467,1787.3,1788.0,SINUS,0.999
2468,1788.0,1788.7,SINUS,0.999
2469,1788.7,1789.4,SINUS,0.999
2470,1789.4,1790.2,SINUS,0.998
2471,1790.2,1790.9,SINUS,0.999
2472,1790.9,1791.6,SINUS,0.999
2473,1791.6,1792.3,SINUS,0.999
2474,1792.3,1793.0,SINUS,0.999
2475,1793.0,1793.7,SINUS,0.999
2476,1793.7,1794.4,SINUS,0.998
2477,1794.4,1795.1,SINUS,0.998
2478,1795.1,1795.8,SINUS,0.999
2479,1795.8,1796.6,SINUS,0.999
2480,1796.6,1797.3,SINUS,0.999
2481,1797.3,1798.0,SINUS,0.999
2482,1798.0,1798.7,SINUS,0.999
2483,1798.7,1799.4,SINUS,0.998
2484,1799.4,1800.1,SINUS,0.998
2485,1800.1,1800.8,SINUS,0.999
2486,1800.8,1801.5,SINUS,0.999
2487,1801.5,1802.2,SINUS,0.999
2488,1802.2,1803.0,SINUS,0.999
2489,1803.0,1803.7,SINUS,0.999
2490,1803.7,1804.4,SINUS,0.999
2491,1804.4,1805.1,SINUS,0.999
2492,1805.1,1805.8,SINUS,0.999
2493,1805.8,1806.5,SINUS,0.999
2494,1806.5,1807.2,SINUS,0.999
2495,1807.2,1807.9,SINUS,0.999
2496,1807.9,1808.6,SINUS,0.999
2497,1808.6,1809.4,SINUS,0.999
2498,1809.4,1810.1,SINUS,0.998
2499,1810.1,1810.8,SINUS,0.999
2500,1810.8,1811.5,SINUS,0.999
2501,1811.5,1812.2,SINUS,0.999
2502,1812.2,1812.9,SINUS,0.999
2503,1812.9,1813.6,SINUS,0.999
2504,1813.6,1814.3,SINUS,0.999
2505,1814.3,1815.0,SINUS,0.998
2506,1815.0,1815.8,SINUS,0.999
2507,1815.8,1816.5,SINUS,0.999
2508,1816.5,1817.2,SINUS,0.999
2509,1817.2,1817.9,SINUS,0.999
2510,1817.9,1818.6,SINUS,0.999
2511,1818.6,1819.3,SINUS,0.999
2512,1819.3,1820.0,SINUS,0.998
2513,1820.0,1820.7,SINUS,0.999
2514,1820.7,1821.4,SINUS,0.999
2515,1821.4,1822.2,SINUS,0.999
2516,1822.2,1822.9,SINUS,0.999
2517,1822.9,1823.6,SINUS,0.999
2518,1823.6,1824.3,SINUS,0.998
2519,1824.3,1825.0,SINUS,0.998
2520,1825.0,1825.7,SINUS,0.999
2521,1825.7,1826.4,SINUS,0.999
2522,1826.4,1827.1,SINUS,0.999
2523,1827.1,1827.8,SINUS,0.999
2524,1827.8,1828.6,SINUS,0.999
2525,1828.6,1829.3,SINUS,0.998
2526,1829.3,1830.0,SINUS,0.997
2527,1830.0,1830.7,SINUS,0.999
2528,1830.7,1831.4,SINUS,0.999
2529,1831.4,1832.1,SINUS,0.999
2530,1832.1,1832.8,SINUS,0.999
2531,1832.8,1833.5,SINUS,0.999
2532,1833.5,1834.2,SINUS,0.999
2533,1834.2,1835.0,SINUS,0.998
2534,1835.0,1835.7,SINUS,0.999
2535,1835.7,1836.4,SINUS,0.999
2536,1836.4,1837.1,SINUS,0.999
2537,1837.1,1837.8,SINUS,0.999
2538,1837.8,1838.5,SINUS,0.999
2539,1838.5,1839.2,SINUS,0.999
2540,1839.2,1839.9,SINUS,0.998
2541,1839.9,1840.6,SINUS,0.999
2542,1840.6,1841.4,SINUS,0.999
2543,1841.4,1842.1,SINUS,0.999
2544,1842.1,1842.8,SINUS,0.999
2545,1842.8,1843.5,SINUS,0.999
2546,1843.5,1844.2,SINUS,0.998
2547,1844.2,1844.9,SINUS,0.998
2548,1844.9,1845.6,SINUS,0.999
2549,1845.6,1846.3,SINUS,0.999
2550,1846.3,1847.0,SINUS,0.999
2551,1847.0,1847.8,SINUS,0.999
2552,1847.8,1848.5,SINUS,0.999
2553,1848.5,1849.2,SINUS,0.999
2554,1849.2,1849.9,SINUS,0.998
2555,1849.9,1850.6,SINUS,0.999
2556,1850.6,1851.3,SINUS,0.999
2557,1851.3,1852.0,SINUS,0.999
2558,1852.0,1852.7,SINUS,0.999
2559,1852.7,1853.4,SINUS,0.999
2560,1853.4,1854.2,SINUS,0.998
2561,1854.2,1854.9,SINUS,0.998
2562,1854.9,1855.6,SINUS,0.999
2563,1855.6,1856.3,SINUS,0.999
2564,1856.3,1857.0,SINUS,0.999
2565,1857.0,1857.7,SINUS,0.999
2566,1857.7,1858.4,SINUS,0.999
2567,1858.4,1859.1,SINUS,0.999
2568,1859.1,1859.8,SINUS,0.998
2569,1859.8,1860.6,SINUS,0.999
2570,1860.6,1861.3,SINUS,0.999
2571,1861.3,1862.0,SINUS,0.999
2572,1862.0,1862.7,SINUS,0.999
2573,1862.7,1863.4,SINUS,0.999
2574,1863.4,1864.1,SINUS,0.999
2575,1864.1,1864.8,SINUS,0.998
2576,1864.8,1865.5,SINUS,0.999
2577,1865.5,1866.2,SINUS,0.999
2578,1866.2,1867.0,SINUS,0.999
2579,1867.0,1867.7,SINUS,0.999
2580,1867.7,1868.4,SINUS,0.999
2581,1868.4,1869.1,SINUS,0.998
2582,1869.1,1869.8,SINUS,0.998
2583,1869.8,1870.5,SINUS,0.999
2584,1870.5,1871.2,SINUS,0.999
2585,1871.2,1871.9,SINUS,0.999
2586,1871.9,1872.6,SINUS,0.999
2587,1872.6,1873.4,SINUS,0.999
2588,1873.4,1874.1,SINUS,0.999
2589,1874.1,1874.8,SINUS,0.998
2590,1874.8,1875.5,SINUS,0.999
2591,1875.5,1876.2,SINUS,0.999
2592,1876.2,1876.9,SINUS,0.999
2593,1876.9,1877.6,SINUS,0.999
2594,1877.6,1878.3,SINUS,0.999
2595,1878.3,1879.0,SINUS,0.999
2596,1879.0,1879.8,SINUS,0.998
2597,1879.8,1880.5,SINUS,0.999
2598,1880.5,1881.2,SINUS,0.999
2599,1881.2,1881.9,SINUS,0.999
2600,1881.9,1882.6,SINUS,0.999
2601,1882.6,1883.3,SINUS,0.999
2602,1883.3,1884.0,SINUS,0.999
2603,1884.0,1884.7,SINUS,0.998
2604,1884.7,1885.4,SINUS,0.999
2605,1885.4,1886.2,SINUS,0.999
2606,1886.2,1886.9,SINUS,0.999
2607,1886.9,1887.6,SINUS,0.999
2608,1887.6,1888.3,SINUS,0.999
2609,1888.3,1889.0,SINUS,0.999
2610,1889.0,1889.7,SINUS,0.998
2611,1889.7,1890.4,SINUS,0.999
2612,1890.4,1891.1,SINUS,0.999
2613,1891.1,1891.8,SINUS,0.999
2614,1891.8,1892.6,SINUS,0.999
2615,1892.6,1893.3,SINUS,0.999
2616,1893.3,1894.0,SINUS,0.999
2617,1894.0,1894.7,SINUS,0.998
2618,1894.7,1895.4,SINUS,0.999
2619,1895.4,1896.1,SINUS,0.999
2620,1896.1,1896.8,SINUS,0.999
2621,1896.8,1897.5,SINUS,0.999
2622,1897.5,1898.2,SINUS,0.999
2623,1898.2,1899.0,SINUS,0.999
2624,1899.0,1899.7,SINUS,0.998
2625,1899.7,1900.4,SINUS,0.998
2626,1900.4,1901.1,SINUS,0.999
2627,1901.1,1901.8,SINUS,0.998
2628,1901.8,1902.5,SINUS,0.998
2629,1902.5,1903.2,SINUS,0.998
2630,1903.2,1903.9,SINUS,0.997
2631,1903.9,1904.6,SINUS,0.996
2632,1904.6,1905.4,SINUS,0.999
2633,1905.4,1906.1,SINUS,0.999
2634,1906.1,1906.8,SINUS,0.999
2635,1906.8,1907.5,SINUS,0.999
2636,1907.5,1908.2,SINUS,0.999
2637,1908.2,1908.9,SINUS,0.998
2638,1908.9,1909.6,SINUS,0.997
2639,1909.6,1910.3,SINUS,0.999
2640,1910.3,1911.0,SINUS,0.999
2641,1911.0,1911.8,SINUS,0.999
2642,1911.8,1912.5,SINUS,0.999
2643,1912.5,1913.2,SINUS,0.999
2644,1913.2,1913.9,SINUS,0.999
2645,1913.9,1914.6,SINUS,0.998
2646,1914.6,1915.3,SINUS,0.999
2647,1915.3,1916.0,SINUS,0.999
2648,1916.0,1916.7,SINUS,0.999
2649,1916.7,1917.4,SINUS,0.999
2650,1917.4,1918.2,SINUS,0.999
2651,1918.2,1918.9,SINUS,0.999
2652,1918.9,1919.6,SINUS,0.998
2653,1919.6,1920.3,SINUS,0.999
2654,1920.3,1921.0,SINUS,0.999
2655,1921.0,1921.7,SINUS,0.999
2656,1921.7,1922.4,SINUS,0.999
2657,1922.4,1923.1,SINUS,0.999
2658,1923.1,1923.8,SINUS,0.999
2659,1923.8,1924.6,SINUS,0.997
2660,1924.6,1925.3,SINUS,0.999
2661,1925.3,1926.0,SINUS,0.999
2662,1926.0,1926.7,SINUS,0.999
2663,1926.7,1927.4,SINUS,0.999
2664,1927.4,1928.1,SINUS,0.999
2665,1928.1,1928.8,SINUS,0.999
2666,1928.8,1929.5,SINUS,0.998
2667,1929.5,1930.2,SINUS,0.999
2668,1930.2,1931.0,SINUS,0.999
2669,1931.0,1931.7,SINUS,0.999
2670,1931.7,1932.4,SINUS,0.999
2671,1932.4,1933.1,SINUS,0.999
2672,1933.1,1933.8,SINUS,0.998
2673,1933.8,1934.5,SINUS,0.998
2674,1934.5,1935.2,SINUS,0.999
2675,1935.2,1935.9,SINUS,0.999
2676,1935.9,1936.6,SINUS,0.999
2677,1936.6,1937.4,SINUS,0.999
2678,1937.4,1938.1,SINUS,0.999
2679,1938.1,1938.8,SINUS,0.999
2680,1938.8,1939.5,SINUS,0.998
2681,1939.5,1940.2,SINUS,0.998
2682,1940.2,1940.9,SINUS,0.999
2683,1940.9,1941.6,SINUS,0.999
2684,1941.6,1942.3,SINUS,0.999
2685,1942.3,1943.0,SINUS,0.999
2686,1943.0,1943.8,SINUS,0.998
2687,1943.8,1944.5,SINUS,0.997
2688,1944.5,1945.2,SINUS,0.998
2689,1945.2,1945.9,SINUS,0.999
2690,1945.9,1946.6,SINUS,0.999
2691,1946.6,1947.3,SINUS,0.999
2692,1947.3,1948.0,SINUS,0.999
2693,1948.0,1948.7,SINUS,0.998
2694,1948.7,1949.4,SINUS,0.997
2695,1949.4,1950.2,SINUS,0.998
2696,1950.2,1950.9,SINUS,0.999
2697,1950.9,1951.6,SINUS,0.999
2698,1951.6,1952.3,SINUS,0.999
2699,1952.3,1953.0,SINUS,0.999
2700,1953.0,1953.7,SINUS,0.998
2701,1953.7,1954.4,SINUS,0.997
2702,1954.4,1955.1,SINUS,0.998
2703,1955.1,1955.8,SINUS,0.999
2704,1955.8,1956.6,SINUS,0.999
2705,1956.6,1957.3,SINUS,0.999
2706,1957.3,1958.0,SINUS,0.999
2707,1958.0,1958.7,SINUS,0.998
2708,1958.7,1959.4,SINUS,0.997
2709,1959.4,1960.1,SINUS,0.998
2710,1960.1,1960.8,SINUS,0.999
2711,1960.8,1961.5,SINUS,0.999
2712,1961.5,1962.2,SINUS,0.999
2713,1962.2,1963.0,SINUS,0.999
2714,1963.0,1963.7,SINUS,0.998
2715,1963.7,1964.4,SINUS,0.997
2716,1964.4,1965.1,SINUS,0.998
2717,1965.1,1965.8,SINUS,0.999
2718,1965.8,1966.5,SINUS,0.999
2719,1966.5,1967.2,SINUS,0.999
2720,1967.2,1967.9,SINUS,0.999
2721,1967.9,1968.6,SINUS,0.998
2722,1968.6,1969.4,SINUS,0.997
2723,1969.4,1970.1,SINUS,0.998
2724,1970.1,1970.8,SINUS,0.999
2725,1970.8,1971.5,SINUS,0.999
2726,1971.5,1972.2,SINUS,0.999
2727,1972.2,1972.9,SINUS,0.999
2728,1972.9,1973.6,SINUS,0.998
2729,1973.6,1974.3,SINUS,0.997
2730,1974.3,1975.0,SINUS,0.998
2731,1975.0,1975.8,SINUS,0.999
2732,1975.8,1976.5,SINUS,0.999
2733,1976.5,1977.2,SINUS,0.999
2734,1977.2,1977.9,SINUS,0.999
2735,1977.9,1978.6,SINUS,0.998
2736,1978.6,1979.3,SINUS,0.997
2737,1979.3,1980.0,SINUS,0.998
2738,1980.0,1980.7,SINUS,0.999
2739,1980.7,1981.4,SINUS,0.999
2740,1981.4,1982.2,SINUS,0.999
2741,1982.2,1982.9,SINUS,0.999
2742,1982.9,1983.6,SINUS,0.998
2743,1983.6,1984.3,SINUS,0.997
2744,1984.3,1985.0,SINUS,0.998
2745,1985.0,1985.7,SINUS,0.999
2746,1985.7,1986.4,SINUS,0.999
2747,1986.4,1987.1,SINUS,0.999
2748,1987.1,1987.8,SINUS,0.998
2749,1987.8,1988.6,SINUS,0.997
2750,1988.6,1989.3,SINUS,0.996
2751,1989.3,1990.0,SINUS,0.999
2752,1990.0,1990.7,SINUS,0.999
2753,1990.7,1991.4,SINUS,0.999
2754,1991.4,1992.1,SINUS,0.999
2755,1992.1,1992.8,SINUS,0.998
2756,1992.8,1993.5,SINUS,0.998
2757,1993.5,1994.2,SINUS,0.998
2758,1994.2,1995.0,SINUS,0.999
2759,1995.0,1995.7,SINUS,0.999
2760,1995.7,1996.4,SINUS,0.999
2761,1996.4,1997.1,SINUS,0.999
2762,1997.1,1997.8,SINUS,0.998
2763,1997.8,1998.5,SINUS,0.997
2764,1998.5,1999.2,SINUS,0.997
2765,1999.2,1999.9,SINUS,0.999
2766,1999.9,2000.6,SINUS,0.999
2767,2000.6,2001.4,SINUS,0.999
2768,2001.4,2002.1,SINUS,0.999
2769,2002.1,2002.8,SINUS,0.999
2770,2002.8,2003.5,SINUS,0.998
2771,2003.5,2004.2,SINUS,0.997
2772,2004.2,2004.9,SINUS,0.999
2773,2004.9,2005.6,SINUS,0.999
2774,2005.6,2006.3,SINUS,0.999
2775,2006.3,2007.0,SINUS,0.999
2776,2007.0,2007.8,SINUS,0.999
2777,2007.8,2008.5,SINUS,0.998
2778,2008.5,2009.2,SINUS,0.996
2779,2009.2,2009.9,SINUS,0.999
2780,2009.9,2010.6,SINUS,0.999
2781,2010.6,2011.3,SINUS,0.999
2782,2011.3,2012.0,SINUS,0.999
2783,2012.0,2012.7,SINUS,0.999
2784,2012.7,2013.4,SINUS,0.998
2785,2013.4,2014.2,SINUS,0.998
2786,2014.2,2014.9,SINUS,0.999
2787,2014.9,2015.6,SINUS,0.999
2788,2015.6,2016.3,SINUS,0.999
2789,2016.3,2017.0,SINUS,0.999
2790,2017.0,2017.7,SINUS,0.999
2791,2017.7,2018.4,SINUS,0.999
2792,2018.4,2019.1,SINUS,0.998
2793,2019.1,2019.8,SINUS,0.999
2794,2019.8,2020.6,SINUS,0.999
2795,2020.6,2021.3,SINUS,0.999
2796,2021.3,2022.0,SINUS,0.999
2797,2022.0,2022.7,SINUS,0.999
2798,2022.7,2023.4,SINUS,0.999
2799,2023.4,2024.1,SINUS,0.998
2800,2024.1,2024.8,SINUS,0.999
2801,2024.8,2025.5,SINUS,0.999
2802,2025.5,2026.2,SINUS,0.999
2803,2026.2,2027.0,SINUS,0.999
2804,2027.0,2027.7,SINUS,0.999
2805,2027.7,2028.4,SINUS,0.999
2806,2028.4,2029.1,SINUS,0.998
2807,2029.1,2029.8,SINUS,0.999
2808,2029.8,2030.5,SINUS,0.999
2809,2030.5,2031.2,SINUS,0.999
2810,2031.2,2031.9,SINUS,0.999
2811,2031.9,2032.6,SINUS,0.999
2812,2032.6,2033.4,SINUS,0.998
2813,2033.4,2034.1,SINUS,0.998
2814,2034.1,2034.8,SINUS,0.999
2815,2034.8,2035.5,SINUS,0.999
2816,2035.5,2036.2,SINUS,0.999
2817,2036.2,2036.9,SINUS,0.999
2818,2036.9,2037.6,SINUS,0.999
2819,2037.6,2038.3,SINUS,0.998
2820,2038.3,2039.0,SINUS,0.998
2821,2039.0,2039.8,SINUS,0.999
2822,2039.8,2040.5,SINUS,0.999
2823,2040.5,2041.2,SINUS,0.999
2824,2041.2,2041.9,SINUS,0.999
2825,2041.9,2042.6,SINUS,0.999
2826,2042.6,2043.3,SINUS,0.998
2827,2043.3,2044.0,SINUS,0.998
2828,2044.0,2044.7,SINUS,0.999
2829,2044.7,2045.4,SINUS,0.999
2830,2045.4,2046.2,SINUS,0.999
2831,2046.2,2046.9,SINUS,0.999
2832,2046.9,2047.6,SINUS,0.999
2833,2047.6,2048.3,SINUS,0.999
2834,2048.3,2049.0,SINUS,0.998
2835,2049.0,2049.7,SINUS,0.999
2836,2049.7,2050.4,SINUS,0.999
2837,2050.4,2051.1,SINUS,0.999
2838,2051.1,2051.8,SINUS,0.999
2839,2051.8,2052.6,SINUS,0.999
2840,2052.6,2053.3,SINUS,0.998
2841,2053.3,2054.0,SINUS,0.997
2842,2054.0,2054.7,SINUS,0.999
2843,2054.7,2055.4,SINUS,0.999
2844,2055.4,2056.1,SINUS,0.999
2845,2056.1,2056.8,SINUS,0.999
2846,2056.8,2057.5,SINUS,0.999
2847,2057.5,2058.2,SINUS,0.998
2848,2058.2,2059.0,SINUS,0.997
2849,2059.0,2059.7,SINUS,0.999
2850,2059.7,2060.4,SINUS,0.999
2851,2060.4,2061.1,SINUS,0.999
2852,2061.1,2061.8,SINUS,0.999
2853,2061.8,2062.5,SINUS,0.999
2854,2062.5,2063.2,SINUS,0.999
2855,2063.2,2063.9,SINUS,0.998
2856,2063.9,2064.6,SINUS,0.999
2857,2064.6,2065.4,SINUS,0.999
2858,2065.4,2066.1,SINUS,0.999
2859,2066.1,2066.8,SINUS,0.999
2860,2066.8,2067.5,SINUS,0.999
2861,2067.5,2068.2,SINUS,0.998
2862,2068.2,2068.9,SINUS,0.998
2863,2068.9,2069.6,SINUS,0.999
2864,2069.6,2070.3,SINUS,0.999
2865,2070.3,2071.0,SINUS,0.999
2866,2071.0,2071.8,SINUS,0.999
2867,2071.8,2072.5,SINUS,0.999
2868,2072.5,2073.2,SINUS,0.999
2869,2073.2,2073.9,SINUS,0.998
2870,2073.9,2074.6,SINUS,0.999
2871,2074.6,2075.3,SINUS,0.999
2872,2075.3,2076.0,SINUS,0.999
2873,2076.0,2076.7,SINUS,0.999
2874,2076.7,2077.4,SINUS,0.999
2875,2077.4,2078.2,SINUS,0.998
2876,2078.2,2078.9,SINUS,0.998
2877,2078.9,2079.6,SINUS,0.999
2878,2079.6,2080.3,SINUS,0.999
2879,2080.3,2081.0,SINUS,0.999
2880,2081.0,2081.7,SINUS,0.999
2881,2081.7,2082.4,SINUS,0.999
2882,2082.4,2083.1,SINUS,0.999
2883,2083.1,2083.8,SINUS,0.998
2884,2083.8,2084.6,SINUS,0.999
2885,2084.6,2085.3,SINUS,0.999
2886,2085.3,2086.0,SINUS,0.999
2887,2086.0,2086.7,SINUS,0.999
2888,2086.7,2087.4,SINUS,0.999
2889,2087.4,2088.1,SINUS,0.999
2890,2088.1,2088.8,SINUS,0.998
2891,2088.8,2089.5,SINUS,0.999
2892,2089.5,2090.2,SINUS,0.999
2893,2090.2,2091.0,SINUS,0.999
2894,2091.0,2091.7,SINUS,0.999
2895,2091.7,2092.4,SINUS,0.999
2896,2092.4,2093.1,SINUS,0.999
2897,2093.1,2093.8,SINUS,0.998
2898,2093.8,2094.5,SINUS,0.999
2899,2094.5,2095.2,SINUS,0.999
2900,2095.2,2095.9,SINUS,0.999
2901,2095.9,2096.6,SINUS,0.999
2902,2096.6,2097.4,SINUS,0.999
2903,2097.4,2098.1,SINUS,0.999
2904,2098.1,2098.8,SINUS,0.998
2905,2098.8,2099.5,SINUS,0.999
2906,2099.5,2100.2,SINUS,0.999
2907,2100.2,2100.9,SINUS,0.999
2908,2100.9,2101.6,SINUS,0.999
2909,2101.6,2102.3,SINUS,0.999
2910,2102.3,2103.0,SINUS,0.998
2911,2103.0,2103.8,SINUS,0.997
2912,2103.8,2104.5,SINUS,0.999
2913,2104.5,2105.2,SINUS,0.999
2914,2105.2,2105.9,SINUS,0.999
2915,2105.9,2106.6,SINUS,0.999
2916,2106.6,2107.3,SINUS,0.999
2917,2107.3,2108.0,SINUS,0.999
2918,2108.0,2108.7,SINUS,0.998
2919,2108.7,2109.4,SINUS,0.998
2920,2109.4,2110.2,SINUS,0.999
2921,2110.2,2110.9,SINUS,0.999
2922,2110.9,2111.6,SINUS,0.999
2923,2111.6,2112.3,SINUS,0.999
2924,2112.3,2113.0,SINUS,0.998
2925,2113.0,2113.7,SINUS,0.998
2926,2113.7,2114.4,SINUS,0.998
2927,2114.4,2115.1,SINUS,0.999
2928,2115.1,2115.8,SINUS,0.999
2929,2115.8,2116.6,SINUS,0.999
2930,2116.6,2117.3,SINUS,0.999
2931,2117.3,2118.0,SINUS,0.999
2932,2118.0,2118.7,SINUS,0.998
2933,2118.7,2119.4,SINUS,0.999
2934,2119.4,2120.1,SINUS,0.999
2935,2120.1,2120.8,SINUS,0.999
2936,2120.8,2121.5,SINUS,0.999
2937,2121.5,2122.2,SINUS,0.999
2938,2122.2,2123.0,SINUS,0.999
2939,2123.0,2123.7,SINUS,0.998
2940,2123.7,2124.4,SINUS,0.999
2941,2124.4,2125.1,SINUS,0.999
2942,2125.1,2125.8,SINUS,0.999
2943,2125.8,2126.5,SINUS,0.999
2944,2126.5,2127.2,SINUS,0.999
2945,2127.2,2127.9,SINUS,0.999
2946,2127.9,2128.6,SINUS,0.998
2947,2128.6,2129.4,SINUS,0.998
2948,2129.4,2130.1,SINUS,0.999
2949,2130.1,2130.8,SINUS,0.999
2950,2130.8,2131.5,SINUS,0.999
2951,2131.5,2132.2,SINUS,0.999
2952,2132.2,2132.9,SINUS,0.998
2953,2132.9,2133.6,SINUS,0.998
2954,2133.6,2134.3,SINUS,0.999
2955,2134.3,2135.0,SINUS,0.999
2956,2135.0,2135.8,SINUS,0.999
2957,2135.8,2136.5,SINUS,0.999
2958,2136.5,2137.2,SINUS,0.999
2959,2137.2,2137.9,SINUS,0.999
2960,2137.9,2138.6,SINUS,0.998
2961,2138.6,2139.3,SINUS,0.999
2962,2139.3,2140.0,SINUS,0.999
2963,2140.0,2140.7,SINUS,0.999
2964,2140.7,2141.4,SINUS,0.999
2965,2141.4,2142.2,SINUS,0.999
2966,2142.2,2142.9,SINUS,0.998
2967,2142.9,2143.6,SINUS,0.998
2968,2143.6,2144.3,SINUS,0.995
2969,2144.3,2145.0,SINUS,0.997
2970,2145.0,2145.7,SINUS,0.997
2971,2145.7,2146.4,SINUS,0.996
2972,2146.4,2147.1,SINUS,0.985
2973,2147.1,2147.8,SINUS,0.988
2974,2147.8,2148.6,SINUS,0.988
2975,2148.6,2149.3,SINUS,0.996
2976,2149.3,2150.0,SINUS,0.997
2977,2150.0,2150.7,SINUS,0.998
2978,2150.7,2151.4,SINUS,0.998
2979,2151.4,2152.1,SINUS,0.998
2980,2152.1,2152.8,SINUS,0.997
2981,2152.8,2153.5,SINUS,0.997
2982,2153.5,2154.2,SINUS,0.999
2983,2154.2,2155.0,SINUS,0.999
2984,2155.0,2155.7,SINUS,0.999
2985,2155.7,2156.4,SINUS,0.999
2986,2156.4,2157.1,SINUS,0.998
2987,2157.1,2157.8,SINUS,0.997
2988,2157.8,2158.5,SINUS,0.998
2989,2158.5,2159.2,SINUS,0.995
2990,2159.2,2159.9,SINUS,0.998
2991,2159.9,2160.6,SINUS,0.998
2992,2160.6,2161.4,SINUS,0.998
2993,2161.4,2162.1,SINUS,0.997
2994,2162.1,2162.8,SINUS,0.997
2995,2162.8,2163.5,SINUS,0.994
2996,2163.5,2164.2,SINUS,0.999
2997,2164.2,2164.9,SINUS,0.999
2998,2164.9,2165.6,SINUS,0.999
2999,2165.6,2166.3,SINUS,0.998
3000,2166.3,2167.0,SINUS,0.998
3001,2167.0,2167.8,SINUS,0.997
3002,2167.8,2168.5,SINUS,0.998
3003,2168.5,2169.2,SINUS,0.997
3004,2169.2,2169.9,SINUS,0.999
3005,2169.9,2170.6,SINUS,0.998
3006,2170.6,2171.3,SINUS,0.999
3007,2171.3,2172.0,SINUS,0.996
3008,2172.0,2172.7,SINUS,0.996
3009,2172.7,2173.4,SINUS,0.995
3010,2173.4,2174.2,SINUS,0.995
3011,2174.2,2174.9,SINUS,0.997
3012,2174.9,2175.6,SINUS,0.998
3013,2175.6,2176.3,SINUS,0.997
3014,2176.3,2177.0,SINUS,0.997
3015,2177.0,2177.7,SINUS,0.995
3016,2177.7,2178.4,SINUS,0.995
3017,2178.4,2179.1,SINUS,0.994
3018,2179.1,2179.8,SINUS,0.994
3019,2179.8,2180.6,SINUS,0.996
3020,2180.6,2181.3,SINUS,0.996
3021,2181.3,2182.0,SINUS,0.996
3022,2182.0,2182.7,SINUS,0.995
3023,2182.7,2183.4,SINUS,0.995
3024,2183.4,2184.1,SINUS,0.998
3025,2184.1,2184.8,SINUS,0.998
3026,2184.8,2185.5,SINUS,0.998
3027,2185.5,2186.2,SINUS,0.999
3028,2186.2,2187.0,SINUS,0.998
3029,2187.0,2187.7,SINUS,0.995
3030,2187.7,2188.4,SINUS,0.992
3031,2188.4,2189.1,SINUS,0.994
3032,2189.1,2189.8,SINUS,0.993
3033,2189.8,2190.5,SINUS,0.996
3034,2190.5,2191.2,SINUS,0.993
3035,2191.2,2191.9,SINUS,0.989
3036,2191.9,2192.6,SINUS,0.992
3037,2192.6,2193.4,SINUS,0.991
3038,2193.4,2194.1,SINUS,0.996
3039,2194.1,2194.8,SINUS,0.997
3040,2194.8,2195.5,SINUS,0.999
3041,2195.5,2196.2,SINUS,0.998
3042,2196.2,2196.9,SINUS,0.997
3043,2196.9,2197.6,SINUS,0.996
3044,2197.6,2198.3,SINUS,0.995
3045,2198.3,2199.0,SINUS,0.998
3046,2199.0,2199.8,SINUS,0.999
3047,2199.8,2200.5,SINUS,0.998
3048,2200.5,2201.2,SINUS,0.999
3049,2201.2,2201.9,SINUS,0.995
3050,2201.9,2202.6,SINUS,0.996
3051,2202.6,2203.3,SINUS,0.995
3052,2203.3,2204.0,SINUS,0.998
3053,2204.0,2204.7,SINUS,0.998
3054,2204.7,2205.4,SINUS,0.999
3055,2205.4,2206.2,SINUS,0.998
3056,2206.2,2206.9,SINUS,0.998
3057,2206.9,2207.6,SINUS,0.997
3058,2207.6,2208.3,SINUS,0.993
3059,2208.3,2209.0,SINUS,0.993
3060,2209.0,2209.7,SINUS,0.996
3061,2209.7,2210.4,SINUS,0.996
3062,2210.4,2211.1,SINUS,0.996
3063,2211.1,2211.8,SINUS,0.993
3064,2211.8,2212.6,SINUS,0.985
3065,2212.6,2213.3,SINUS,0.987
3066,2213.3,2214.0,SINUS,0.902
3067,2214.0,2214.7,SINUS,0.934
3068,2214.7,2215.4,SINUS,0.952
3069,2215.4,2216.1,SINUS,0.965
3070,2216.1,2216.8,SINUS,0.931
3071,2216.8,2217.5,SINUS,0.915
3072,2217.5,2218.2,SINUS,0.919
3073,2218.2,2219.0,SINUS,0.99
3074,2219.0,2219.7,SINUS,0.997
3075,2219.7,2220.4,SINUS,0.998
3076,2220.4,2221.1,SINUS,0.998
3077,2221.1,2221.8,SINUS,0.998
3078,2221.8,2222.5,SINUS,0.996
3079,2222.5,2223.2,SINUS,0.995
3080,2223.2,2223.9,SINUS,0.998
3081,2223.9,2224.6,SINUS,0.998
3082,2224.6,2225.4,SINUS,0.998
3083,2225.4,2226.1,SINUS,0.998
3084,2226.1,2226.8,SINUS,0.996
3085,2226.8,2227.5,SINUS,0.996
3086,2227.5,2228.2,SINUS,0.995
3087,2228.2,2228.9,SINUS,0.992
3088,2228.9,2229.6,SINUS,0.993
3089,2229.6,2230.3,SINUS,0.995
3090,2230.3,2231.0,SINUS,0.991
3091,2231.0,2231.8,SINUS,0.987
3092,2231.8,2232.5,SINUS,0.984
3093,2232.5,2233.2,SINUS,0.992
3094,2233.2,2233.9,SINUS,0.994
3095,2233.9,2234.6,SINUS,0.997
3096,2234.6,2235.3,SINUS,0.997
3097,2235.3,2236.0,SINUS,0.997
3098,2236.0,2236.7,SINUS,0.994
3099,2236.7,2237.4,SINUS,0.987
3100,2237.4,2238.2,SINUS,0.993
3101,2238.2,2238.9,SINUS,0.992
3102,2238.9,2239.6,SINUS,0.996
3103,2239.6,2240.3,SINUS,0.997
3104,2240.3,2241.0,SINUS,0.997
3105,2241.0,2241.7,SINUS,0.996
3106,2241.7,2242.4,SINUS,0.997
3107,2242.4,2243.1,SINUS,0.995
3108,2243.1,2243.8,SINUS,0.998
3109,2243.8,2244.6,SINUS,0.999
3110,2244.6,2245.3,SINUS,0.999
3111,2245.3,2246.0,SINUS,0.999
3112,2246.0,2246.7,SINUS,0.999
3113,2246.7,2247.4,SINUS,0.997
3114,2247.4,2248.1,SINUS,0.998
3115,2248.1,2248.8,SINUS,0.997
3116,2248.8,2249.5,SINUS,0.997
3117,2249.5,2250.2,SINUS,0.997
3118,2250.2,2251.0,SINUS,0.996
3119,2251.0,2251.7,SINUS,0.994
3120,2251.7,2252.4,SINUS,0.991
3121,2252.4,2253.1,SINUS,0.985
3122,2253.1,2253.8,SINUS,0.997
3123,2253.8,2254.5,SINUS,0.998
3124,2254.5,2255.2,SINUS,0.998
3125,2255.2,2255.9,SINUS,0.998
3126,2255.9,2256.6,SINUS,0.997
3127,2256.6,2257.4,SINUS,0.996
3128,2257.4,2258.1,SINUS,0.996
3129,2258.1,2258.8,SINUS,0.997
3130,2258.8,2259.5,SINUS,0.997
3131,2259.5,2260.2,SINUS,0.996
3132,2260.2,2260.9,SINUS,0.998
3133,2260.9,2261.6,SINUS,0.997
3134,2261.6,2262.3,SINUS,0.998
3135,2262.3,2263.0,SINUS,0.996
3136,2263.0,2263.8,SINUS,0.996
3137,2263.8,2264.5,SINUS,0.998
3138,2264.5,2265.2,SINUS,0.997
3139,2265.2,2265.9,SINUS,0.996
3140,2265.9,2266.6,SINUS,0.994
3141,2266.6,2267.3,SINUS,0.989
3142,2267.3,2268.0,SINUS,0.985
3143,2268.0,2268.7,SINUS,0.993
3144,2268.7,2269.4,SINUS,0.993
3145,2269.4,2270.2,SINUS,0.995
3146,2270.2,2270.9,SINUS,0.995
3147,2270.9,2271.6,SINUS,0.993
3148,2271.6,2272.3,SINUS,0.986
3149,2272.3,2273.0,SINUS,0.988
3150,2273.0,2273.7,SINUS,0.993
3151,2273.7,2274.4,SINUS,0.994
3152,2274.4,2275.1,SINUS,0.994
3153,2275.1,2275.8,SINUS,0.993
3154,2275.8,2276.6,SINUS,0.989
3155,2276.6,2277.3,SINUS,0.977
3156,2277.3,2278.0,SINUS,0.988
3157,2278.0,2278.7,SINUS,0.998
3158,2278.7,2279.4,SINUS,0.998
3159,2279.4,2280.1,SINUS,0.998
3160,2280.1,2280.8,SINUS,0.998
3161,2280.8,2281.5,SINUS,0.996
3162,2281.5,2282.2,SINUS,0.993
3163,2282.2,2283.0,SINUS,0.993
3164,2283.0,2283.7,SINUS,0.989
3165,2283.7,2284.4,SINUS,0.992
3166,2284.4,2285.1,SINUS,0.991
3167,2285.1,2285.8,SINUS,0.992
3168,2285.8,2286.5,SINUS,0.985
3169,2286.5,2287.2,SINUS,0.972
3170,2287.2,2287.9,SINUS,0.985
3171,2287.9,2288.6,SINUS,0.991
3172,2288.6,2289.4,SINUS,0.994
3173,2289.4,2290.1,SINUS,0.993
3174,2290.1,2290.8,SINUS,0.992
3175,2290.8,2291.5,SINUS,0.979
3176,2291.5,2292.2,SINUS,0.962
3177,2292.2,2292.9,SINUS,0.98
3178,2292.9,2293.6,SINUS,0.987
3179,2293.6,2294.3,SINUS,0.993
3180,2294.3,2295.0,SINUS,0.995
3181,2295.0,2295.8,SINUS,0.996
3182,2295.8,2296.5,SINUS,0.992
3183,2296.5,2297.2,SINUS,0.993
3184,2297.2,2297.9,SINUS,0.991
3185,2297.9,2298.6,SINUS,0.98
3186,2298.6,2299.3,SINUS,0.987
3187,2299.3,2300.0,SINUS,0.992
3188,2300.0,2300.7,SINUS,0.99
3189,2300.7,2301.4,SINUS,0.988
3190,2301.4,2302.2,SINUS,0.981
3191,2302.2,2302.9,SINUS,0.986
3192,2302.9,2303.6,SINUS,0.991
3193,2303.6,2304.3,SINUS,0.992
3194,2304.3,2305.0,SINUS,0.995
3195,2305.0,2305.7,SINUS,0.992
3196,2305.7,2306.4,SINUS,0.993
3197,2306.4,2307.1,SINUS,0.988
3198,2307.1,2307.8,SINUS,0.993
3199,2307.8,2308.6,SINUS,0.993
3200,2308.6,2309.3,SINUS,0.996
3201,2309.3,2310.0,SINUS,0.994
3202,2310.0,2310.7,SINUS,0.992
3203,2310.7,2311.4,SINUS,0.98
3204,2311.4,2312.1,SINUS,0.968
3205,2312.1,2312.8,SINUS,0.965
3206,2312.8,2313.5,SINUS,0.988
3207,2313.5,2314.2,SINUS,0.992
3208,2314.2,2315.0,SINUS,0.991
3209,2315.0,2315.7,SINUS,0.992
3210,2315.7,2316.4,SINUS,0.987
3211,2316.4,2317.1,SINUS,0.985
3212,2317.1,2317.8,SINUS,0.985
3213,2317.8,2318.5,SINUS,0.992
3214,2318.5,2319.2,SINUS,0.992
3215,2319.2,2319.9,SINUS,0.996
3216,2319.9,2320.6,SINUS,0.995
3217,2320.6,2321.4,SINUS,0.994
3218,2321.4,2322.1,SINUS,0.991
3219,2322.1,2322.8,SINUS,0.993
3220,2322.8,2323.5,SINUS,0.987
3221,2323.5,2324.2,SINUS,0.995
3222,2324.2,2324.9,SINUS,0.994
3223,2324.9,2325.6,SINUS,0.994
3224,2325.6,2326.3,SINUS,0.992
3225,2326.3,2327.0,SINUS,0.989
3226,2327.0,2327.8,SINUS,0.992
3227,2327.8,2328.5,SINUS,0.996
3228,2328.5,2329.2,SINUS,0.997
3229,2329.2,2329.9,SINUS,0.996
3230,2329.9,2330.6,SINUS,0.996
3231,2330.6,2331.3,SINUS,0.994
3232,2331.3,2332.0,SINUS,0.993
3233,2332.0,2332.7,SINUS,0.992
3234,2332.7,2333.4,SINUS,0.991
3235,2333.4,2334.2,SINUS,0.992
3236,2334.2,2334.9,SINUS,0.989
3237,2334.9,2335.6,SINUS,0.99
3238,2335.6,2336.3,SINUS,0.982
3239,2336.3,2337.0,SINUS,0.985
3240,2337.0,2337.7,SINUS,0.984
3241,2337.7,2338.4,SINUS,0.986
3242,2338.4,2339.1,SINUS,0.987
3243,2339.1,2339.8,SINUS,0.991
3244,2339.8,2340.6,SINUS,0.985
3245,2340.6,2341.3,SINUS,0.987
3246,2341.3,2342.0,SINUS,0.973
3247,2342.0,2342.7,SINUS,0.986
3248,2342.7,2343.4,SINUS,0.979
3249,2343.4,2344.1,SINUS,0.986
3250,2344.1,2344.8,SINUS,0.993
3251,2344.8,2345.5,SINUS,0.993
3252,2345.5,2346.2,SINUS,0.992
3253,2346.2,2347.0,SINUS,0.987
3254,2347.0,2347.7,SINUS,0.991
3255,2347.7,2348.4,SINUS,0.986
3256,2348.4,2349.1,SINUS,0.99
3257,2349.1,2349.8,SINUS,0.987
3258,2349.8,2350.5,SINUS,0.987
3259,2350.5,2351.2,SINUS,0.979
3260,2351.2,2351.9,SINUS,0.971
3261,2351.9,2352.6,SINUS,0.97
3262,2352.6,2353.4,SINUS,0.993
3263,2353.4,2354.1,SINUS,0.991
3264,2354.1,2354.8,SINUS,0.994
3265,2354.8,2355.5,SINUS,0.993
3266,2355.5,2356.2,SINUS,0.99
3267,2356.2,2356.9,SINUS,0.986
3268,2356.9,2357.6,SINUS,0.975
3269,2357.6,2358.3,SINUS,0.994
3270,2358.3,2359.0,SINUS,0.992
3271,2359.0,2359.8,SINUS,0.995
3272,2359.8,2360.5,SINUS,0.992
3273,2360.5,2361.2,SINUS,0.988
3274,2361.2,2361.9,SINUS,0.978
3275,2361.9,2362.6,SINUS,0.982
3276,2362.6,2363.3,SINUS,0.978
3277,2363.3,2364.0,SINUS,0.99
3278,2364.0,2364.7,SINUS,0.991
3279,2364.7,2365.4,SINUS,0.994
3280,2365.4,2366.2,SINUS,0.989
3281,2366.2,2366.9,SINUS,0.984
3282,2366.9,2367.6,SINUS,0.986
3283,2367.6,2368.3,SINUS,0.994
3284,2368.3,2369.0,SINUS,0.992
3285,2369.0,2369.7,SINUS,0.994
3286,2369.7,2370.4,SINUS,0.994
3287,2370.4,2371.1,SINUS,0.99
3288,2371.1,2371.8,SINUS,0.988
3289,2371.8,2372.6,SINUS,0.988
3290,2372.6,2373.3,SINUS,0.989
3291,2373.3,2374.0,SINUS,0.99
3292,2374.0,2374.7,SINUS,0.993
3293,2374.7,2375.4,SINUS,0.993
3294,2375.4,2376.1,SINUS,0.99
3295,2376.1,2376.8,SINUS,0.984
3296,2376.8,2377.5,SINUS,0.984
3297,2377.5,2378.2,SINUS,0.99
3298,2378.2,2379.0,SINUS,0.993
3299,2379.0,2379.7,SINUS,0.995
3300,2379.7,2380.4,SINUS,0.993
3301,2380.4,2381.1,SINUS,0.989
3302,2381.1,2381.8,SINUS,0.975
3303,2381.8,2382.5,SINUS,0.985
3304,2382.5,2383.2,SINUS,0.982
3305,2383.2,2383.9,SINUS,0.991
3306,2383.9,2384.6,SINUS,0.993
3307,2384.6,2385.4,SINUS,0.987
3308,2385.4,2386.1,SINUS,0.987
3309,2386.1,2386.8,SINUS,0.973
3310,2386.8,2387.5,SINUS,0.986
3311,2387.5,2388.2,SINUS,0.989
3312,2388.2,2388.9,SINUS,0.994
3313,2388.9,2389.6,SINUS,0.996
3314,2389.6,2390.3,SINUS,0.995
3315,2390.3,2391.0,SINUS,0.99
3316,2391.0,2391.8,SINUS,0.977
3317,2391.8,2392.5,SINUS,0.988
3318,2392.5,2393.2,SINUS,0.979
3319,2393.2,2393.9,SINUS,0.985
3320,2393.9,2394.6,SINUS,0.985
3321,2394.6,2395.3,SINUS,0.979
3322,2395.3,2396.0,SINUS,0.977
3323,2396.0,2396.7,SINUS,0.943
3324,2396.7,2397.4,SINUS,0.976
3325,2397.4,2398.2,SINUS,0.991
3326,2398.2,2398.9,SINUS,0.995
3327,2398.9,2399.6,SINUS,0.994
3328,2399.6,2400.3,SINUS,0.992
3329,2400.3,2401.0,SINUS,0.984
3330,2401.0,2401.7,SINUS,0.959
3331,2401.7,2402.4,SINUS,0.969
3332,2402.4,2403.1,SINUS,0.99
3333,2403.1,2403.8,SINUS,0.996
3334,2403.8,2404.6,SINUS,0.995
3335,2404.6,2405.3,SINUS,0.994
3336,2405.3,2406.0,SINUS,0.99
3337,2406.0,2406.7,SINUS,0.975
3338,2406.7,2407.4,SINUS,0.976
3339,2407.4,2408.1,SINUS,0.988
3340,2408.1,2408.8,SINUS,0.992
3341,2408.8,2409.5,SINUS,0.993
3342,2409.5,2410.2,SINUS,0.993
3343,2410.2,2411.0,SINUS,0.978
3344,2411.0,2411.7,SINUS,0.97
3345,2411.7,2412.4,SINUS,0.973
3346,2412.4,2413.1,SINUS,0.993
3347,2413.1,2413.8,SINUS,0.993
3348,2413.8,2414.5,SINUS,0.993
3349,2414.5,2415.2,SINUS,0.995
3350,2415.2,2415.9,SINUS,0.989
3351,2415.9,2416.6,SINUS,0.986
3352,2416.6,2417.4,SINUS,0.981
3353,2417.4,2418.1,SINUS,0.993
3354,2418.1,2418.8,SINUS,0.99
3355,2418.8,2419.5,SINUS,0.995
3356,2419.5,2420.2,SINUS,0.992
3357,2420.2,2420.9,SINUS,0.992
3358,2420.9,2421.6,SINUS,0.987
3359,2421.6,2422.3,SINUS,0.985
3360,2422.3,2423.0,SINUS,0.995
3361,2423.0,2423.8,SINUS,0.996
3362,2423.8,2424.5,SINUS,0.997
3363,2424.5,2425.2,SINUS,0.995
3364,2425.2,2425.9,SINUS,0.993
3365,2425.9,2426.6,SINUS,0.989
3366,2426.6,2427.3,SINUS,0.986
3367,2427.3,2428.0,SINUS,0.994
3368,2428.0,2428.7,SINUS,0.998
3369,2428.7,2429.4,SINUS,0.997
3370,2429.4,2430.2,SINUS,0.997
3371,2430.2,2430.9,SINUS,0.995
3372,2430.9,2431.6,SINUS,0.994
3373,2431.6,2432.3,SINUS,0.995
3374,2432.3,2433.0,SINUS,0.989
3375,2433.0,2433.7,SINUS,0.994
3376,2433.7,2434.4,SINUS,0.992
3377,2434.4,2435.1,SINUS,0.994
3378,2435.1,2435.8,SINUS,0.985
3379,2435.8,2436.6,SINUS,0.987
3380,2436.6,2437.3,SINUS,0.987
3381,2437.3,2438.0,SINUS,0.991
3382,2438.0,2438.7,SINUS,0.992
3383,2438.7,2439.4,SINUS,0.994
3384,2439.4,2440.1,SINUS,0.993
3385,2440.1,2440.8,SINUS,0.992
3386,2440.8,2441.5,SINUS,0.993
3387,2441.5,2442.2,SINUS,0.991
3388,2442.2,2443.0,SINUS,0.99
3389,2443.0,2443.7,SINUS,0.99
3390,2443.7,2444.4,SINUS,0.991
3391,2444.4,2445.1,SINUS,0.991
3392,2445.1,2445.8,SINUS,0.991
3393,2445.8,2446.5,SINUS,0.992
3394,2446.5,2447.2,SINUS,0.987
3395,2447.2,2447.9,SINUS,0.99
3396,2447.9,2448.6,SINUS,0.993
3397,2448.6,2449.4,SINUS,0.994
3398,2449.4,2450.1,SINUS,0.991
3399,2450.1,2450.8,SINUS,0.988
3400,2450.8,2451.5,SINUS,0.977
3401,2451.5,2452.2,SINUS,0.987
3402,2452.2,2452.9,SINUS,0.995
3403,2452.9,2453.6,SINUS,0.996
3404,2453.6,2454.3,SINUS,0.996
3405,2454.3,2455.0,SINUS,0.995
3406,2455.0,2455.8,SINUS,0.992
3407,2455.8,2456.5,SINUS,0.985
3408,2456.5,2457.2,SINUS,0.991
3409,2457.2,2457.9,SINUS,0.995
3410,2457.9,2458.6,SINUS,0.997
3411,2458.6,2459.3,SINUS,0.996
3412,2459.3,2460.0,SINUS,0.995
3413,2460.0,2460.7,SINUS,0.991
3414,2460.7,2461.4,SINUS,0.987
3415,2461.4,2462.2,SINUS,0.986
3416,2462.2,2462.9,SINUS,0.99
3417,2462.9,2463.6,SINUS,0.993
3418,2463.6,2464.3,SINUS,0.995
3419,2464.3,2465.0,SINUS,0.994
3420,2465.0,2465.7,SINUS,0.985
3421,2465.7,2466.4,SINUS,0.972
3422,2466.4,2467.1,SINUS,0.97
3423,2467.1,2467.8,SINUS,0.991
3424,2467.8,2468.6,SINUS,0.991
3425,2468.6,2469.3,SINUS,0.993
3426,2469.3,2470.0,SINUS,0.987
3427,2470.0,2470.7,SINUS,0.982
3428,2470.7,2471.4,SINUS,0.958
3429,2471.4,2472.1,SINUS,0.97
3430,2472.1,2472.8,SINUS,0.991
3431,2472.8,2473.5,SINUS,0.992
3432,2473.5,2474.2,SINUS,0.994
3433,2474.2,2475.0,SINUS,0.992
3434,2475.0,2475.7,SINUS,0.983
3435,2475.7,2476.4,SINUS,0.967
3436,2476.4,2477.1,SINUS,0.973
3437,2477.1,2477.8,SINUS,0.995
3438,2477.8,2478.5,SINUS,0.996
3439,2478.5,2479.2,SINUS,0.995
3440,2479.2,2479.9,SINUS,0.993
3441,2479.9,2480.6,SINUS,0.986
3442,2480.6,2481.4,SINUS,0.972
3443,2481.4,2482.1,SINUS,0.982
3444,2482.1,2482.8,SINUS,0.993
3445,2482.8,2483.5,SINUS,0.997
3446,2483.5,2484.2,SINUS,0.996
3447,2484.2,2484.9,SINUS,0.996
3448,2484.9,2485.6,SINUS,0.993
3449,2485.6,2486.3,SINUS,0.991
3450,2486.3,2487.0,SINUS,0.986
3451,2487.0,2487.8,SINUS,0.995
3452,2487.8,2488.5,SINUS,0.993
3453,2488.5,2489.2,SINUS,0.993
3454,2489.2,2489.9,SINUS,0.992
3455,2489.9,2490.6,SINUS,0.984
3456,2490.6,2491.3,SINUS,0.977
3457,2491.3,2492.0,SINUS,0.978
3458,2492.0,2492.7,SINUS,0.996
3459,2492.7,2493.4,SINUS,0.994
3460,2493.4,2494.2,SINUS,0.996
3461,2494.2,2494.9,SINUS,0.994
3462,2494.9,2495.6,SINUS,0.993
3463,2495.6,2496.3,SINUS,0.988
3464,2496.3,2497.0,SINUS,0.989
3465,2497.0,2497.7,SINUS,0.995
3466,2497.7,2498.4,SINUS,0.998
3467,2498.4,2499.1,SINUS,0.996
3468,2499.1,2499.8,SINUS,0.996
3469,2499.8,2500.6,SINUS,0.993
3470,2500.6,2501.3,SINUS,0.993
3471,2501.3,2502.0,SINUS,0.992
3472,2502.0,2502.7,SINUS,0.996
3473,2502.7,2503.4,SINUS,0.996
3474,2503.4,2504.1,SINUS,0.997
3475,2504.1,2504.8,SINUS,0.996
3476,2504.8,2505.5,SINUS,0.996
3477,2505.5,2506.2,SINUS,0.995
3478,2506.2,2507.0,SINUS,0.991
3479,2507.0,2507.7,SINUS,0.997
3480,2507.7,2508.4,SINUS,0.998
3481,2508.4,2509.1,SINUS,0.998
3482,2509.1,2509.8,SINUS,0.996
3483,2509.8,2510.5,SINUS,0.993
3484,2510.5,2511.2,SINUS,0.988
3485,2511.2,2511.9,SINUS,0.987
3486,2511.9,2512.6,SINUS,0.99
3487,2512.6,2513.4,SINUS,0.995
3488,2513.4,2514.1,SINUS,0.994
3489,2514.1,2514.8,SINUS,0.995
3490,2514.8,2515.5,SINUS,0.989
3491,2515.5,2516.2,SINUS,0.99
3492,2516.2,2516.9,SINUS,0.988
3493,2516.9,2517.6,SINUS,0.996
3494,2517.6,2518.3,SINUS,0.996
3495,2518.3,2519.0,SINUS,0.997
3496,2519.0,2519.8,SINUS,0.995
3497,2519.8,2520.5,SINUS,0.993
3498,2520.5,2521.2,SINUS,0.989
3499,2521.2,2521.9,SINUS,0.99
3500,2521.9,2522.6,SINUS,0.997
3501,2522.6,2523.3,SINUS,0.998
3502,2523.3,2524.0,SINUS,0.998
3503,2524.0,2524.7,SINUS,0.997
3504,2524.7,2525.4,SINUS,0.996
3505,2525.4,2526.2,SINUS,0.991
3506,2526.2,2526.9,SINUS,0.992
3507,2526.9,2527.6,SINUS,0.991
3508,2527.6,2528.3,SINUS,0.994
3509,2528.3,2529.0,SINUS,0.989
3510,2529.0,2529.7,SINUS,0.99
3511,2529.7,2530.4,SINUS,0.974
3512,2530.4,2531.1,SINUS,0.966
3513,2531.1,2531.8,SINUS,0.969
3514,2531.8,2532.6,SINUS,0.995
3515,2532.6,2533.3,SINUS,0.995
3516,2533.3,2534.0,SINUS,0.997
3517,2534.0,2534.7,SINUS,0.996
3518,2534.7,2535.4,SINUS,0.996
3519,2535.4,2536.1,SINUS,0.994
3520,2536.1,2536.8,SINUS,0.991
3521,2536.8,2537.5,SINUS,0.996
3522,2537.5,2538.2,SINUS,0.997
3523,2538.2,2539.0,SINUS,0.995
3524,2539.0,2539.7,SINUS,0.993
3525,2539.7,2540.4,SINUS,0.987
3526,2540.4,2541.1,SINUS,0.982
3527,2541.1,2541.8,SINUS,0.982
3528,2541.8,2542.5,SINUS,0.985
3529,2542.5,2543.2,SINUS,0.994
3530,2543.2,2543.9,SINUS,0.994
3531,2543.9,2544.6,SINUS,0.996
3532,2544.6,2545.4,SINUS,0.992
3533,2545.4,2546.1,SINUS,0.991
3534,2546.1,2546.8,SINUS,0.989
3535,2546.8,2547.5,SINUS,0.995
3536,2547.5,2548.2,SINUS,0.994
3537,2548.2,2548.9,SINUS,0.996
3538,2548.9,2549.6,SINUS,0.993
3539,2549.6,2550.3,SINUS,0.991
3540,2550.3,2551.0,SINUS,0.983
3541,2551.0,2551.8,SINUS,0.986
3542,2551.8,2552.5,SINUS,0.996
3543,2552.5,2553.2,SINUS,0.997
3544,2553.2,2553.9,SINUS,0.997
3545,2553.9,2554.6,SINUS,0.997
3546,2554.6,2555.3,SINUS,0.994
3547,2555.3,2556.0,SINUS,0.99
3548,2556.0,2556.7,SINUS,0.989
3549,2556.7,2557.4,SINUS,0.994
3550,2557.4,2558.2,SINUS,0.997
3551,2558.2,2558.9,SINUS,0.996
3552,2558.9,2559.6,SINUS,0.994
3553,2559.6,2560.3,SINUS,0.993
3554,2560.3,2561.0,SINUS,0.993
3555,2561.0,2561.7,SINUS,0.993
3556,2561.7,2562.4,SINUS,0.997
3557,2562.4,2563.1,SINUS,0.998
3558,2563.1,2563.8,SINUS,0.998
3559,2563.8,2564.6,SINUS,0.997
3560,2564.6,2565.3,SINUS,0.996
3561,2565.3,2566.0,SINUS,0.993
3562,2566.0,2566.7,SINUS,0.991
3563,2566.7,2567.4,SINUS,0.997
3564,2567.4,2568.1,SINUS,0.998
3565,2568.1,2568.8,SINUS,0.998
3566,2568.8,2569.5,SINUS,0.998
3567,2569.5,2570.2,SINUS,0.996
3568,2570.2,2571.0,SINUS,0.993
3569,2571.0,2571.7,SINUS,0.994
3570,2571.7,2572.4,SINUS,0.996
3571,2572.4,2573.1,SINUS,0.998
3572,2573.1,2573.8,SINUS,0.998
3573,2573.8,2574.5,SINUS,0.998
3574,2574.5,2575.2,SINUS,0.995
3575,2575.2,2575.9,SINUS,0.993
3576,2575.9,2576.6,SINUS,0.989
3577,2576.6,2577.4,SINUS,0.996
3578,2577.4,2578.1,SINUS,0.996
3579,2578.1,2578.8,SINUS,0.997
3580,2578.8,2579.5,SINUS,0.997
3581,2579.5,2580.2,SINUS,0.996
3582,2580.2,2580.9,SINUS,0.994
3583,2580.9,2581.6,SINUS,0.994
3584,2581.6,2582.3,SINUS,0.996
3585,2582.3,2583.0,SINUS,0.998
3586,2583.0,2583.8,SINUS,0.997
3587,2583.8,2584.5,SINUS,0.997
3588,2584.5,2585.2,SINUS,0.996
3589,2585.2,2585.9,SINUS,0.994
3590,2585.9,2586.6,SINUS,0.993
3591,2586.6,2587.3,SINUS,0.997
3592,2587.3,2588.0,SINUS,0.998
3593,2588.0,2588.7,SINUS,0.998
3594,2588.7,2589.4,SINUS,0.998
3595,2589.4,2590.2,SINUS,0.997
3596,2590.2,2590.9,SINUS,0.995
3597,2590.9,2591.6,SINUS,0.996
3598,2591.6,2592.3,SINUS,0.997
3599,2592.3,2593.0,SINUS,0.998
3600,2593.0,2593.7,SINUS,0.998
3601,2593.7,2594.4,SINUS,0.997
3602,2594.4,2595.1,SINUS,0.996
3603,2595.1,2595.8,SINUS,0.994
3604,2595.8,2596.6,SINUS,0.995
3605,2596.6,2597.3,SINUS,0.998
3606,2597.3,2598.0,SINUS,0.998
3607,2598.0,2598.7,SINUS,0.999
3608,2598.7,2599.4,SINUS,0.998
3609,2599.4,2600.1,SINUS,0.998
3610,2600.1,2600.8,SINUS,0.998
3611,2600.8,2601.5,SINUS,0.997
3612,2601.5,2602.2,SINUS,0.992
3613,2602.2,2603.0,SINUS,0.995
3614,2603.0,2603.7,SINUS,0.996
3615,2603.7,2604.4,SINUS,0.996
3616,2604.4,2605.1,SINUS,0.996
3617,2605.1,2605.8,SINUS,0.995
3618,2605.8,2606.5,SINUS,0.994
3619,2606.5,2607.2,SINUS,0.989
3620,2607.2,2607.9,SINUS,0.988
3621,2607.9,2608.6,SINUS,0.992
3622,2608.6,2609.4,SINUS,0.995
3623,2609.4,2610.1,SINUS,0.993
3624,2610.1,2610.8,SINUS,0.994
3625,2610.8,2611.5,SINUS,0.994
3626,2611.5,2612.2,SINUS,0.994
3627,2612.2,2612.9,SINUS,0.996
3628,2612.9,2613.6,SINUS,0.997
3629,2613.6,2614.3,SINUS,0.997
3630,2614.3,2615.0,SINUS,0.996
3631,2615.0,2615.8,SINUS,0.996
3632,2615.8,2616.5,SINUS,0.995
3633,2616.5,2617.2,SINUS,0.998
3634,2617.2,2617.9,SINUS,0.998
3635,2617.9,2618.6,SINUS,0.999
3636,2618.6,2619.3,SINUS,0.999
3637,2619.3,2620.0,SINUS,0.998
3638,2620.0,2620.7,SINUS,0.998
3639,2620.7,2621.4,SINUS,0.997
3640,2621.4,2622.2,SINUS,0.998
3641,2622.2,2622.9,SINUS,0.998
3642,2622.9,2623.6,SINUS,0.999
3643,2623.6,2624.3,SINUS,0.998
3644,2624.3,2625.0,SINUS,0.996
3645,2625.0,2625.7,SINUS,0.995
3646,2625.7,2626.4,SINUS,0.995
3647,2626.4,2627.1,SINUS,0.991
3648,2627.1,2627.8,SINUS,0.995
3649,2627.8,2628.6,SINUS,0.996
3650,2628.6,2629.3,SINUS,0.997
3651,2629.3,2630.0,SINUS,0.993
3652,2630.0,2630.7,SINUS,0.994
3653,2630.7,2631.4,SINUS,0.994
3654,2631.4,2632.1,SINUS,0.997
3655,2632.1,2632.8,SINUS,0.998
3656,2632.8,2633.5,SINUS,0.997
3657,2633.5,2634.2,SINUS,0.997
3658,2634.2,2635.0,SINUS,0.997
3659,2635.0,2635.7,SINUS,0.996
3660,2635.7,2636.4,SINUS,0.996
3661,2636.4,2637.1,SINUS,0.997
3662,2637.1,2637.8,SINUS,0.998
3663,2637.8,2638.5,SINUS,0.998
3664,2638.5,2639.2,SINUS,0.998
3665,2639.2,2639.9,SINUS,0.998
3666,2639.9,2640.6,SINUS,0.997
3667,2640.6,2641.4,SINUS,0.996
3668,2641.4,2642.1,SINUS,0.998
3669,2642.1,2642.8,SINUS,0.998
3670,2642.8,2643.5,SINUS,0.999
3671,2643.5,2644.2,SINUS,0.998
3672,2644.2,2644.9,SINUS,0.998
3673,2644.9,2645.6,SINUS,0.998
3674,2645.6,2646.3,SINUS,0.996
3675,2646.3,2647.0,SINUS,0.994
3676,2647.0,2647.8,SINUS,0.995
3677,2647.8,2648.5,SINUS,0.994
3678,2648.5,2649.2,SINUS,0.995
3679,2649.2,2649.9,SINUS,0.991
3680,2649.9,2650.6,SINUS,0.989
3681,2650.6,2651.3,SINUS,0.986
3682,2651.3,2652.0,SINUS,0.997
3683,2652.0,2652.7,SINUS,0.998
3684,2652.7,2653.4,SINUS,0.998
3685,2653.4,2654.2,SINUS,0.998
3686,2654.2,2654.9,SINUS,0.998
3687,2654.9,2655.6,SINUS,0.996
3688,2655.6,2656.3,SINUS,0.994
3689,2656.3,2657.0,SINUS,0.996
3690,2657.0,2657.7,SINUS,0.998
3691,2657.7,2658.4,SINUS,0.999
3692,2658.4,2659.1,SINUS,0.998
3693,2659.1,2659.8,SINUS,0.998
3694,2659.8,2660.6,SINUS,0.997
3695,2660.6,2661.3,SINUS,0.996
3696,2661.3,2662.0,SINUS,0.998
3697,2662.0,2662.7,SINUS,0.999
3698,2662.7,2663.4,SINUS,0.999
3699,2663.4,2664.1,SINUS,0.999
3700,2664.1,2664.8,SINUS,0.998
3701,2664.8,2665.5,SINUS,0.998
3702,2665.5,2666.2,SINUS,0.997
3703,2666.2,2667.0,SINUS,0.996
3704,2667.0,2667.7,SINUS,0.998
3705,2667.7,2668.4,SINUS,0.998
3706,2668.4,2669.1,SINUS,0.998
3707,2669.1,2669.8,SINUS,0.996
3708,2669.8,2670.5,SINUS,0.993
3709,2670.5,2671.2,SINUS,0.991
3710,2671.2,2671.9,SINUS,0.997
3711,2671.9,2672.6,SINUS,0.999
3712,2672.6,2673.4,SINUS,0.999
3713,2673.4,2674.1,SINUS,0.999
3714,2674.1,2674.8,SINUS,0.999
3715,2674.8,2675.5,SINUS,0.998
3716,2675.5,2676.2,SINUS,0.998
3717,2676.2,2676.9,SINUS,0.998
3718,2676.9,2677.6,SINUS,0.999
3719,2677.6,2678.3,SINUS,0.999
3720,2678.3,2679.0,SINUS,0.999
3721,2679.0,2679.8,SINUS,0.998
3722,2679.8,2680.5,SINUS,0.998
3723,2680.5,2681.2,SINUS,0.997
3724,2681.2,2681.9,SINUS,0.998
3725,2681.9,2682.6,SINUS,0.999
3726,2682.6,2683.3,SINUS,0.999
3727,2683.3,2684.0,SINUS,0.999
3728,2684.0,2684.7,SINUS,0.998
3729,2684.7,2685.4,SINUS,0.997
3730,2685.4,2686.2,SINUS,0.995
3731,2686.2,2686.9,SINUS,0.997
3732,2686.9,2687.6,SINUS,0.998
3733,2687.6,2688.3,SINUS,0.999
3734,2688.3,2689.0,SINUS,0.998
3735,2689.0,2689.7,SINUS,0.998
3736,2689.7,2690.4,SINUS,0.997
3737,2690.4,2691.1,SINUS,0.997
3738,2691.1,2691.8,SINUS,0.999
3739,2691.8,2692.6,SINUS,0.999
3740,2692.6,2693.3,SINUS,0.999
3741,2693.3,2694.0,SINUS,0.999
3742,2694.0,2694.7,SINUS,0.999
3743,2694.7,2695.4,SINUS,0.998
3744,2695.4,2696.1,SINUS,0.997
3745,2696.1,2696.8,SINUS,0.998
3746,2696.8,2697.5,SINUS,0.999
3747,2697.5,2698.2,SINUS,0.999
3748,2698.2,2699.0,SINUS,0.999
3749,2699.0,2699.7,SINUS,0.999
3750,2699.7,2700.4,SINUS,0.999
3751,2700.4,2701.1,SINUS,0.998
3752,2701.1,2701.8,SINUS,0.998
3753,2701.8,2702.5,SINUS,0.999
3754,2702.5,2703.2,SINUS,0.998
3755,2703.2,2703.9,SINUS,0.999
3756,2703.9,2704.6,SINUS,0.998
3757,2704.6,2705.4,SINUS,0.997
3758,2705.4,2706.1,SINUS,0.996
3759,2706.1,2706.8,SINUS,0.998
3760,2706.8,2707.5,SINUS,0.999
3761,2707.5,2708.2,SINUS,0.999
3762,2708.2,2708.9,SINUS,0.999
3763,2708.9,2709.6,SINUS,0.998
3764,2709.6,2710.3,SINUS,0.997
3765,2710.3,2711.0,SINUS,0.995
3766,2711.0,2711.8,SINUS,0.998
3767,2711.8,2712.5,SINUS,0.998
3768,2712.5,2713.2,SINUS,0.999
3769,2713.2,2713.9,SINUS,0.999
3770,2713.9,2714.6,SINUS,0.998
3771,2714.6,2715.3,SINUS,0.997
3772,2715.3,2716.0,SINUS,0.996
3773,2716.0,2716.7,SINUS,0.998
3774,2716.7,2717.4,SINUS,0.999
3775,2717.4,2718.2,SINUS,0.999
3776,2718.2,2718.9,SINUS,0.998
3777,2718.9,2719.6,SINUS,0.998
3778,2719.6,2720.3,SINUS,0.997
3779,2720.3,2721.0,SINUS,0.996
3780,2721.0,2721.7,SINUS,0.997
3781,2721.7,2722.4,SINUS,0.999
3782,2722.4,2723.1,SINUS,0.998
3783,2723.1,2723.8,SINUS,0.998
3784,2723.8,2724.6,SINUS,0.998
3785,2724.6,2725.3,SINUS,0.996
3786,2725.3,2726.0,SINUS,0.993
3787,2726.0,2726.7,SINUS,0.995
3788,2726.7,2727.4,SINUS,0.999
3789,2727.4,2728.1,SINUS,0.998
3790,2728.1,2728.8,SINUS,0.999
3791,2728.8,2729.5,SINUS,0.998
3792,2729.5,2730.2,SINUS,0.997
3793,2730.2,2731.0,SINUS,0.996
3794,2731.0,2731.7,SINUS,0.999
3795,2731.7,2732.4,SINUS,0.999
3796,2732.4,2733.1,SINUS,0.999
3797,2733.1,2733.8,SINUS,0.998
3798,2733.8,2734.5,SINUS,0.998
3799,2734.5,2735.2,SINUS,0.998
3800,2735.2,2735.9,SINUS,0.997
3801,2735.9,2736.6,SINUS,0.998
3802,2736.6,2737.4,SINUS,0.999
3803,2737.4,2738.1,SINUS,0.999
3804,2738.1,2738.8,SINUS,0.999
3805,2738.8,2739.5,SINUS,0.999
3806,2739.5,2740.2,SINUS,0.998
3807,2740.2,2740.9,SINUS,0.997
3808,2740.9,2741.6,SINUS,0.998
3809,2741.6,2742.3,SINUS,0.999
3810,2742.3,2743.0,SINUS,0.999
3811,2743.0,2743.8,SINUS,0.999
3812,2743.8,2744.5,SINUS,0.999
3813,2744.5,2745.2,SINUS,0.998
3814,2745.2,2745.9,SINUS,0.997
3815,2745.9,2746.6,SINUS,0.998
3816,2746.6,2747.3,SINUS,0.999
3817,2747.3,2748.0,SINUS,0.999
3818,2748.0,2748.7,SINUS,0.999
3819,2748.7,2749.4,SINUS,0.999
3820,2749.4,2750.2,SINUS,0.998
3821,2750.2,2750.9,SINUS,0.997
3822,2750.9,2751.6,SINUS,0.998
3823,2751.6,2752.3,SINUS,0.999
3824,2752.3,2753.0,SINUS,0.999
3825,2753.0,2753.7,SINUS,0.999
3826,2753.7,2754.4,SINUS,0.999
3827,2754.4,2755.1,SINUS,0.998
3828,2755.1,2755.8,SINUS,0.997
3829,2755.8,2756.6,SINUS,0.998
3830,2756.6,2757.3,SINUS,0.998
3831,2757.3,2758.0,SINUS,0.998
3832,2758.0,2758.7,SINUS,0.998
3833,2758.7,2759.4,SINUS,0.997
3834,2759.4,2760.1,SINUS,0.995
3835,2760.1,2760.8,SINUS,0.995
3836,2760.8,2761.5,SINUS,0.998
3837,2761.5,2762.2,SINUS,0.999
3838,2762.2,2763.0,SINUS,0.999
3839,2763.0,2763.7,SINUS,0.999
3840,2763.7,2764.4,SINUS,0.998
3841,2764.4,2765.1,SINUS,0.998
3842,2765.1,2765.8,SINUS,0.997
3843,2765.8,2766.5,SINUS,0.998
3844,2766.5,2767.2,SINUS,0.999
3845,2767.2,2767.9,SINUS,0.999
3846,2767.9,2768.6,SINUS,0.998
3847,2768.6,2769.4,SINUS,0.998
3848,2769.4,2770.1,SINUS,0.998
3849,2770.1,2770.8,SINUS,0.996
3850,2770.8,2771.5,SINUS,0.997
3851,2771.5,2772.2,SINUS,0.998
3852,2772.2,2772.9,SINUS,0.998
3853,2772.9,2773.6,SINUS,0.998
3854,2773.6,2774.3,SINUS,0.996
3855,2774.3,2775.0,SINUS,0.995
3856,2775.0,2775.8,SINUS,0.994
3857,2775.8,2776.5,SINUS,0.998
3858,2776.5,2777.2,SINUS,0.999
3859,2777.2,2777.9,SINUS,0.999
3860,2777.9,2778.6,SINUS,0.999
3861,2778.6,2779.3,SINUS,0.998
3862,2779.3,2780.0,SINUS,0.997
3863,2780.0,2780.7,SINUS,0.996
3864,2780.7,2781.4,SINUS,0.997
3865,2781.4,2782.2,SINUS,0.999
3866,2782.2,2782.9,SINUS,0.999
3867,2782.9,2783.6,SINUS,0.998
3868,2783.6,2784.3,SINUS,0.998
3869,2784.3,2785.0,SINUS,0.997
3870,2785.0,2785.7,SINUS,0.994
3871,2785.7,2786.4,SINUS,0.998
3872,2786.4,2787.1,SINUS,0.999
3873,2787.1,2787.8,SINUS,0.998
3874,2787.8,2788.6,SINUS,0.998
3875,2788.6,2789.3,SINUS,0.998
3876,2789.3,2790.0,SINUS,0.994
3877,2790.0,2790.7,SINUS,0.991
3878,2790.7,2791.4,SINUS,0.998
3879,2791.4,2792.1,SINUS,0.999
3880,2792.1,2792.8,SINUS,0.999
3881,2792.8,2793.5,SINUS,0.998
3882,2793.5,2794.2,SINUS,0.998
3883,2794.2,2795.0,SINUS,0.998
3884,2795.0,2795.7,SINUS,0.996
3885,2795.7,2796.4,SINUS,0.997
3886,2796.4,2797.1,SINUS,0.999
3887,2797.1,2797.8,SINUS,0.998
3888,2797.8,2798.5,SINUS,0.997
3889,2798.5,2799.2,SINUS,0.993
3890,2799.2,2799.9,SINUS,0.99
3891,2799.9,2800.6,SINUS,0.983
3892,2800.6,2801.4,SINUS,0.994
3893,2801.4,2802.1,SINUS,0.998
3894,2802.1,2802.8,SINUS,0.998
3895,2802.8,2803.5,SINUS,0.998
3896,2803.5,2804.2,SINUS,0.997
3897,2804.2,2804.9,SINUS,0.995
3898,2804.9,2805.6,SINUS,0.992
3899,2805.6,2806.3,SINUS,0.995
3900,2806.3,2807.0,SINUS,0.998
3901,2807.0,2807.8,SINUS,0.997
3902,2807.8,2808.5,SINUS,0.996
3903,2808.5,2809.2,SINUS,0.991
3904,2809.2,2809.9,SINUS,0.976
3905,2809.9,2810.6,SINUS,0.983
3906,2810.6,2811.3,SINUS,0.997
3907,2811.3,2812.0,SINUS,0.998
3908,2812.0,2812.7,SINUS,0.999
3909,2812.7,2813.4,SINUS,0.998
3910,2813.4,2814.2,SINUS,0.998
3911,2814.2,2814.9,SINUS,0.997
3912,2814.9,2815.6,SINUS,0.997
3913,2815.6,2816.3,SINUS,0.994
3914,2816.3,2817.0,SINUS,0.997
3915,2817.0,2817.7,SINUS,0.997
3916,2817.7,2818.4,SINUS,0.996
3917,2818.4,2819.1,SINUS,0.993
3918,2819.1,2819.8,SINUS,0.988
3919,2819.8,2820.6,SINUS,0.984
3920,2820.6,2821.3,SINUS,0.996
3921,2821.3,2822.0,SINUS,0.998
3922,2822.0,2822.7,SINUS,0.998
3923,2822.7,2823.4,SINUS,0.998
3924,2823.4,2824.1,SINUS,0.998
3925,2824.1,2824.8,SINUS,0.997
3926,2824.8,2825.5,SINUS,0.996
3927,2825.5,2826.2,SINUS,0.994
3928,2826.2,2827.0,SINUS,0.998
3929,2827.0,2827.7,SINUS,0.998
3930,2827.7,2828.4,SINUS,0.998
3931,2828.4,2829.1,SINUS,0.998
3932,2829.1,2829.8,SINUS,0.997
3933,2829.8,2830.5,SINUS,0.996
3934,2830.5,2831.2,SINUS,0.997
3935,2831.2,2831.9,SINUS,0.998
3936,2831.9,2832.6,SINUS,0.998
3937,2832.6,2833.4,SINUS,0.998
3938,2833.4,2834.1,SINUS,0.997
3939,2834.1,2834.8,SINUS,0.997
3940,2834.8,2835.5,SINUS,0.994
3941,2835.5,2836.2,SINUS,0.999
3942,2836.2,2836.9,SINUS,0.999
3943,2836.9,2837.6,SINUS,0.999
3944,2837.6,2838.3,SINUS,0.999
3945,2838.3,2839.0,SINUS,0.998
3946,2839.0,2839.8,SINUS,0.997
3947,2839.8,2840.5,SINUS,0.998
3948,2840.5,2841.2,SINUS,0.997
3949,2841.2,2841.9,SINUS,0.998
3950,2841.9,2842.6,SINUS,0.998
3951,2842.6,2843.3,SINUS,0.998
3952,2843.3,2844.0,SINUS,0.997
3953,2844.0,2844.7,SINUS,0.995
3954,2844.7,2845.4,SINUS,0.995
3955,2845.4,2846.2,SINUS,0.997
3956,2846.2,2846.9,SINUS,0.998
3957,2846.9,2847.6,SINUS,0.997
3958,2847.6,2848.3,SINUS,0.996
3959,2848.3,2849.0,SINUS,0.994
3960,2849.0,2849.7,SINUS,0.99
3961,2849.7,2850.4,SINUS,0.991
3962,2850.4,2851.1,SINUS,0.995
3963,2851.1,2851.8,SINUS,0.997
3964,2851.8,2852.6,SINUS,0.998
3965,2852.6,2853.3,SINUS,0.997
3966,2853.3,2854.0,SINUS,0.995
3967,2854.0,2854.7,SINUS,0.994
3968,2854.7,2855.4,SINUS,0.993
3969,2855.4,2856.1,SINUS,0.996
3970,2856.1,2856.8,SINUS,0.997
3971,2856.8,2857.5,SINUS,0.998
3972,2857.5,2858.2,SINUS,0.997
3973,2858.2,2859.0,SINUS,0.995
3974,2859.0,2859.7,SINUS,0.992
3975,2859.7,2860.4,SINUS,0.99
3976,2860.4,2861.1,SINUS,0.997
3977,2861.1,2861.8,SINUS,0.999
3978,2861.8,2862.5,SINUS,0.998
3979,2862.5,2863.2,SINUS,0.998
3980,2863.2,2863.9,SINUS,0.997
3981,2863.9,2864.6,SINUS,0.996
3982,2864.6,2865.4,SINUS,0.993
3983,2865.4,2866.1,SINUS,0.996
3984,2866.1,2866.8,SINUS,0.998
3985,2866.8,2867.5,SINUS,0.998
3986,2867.5,2868.2,SINUS,0.999
3987,2868.2,2868.9,SINUS,0.998
3988,2868.9,2869.6,SINUS,0.997
3989,2869.6,2870.3,SINUS,0.996
3990,2870.3,2871.0,SINUS,0.998
3991,2871.0,2871.8,SINUS,0.998
3992,2871.8,2872.5,SINUS,0.998
3993,2872.5,2873.2,SINUS,0.998
3994,2873.2,2873.9,SINUS,0.998
3995,2873.9,2874.6,SINUS,0.996
3996,2874.6,2875.3,SINUS,0.996
3997,2875.3,2876.0,SINUS,0.997
3998,2876.0,2876.7,SINUS,0.998
3999,2876.7,2877.4,SINUS,0.998
4000,2877.4,2878.2,SINUS,0.998
4001,2878.2,2878.9,SINUS,0.998
4002,2878.9,2879.6,SINUS,0.996
4003,2879.6,2880.3,SINUS,0.996
4004,2880.3,2881.0,SINUS,0.998
4005,2881.0,2881.7,SINUS,0.999
4006,2881.7,2882.4,SINUS,0.998
4007,2882.4,2883.1,SINUS,0.998
4008,2883.1,2883.8,SINUS,0.998
4009,2883.8,2884.6,SINUS,0.997
4010,2884.6,2885.3,SINUS,0.995
4011,2885.3,2886.0,SINUS,0.998
4012,2886.0,2886.7,SINUS,0.999
4013,2886.7,2887.4,SINUS,0.999
4014,2887.4,2888.1,SINUS,0.998
4015,2888.1,2888.8,SINUS,0.997
4016,2888.8,2889.5,SINUS,0.996
4017,2889.5,2890.2,SINUS,0.996
4018,2890.2,2891.0,SINUS,0.996
4019,2891.0,2891.7,SINUS,0.998
4020,2891.7,2892.4,SINUS,0.998
4021,2892.4,2893.1,SINUS,0.998
4022,2893.1,2893.8,SINUS,0.997
4023,2893.8,2894.5,SINUS,0.996
4024,2894.5,2895.2,SINUS,0.993
4025,2895.2,2895.9,SINUS,0.998
4026,2895.9,2896.6,SINUS,0.999
4027,2896.6,2897.4,SINUS,0.999
4028,2897.4,2898.1,SINUS,0.998
4029,2898.1,2898.8,SINUS,0.997
4030,2898.8,2899.5,SINUS,0.992
4031,2899.5,2900.2,SINUS,0.99
4032,2900.2,2900.9,SINUS,0.998
4033,2900.9,2901.6,SINUS,0.999
4034,2901.6,2902.3,SINUS,0.999
4035,2902.3,2903.0,SINUS,0.998
4036,2903.0,2903.8,SINUS,0.997
4037,2903.8,2904.5,SINUS,0.994
4038,2904.5,2905.2,SINUS,0.99
4039,2905.2,2905.9,SINUS,0.996
4040,2905.9,2906.6,SINUS,0.996
4041,2906.6,2907.3,SINUS,0.998
4042,2907.3,2908.0,SINUS,0.996
4043,2908.0,2908.7,SINUS,0.996
4044,2908.7,2909.4,SINUS,0.993
4045,2909.4,2910.2,SINUS,0.991
4046,2910.2,2910.9,SINUS,0.997
4047,2910.9,2911.6,SINUS,0.999
4048,2911.6,2912.3,SINUS,0.998
4049,2912.3,2913.0,SINUS,0.998
4050,2913.0,2913.7,SINUS,0.997
4051,2913.7,2914.4,SINUS,0.996
4052,2914.4,2915.1,SINUS,0.993
4053,2915.1,2915.8,SINUS,0.997
4054,2915.8,2916.6,SINUS,0.999
4055,2916.6,2917.3,SINUS,0.999
4056,2917.3,2918.0,SINUS,0.999
4057,2918.0,2918.7,SINUS,0.998
4058,2918.7,2919.4,SINUS,0.998
4059,2919.4,2920.1,SINUS,0.996
4060,2920.1,2920.8,SINUS,0.997
4061,2920.8,2921.5,SINUS,0.999
4062,2921.5,2922.2,SINUS,0.999
4063,2922.2,2923.0,SINUS,0.998
4064,2923.0,2923.7,SINUS,0.998
4065,2923.7,2924.4,SINUS,0.997
4066,2924.4,2925.1,SINUS,0.994
4067,2925.1,2925.8,SINUS,0.998
4068,2925.8,2926.5,SINUS,0.999
4069,2926.5,2927.2,SINUS,0.999
4070,2927.2,2927.9,SINUS,0.999
4071,2927.9,2928.6,SINUS,0.998
4072,2928.6,2929.4,SINUS,0.998
4073,2929.4,2930.1,SINUS,0.997
4074,2930.1,2930.8,SINUS,0.998
4075,2930.8,2931.5,SINUS,0.998
4076,2931.5,2932.2,SINUS,0.998
4077,2932.2,2932.9,SINUS,0.998
4078,2932.9,2933.6,SINUS,0.997
4079,2933.6,2934.3,SINUS,0.996
4080,2934.3,2935.0,SINUS,0.994
4081,2935.0,2935.8,SINUS,0.999
4082,2935.8,2936.5,SINUS,0.999
4083,2936.5,2937.2,SINUS,0.999
4084,2937.2,2937.9,SINUS,0.998
4085,2937.9,2938.6,SINUS,0.998
4086,2938.6,2939.3,SINUS,0.997
4087,2939.3,2940.0,SINUS,0.995
4088,2940.0,2940.7,SINUS,0.999
4089,2940.7,2941.4,SINUS,0.999
4090,2941.4,2942.2,SINUS,0.999
4091,2942.2,2942.9,SINUS,0.999
4092,2942.9,2943.6,SINUS,0.999
4093,2943.6,2944.3,SINUS,0.998
4094,2944.3,2945.0,SINUS,0.995
4095,2945.0,2945.7,SINUS,0.997
4096,2945.7,2946.4,SINUS,0.997
4097,2946.4,2947.1,SINUS,0.998
4098,2947.1,2947.8,SINUS,0.998
4099,2947.8,2948.6,SINUS,0.998
4100,2948.6,2949.3,SINUS,0.998
4101,2949.3,2950.0,SINUS,0.997
4102,2950.0,2950.7,SINUS,0.998
4103,2950.7,2951.4,SINUS,0.999
4104,2951.4,2952.1,SINUS,0.999
4105,2952.1,2952.8,SINUS,0.998
4106,2952.8,2953.5,SINUS,0.996
4107,2953.5,2954.2,SINUS,0.994
4108,2954.2,2955.0,SINUS,0.991
4109,2955.0,2955.7,SINUS,0.998
4110,2955.7,2956.4,SINUS,0.999
4111,2956.4,2957.1,SINUS,0.998
4112,2957.1,2957.8,SINUS,0.998
4113,2957.8,2958.5,SINUS,0.996
4114,2958.5,2959.2,SINUS,0.996
4115,2959.2,2959.9,SINUS,0.992
4116,2959.9,2960.6,SINUS,0.997
4117,2960.6,2961.4,SINUS,0.999
4118,2961.4,2962.1,SINUS,0.999
4119,2962.1,2962.8,SINUS,0.999
4120,2962.8,2963.5,SINUS,0.998
4121,2963.5,2964.2,SINUS,0.998
4122,2964.2,2964.9,SINUS,0.997
4123,2964.9,2965.6,SINUS,0.998
4124,2965.6,2966.3,SINUS,0.999
4125,2966.3,2967.0,SINUS,0.999
4126,2967.0,2967.8,SINUS,0.999
4127,2967.8,2968.5,SINUS,0.999
4128,2968.5,2969.2,SINUS,0.998
4129,2969.2,2969.9,SINUS,0.998
4130,2969.9,2970.6,SINUS,0.998
4131,2970.6,2971.3,SINUS,0.999
4132,2971.3,2972.0,SINUS,0.999
4133,2972.0,2972.7,SINUS,0.999
4134,2972.7,2973.4,SINUS,0.998
4135,2973.4,2974.2,SINUS,0.998
4136,2974.2,2974.9,SINUS,0.997
4137,2974.9,2975.6,SINUS,0.996
4138,2975.6,2976.3,SINUS,0.998
4139,2976.3,2977.0,SINUS,0.998
4140,2977.0,2977.7,SINUS,0.994
4141,2977.7,2978.4,SINUS,0.991
4142,2978.4,2979.1,SINUS,0.989
4143,2979.1,2979.8,SINUS,0.992
4144,2979.8,2980.6,SINUS,0.997
4145,2980.6,2981.3,SINUS,0.999
4146,2981.3,2982.0,SINUS,0.999
4147,2982.0,2982.7,SINUS,0.999
4148,2982.7,2983.4,SINUS,0.998
4149,2983.4,2984.1,SINUS,0.998
4150,2984.1,2984.8,SINUS,0.998
4151,2984.8,2985.5,SINUS,0.999
4152,2985.5,2986.2,SINUS,0.999
4153,2986.2,2987.0,SINUS,0.999
4154,2987.0,2987.7,SINUS,0.999
4155,2987.7,2988.4,SINUS,0.998
4156,2988.4,2989.1,SINUS,0.998
4157,2989.1,2989.8,SINUS,0.997
4158,2989.8,2990.5,SINUS,0.997
4159,2990.5,2991.2,SINUS,0.998
4160,2991.2,2991.9,SINUS,0.998
4161,2991.9,2992.6,SINUS,0.998
4162,2992.6,2993.4,SINUS,0.998
4163,2993.4,2994.1,SINUS,0.997
4164,2994.1,2994.8,SINUS,0.996
4165,2994.8,2995.5,SINUS,0.998
4166,2995.5,2996.2,SINUS,0.998
4167,2996.2,2996.9,SINUS,0.998
4168,2996.9,2997.6,SINUS,0.998
4169,2997.6,2998.3,SINUS,0.998
4170,2998.3,2999.0,SINUS,0.997
4171,2999.0,2999.8,SINUS,0.997
4172,2999.8,3000.5,SINUS,0.998
4173,3000.5,3001.2,SINUS,0.998
4174,3001.2,3001.9,SINUS,0.998
4175,3001.9,3002.6,SINUS,0.997
4176,3002.6,3003.3,SINUS,0.997
4177,3003.3,3004.0,SINUS,0.997
4178,3004.0,3004.7,SINUS,0.996
4179,3004.7,3005.4,SINUS,0.998
4180,3005.4,3006.2,SINUS,0.998
4181,3006.2,3006.9,SINUS,0.998
4182,3006.9,3007.6,SINUS,0.997
4183,3007.6,3008.3,SINUS,0.997
4184,3008.3,3009.0,SINUS,0.996
4185,3009.0,3009.7,SINUS,0.996
4186,3009.7,3010.4,SINUS,0.997
4187,3010.4,3011.1,SINUS,0.998
4188,3011.1,3011.8,SINUS,0.999
4189,3011.8,3012.6,SINUS,0.998
4190,3012.6,3013.3,SINUS,0.998
4191,3013.3,3014.0,SINUS,0.997
4192,3014.0,3014.7,SINUS,0.996
4193,3014.7,3015.4,SINUS,0.998
4194,3015.4,3016.1,SINUS,0.999
4195,3016.1,3016.8,SINUS,0.999
4196,3016.8,3017.5,SINUS,0.998
4197,3017.5,3018.2,SINUS,0.998
4198,3018.2,3019.0,SINUS,0.998
4199,3019.0,3019.7,SINUS,0.996
4200,3019.7,3020.4,SINUS,0.997
4201,3020.4,3021.1,SINUS,0.998
4202,3021.1,3021.8,SINUS,0.999
4203,3021.8,3022.5,SINUS,0.998
4204,3022.5,3023.2,SINUS,0.998
4205,3023.2,3023.9,SINUS,0.998
4206,3023.9,3024.6,SINUS,0.997
4207,3024.6,3025.4,SINUS,0.997
4208,3025.4,3026.1,SINUS,0.997
4209,3026.1,3026.8,SINUS,0.998
4210,3026.8,3027.5,SINUS,0.997
4211,3027.5,3028.2,SINUS,0.995
4212,3028.2,3028.9,SINUS,0.992
4213,3028.9,3029.6,SINUS,0.984
4214,3029.6,3030.3,SINUS,0.998
4215,3030.3,3031.0,SINUS,0.998
4216,3031.0,3031.8,SINUS,0.998
4217,3031.8,3032.5,SINUS,0.998
4218,3032.5,3033.2,SINUS,0.997
4219,3033.2,3033.9,SINUS,0.996
4220,3033.9,3034.6,SINUS,0.993
4221,3034.6,3035.3,SINUS,0.998
4222,3035.3,3036.0,SINUS,0.999
4223,3036.0,3036.7,SINUS,0.999
4224,3036.7,3037.4,SINUS,0.999
4225,3037.4,3038.2,SINUS,0.999
4226,3038.2,3038.9,SINUS,0.998
4227,3038.9,3039.6,SINUS,0.997
4228,3039.6,3040.3,SINUS,0.998
4229,3040.3,3041.0,SINUS,0.999
4230,3041.0,3041.7,SINUS,0.999
4231,3041.7,3042.4,SINUS,0.999
4232,3042.4,3043.1,SINUS,0.999
4233,3043.1,3043.8,SINUS,0.998
4234,3043.8,3044.6,SINUS,0.997
4235,3044.6,3045.3,SINUS,0.998
4236,3045.3,3046.0,SINUS,0.999
4237,3046.0,3046.7,SINUS,0.999
4238,3046.7,3047.4,SINUS,0.999
4239,3047.4,3048.1,SINUS,0.998
4240,3048.1,3048.8,SINUS,0.998
4241,3048.8,3049.5,SINUS,0.996
4242,3049.5,3050.2,SINUS,0.998
4243,3050.2,3051.0,SINUS,0.999
4244,3051.0,3051.7,SINUS,0.999
4245,3051.7,3052.4,SINUS,0.999
4246,3052.4,3053.1,SINUS,0.998
4247,3053.1,3053.8,SINUS,0.998
4248,3053.8,3054.5,SINUS,0.994
4249,3054.5,3055.2,SINUS,0.999
4250,3055.2,3055.9,SINUS,0.999
4251,3055.9,3056.6,SINUS,0.999
4252,3056.6,3057.4,SINUS,0.999
4253,3057.4,3058.1,SINUS,0.999
4254,3058.1,3058.8,SINUS,0.998
4255,3058.8,3059.5,SINUS,0.998
4256,3059.5,3060.2,SINUS,0.998
4257,3060.2,3060.9,SINUS,0.999
4258,3060.9,3061.6,SINUS,0.999
4259,3061.6,3062.3,SINUS,0.999
4260,3062.3,3063.0,SINUS,0.998
4261,3063.0,3063.8,SINUS,0.996
4262,3063.8,3064.5,SINUS,0.995
4263,3064.5,3065.2,SINUS,0.997
4264,3065.2,3065.9,SINUS,0.998
4265,3065.9,3066.6,SINUS,0.998
4266,3066.6,3067.3,SINUS,0.998
4267,3067.3,3068.0,SINUS,0.997
4268,3068.0,3068.7,SINUS,0.995
4269,3068.7,3069.4,SINUS,0.995
4270,3069.4,3070.2,SINUS,0.997
4271,3070.2,3070.9,SINUS,0.998
4272,3070.9,3071.6,SINUS,0.998
4273,3071.6,3072.3,SINUS,0.999
4274,3072.3,3073.0,SINUS,0.998
4275,3073.0,3073.7,SINUS,0.997
4276,3073.7,3074.4,SINUS,0.996
4277,3074.4,3075.1,SINUS,0.998
4278,3075.1,3075.8,SINUS,0.999
4279,3075.8,3076.6,SINUS,0.999
4280,3076.6,3077.3,SINUS,0.998
4281,3077.3,3078.0,SINUS,0.998
4282,3078.0,3078.7,SINUS,0.997
4283,3078.7,3079.4,SINUS,0.996
4284,3079.4,3080.1,SINUS,0.997
4285,3080.1,3080.8,SINUS,0.998
4286,3080.8,3081.5,SINUS,0.998
4287,3081.5,3082.2,SINUS,0.998
4288,3082.2,3083.0,SINUS,0.998
4289,3083.0,3083.7,SINUS,0.996
4290,3083.7,3084.4,SINUS,0.996
4291,3084.4,3085.1,SINUS,0.999
4292,3085.1,3085.8,SINUS,0.999
4293,3085.8,3086.5,SINUS,0.999
4294,3086.5,3087.2,SINUS,0.999
4295,3087.2,3087.9,SINUS,0.999
4296,3087.9,3088.6,SINUS,0.998
4297,3088.6,3089.4,SINUS,0.998
4298,3089.4,3090.1,SINUS,0.997
4299,3090.1,3090.8,SINUS,0.999
4300,3090.8,3091.5,SINUS,0.999
4301,3091.5,3092.2,SINUS,0.998
4302,3092.2,3092.9,SINUS,0.998
4303,3092.9,3093.6,SINUS,0.997
4304,3093.6,3094.3,SINUS,0.994
4305,3094.3,3095.0,SINUS,0.998
4306,3095.0,3095.8,SINUS,0.999
4307,3095.8,3096.5,SINUS,0.999
4308,3096.5,3097.2,SINUS,0.999
4309,3097.2,3097.9,SINUS,0.998
4310,3097.9,3098.6,SINUS,0.998
4311,3098.6,3099.3,SINUS,0.996
4312,3099.3,3100.0,SINUS,0.999
4313,3100.0,3100.7,SINUS,0.999
4314,3100.7,3101.4,SINUS,0.999
4315,3101.4,3102.2,SINUS,0.999
4316,3102.2,3102.9,SINUS,0.999
4317,3102.9,3103.6,SINUS,0.998
4318,3103.6,3104.3,SINUS,0.998
4319,3104.3,3105.0,SINUS,0.998
4320,3105.0,3105.7,SINUS,0.999
4321,3105.7,3106.4,SINUS,0.999
4322,3106.4,3107.1,SINUS,0.999
4323,3107.1,3107.8,SINUS,0.998
4324,3107.8,3108.6,SINUS,0.998
4325,3108.6,3109.3,SINUS,0.995
4326,3109.3,3110.0,SINUS,0.999
4327,3110.0,3110.7,SINUS,0.999
4328,3110.7,3111.4,SINUS,0.999
4329,3111.4,3112.1,SINUS,0.999
4330,3112.1,3112.8,SINUS,0.999
4331,3112.8,3113.5,SINUS,0.998
4332,3113.5,3114.2,SINUS,0.997
4333,3114.2,3115.0,SINUS,0.996
4334,3115.0,3115.7,SINUS,0.998
4335,3115.7,3116.4,SINUS,0.999
4336,3116.4,3117.1,SINUS,0.998
4337,3117.1,3117.8,SINUS,0.998
4338,3117.8,3118.5,SINUS,0.997
4339,3118.5,3119.2,SINUS,0.996
4340,3119.2,3119.9,SINUS,0.999
4341,3119.9,3120.6,SINUS,0.999
4342,3120.6,3121.4,SINUS,0.999
4343,3121.4,3122.1,SINUS,0.999
4344,3122.1,3122.8,SINUS,0.999
4345,3122.8,3123.5,SINUS,0.998
4346,3123.5,3124.2,SINUS,0.997
4347,3124.2,3124.9,SINUS,0.999
4348,3124.9,3125.6,SINUS,0.999
4349,3125.6,3126.3,SINUS,0.999
4350,3126.3,3127.0,SINUS,0.999
4351,3127.0,3127.8,SINUS,0.999
4352,3127.8,3128.5,SINUS,0.998
4353,3128.5,3129.2,SINUS,0.998
4354,3129.2,3129.9,SINUS,0.999
4355,3129.9,3130.6,SINUS,0.999
4356,3130.6,3131.3,SINUS,0.999
4357,3131.3,3132.0,SINUS,0.999
4358,3132.0,3132.7,SINUS,0.999
4359,3132.7,3133.4,SINUS,0.999
4360,3133.4,3134.2,SINUS,0.998
4361,3134.2,3134.9,SINUS,0.999
4362,3134.9,3135.6,SINUS,0.999
4363,3135.6,3136.3,SINUS,0.999
4364,3136.3,3137.0,SINUS,0.999
4365,3137.0,3137.7,SINUS,0.998
4366,3137.7,3138.4,SINUS,0.998
4367,3138.4,3139.1,SINUS,0.997
4368,3139.1,3139.8,SINUS,0.998
4369,3139.8,3140.6,SINUS,0.999
4370,3140.6,3141.3,SINUS,0.998
4371,3141.3,3142.0,SINUS,0.999
4372,3142.0,3142.7,SINUS,0.998
4373,3142.7,3143.4,SINUS,0.998
4374,3143.4,3144.1,SINUS,0.997
4375,3144.1,3144.8,SINUS,0.999
4376,3144.8,3145.5,SINUS,0.999
4377,3145.5,3146.2,SINUS,0.999
4378,3146.2,3147.0,SINUS,0.999
4379,3147.0,3147.7,SINUS,0.999
4380,3147.7,3148.4,SINUS,0.999
4381,3148.4,3149.1,SINUS,0.998
4382,3149.1,3149.8,SINUS,0.999
4383,3149.8,3150.5,SINUS,0.999
4384,3150.5,3151.2,SINUS,0.999
4385,3151.2,3151.9,SINUS,0.999
4386,3151.9,3152.6,SINUS,0.999
4387,3152.6,3153.4,SINUS,0.998
4388,3153.4,3154.1,SINUS,0.997
4389,3154.1,3154.8,SINUS,0.999
4390,3154.8,3155.5,SINUS,0.999
4391,3155.5,3156.2,SINUS,0.999
4392,3156.2,3156.9,SINUS,0.999
4393,3156.9,3157.6,SINUS,0.998
4394,3157.6,3158.3,SINUS,0.998
4395,3158.3,3159.0,SINUS,0.997
4396,3159.0,3159.8,SINUS,0.999
4397,3159.8,3160.5,SINUS,0.999
4398,3160.5,3161.2,SINUS,0.999
4399,3161.2,3161.9,SINUS,0.999
4400,3161.9,3162.6,SINUS,0.999
4401,3162.6,3163.3,SINUS,0.998
4402,3163.3,3164.0,SINUS,0.997
4403,3164.0,3164.7,SINUS,0.999
4404,3164.7,3165.4,SINUS,0.999
4405,3165.4,3166.2,SINUS,0.999
4406,3166.2,3166.9,SINUS,0.999
4407,3166.9,3167.6,SINUS,0.999
4408,3167.6,3168.3,SINUS,0.999
4409,3168.3,3169.0,SINUS,0.998
4410,3169.0,3169.7,SINUS,0.998
4411,3169.7,3170.4,SINUS,0.998
4412,3170.4,3171.1,SINUS,0.998
4413,3171.1,3171.8,SINUS,0.997
4414,3171.8,3172.6,SINUS,0.996
4415,3172.6,3173.3,SINUS,0.996
4416,3173.3,3174.0,SINUS,0.996
4417,3174.0,3174.7,SINUS,0.998
4418,3174.7,3175.4,SINUS,0.998
4419,3175.4,3176.1,SINUS,0.998
4420,3176.1,3176.8,SINUS,0.998
4421,3176.8,3177.5,SINUS,0.998
4422,3177.5,3178.2,SINUS,0.997
4423,3178.2,3179.0,SINUS,0.997
4424,3179.0,3179.7,SINUS,0.999
4425,3179.7,3180.4,SINUS,0.999
4426,3180.4,3181.1,SINUS,0.999
4427,3181.1,3181.8,SINUS,0.999
4428,3181.8,3182.5,SINUS,0.998
4429,3182.5,3183.2,SINUS,0.998
4430,3183.2,3183.9,SINUS,0.996
4431,3183.9,3184.6,SINUS,0.998
4432,3184.6,3185.4,SINUS,0.999
4433,3185.4,3186.1,SINUS,0.998
4434,3186.1,3186.8,SINUS,0.999
4435,3186.8,3187.5,SINUS,0.998
4436,3187.5,3188.2,SINUS,0.998
4437,3188.2,3188.9,SINUS,0.997
4438,3188.9,3189.6,SINUS,0.998
4439,3189.6,3190.3,SINUS,0.999
4440,3190.3,3191.0,SINUS,0.998
4441,3191.0,3191.8,SINUS,0.998
4442,3191.8,3192.5,SINUS,0.998
4443,3192.5,3193.2,SINUS,0.997
4444,3193.2,3193.9,SINUS,0.997
4445,3193.9,3194.6,SINUS,0.998
4446,3194.6,3195.3,SINUS,0.999
4447,3195.3,3196.0,SINUS,0.999
4448,3196.0,3196.7,SINUS,0.999
4449,3196.7,3197.4,SINUS,0.998
4450,3197.4,3198.2,SINUS,0.998
4451,3198.2,3198.9,SINUS,0.997
4452,3198.9,3199.6,SINUS,0.998
4453,3199.6,3200.3,SINUS,0.999
4454,3200.3,3201.0,SINUS,0.999
4455,3201.0,3201.7,SINUS,0.998
4456,3201.7,3202.4,SINUS,0.998
4457,3202.4,3203.1,SINUS,0.997
4458,3203.1,3203.8,SINUS,0.997
4459,3203.8,3204.6,SINUS,0.998
4460,3204.6,3205.3,SINUS,0.998
4461,3205.3,3206.0,SINUS,0.998
4462,3206.0,3206.7,SINUS,0.998
4463,3206.7,3207.4,SINUS,0.998
4464,3207.4,3208.1,SINUS,0.997
4465,3208.1,3208.8,SINUS,0.997
4466,3208.8,3209.5,SINUS,0.998
4467,3209.5,3210.2,SINUS,0.998
4468,3210.2,3211.0,SINUS,0.998
4469,3211.0,3211.7,SINUS,0.998
4470,3211.7,3212.4,SINUS,0.998
4471,3212.4,3213.1,SINUS,0.997
4472,3213.1,3213.8,SINUS,0.996
4473,3213.8,3214.5,SINUS,0.998
4474,3214.5,3215.2,SINUS,0.999
4475,3215.2,3215.9,SINUS,0.998
4476,3215.9,3216.6,SINUS,0.998
4477,3216.6,3217.4,SINUS,0.998
4478,3217.4,3218.1,SINUS,0.997
4479,3218.1,3218.8,SINUS,0.996
4480,3218.8,3219.5,SINUS,0.999
4481,3219.5,3220.2,SINUS,0.999
4482,3220.2,3220.9,SINUS,0.999
4483,3220.9,3221.6,SINUS,0.999
4484,3221.6,3222.3,SINUS,0.998
4485,3222.3,3223.0,SINUS,0.998
4486,3223.0,3223.8,SINUS,0.998
4487,3223.8,3224.5,SINUS,0.998
4488,3224.5,3225.2,SINUS,0.998
4489,3225.2,3225.9,SINUS,0.998
4490,3225.9,3226.6,SINUS,0.998
4491,3226.6,3227.3,SINUS,0.997
4492,3227.3,3228.0,SINUS,0.997
4493,3228.0,3228.7,SINUS,0.996
4494,3228.7,3229.4,SINUS,0.999
4495,3229.4,3230.2,SINUS,0.999
4496,3230.2,3230.9,SINUS,0.999
4497,3230.9,3231.6,SINUS,0.999
4498,3231.6,3232.3,SINUS,0.998
4499,3232.3,3233.0,SINUS,0.998
4500,3233.0,3233.7,SINUS,0.997
4501,3233.7,3234.4,SINUS,0.998
4502,3234.4,3235.1,SINUS,0.999
4503,3235.1,3235.8,SINUS,0.999
4504,3235.8,3236.6,SINUS,0.999
4505,3236.6,3237.3,SINUS,0.998
4506,3237.3,3238.0,SINUS,0.997
4507,3238.0,3238.7,SINUS,0.998
4508,3238.7,3239.4,SINUS,0.999
4509,3239.4,3240.1,SINUS,0.999
4510,3240.1,3240.8,SINUS,0.999
4511,3240.8,3241.5,SINUS,0.999
4512,3241.5,3242.2,SINUS,0.998
4513,3242.2,3243.0,SINUS,0.997
4514,3243.0,3243.7,SINUS,0.996
4515,3243.7,3244.4,SINUS,0.998
4516,3244.4,3245.1,SINUS,0.999
4517,3245.1,3245.8,SINUS,0.999
4518,3245.8,3246.5,SINUS,0.998
4519,3246.5,3247.2,SINUS,0.998
4520,3247.2,3247.9,SINUS,0.998
4521,3247.9,3248.6,SINUS,0.997
4522,3248.6,3249.4,SINUS,0.999
4523,3249.4,3250.1,SINUS,0.999
4524,3250.1,3250.8,SINUS,0.999
4525,3250.8,3251.5,SINUS,0.999
4526,3251.5,3252.2,SINUS,0.998
4527,3252.2,3252.9,SINUS,0.998
4528,3252.9,3253.6,SINUS,0.997
4529,3253.6,3254.3,SINUS,0.998
4530,3254.3,3255.0,SINUS,0.998
4531,3255.0,3255.8,SINUS,0.998
4532,3255.8,3256.5,SINUS,0.998
4533,3256.5,3257.2,SINUS,0.998
4534,3257.2,3257.9,SINUS,0.997
4535,3257.9,3258.6,SINUS,0.997
4536,3258.6,3259.3,SINUS,0.998
4537,3259.3,3260.0,SINUS,0.999
4538,3260.0,3260.7,SINUS,0.999
4539,3260.7,3261.4,SINUS,0.999
4540,3261.4,3262.2,SINUS,0.998
4541,3262.2,3262.9,SINUS,0.997
4542,3262.9,3263.6,SINUS,0.998
4543,3263.6,3264.3,SINUS,0.999
4544,3264.3,3265.0,SINUS,0.999
4545,3265.0,3265.7,SINUS,0.999
4546,3265.7,3266.4,SINUS,0.999
4547,3266.4,3267.1,SINUS,0.999
4548,3267.1,3267.8,SINUS,0.998
4549,3267.8,3268.6,SINUS,0.998
4550,3268.6,3269.3,SINUS,0.998
4551,3269.3,3270.0,SINUS,0.999
4552,3270.0,3270.7,SINUS,0.999
4553,3270.7,3271.4,SINUS,0.998
4554,3271.4,3272.1,SINUS,0.998
4555,3272.1,3272.8,SINUS,0.997
4556,3272.8,3273.5,SINUS,0.997
4557,3273.5,3274.2,SINUS,0.998
4558,3274.2,3275.0,SINUS,0.999
4559,3275.0,3275.7,SINUS,0.999
4560,3275.7,3276.4,SINUS,0.998
4561,3276.4,3277.1,SINUS,0.998
4562,3277.1,3277.8,SINUS,0.997
4563,3277.8,3278.5,SINUS,0.997
4564,3278.5,3279.2,SINUS,0.998
4565,3279.2,3279.9,SINUS,0.998
4566,3279.9,3280.6,SINUS,0.998
4567,3280.6,3281.4,SINUS,0.998
4568,3281.4,3282.1,SINUS,0.997
4569,3282.1,3282.8,SINUS,0.996
4570,3282.8,3283.5,SINUS,0.997
4571,3283.5,3284.2,SINUS,0.999
4572,3284.2,3284.9,SINUS,0.999
4573,3284.9,3285.6,SINUS,0.999
4574,3285.6,3286.3,SINUS,0.999
4575,3286.3,3287.0,SINUS,0.999
4576,3287.0,3287.8,SINUS,0.998
4577,3287.8,3288.5,SINUS,0.997
4578,3288.5,3289.2,SINUS,0.999
4579,3289.2,3289.9,SINUS,0.999
4580,3289.9,3290.6,SINUS,0.999
4581,3290.6,3291.3,SINUS,0.999
4582,3291.3,3292.0,SINUS,0.999
4583,3292.0,3292.7,SINUS,0.999
4584,3292.7,3293.4,SINUS,0.997
4585,3293.4,3294.2,SINUS,0.998
4586,3294.2,3294.9,SINUS,0.998
4587,3294.9,3295.6,SINUS,0.998
4588,3295.6,3296.3,SINUS,0.997
4589,3296.3,3297.0,SINUS,0.997
4590,3297.0,3297.7,SINUS,0.996
4591,3297.7,3298.4,SINUS,0.996
4592,3298.4,3299.1,SINUS,0.998
4593,3299.1,3299.8,SINUS,0.999
4594,3299.8,3300.6,SINUS,0.998
4595,3300.6,3301.3,SINUS,0.998
4596,3301.3,3302.0,SINUS,0.998
4597,3302.0,3302.7,SINUS,0.997
4598,3302.7,3303.4,SINUS,0.997
4599,3303.4,3304.1,SINUS,0.998
4600,3304.1,3304.8,SINUS,0.999
4601,3304.8,3305.5,SINUS,0.998
4602,3305.5,3306.2,SINUS,0.998
4603,3306.2,3307.0,SINUS,0.998
4604,3307.0,3307.7,SINUS,0.997
4605,3307.7,3308.4,SINUS,0.996
4606,3308.4,3309.1,SINUS,0.999
4607,3309.1,3309.8,SINUS,0.999
4608,3309.8,3310.5,SINUS,0.999
4609,3310.5,3311.2,SINUS,0.999
4610,3311.2,3311.9,SINUS,0.998
4611,3311.9,3312.6,SINUS,0.998
4612,3312.6,3313.4,SINUS,0.996
4613,3313.4,3314.1,SINUS,0.999
4614,3314.1,3314.8,SINUS,0.999
4615,3314.8,3315.5,SINUS,0.999
4616,3315.5,3316.2,SINUS,0.999
4617,3316.2,3316.9,SINUS,0.999
4618,3316.9,3317.6,SINUS,0.998
4619,3317.6,3318.3,SINUS,0.997
4620,3318.3,3319.0,SINUS,0.998
4621,3319.0,3319.8,SINUS,0.999
4622,3319.8,3320.5,SINUS,0.999
4623,3320.5,3321.2,SINUS,0.998
4624,3321.2,3321.9,SINUS,0.998
4625,3321.9,3322.6,SINUS,0.998
4626,3322.6,3323.3,SINUS,0.997
4627,3323.3,3324.0,SINUS,0.999
4628,3324.0,3324.7,SINUS,0.999
4629,3324.7,3325.4,SINUS,0.999
4630,3325.4,3326.2,SINUS,0.999
4631,3326.2,3326.9,SINUS,0.998
4632,3326.9,3327.6,SINUS,0.998
4633,3327.6,3328.3,SINUS,0.997
4634,3328.3,3329.0,SINUS,0.999
4635,3329.0,3329.7,SINUS,0.999
4636,3329.7,3330.4,SINUS,0.999
4637,3330.4,3331.1,SINUS,0.999
4638,3331.1,3331.8,SINUS,0.998
4639,3331.8,3332.6,SINUS,0.997
4640,3332.6,3333.3,SINUS,0.997
4641,3333.3,3334.0,SINUS,0.999
4642,3334.0,3334.7,SINUS,0.999
4643,3334.7,3335.4,SINUS,0.999
4644,3335.4,3336.1,SINUS,0.999
4645,3336.1,3336.8,SINUS,0.998
4646,3336.8,3337.5,SINUS,0.998
4647,3337.5,3338.2,SINUS,0.997
4648,3338.2,3339.0,SINUS,0.999
4649,3339.0,3339.7,SINUS,0.999
4650,3339.7,3340.4,SINUS,0.999
4651,3340.4,3341.1,SINUS,0.999
4652,3341.1,3341.8,SINUS,0.998
4653,3341.8,3342.5,SINUS,0.997
4654,3342.5,3343.2,SINUS,0.998
4655,3343.2,3343.9,SINUS,0.999
4656,3343.9,3344.6,SINUS,0.999
4657,3344.6,3345.4,SINUS,0.999
4658,3345.4,3346.1,SINUS,0.998
4659,3346.1,3346.8,SINUS,0.998
4660,3346.8,3347.5,SINUS,0.998
4661,3347.5,3348.2,SINUS,0.997
4662,3348.2,3348.9,SINUS,0.999
4663,3348.9,3349.6,SINUS,0.999
4664,3349.6,3350.3,SINUS,0.999
4665,3350.3,3351.0,SINUS,0.998
4666,3351.0,3351.8,SINUS,0.998
4667,3351.8,3352.5,SINUS,0.997
4668,3352.5,3353.2,SINUS,0.997
4669,3353.2,3353.9,SINUS,0.998
4670,3353.9,3354.6,SINUS,0.999
4671,3354.6,3355.3,SINUS,0.998
4672,3355.3,3356.0,SINUS,0.998
4673,3356.0,3356.7,SINUS,0.997
4674,3356.7,3357.4,SINUS,0.997
4675,3357.4,3358.2,SINUS,0.996
4676,3358.2,3358.9,SINUS,0.998
4677,3358.9,3359.6,SINUS,0.999
4678,3359.6,3360.3,SINUS,0.999
4679,3360.3,3361.0,SINUS,0.998
4680,3361.0,3361.7,SINUS,0.998
4681,3361.7,3362.4,SINUS,0.998
4682,3362.4,3363.1,SINUS,0.996
4683,3363.1,3363.8,SINUS,0.999
4684,3363.8,3364.6,SINUS,0.999
4685,3364.6,3365.3,SINUS,0.999
4686,3365.3,3366.0,SINUS,0.999
4687,3366.0,3366.7,SINUS,0.999
4688,3366.7,3367.4,SINUS,0.998
4689,3367.4,3368.1,SINUS,0.998
4690,3368.1,3368.8,SINUS,0.999
4691,3368.8,3369.5,SINUS,0.999
4692,3369.5,3370.2,SINUS,0.999
4693,3370.2,3371.0,SINUS,0.999
4694,3371.0,3371.7,SINUS,0.999
4695,3371.7,3372.4,SINUS,0.998
4696,3372.4,3373.1,SINUS,0.997
4697,3373.1,3373.8,SINUS,0.999
4698,3373.8,3374.5,SINUS,0.999
4699,3374.5,3375.2,SINUS,0.999
4700,3375.2,3375.9,SINUS,0.999
4701,3375.9,3376.6,SINUS,0.999
4702,3376.6,3377.4,SINUS,0.999
4703,3377.4,3378.1,SINUS,0.997
4704,3378.1,3378.8,SINUS,0.998
4705,3378.8,3379.5,SINUS,0.999
4706,3379.5,3380.2,SINUS,0.999
4707,3380.2,3380.9,SINUS,0.999
4708,3380.9,3381.6,SINUS,0.998
4709,3381.6,3382.3,SINUS,0.998
4710,3382.3,3383.0,SINUS,0.997
4711,3383.0,3383.8,SINUS,0.999
4712,3383.8,3384.5,SINUS,0.999
4713,3384.5,3385.2,SINUS,0.999
4714,3385.2,3385.9,SINUS,0.999
4715,3385.9,3386.6,SINUS,0.999
4716,3386.6,3387.3,SINUS,0.998
4717,3387.3,3388.0,SINUS,0.998
4718,3388.0,3388.7,SINUS,0.999
4719,3388.7,3389.4,SINUS,0.999
4720,3389.4,3390.2,SINUS,0.999
4721,3390.2,3390.9,SINUS,0.999
4722,3390.9,3391.6,SINUS,0.999
4723,3391.6,3392.3,SINUS,0.998
4724,3392.3,3393.0,SINUS,0.998
4725,3393.0,3393.7,SINUS,0.999
4726,3393.7,3394.4,SINUS,0.999
4727,3394.4,3395.1,SINUS,0.999
4728,3395.1,3395.8,SINUS,0.999
4729,3395.8,3396.6,SINUS,0.999
4730,3396.6,3397.3,SINUS,0.998
4731,3397.3,3398.0,SINUS,0.998
4732,3398.0,3398.7,SINUS,0.999
4733,3398.7,3399.4,SINUS,0.999
4734,3399.4,3400.1,SINUS,0.999
4735,3400.1,3400.8,SINUS,0.999
4736,3400.8,3401.5,SINUS,0.999
4737,3401.5,3402.2,SINUS,0.998
4738,3402.2,3403.0,SINUS,0.998
4739,3403.0,3403.7,SINUS,0.999
4740,3403.7,3404.4,SINUS,0.999
4741,3404.4,3405.1,SINUS,0.999
4742,3405.1,3405.8,SINUS,0.999
4743,3405.8,3406.5,SINUS,0.999
4744,3406.5,3407.2,SINUS,0.998
4745,3407.2,3407.9,SINUS,0.998
4746,3407.9,3408.6,SINUS,0.999
4747,3408.6,3409.4,SINUS,0.999
4748,3409.4,3410.1,SINUS,0.999
4749,3410.1,3410.8,SINUS,0.999
4750,3410.8,3411.5,SINUS,0.999
4751,3411.5,3412.2,SINUS,0.999
4752,3412.2,3412.9,SINUS,0.998
4753,3412.9,3413.6,SINUS,0.999
4754,3413.6,3414.3,SINUS,0.999
4755,3414.3,3415.0,SINUS,0.999
4756,3415.0,3415.8,SINUS,0.999
4757,3415.8,3416.5,SINUS,0.999
4758,3416.5,3417.2,SINUS,0.999
4759,3417.2,3417.9,SINUS,0.998
4760,3417.9,3418.6,SINUS,0.999
4761,3418.6,3419.3,SINUS,0.999
4762,3419.3,3420.0,SINUS,0.999
4763,3420.0,3420.7,SINUS,0.999
4764,3420.7,3421.4,SINUS,0.999
4765,3421.4,3422.2,SINUS,0.998
4766,3422.2,3422.9,SINUS,0.997
4767,3422.9,3423.6,SINUS,0.999
4768,3423.6,3424.3,SINUS,0.999
4769,3424.3,3425.0,SINUS,0.999
4770,3425.0,3425.7,SINUS,0.999
4771,3425.7,3426.4,SINUS,0.999
4772,3426.4,3427.1,SINUS,0.998
4773,3427.1,3427.8,SINUS,0.997
4774,3427.8,3428.6,SINUS,0.999
4775,3428.6,3429.3,SINUS,0.999
4776,3429.3,3430.0,SINUS,0.999
4777,3430.0,3430.7,SINUS,0.999
4778,3430.7,3431.4,SINUS,0.999
4779,3431.4,3432.1,SINUS,0.998
4780,3432.1,3432.8,SINUS,0.997
4781,3432.8,3433.5,SINUS,0.999
4782,3433.5,3434.2,SINUS,0.999
4783,3434.2,3435.0,SINUS,0.999
4784,3435.0,3435.7,SINUS,0.999
4785,3435.7,3436.4,SINUS,0.999
4786,3436.4,3437.1,SINUS,0.998
4787,3437.1,3437.8,SINUS,0.998
4788,3437.8,3438.5,SINUS,0.999
4789,3438.5,3439.2,SINUS,0.999
4790,3439.2,3439.9,SINUS,0.999
4791,3439.9,3440.6,SINUS,0.999
4792,3440.6,3441.4,SINUS,0.999
4793,3441.4,3442.1,SINUS,0.998
4794,3442.1,3442.8,SINUS,0.998
4795,3442.8,3443.5,SINUS,0.999
4796,3443.5,3444.2,SINUS,0.999
4797,3444.2,3444.9,SINUS,0.999
4798,3444.9,3445.6,SINUS,0.999
4799,3445.6,3446.3,SINUS,0.999
4800,3446.3,3447.0,SINUS,0.998
4801,3447.0,3447.8,SINUS,0.997
4802,3447.8,3448.5,SINUS,0.999
4803,3448.5,3449.2,SINUS,0.999
4804,3449.2,3449.9,SINUS,0.999
4805,3449.9,3450.6,SINUS,0.999
4806,3450.6,3451.3,SINUS,0.999
4807,3451.3,3452.0,SINUS,0.998
4808,3452.0,3452.7,SINUS,0.997
4809,3452.7,3453.4,SINUS,0.999
4810,3453.4,3454.2,SINUS,0.999
4811,3454.2,3454.9,SINUS,0.999
4812,3454.9,3455.6,SINUS,0.999
4813,3455.6,3456.3,SINUS,0.999
4814,3456.3,3457.0,SINUS,0.998
4815,3457.0,3457.7,SINUS,0.997
4816,3457.7,3458.4,SINUS,0.999
4817,3458.4,3459.1,SINUS,0.999
4818,3459.1,3459.8,SINUS,0.999
4819,3459.8,3460.6,SINUS,0.999
4820,3460.6,3461.3,SINUS,0.998
4821,3461.3,3462.0,SINUS,0.998
4822,3462.0,3462.7,SINUS,0.997
4823,3462.7,3463.4,SINUS,0.999
4824,3463.4,3464.1,SINUS,0.999
4825,3464.1,3464.8,SINUS,0.999
4826,3464.8,3465.5,SINUS,0.999
4827,3465.5,3466.2,SINUS,0.999
4828,3466.2,3467.0,SINUS,0.998
4829,3467.0,3467.7,SINUS,0.998
4830,3467.7,3468.4,SINUS,0.999
4831,3468.4,3469.1,SINUS,0.999
4832,3469.1,3469.8,SINUS,0.999
4833,3469.8,3470.5,SINUS,0.999
4834,3470.5,3471.2,SINUS,0.999
4835,3471.2,3471.9,SINUS,0.998
4836,3471.9,3472.6,SINUS,0.998
4837,3472.6,3473.4,SINUS,0.999
4838,3473.4,3474.1,SINUS,0.999
4839,3474.1,3474.8,SINUS,0.999
4840,3474.8,3475.5,SINUS,0.999
4841,3475.5,3476.2,SINUS,0.999
4842,3476.2,3476.9,SINUS,0.998
4843,3476.9,3477.6,SINUS,0.998
4844,3477.6,3478.3,SINUS,0.999
4845,3478.3,3479.0,SINUS,0.999
4846,3479.0,3479.8,SINUS,0.999
4847,3479.8,3480.5,SINUS,0.999
4848,3480.5,3481.2,SINUS,0.999
4849,3481.2,3481.9,SINUS,0.998
4850,3481.9,3482.6,SINUS,0.998
4851,3482.6,3483.3,SINUS,0.999
4852,3483.3,3484.0,SINUS,0.999
4853,3484.0,3484.7,SINUS,0.999
4854,3484.7,3485.4,SINUS,0.999
4855,3485.4,3486.2,SINUS,0.999
4856,3486.2,3486.9,SINUS,0.998
4857,3486.9,3487.6,SINUS,0.997
4858,3487.6,3488.3,SINUS,0.999
4859,3488.3,3489.0,SINUS,0.999
4860,3489.0,3489.7,SINUS,0.999
4861,3489.7,3490.4,SINUS,0.999
4862,3490.4,3491.1,SINUS,0.999
4863,3491.1,3491.8,SINUS,0.998
4864,3491.8,3492.6,SINUS,0.998
4865,3492.6,3493.3,SINUS,0.999
4866,3493.3,3494.0,SINUS,0.999
4867,3494.0,3494.7,SINUS,0.999
4868,3494.7,3495.4,SINUS,0.999
4869,3495.4,3496.1,SINUS,0.998
4870,3496.1,3496.8,SINUS,0.998
4871,3496.8,3497.5,SINUS,0.998
4872,3497.5,3498.2,SINUS,0.999
4873,3498.2,3499.0,SINUS,0.999
4874,3499.0,3499.7,SINUS,0.999
4875,3499.7,3500.4,SINUS,0.999
4876,3500.4,3501.1,SINUS,0.999
4877,3501.1,3501.8,SINUS,0.998
4878,3501.8,3502.5,SINUS,0.997
