mean_motion,max_motion,std_motion,median_motion,peak_ratio,zero_motion_pct,n_samples_ecg,fs,n_peaks,qrs_width_ms,qrs_width_max_ms,n_wide_qrs,mean_hr_bpm,rr_cv,hr_regularity,premature_pct,kurt,baseline_drift,snr_proxy,samp_en,json_path
30.277174358933483,372.4288082745747,49.19832182222438,15.66631457434109,12.3006457458287,3.225806451612903,3968,128,23,70.3125,125.0,1,45.52950687146322,0.9174150183495945,0.08258498165040551,50.0,1.1267282286093616,0.002307205251496571,0.7130182367895251,1.6094379124341003,Sinus Tachycardia/False/._2025-02-07_ECGRec_202430_E115582_duration=11s_pos=16046-17411_src=json.json
82.9643839992864,520.3861794201467,95.23187099454134,49.563352284303306,6.272404471203188,1.2903225806451613,3968,128,35,62.5,125.0,1,68.67964229352972,0.9417445587662648,0.05825544123373516,2.9411764705882355,3.752351306577946,0.0339636514637911,0.5996734186012341,0.807750563298949,Sinus Tachycardia/False/._2025-02-10_ECGRec_202428_E1R4900_duration=17s_pos=8486-10582_src=json.json
157.95029454481931,741.6241054305588,145.30494723231632,129.89327183761833,4.69530052395577,1.2903225806451613,3968,128,65,70.3125,132.8125,1,125.5799693408278,0.21525017094227974,0.7847498290577203,3.125,5.169776088594009,0.005733727584382438,0.7487545733256517,0.36176067387343525,Sinus Tachycardia/False/._2025-02-19_ECGRec_202428_E1R4900_duration=11s_pos=23756-25162_src=json.json
38.091051171306674,419.39653128148257,56.06701700662996,19.62445485675868,11.010368770999891,2.5806451612903225,3968,128,38,66.40625,125.0,1,101.92252510760403,0.6701339605476796,0.3298660394523204,18.91891891891892,8.661839510535446,0.011927435537691527,1.374120509145274,0.9395475940384223,Sinus Tachycardia/False/._2025-02-21_ECGRec_202428_E1R4917_duration=13s_pos=28988-30624_src=json.json
24.281059460740792,410.1413836849455,63.82525400382122,6.257466699970626,16.8914114911945,10.909090909090908,2816,128,58,62.5,117.1875,0,160.94117647058823,0.15764043966527042,0.8423595603347296,3.508771929824561,4.866964470131242,0.0024624905070402946,2.06217855505324,1.5841201044498106,Sinus Tachycardia/False/._2025-02-21_ECGRec_202428_E1R4917_duration=12s_pos=73790-75292_src=json.json
63.55605363850677,670.0213719862742,96.84093742504737,28.76031600224138,10.542211529605044,3.870967741935484,3968,128,48,85.9375,148.4375,5,92.9590522791656,0.9679292050561131,0.03207079494388687,36.170212765957444,17.396036707077727,0.0046957961333011075,3.020582946429941,0.2419903514057829,Sinus Tachycardia/False/._2025-02-27_ECGRec_202436_E116334_duration=7s_pos=9496-10368_src=json.json
40.11162250439671,391.27031192214145,66.38082283369913,14.422908644888931,9.75453690821698,2.608695652173913,2944,128,45,93.75,132.8125,10,120.04262877442274,0.5475307734837265,0.4524692265162735,18.181818181818183,5.60911199792765,0.0009461250513683832,1.3554594542862988,1.1174807729724925,Sinus Tachycardia/False/._2025-02-28_ECGRec_202428_E1R5006_duration=7s_pos=612-1492_src=json.json
28.958725376955677,397.79709458007017,50.62556055054533,16.302405376499074,13.73669164181968,6.451612903225806,3968,128,31,70.3125,109.375,0,58.52171704343408,0.8564338566564487,0.14356614334355133,50.0,75.75507439355556,0.04380538048337468,0.20162763074837614,1.8562979903656263,Sinus Tachycardia/False/._2025-03-01_ECGRec_202428_E1R4997_duration=21s_pos=7433-10064_src=json.json
18.956250288166817,401.1194740213325,50.615731591209176,8.70447962951787,21.160274145116755,5.0,3584,128,62,105.46875,156.25,20,133.24232081911262,0.4313991073947177,0.5686008926052823,29.508196721311474,3.4177162791089017,0.009534537595613584,0.9919530658878885,2.03688192726104,Sinus Tachycardia/False/._2025-03-03_ECGRec_202428_E1R5006_duration=6s_pos=1210-1977_src=json.json
28.25783425625138,399.1420309279863,54.86478923554441,12.585438227919576,14.125003819593205,3.225806451612903,3968,128,73,85.9375,148.4375,7,145.0196695515342,0.5337926359875478,0.4662073640124522,8.333333333333334,9.713076227238139,0.0032665694263579073,1.1656470313566039,0.8854536260396042,Sinus Tachycardia/False/._2025-03-03_ECGRec_202428_E1R5006_duration=18s_pos=44435-46734_src=json.json
22.11507089850592,415.78911749409775,52.20873616298805,11.438362998719143,18.80116507883423,8.38709677419355,3968,128,48,105.46875,171.875,10,93.36782203828247,0.7808347149432843,0.21916528505671573,38.297872340425535,6.514840488105891,0.04749024885801616,0.6601292656796608,1.0704414117014134,Sinus Tachycardia/False/._2025-03-03_ECGRec_202428_E1R5006_duration=7s_pos=31591-32467_src=json.json
45.687686324664384,443.818910453718,73.3211381409715,22.516661883951627,9.714190768726512,1.2903225806451613,3968,128,20,93.75,179.6875,3,37.16760061130922,1.0869124548321223,0.0,42.10526315789474,4.712784830513951,0.003471820632352829,0.8785529655294193,0.8938178760220964,Sinus Tachycardia/False/._2025-03-03_ECGRec_202428_E1R5006_duration=7s_pos=43526-44348_src=json.json
66.55864078777103,575.1035911381215,80.2806630715153,40.32433403598412,8.640554790344094,1.935483870967742,3968,128,15,85.9375,125.0,1,27.484662576687118,1.1475800448187818,0.0,42.857142857142854,7.22123871509649,0.015981229661581203,0.8405487180175241,,Sinus Tachycardia/False/._2025-03-03_ECGRec_202428_E1R5006_duration=7s_pos=25018-25857_src=json.json
18.07712024881483,405.10272946175996,49.484939394825794,8.039009017110743,22.40969255479875,9.032258064516128,3968,128,75,93.75,179.6875,23,145.2760736196319,0.3410487975472033,0.6589512024527967,12.162162162162161,4.301469284107486,0.0020547542293148104,1.207903082024258,1.9568392195875037,Sinus Tachycardia/False/._2025-03-03_ECGRec_202428_E1R5006_duration=7s_pos=25408-26201_src=json.json
26.720875713977083,414.41110949262674,52.60078232755309,12.132734969914406,15.508888945842772,3.225806451612903,3968,128,3,93.75,148.4375,1,,,,,18.741714066948035,0.0031316145371091753,1.0105038754991598,,Sinus Tachycardia/False/._2025-03-03_ECGRec_202428_E1R5006_duration=6s_pos=84986-85654_src=json.json
33.83122709055668,445.3137554416088,57.58704410257921,19.429425011866954,13.162801960650945,1.2903225806451613,3968,128,69,101.5625,171.875,17,139.0415335463259,0.5004254071671405,0.49957459283285954,14.705882352941176,4.001235412704656,0.005632933179531037,1.3272241340746687,1.0022811797296776,Sinus Tachycardia/False/._2025-03-03_ECGRec_202428_E1R5006_duration=7s_pos=94835-95711_src=json.json
140.61007373806297,706.3758173184423,131.66207158624593,99.74157472624034,5.023650109242331,0.6451612903225806,3968,128,61,85.9375,148.4375,12,119.90632318501171,0.3831920042102144,0.6168079957897856,1.6666666666666667,3.8604131633222343,0.013666923221725788,1.7994595941028289,0.09825879188169719,Sinus Tachycardia/False/._2025-03-05_ECGRec_202428_E1R4917_duration=13s_pos=4485-6086_src=json.json
50.78391944434607,451.01907340116696,62.99587836951531,33.432895014551264,8.881139334160649,1.2903225806451613,3968,128,66,93.75,171.875,13,126.34776006074412,0.17874413986916254,0.8212558601308375,1.5384615384615385,3.815562529814759,0.00394409074927468,1.2365593052282073,0.11316408980008885,Sinus Tachycardia/False/._2025-03-09_ECGRec_202428_E1R4943_duration=11s_pos=32537-33827_src=json.json
15.569462178654959,400.17134850930904,48.62017798911924,7.501995783532167,25.702321519853438,7.096774193548387,3968,128,46,109.375,179.6875,16,90.40020925974365,0.5351044414598739,0.4648955585401261,44.44444444444444,0.41078378904798907,0.0058630660281683376,0.5539283414541173,1.7578579175523736,Sinus Tachycardia/False/._2025-03-20_ECGRec_202428_E1R4997_duration=26s_pos=74951-78181_src=json.json
15.308839277871664,395.34891929448924,48.23111062915611,6.2847607420358775,25.824877137555013,7.096774193548387,3968,128,5,78.125,93.75,0,8.59541130386122,0.5065565465459365,0.4934434534540635,50.0,3.411840975514499,0.0016734121869112241,0.6728684415578418,,Sinus Tachycardia/False/._2025-03-20_ECGRec_202428_E1R4997_duration=11s_pos=72448-73790_src=json.json
17.181761081061218,423.8557199724011,56.142482573977645,5.136622688965975,24.668931974072706,7.741935483870968,3968,128,72,85.9375,93.75,0,139.13753508548098,0.010801740489138885,0.9891982595108612,0.0,4.437344319020497,0.004107955883712558,0.6065399639565341,0.686716290229655,Sinus Tachycardia/False/._2025-03-24_ECGRec_202428_E1R5004_duration=64s_pos=6328861-6336991_src=json.json
23.016077919682587,432.82186971662975,49.42180967711508,9.172201973143057,18.80519576019071,5.806451612903226,3968,128,69,93.75,156.25,3,132.78413424866514,0.40943244305664533,0.5905675569433546,7.352941176470588,1.28458896594835,0.002786802778135496,1.1139722670392795,1.2068258733083426,Sinus Tachycardia/False/._2025-05-24_ECGRec_202436_E116202_duration=9s_pos=34768-35875_src=json.json
44.46021016490594,648.4978728141285,68.51945340802537,28.979825957848426,14.586027727326934,1.935483870967742,3968,128,75,101.5625,171.875,5,144.68431771894095,0.21677156664102398,0.7832284333589761,6.756756756756757,1.2111651159000614,0.017644051508348153,0.88138550834177,1.262915339959386,Sinus Tachycardia/False/._2025-05-24_ECGRec_202436_E116202_duration=8s_pos=65567-66588_src=json.json
18.626275364892475,406.3819358257257,51.00631447243232,5.956068076053422,21.817669182214544,10.32258064516129,3968,128,42,93.75,117.1875,0,98.92554194156456,0.7640918751313184,0.23590812486868162,4.878048780487805,9.109774115239148,0.0054419282871064675,0.5398819626750632,0.4808506275451958,Sinus Tachycardia/False/._2025-05-24_ECGRec_202436_E116202_duration=11s_pos=38447-39736_src=json.json
34.027731950303924,460.57134315523194,58.82933266295156,16.848717685540528,13.535175670617761,8.461538461538462,3328,128,61,101.5625,148.4375,1,140.1886218436264,0.11458202594028119,0.8854179740597188,3.3333333333333335,1.8046080010228494,0.0008516173320978147,1.3081758106531147,1.0986122886681098,Sinus Tachycardia/False/._2025-05-24_ECGRec_202436_E116202_duration=19s_pos=205-2611_src=json.json
80.06835054565636,489.9204424871847,80.61369154269798,55.087004180242374,6.118777682188494,1.2903225806451613,3968,128,66,93.75,156.25,15,128.9589253422888,0.22811447772584661,0.7718855222741534,16.923076923076923,7.896572737557479,0.003281583478847812,2.7510771464770207,1.1293839473348632,Sinus Tachycardia/False/._2025-05-25_ECGRec_202436_E116132_duration=16s_pos=402074-404037_src=json.json
88.55651446473814,421.21788931011974,77.20241039409426,63.1551932294806,4.75648671472222,1.935483870967742,3968,128,66,97.65625,148.4375,21,127.8688524590164,0.26985894125558113,0.7301410587444188,3.076923076923077,7.524898602240036,0.0006900676690034232,3.0720022704658483,0.6070180268300066,Sinus Tachycardia/False/._2025-05-25_ECGRec_202436_E116132_duration=8s_pos=405136-406151_src=json.json
80.06835054565636,489.9204424871847,80.61369154269798,55.087004180242374,6.118777682188494,1.2903225806451613,3968,128,66,93.75,156.25,15,128.9589253422888,0.22811447772584661,0.7718855222741534,16.923076923076923,7.896572737557479,0.003281583478847812,2.7510771464770207,1.1293839473348632,Sinus Tachycardia/False/._2025-05-25_ECGRec_202436_E116132_duration=16s_pos=402074-404037_src=json.json
20.205060325031052,411.87281751827044,50.101745582328704,8.674732521352313,20.384635853988797,3.225806451612903,3968,128,69,101.5625,140.625,18,132.34668018246325,0.06955938394697425,0.9304406160530257,2.9411764705882355,6.547437404894836,0.009688303993271781,3.694172454579513,,Sinus Tachycardia/False/._2025-05-25_ECGRec_202436_E116132_duration=23s_pos=414968-417873_src=json.json
123.98938420553564,403.6870973967931,87.07327929065612,103.71410371952106,3.25581981657225,0.6451612903225806,3968,128,70,93.75,140.625,19,135.18367346938774,0.13779525114059274,0.8622047488594072,2.898550724637681,6.413831865688829,0.0009301894126536966,3.0532045540565167,1.0129175675632267,Sinus Tachycardia/False/._2025-05-25_ECGRec_202436_E116132_duration=12s_pos=411708-413222_src=json.json
90.85881552708794,391.9003172430946,84.01423959755486,69.09858998165375,4.31328881690041,0.6451612903225806,3968,128,61,93.75,148.4375,18,117.64105182537656,0.41568590494590973,0.5843140950540903,8.333333333333334,7.722944321832561,0.005316438978765578,3.07888401899203,0.5005006003678422,Sinus Tachycardia/False/._2025-05-25_ECGRec_202436_E116132_duration=10s_pos=410364-411541_src=json.json
20.205060325031052,411.87281751827044,50.101745582328704,8.674732521352313,20.384635853988797,3.225806451612903,3968,128,69,101.5625,140.625,18,132.34668018246325,0.06955938394697425,0.9304406160530257,2.9411764705882355,6.547437404894836,0.009688303993271781,3.694172454579513,,Sinus Tachycardia/False/._2025-05-25_ECGRec_202436_E116132_duration=23s_pos=414968-417873_src=json.json
63.87722153848482,349.169676283005,72.09330319534246,35.76378620387188,5.466262658377748,4.516129032258064,3968,128,72,93.75,148.4375,18,138.67751780264496,0.08816776218430329,0.9118322378156967,7.042253521126761,6.755634225282167,0.0034731003539922316,3.0525033818719884,,Sinus Tachycardia/False/._2025-05-25_ECGRec_202436_E116132_duration=8s_pos=406705-407702_src=json.json
123.98938420553564,403.6870973967931,87.07327929065612,103.71410371952106,3.25581981657225,0.6451612903225806,3968,128,70,93.75,140.625,19,135.18367346938774,0.13779525114059274,0.8622047488594072,2.898550724637681,6.413831865688829,0.0009301894126536966,3.0532045540565167,1.0129175675632267,Sinus Tachycardia/False/._2025-05-25_ECGRec_202436_E116132_duration=12s_pos=411708-413222_src=json.json
63.87722153848482,349.169676283005,72.09330319534246,35.76378620387188,5.466262658377748,4.516129032258064,3968,128,72,93.75,148.4375,18,138.67751780264496,0.08816776218430329,0.9118322378156967,7.042253521126761,6.755634225282167,0.0034731003539922316,3.0525033818719884,,Sinus Tachycardia/False/._2025-05-25_ECGRec_202436_E116132_duration=8s_pos=406705-407702_src=json.json
90.85881552708794,391.9003172430946,84.01423959755486,69.09858998165375,4.31328881690041,0.6451612903225806,3968,128,61,93.75,148.4375,18,117.64105182537656,0.41568590494590973,0.5843140950540903,8.333333333333334,7.722944321832561,0.005316438978765578,3.07888401899203,0.5005006003678422,Sinus Tachycardia/False/._2025-05-25_ECGRec_202436_E116132_duration=10s_pos=410364-411541_src=json.json
88.55651446473814,421.21788931011974,77.20241039409426,63.1551932294806,4.75648671472222,1.935483870967742,3968,128,66,97.65625,148.4375,21,127.8688524590164,0.26985894125558113,0.7301410587444188,3.076923076923077,7.524898602240036,0.0006900676690034232,3.0720022704658483,0.6070180268300066,Sinus Tachycardia/False/._2025-05-25_ECGRec_202436_E116132_duration=8s_pos=405136-406151_src=json.json
92.3623197849002,451.4394706317728,68.81310628779396,82.46676817192377,4.887701681761727,1.2903225806451613,3968,128,67,101.5625,156.25,23,128.61710225831007,0.2279475384902719,0.7720524615097281,19.696969696969695,6.408736365333853,0.005011678682111342,2.3836351191671987,1.3256697393034558,Sinus Tachycardia/False/._2025-05-25_ECGRec_202436_E116132_duration=42s_pos=120597-125847_src=json.json
92.51383714700643,398.34541188854786,90.60623718262524,51.84365291356452,4.305792731845896,0.6451612903225806,3968,128,67,109.375,148.4375,22,130.77399380804954,0.30469807468211224,0.6953019253178878,13.636363636363637,12.03896112109009,0.00507509833026444,0.6261980100767337,1.1984782850082953,Sinus Tachycardia/False/._2025-05-25_ECGRec_202436_E116132_duration=11s_pos=126178-127497_src=json.json
38.58741430444954,483.125394123494,59.23886569782342,21.1957974073147,12.52028388819773,1.935483870967742,3968,128,58,109.375,148.4375,22,115.47348984436823,0.38914761840993595,0.610852381590064,21.05263157894737,60.40833341106723,0.008378973510767627,0.2949109503869715,1.5459245067117746,Sinus Tachycardia/False/._2025-05-25_ECGRec_202436_E116132_duration=13s_pos=133727-135275_src=json.json
92.51383714700643,398.34541188854786,90.60623718262524,51.84365291356452,4.305792731845896,0.6451612903225806,3968,128,67,109.375,148.4375,22,130.77399380804954,0.30469807468211224,0.6953019253178878,13.636363636363637,12.03896112109009,0.00507509833026444,0.6261980100767337,1.1984782850082953,Sinus Tachycardia/False/._2025-05-25_ECGRec_202436_E116132_duration=11s_pos=126178-127497_src=json.json
92.3623197849002,451.4394706317728,68.81310628779396,82.46676817192377,4.887701681761727,1.2903225806451613,3968,128,67,101.5625,156.25,23,128.61710225831007,0.2279475384902719,0.7720524615097281,19.696969696969695,6.408736365333853,0.005011678682111342,2.3836351191671987,1.3256697393034558,Sinus Tachycardia/False/._2025-05-25_ECGRec_202436_E116132_duration=42s_pos=120597-125847_src=json.json
38.58741430444954,483.125394123494,59.23886569782342,21.1957974073147,12.52028388819773,1.935483870967742,3968,128,58,109.375,148.4375,22,115.47348984436823,0.38914761840993595,0.610852381590064,21.05263157894737,60.40833341106723,0.008378973510767627,0.2949109503869715,1.5459245067117746,Sinus Tachycardia/False/._2025-05-25_ECGRec_202436_E116132_duration=13s_pos=133727-135275_src=json.json
21.907141810557047,399.7103635689678,54.558563258316866,5.516458544878033,18.24566384696901,13.548387096774196,3968,128,58,85.9375,148.4375,5,122.1769466927156,0.1776106106612976,0.8223893893387024,0.0,6.027321155196116,0.0013011958265434728,5.08730939563349,0.13157635778871932,Sinus Tachycardia/False/._2025-05-30_ECGRec_202419_E110189_duration=12s_pos=658321-659856_src=json.json
24.75551368940698,388.1561674377459,53.086905712353335,8.353189011979234,15.6795838142618,11.612903225806452,3968,128,43,85.9375,140.625,2,81.95121951219512,1.4413376448008028,0.0,0.0,5.4899287165853075,0.0024807223000061587,4.020008939036623,0.2591618505033657,Sinus Tachycardia/False/._2025-05-30_ECGRec_202419_E110189_duration=11s_pos=656687-657968_src=json.json
36.636329092531966,645.3694332668535,67.67280117835917,17.455085569768602,17.6155589721146,3.870967741935484,3968,128,66,93.75,140.625,15,128.23015669149754,0.3496693165059821,0.6503306834940179,0.0,3.3159846582995076,0.008271440342507616,3.21982463193523,0.13434392370339726,Sinus Tachycardia/False/._2025-05-30_ECGRec_202419_E110189_duration=46s_pos=54849-60638_src=json.json
33.49092334972048,421.0909475115817,59.163774831214084,15.073857462478246,12.5732853209558,7.096774193548387,3968,128,63,93.75,140.625,5,121.68668540761564,0.3660128889722554,0.6339871110277446,0.0,4.133423377041592,0.009850681352504694,3.3710914101789604,0.3655927168607871,Sinus Tachycardia/False/._2025-05-30_ECGRec_202419_E110189_duration=20s_pos=66833-69320_src=json.json
210.7162400517105,922.5380969215345,176.0774548886461,175.19231780186618,4.378106273712145,0.6451612903225806,3968,128,65,93.75,140.625,11,126.94214876033058,0.16828382391945584,0.8317161760805442,0.0,3.76706818649951,0.01620564293273888,3.312429092214057,0.1481408562666807,Sinus Tachycardia/False/._2025-05-30_ECGRec_202419_E110189_duration=44s_pos=109492-115007_src=json.json
110.13748389848395,677.3386808290209,131.38479364542007,57.74699631634628,6.149937793234867,4.516129032258064,3968,128,62,93.75,140.625,9,120.33907012586694,0.12029039509994659,0.8797096049000535,0.0,6.131087595484065,0.006812744483905864,4.310270683269557,0.2682639865946794,Sinus Tachycardia/False/._2025-05-30_ECGRec_202419_E110189_duration=12s_pos=2771252-2772713_src=json.json
15.596601682169917,408.7917758000059,51.14575831587531,4.057892248383377,26.210309009624122,10.967741935483872,3968,128,67,93.75,148.4375,20,130.2029283329052,0.061090564173926144,0.9389094358260739,0.0,3.6445788183899923,0.005632890073455332,3.4365341678336123,1.2573606777439974,Sinus Tachycardia/False/._2025-05-30_ECGRec_202419_E110189_duration=15s_pos=1790173-1791978_src=json.json
12.18974322971802,398.3699125717414,49.08442414417573,3.395315546987243,32.680744162009105,16.7741935483871,3968,128,65,93.75,148.4375,17,126.51737451737452,0.1035219547646504,0.8964780452353496,0.0,3.7890607040571345,0.005388600870175435,3.22163692032706,0.526945005645874,Sinus Tachycardia/False/._2025-05-30_ECGRec_202419_E110189_duration=9s_pos=1792642-1793680_src=json.json
44.3331918708696,413.0653033563392,74.64280114604547,11.182993031391142,9.317292001942763,4.516129032258064,3968,128,70,101.5625,132.8125,6,134.908350305499,0.01898987392966353,0.9810101260703364,0.0,1.992748510958248,0.007873884642731048,2.351685101742121,1.0317493434389833,Sinus Tachycardia/False/._2025-05-30_ECGRec_202419_E110189_duration=43s_pos=1669648-1675092_src=json.json
27.801622627230316,418.9457214310119,54.44614093586014,11.083322376263972,15.06910988539084,2.5806451612903225,3968,128,65,101.5625,132.8125,2,125.83717357910906,0.254182370965885,0.745817629034115,0.0,2.0182760929605728,0.0020561301866647776,2.133790168857907,0.3174343053067407,Sinus Tachycardia/False/._2025-05-30_ECGRec_202419_E110189_duration=12s_pos=1479194-1480628_src=json.json
62.507028917345394,805.4100808294274,112.22538634353944,9.39594536482491,12.885111992914098,10.32258064516129,3968,128,57,93.75,171.875,8,112.02917426413127,0.2766054733562564,0.7233945266437436,0.0,4.312700098106726,0.01035594906040539,3.0295220338367104,0.5526227524444521,Sinus Tachycardia/False/._2025-05-31_ECGRec_202419_E110189_duration=9s_pos=112723-113770_src=json.json
107.54319466384115,554.951122037032,138.15758831456665,25.88191157582287,5.160262521598297,5.161290322580645,3968,128,67,93.75,132.8125,12,132.93469708890638,0.01340611373627458,0.9865938862637255,0.0,5.734514514080379,0.005983586583811396,3.940142818137926,0.9974430536743818,Sinus Tachycardia/False/._2025-05-31_ECGRec_202419_E110189_duration=33s_pos=119298-123397_src=json.json
34.33349949833962,374.4995641316047,51.28136809597073,17.90366258320497,10.907701186767008,3.225806451612903,3968,128,69,85.9375,132.8125,3,133.6677757870489,0.009641570617760636,0.9903584293822394,0.0,3.329695744036938,0.002134798433844086,3.3574926316824047,0.8380615602676926,Sinus Tachycardia/False/._2025-05-31_ECGRec_202419_E110189_duration=45s_pos=347124-352872_src=json.json
35.517493589791535,466.30866494046876,52.008208293550034,25.056111784352296,13.128985316281165,1.935483870967742,3968,128,69,85.9375,125.0,2,134.0795892169448,0.010304817581691723,0.9896951824183082,0.0,3.245390459422101,0.001044244160100281,3.462930303182445,0.8632982017336447,Sinus Tachycardia/False/._2025-05-31_ECGRec_202419_E110189_duration=33s_pos=342079-346202_src=json.json
39.04993304281438,402.882906974267,72.32079711065178,11.724944657876101,10.317121317863068,4.516129032258064,3968,128,68,93.75,125.0,3,132.07392197125256,0.12568093899214533,0.8743190610078546,0.0,2.9066677017960973,0.013220176506874506,3.5267285328135687,0.3640312396148538,Sinus Tachycardia/False/._2025-05-31_ECGRec_202419_E110189_duration=99s_pos=1110349-1122922_src=json.json
12.948288732783865,399.90709926653835,48.66094605945898,4.594469664601308,30.884935966022663,9.032258064516128,3968,128,69,85.9375,117.1875,0,132.6829268292683,0.011293755472989695,0.9887062445270103,0.0,1.8928852004203396,0.002175471785940369,2.519544700494431,0.9107196868246996,Sinus Tachycardia/False/._2025-05-31_ECGRec_202419_E110189_duration=826s_pos=997305-1102945_src=json.json
63.376353400477676,468.06377269646583,87.75324572289094,28.920015781270457,7.385463823601346,3.225806451612903,3968,128,55,93.75,132.8125,1,107.32919254658384,1.2133570577992197,0.0,0.0,3.7357137641029414,0.004868276067290342,3.4622611110967942,0.12771742275910283,Sinus Tachycardia/False/._2025-05-31_ECGRec_202419_E110189_duration=55s_pos=1103293-1110233_src=json.json
12.61749426848164,404.2657650620772,48.66047817699306,4.336599423873655,32.040096426422174,13.548387096774196,3968,128,68,85.9375,125.0,3,132.31164823862176,0.01049541354174006,0.9895045864582599,0.0,2.628178751215697,0.006566119159465405,3.4863349527633076,0.8127303967204766,Sinus Tachycardia/False/._2025-05-31_ECGRec_202419_E110189_duration=49s_pos=989472-995698_src=json.json
21.98667022265719,404.6549987589434,54.73498469190476,6.284941583939663,18.404559501574198,5.806451612903226,3968,128,29,101.5625,109.375,0,89.08036454018227,0.6231958968367214,0.3768041031632786,0.0,30.279783312678305,0.003917536950827555,1.0157872264309715,0.6241543090729939,Sinus Tachycardia/False/._2025-05-31_ECGRec_202419_E110189_duration=20s_pos=27025-29563_src=json.json
14.976023718314162,397.00796198537324,48.628402555843294,5.156260311475092,26.509569091447393,11.612903225806452,3968,128,70,93.75,132.8125,2,135.3217568947906,0.014819834656296414,0.9851801653437036,0.0,2.6738807108417797,0.025789140336861065,3.093779462544071,1.0986122886681098,Sinus Tachycardia/False/._2025-05-31_ECGRec_202419_E110189_duration=122s_pos=516-16100_src=json.json
24.307837277140994,409.96322185213666,51.673665321128645,11.493413442036694,16.86547430413278,3.870967741935484,3968,128,52,85.9375,117.1875,0,99.89288446824789,0.8961218523069514,0.1038781476930486,1.9607843137254901,3.9820028960114495,0.00683467056244113,2.6577114127092107,0.15800424914324832,Sinus Tachycardia/False/._2025-05-31_ECGRec_202419_E110189_duration=57s_pos=16215-23440_src=json.json
13.36725340120242,404.3553783150735,49.75120027923166,4.788108283223846,30.249695725002486,5.161290322580645,3968,128,70,93.75,101.5625,0,135.7377049180328,0.01455765598191668,0.9854423440180833,0.0,2.7285205678208193,0.005422337117434258,3.2969799246027094,1.0039249678063755,Sinus Tachycardia/False/._2025-05-31_ECGRec_202419_E110189_duration=55s_pos=65600-72631_src=json.json
24.363013795674714,422.86588549164463,54.002455186442354,8.68046191990246,17.35687840926477,5.806451612903226,3968,128,2,105.46875,109.375,0,,,,,10.08067392277604,1.9649590510365114,0.013357706056402905,,Sinus Tachycardia/False/._2025-05-31_ECGRec_202419_E110189_duration=11s_pos=73670-75026_src=json.json
17.75448328754527,427.9902553063242,51.462616612386206,6.375332395961886,24.106037008721135,9.67741935483871,3968,128,61,93.75,140.625,8,119.40917336097435,0.2418294105885239,0.7581705894114761,0.0,1.937847030678948,0.006807232910194986,1.2578540167643972,0.4914389099658006,Sinus Tachycardia/False/._2025-05-31_ECGRec_202419_E110189_duration=10s_pos=52446-53660_src=json.json
51.33438430881863,462.08829079890944,88.13118987864436,9.276207777026091,9.001535481901023,10.32258064516129,3968,128,2,125.0,132.8125,1,,,,,26.537266143269036,0.04378399643469803,0.3161162718566571,,Sinus Tachycardia/False/._2025-05-31_ECGRec_202419_E110189_duration=15s_pos=43086-44957_src=json.json
17.956177649803077,406.923536232302,55.6812858602554,4.720537026143501,22.662034287388018,14.193548387096774,3968,128,69,93.75,132.8125,4,132.98701298701297,0.13648787191137093,0.8635121280886291,2.9411764705882355,41.183403584335515,0.004945592381945571,0.6725589536250252,0.3269264685379577,Sinus Tachycardia/False/._2025-05-31_ECGRec_202419_E110189_duration=29s_pos=7826-11410_src=json.json
17.524190509921876,398.749826638047,49.720785557713896,6.59694613774664,22.75424954197072,7.096774193548387,3968,128,69,93.75,140.625,1,134.77161290322582,0.013287190360595705,0.9867128096394043,0.0,3.19116328002809,0.018233837445582567,1.052641749327864,0.9917982843823002,Sinus Tachycardia/False/._2025-05-31_ECGRec_202419_E110189_duration=13s_pos=18095-19696_src=json.json
25.695593765357923,394.9413027016051,53.43797906624275,9.00369631918485,15.37000043423995,5.806451612903226,3968,128,69,93.75,148.4375,2,134.87603305785123,0.013763339457070534,0.9862366605429295,0.0,2.069076375999094,0.017954798718510908,0.5848326468973665,1.0407927177792835,Sinus Tachycardia/False/._2025-05-31_ECGRec_202419_E110189_duration=12s_pos=20263-21742_src=json.json
55.88848394124514,543.2864712508967,78.73561615155222,25.158532628616225,9.720901753233193,2.5806451612903225,3968,128,68,93.75,156.25,3,133.13324708926262,0.05401124012546299,0.945988759874537,2.985074626865672,2.5514237332724745,0.011763474256862957,0.6647042154498408,0.9922766388520771,Sinus Tachycardia/False/._2025-05-31_ECGRec_202419_E110189_duration=15s_pos=26390-28279_src=json.json
34.957429926509,396.0883810434521,56.40963197102064,16.825811401379287,11.330591823985825,1.935483870967742,3968,128,68,93.75,117.1875,0,130.9979633401222,0.17254045004370683,0.8274595499562931,1.492537313432836,23.674759212138675,0.017558254136789398,0.8147746865774,0.19039625815566621,Sinus Tachycardia/False/._2025-05-31_ECGRec_202419_E110189_duration=9s_pos=67101-68127_src=json.json
12.930904182647842,398.4689092441236,48.50312400004524,4.344435426481774,30.815237109528457,14.838709677419354,3968,128,70,93.75,101.5625,0,135.04587155963304,0.016373474418117085,0.9836265255818829,0.0,1.6610580802058337,0.016801484801988207,2.331296914645497,1.2710283164726612,Sinus Tachycardia/False/._2025-05-31_ECGRec_202419_E110189_duration=46s_pos=29855-35661_src=json.json
26.338157963577995,405.81796493001866,61.858611124331055,8.65380194385268,15.407985254064583,7.741935483870968,3968,128,70,93.75,148.4375,6,135.18367346938774,0.0996747365325288,0.9003252634674712,2.898550724637681,2.631339707479855,0.04395094340720494,0.9407733544027725,0.24600468129267608,Sinus Tachycardia/False/._2025-05-31_ECGRec_202419_E110189_duration=9s_pos=16672-17809_src=json.json
16.049362719873418,396.6367275315612,59.99230545340914,3.582266122944877,24.71354842811734,21.29032258064516,3968,128,66,93.75,101.5625,0,135.79978237214362,0.015517911530924248,0.9844820884690757,0.0,3.3133079517827566,0.0055592034619715985,2.471161592383494,0.8540775473725825,Sinus Tachycardia/False/._2025-05-31_ECGRec_202419_E110189_duration=28s_pos=47744-51251_src=json.json
12.53648163169841,402.9684578222674,49.665711585300116,4.049513828003004,32.143661795802636,17.419354838709676,3968,128,71,93.75,179.6875,1,137.10788064269317,0.012621109953206172,0.9873788900467938,0.0,2.800306704085714,0.005824466792572422,1.6630490636257653,0.922425720441671,Sinus Tachycardia/False/._2025-05-31_ECGRec_202419_E110189_duration=28s_pos=52205-55787_src=json.json
32.8422805848709,411.16390950153783,57.98892424481703,15.714138000281652,12.519346697610203,4.516129032258064,3968,128,66,93.75,117.1875,0,127.96718790053832,0.18590086720187762,0.8140991327981224,1.5384615384615385,21.64540971569864,0.006736525339806793,0.6869716898273249,0.18484840589586354,Sinus Tachycardia/False/._2025-05-31_ECGRec_202419_E110189_duration=15s_pos=64628-66467_src=json.json
50.84553041802473,477.0475594552148,69.80721877373556,30.825590753968513,9.38229075694352,4.516129032258064,3968,128,5,101.5625,117.1875,0,48.075117370892016,0.3791271589856149,0.6208728410143851,0.0,2.775673893562013,2.4880345573500438,0.014232576179260431,,Sinus Tachycardia/False/._2025-05-31_ECGRec_202419_E110189_duration=15s_pos=3556-5398_src=json.json
47.76982601630824,471.38835957689616,95.97891068460767,8.02685090402,9.867910122763643,8.38709677419355,3968,128,40,93.75,156.25,3,75.98173515981735,0.5319981276750865,0.4680018723249135,0.0,17.65936440457515,0.018638728862054237,0.5436172340244847,1.2602536402245257,Sinus Tachycardia/False/._2025-05-31_ECGRec_202419_E110189_duration=26s_pos=35947-39193_src=json.json
61.13499118842437,498.9332612911157,94.2838613239202,15.023283623358585,8.161173223893638,5.806451612903226,3968,128,52,89.84375,156.25,6,99.05918057663125,0.7682535253997269,0.2317464746002731,1.9607843137254901,4.73605706205019,0.010841211364022281,0.5599946721416297,0.551176919289558,Sinus Tachycardia/False/._2025-05-31_ECGRec_202419_E110189_duration=12s_pos=57102-58573_src=json.json
32.88198270348383,410.7367679229581,55.47318779317783,13.461983065235827,12.491240541532195,3.225806451612903,3968,128,70,93.75,101.5625,0,136.0164271047228,0.014327808764806188,0.9856721912351938,0.0,1.6764268815075463,0.0006244247687818369,2.393233868463754,0.8009185808020821,Sinus Tachycardia/False/._2025-05-31_ECGRec_202419_E110189_duration=48s_pos=29078-35132_src=json.json
20.463028248141768,405.4932856789334,50.13291152066386,9.264748060119565,19.815897282938003,9.67741935483871,3968,128,71,93.75,101.5625,0,137.2829417773238,0.011657520133286223,0.9883424798667138,0.0,1.379838467955918,0.0045898566741955395,2.3035684763819297,0.46322394226035674,Sinus Tachycardia/False/._2025-05-31_ECGRec_202419_E110189_duration=315s_pos=35415-75713_src=json.json
29.214575791403078,400.5983319547426,53.16060261076139,15.253906176783683,13.712275718217008,7.096774193548387,3968,128,70,93.75,125.0,2,136.4718001545197,0.013825460243563247,0.9861745397564368,0.0,1.7445830918779937,0.0011318334230656314,2.490728663960852,1.1732738174371293,Sinus Tachycardia/False/._2025-05-31_ECGRec_202419_E110189_duration=221s_pos=79-28281_src=json.json
26.661343783756827,521.8823641981069,56.599296643931055,12.846125034787658,19.57449515134956,6.451612903225806,3968,128,4,117.1875,125.0,1,8.753799392097264,0.7149054738692725,0.2850945261307275,33.333333333333336,10.296302617658666,0.012317805341577547,0.4147803434235415,,Sinus Tachycardia/False/._2025-05-31_ECGRec_202419_E110189_duration=11s_pos=19802-21099_src=json.json
18.14820516054169,389.4479955967385,48.15379805904909,8.68574104122477,21.45931075234789,8.38709677419355,3968,128,71,93.75,101.5625,0,138.1649961449499,0.011969294291614706,0.9880307057083852,0.0,1.497683319505036,0.00966686012923049,2.489804203410998,1.0004202624888958,Sinus Tachycardia/False/._2025-05-31_ECGRec_202419_E110189_duration=52s_pos=62560-69128_src=json.json
18.20622519196223,396.03305068696307,49.36394964972434,6.972032292342611,21.752616193563803,7.333333333333333,3840,128,69,93.75,109.375,0,137.9033535780301,0.056970567109791564,0.9430294328902085,1.4705882352941178,11.085221964790618,0.029299667903677058,0.8304205324352367,1.0421000784047674,Sinus Tachycardia/False/._2025-05-31_ECGRec_202419_E110189_duration=27s_pos=75351-78748_src=json.json
13.879516753221083,404.3981979245289,49.840479742573685,4.416331810523144,29.136329166096452,12.258064516129032,3968,128,72,93.75,101.5625,0,138.18550430816015,0.011951166875341555,0.9880488331246584,0.0,1.6127029348237159,0.00625246638002159,1.938039482740659,0.9112781900506107,Sinus Tachycardia/False/._2025-05-31_ECGRec_202419_E110189_duration=16s_pos=27442-29447_src=json.json
16.881625756722332,403.44675865056536,48.347144139864334,7.554492843078853,23.898571178272924,3.870967741935484,3968,128,71,93.75,109.375,0,137.49360613810742,0.01221210883507516,0.9877878911649248,0.0,1.29589889355971,0.0034958371511296773,2.0618144719706746,0.8639649128724154,Sinus Tachycardia/False/._2025-05-31_ECGRec_202419_E110189_duration=38s_pos=57373-62227_src=json.json
13.710401430780363,399.66276447390567,49.34332883444318,4.505915417060469,29.150330669845832,10.967741935483872,3968,128,72,93.75,132.8125,1,138.15049404611096,0.011527046532608195,0.9884729534673918,0.0,1.293172045838709,0.008745219425202934,2.099026855202163,0.9858167945227653,Sinus Tachycardia/False/._2025-05-31_ECGRec_202419_E110189_duration=13s_pos=25554-27165_src=json.json
19.594460710681847,464.28247131485125,56.05359609334652,7.16809213206826,23.694576466050577,9.032258064516128,3968,128,11,85.9375,117.1875,0,25.75452716297787,1.2837693156477923,0.0,40.0,15.383560307288548,0.014405021699742025,0.3240673863961514,0.40546510810816444,Sinus Tachycardia/False/._2025-05-31_ECGRec_202419_E110189_duration=11s_pos=70185-71584_src=json.json
13.139171232936404,400.00168421866545,48.999807651330826,4.29373200071459,30.443446293821147,10.967741935483872,3968,128,72,93.75,132.8125,1,138.22053231939162,0.0348005116384101,0.9651994883615899,1.408450704225352,17.340456047318384,0.006107509384862267,1.0052300078098353,0.8905478441810203,Sinus Tachycardia/False/._2025-05-31_ECGRec_202419_E110189_duration=21s_pos=22443-25053_src=json.json
15.952439763443342,397.79206884654263,48.8574574389932,6.806813067045447,24.936125746859005,11.612903225806452,3968,128,70,93.75,125.0,1,135.42550472783032,0.12548411650562952,0.8745158834943705,1.4492753623188406,10.584690016449422,0.010652351815744173,0.47891389508647014,0.24367213145533848,Sinus Tachycardia/False/._2025-05-31_ECGRec_202419_E110189_duration=11s_pos=48461-49747_src=json.json
13.580161293303219,394.1525428749193,47.432998265331335,5.092912253749748,29.024140828514813,12.258064516129032,3968,128,71,93.75,101.5625,0,137.81081773904128,0.012476896717364787,0.9875231032826353,0.0,1.5902429752305691,0.03389390007008647,2.541828606958154,0.9989566376042829,Sinus Tachycardia/False/._2025-05-31_ECGRec_202419_E110189_duration=126s_pos=29724-45846_src=json.json
28.873798610670182,396.2517080664846,57.072629947564074,8.979201172573891,13.723573392122994,5.161290322580645,3968,128,2,140.625,164.0625,1,,,,,43.39213912091083,0.018772880545433447,0.43505591902947616,,Sinus Tachycardia/False/._2025-05-31_ECGRec_202419_E110189_duration=13s_pos=1311-2857_src=json.json
15.089189394838577,397.494987703782,49.04645198973968,5.279300957700905,26.34302950009495,16.129032258064516,3968,128,70,93.75,117.1875,0,135.7377049180328,0.016592351168714152,0.9834076488312858,0.0,1.3342421585373918,0.002561496654957999,1.9129155431956253,0.696326833477325,Sinus Tachycardia/False/._2025-05-31_ECGRec_202419_E110189_duration=46s_pos=5379-11256_src=json.json
22.236115359758408,437.8212158639285,53.37459350981085,7.446032079886367,19.689644035874498,7.741935483870968,3968,128,71,93.75,109.375,0,136.72431332655137,0.018297157424785312,0.9817028425752147,0.0,1.6014007339301415,0.028454822107831613,2.116207882058904,1.264597426142371,Sinus Tachycardia/False/._2025-05-31_ECGRec_202419_E110189_duration=34s_pos=11535-15810_src=json.json
31.11809726996715,464.0980416053223,63.28579154986137,10.298327339833712,14.914087537709039,7.096774193548387,3968,128,70,93.75,117.1875,0,136.57731958762886,0.013247522964811492,0.9867524770351885,0.0,4.95314330423395,0.004636522746206322,1.271488873938913,1.1122643778364372,Sinus Tachycardia/False/._2025-05-31_ECGRec_202419_E110189_duration=23s_pos=16091-18961_src=json.json
13.763680540552905,418.67313626299295,50.20228591046047,4.8549679190071915,30.41868812711387,13.548387096774196,3968,128,4,93.75,117.1875,0,10.04797208896642,1.2976583257428238,0.0,0.0,14.07569757354921,0.01816992731674679,0.4635346600720374,,Sinus Tachycardia/False/._2025-05-31_ECGRec_202419_E110189_duration=15s_pos=46183-48016_src=json.json
133.51954533082423,560.8555616096946,122.3924020738415,90.62039480154155,4.200550234196054,0.6666666666666667,3840,128,62,93.75,125.0,3,124.59574468085107,0.340368803450873,0.659631196549127,0.0,2.2764506309818735,0.010185690328654068,2.097640988944581,0.11114924383407095,Sinus Tachycardia/False/._2025-05-31_ECGRec_202419_E110189_duration=29s_pos=25098-28685_src=json.json
16.68029370542055,401.6591878219311,49.75712395865567,5.555339337814047,24.07986159209795,8.38709677419355,3968,128,71,93.75,101.5625,0,137.5287797390637,0.011968981903568966,0.988031018096431,0.0,1.6005294948422302,0.0033107642727722444,2.4067464385047397,0.9718605830289657,Sinus Tachycardia/False/._2025-05-31_ECGRec_202419_E110189_duration=60s_pos=67-7715_src=json.json
27.86937642621689,427.1368406792542,56.431755541207025,10.495258721144651,15.326386167401214,3.870967741935484,3968,128,67,93.75,132.8125,3,131.65714285714284,0.12784498962744328,0.8721550103725567,0.0,2.50550068498855,0.012217862987192693,0.9139131101166618,0.38831737694738594,Sinus Tachycardia/False/._2025-05-31_ECGRec_202419_E110189_duration=10s_pos=20144-21393_src=json.json
56.30982399687686,640.8787730601515,89.47152874026786,19.45855773092342,11.381295770244304,1.2903225806451613,3968,128,10,74.21875,140.625,2,69.95951417004048,0.8599153590646457,0.14008464093535433,33.333333333333336,16.7725100562486,0.03564854870711432,0.26881411802884864,,Sinus Tachycardia/False/._2025-05-31_ECGRec_202419_E110189_duration=11s_pos=21856-23240_src=json.json
49.1822731964067,415.2313584564459,83.48082142732204,17.435896712826306,8.442703499196528,1.935483870967742,3968,128,44,93.75,125.0,1,85.31128907259107,1.8003918986568468,0.0,0.0,2.1100335769188003,0.019155659131536884,1.5825594321257492,0.18366474034042224,Sinus Tachycardia/False/._2025-05-31_ECGRec_202419_E110189_duration=28s_pos=3432-6955_src=json.json
36.40981332549476,402.8869767812718,83.91932790069622,9.448180689505147,11.065340053084634,8.38709677419355,3968,128,63,101.5625,132.8125,2,125.53651463221723,0.5336114920354669,0.4663885079645331,0.0,2.00727250299148,0.015321391436914166,1.5673558871651818,0.06957749588243939,Sinus Tachycardia/False/._2025-05-31_ECGRec_202419_E110189_duration=12s_pos=7303-8737_src=json.json
11.221270558984173,404.04308086059683,49.83780240515858,2.671838393510706,36.00688912453106,19.35483870967742,3968,128,70,101.5625,109.375,0,136.19121048573632,0.012886097287785373,0.9871139027122147,0.0,1.3053720306597594,0.006169953202593339,2.0119626676318743,0.8996110426754996,Sinus Tachycardia/False/._2025-05-31_ECGRec_202419_E110189_duration=148s_pos=47393-66269_src=json.json
11.359194020726793,402.7923966686331,49.444391397870746,3.275024763982115,35.45958986826703,17.419354838709676,3968,128,69,101.5625,101.5625,0,132.95315682281057,0.007920748058080232,0.9920792519419198,0.0,1.292287985180704,0.00040098121953350744,1.7965670348223768,0.5487191967112094,Sinus Tachycardia/False/._2025-05-31_ECGRec_202419_E110189_duration=243s_pos=9687-40745_src=json.json
130.71777719942716,637.8670977288949,144.33917366303936,67.99702407918839,4.8797271994307065,1.935483870967742,3968,128,64,93.75,140.625,6,123.11450381679388,0.3476443490668513,0.6523556509331487,0.0,2.2022817515743798,0.019938369368976864,2.4629958655232564,0.11104055617352981,Sinus Tachycardia/False/._2025-05-31_ECGRec_202419_E110189_duration=48s_pos=41033-47105_src=json.json
154.29347485180975,833.9796172478202,164.70607391354406,88.70850625643789,5.405151531156191,4.516129032258064,3968,128,64,93.75,132.8125,1,123.20855614973262,0.46265625722698905,0.537343742773011,0.0,2.427342634876447,0.019493386266849197,2.3002245356351394,0.10717704658422415,Sinus Tachycardia/False/._2025-05-31_ECGRec_202419_E110189_duration=25s_pos=66560-69682_src=json.json
124.13616092176173,782.1066333839102,144.86186503836745,60.0115917367795,6.300393223667106,1.4285714285714286,3584,128,49,93.75,125.0,1,109.16197808705951,0.6761863587204198,0.32381364127958023,0.0,2.674597983787163,0.011840051606436003,1.7892186969471597,0.16339018217654597,Sinus Tachycardia/False/._2025-05-31_ECGRec_202419_E110189_duration=20s_pos=404-2898_src=json.json
15.025782939944703,407.18429940413125,49.16915089785225,5.506884785914767,27.09903862797256,12.903225806451612,3968,128,70,93.75,101.5625,0,135.84209177134068,0.011498416555731878,0.9885015834442681,0.0,1.5572248850394033,0.03752445213017365,2.3765206230310967,0.8403614163905465,Sinus Tachycardia/False/._2025-05-31_ECGRec_202419_E110189_duration=191s_pos=60437-84782_src=json.json
58.67578813964588,445.48452749918897,84.46585792379292,20.294166177993624,7.5923056857225175,8.38709677419355,3968,128,52,93.75,132.8125,6,126.75728155339804,0.29843592656021467,0.7015640734397853,0.0,2.9863132335968823,0.008861420337762214,2.8615599436147545,0.1378277057953278,Sinus Tachycardia/False/._2025-05-31_ECGRec_202419_E110189_duration=35s_pos=67-4539_src=json.json
12.668738895650232,405.217855943905,50.29449035218005,3.338522179258785,31.98564808194027,15.483870967741936,3968,128,58,101.5625,140.625,3,113.82215288611543,0.2476866225589282,0.7523133774410717,0.0,2.8783457700697346,0.0018102491004487733,2.1001740192727465,0.3149511005673325,Sinus Tachycardia/False/._2025-05-31_ECGRec_202419_E110189_duration=12s_pos=6688-8216_src=json.json
11.462789322227398,407.93241049182114,50.389041153450556,3.3170398401403123,35.58753139720291,18.70967741935484,3968,128,67,101.5625,109.375,0,129.90261404407997,0.011217872182568889,0.9887821278174311,0.0,1.6246666309559243,0.0016738618253957604,1.7595162506213735,1.024504316514388,Sinus Tachycardia/False/._2025-05-31_ECGRec_202419_E110189_duration=10s_pos=11557-12739_src=json.json
14.529294170146363,411.3646781756688,51.06680164896495,4.181313209143278,28.312775902640354,9.67741935483871,3968,128,66,101.5625,117.1875,0,128.13141683778235,0.07692244344634849,0.9230775565536515,0.0,1.7558191506525391,0.004536769946373852,1.847931335928589,0.9637930658591585,Sinus Tachycardia/False/._2025-05-31_ECGRec_202419_E110189_duration=9s_pos=40550-41603_src=json.json
25.375838273930153,439.94927583354513,51.47796329695561,13.463628895834079,17.337329066610483,5.806451612903226,3968,128,70,93.75,125.0,1,134.56576942610462,0.01344662498206606,0.9865533750179339,0.0,2.244001316406301,0.0004940131642015058,2.844033688292399,1.0850802824495334,Sinus Tachycardia/False/._2025-05-31_ECGRec_202419_E110189_duration=593s_pos=66-75904_src=json.json
83.08442000169514,415.9315091066715,101.35727015776502,34.70763723243242,5.006131162642217,5.714285714285714,2688,128,47,93.75,117.1875,0,134.94270435446904,0.017504108842419916,0.9824958911575801,0.0,2.384960839596249,0.00388271732499812,2.1744878993416847,0.916290731874155,Sinus Tachycardia/False/._2025-05-31_ECGRec_202419_E110189_duration=10s_pos=26251-27404_src=json.json
13.295597686865221,397.3383606790931,48.77391172742032,5.529776425584165,29.884954415149835,11.612903225806452,3968,128,70,93.75,101.5625,0,136.4718001545197,0.01085921640085504,0.9891407835991449,0.0,2.2793496857892315,0.046348600241071014,3.163640948352917,0.7280852319212258,Sinus Tachycardia/False/._2025-05-31_ECGRec_202419_E110189_duration=203s_pos=97-25965_src=json.json
23.515981020991664,402.76576690117525,54.09137834750288,6.269975808647299,17.12732075324961,14.838709677419354,3968,128,67,101.5625,109.375,0,130.2029283329052,0.12685099993099352,0.8731490000690065,0.0,1.6740243349585802,0.014529649352080452,1.8760132465556087,0.11087181284325008,Sinus Tachycardia/False/._2025-05-31_ECGRec_202419_E110189_duration=28s_pos=7630-11117_src=json.json
26.586906196602463,339.77646050892395,55.1636066258127,6.639619940149943,12.779841521105693,7.741935483870968,3968,128,69,93.75,125.0,1,132.24613826285136,0.12502291849153388,0.8749770815084661,0.0,1.700886747966888,0.018256483663211948,1.8567172642887255,0.2766039872786264,Sinus Tachycardia/False/._2025-05-31_ECGRec_202419_E110189_duration=48s_pos=521-6659_src=json.json
37.51013203250245,407.41624942841946,75.7683142794002,6.54775695455867,10.861498386993034,9.032258064516128,3968,128,69,93.75,132.8125,1,134.94573643410854,0.01528702786327212,0.9847129721367279,0.0,2.0839894175831786,0.004481728413607773,2.7545614609644025,0.8004589163490333,Sinus Tachycardia/False/._2025-05-31_ECGRec_202419_E110189_duration=62s_pos=11469-19327_src=json.json
57.23532971553499,546.263560984817,89.04496583437967,13.47041388136927,9.544167110692495,9.032258064516128,3968,128,69,93.75,132.8125,3,134.04517453798766,0.12432328025215568,0.8756767197478443,0.0,2.0735727051586403,0.013413626873031836,2.710434060938564,0.20833511378008046,Sinus Tachycardia/False/._2025-05-31_ECGRec_202419_E110189_duration=296s_pos=97-37923_src=json.json
12.910662119503979,411.70918429029604,50.700307791662254,3.486844697327518,31.889081178822806,16.7741935483871,3968,128,68,101.5625,109.375,0,132.07392197125256,0.007430243750563792,0.9925697562494362,0.0,1.598405577866699,0.0020457067227134577,1.6110241349087322,0.3870949015064154,Sinus Tachycardia/False/._2025-05-31_ECGRec_202419_E110189_duration=89s_pos=38214-49552_src=json.json
26.28754295995195,598.4905957767199,85.23261553773864,2.895103996130688,22.767079217765534,16.7741935483871,3968,128,10,93.75,125.0,1,118.76288659793815,0.29168153300550737,0.7083184669944926,0.0,7.0633126787293925,0.002348115378260054,2.377391969397386,0.916290731874155,Sinus Tachycardia/False/._2025-05-31_ECGRec_202419_E110189_duration=17s_pos=274640-276792_src=json.json
31.109846042740607,402.36722315034115,64.2314351167071,9.595227057573652,12.933757681210855,7.741935483870968,3968,128,70,93.75,132.8125,1,135.18367346938774,0.012811101560674935,0.9871888984393251,0.0,2.3307881708688853,0.013371025580162349,2.988980035329854,0.7843165676982388,Sinus Tachycardia/False/._2025-05-31_ECGRec_202419_E110189_duration=521s_pos=50548-117187_src=json.json
37.031246957228156,456.6057410826956,100.05787590094226,3.420013238088382,12.330282295916264,20.64516129032258,3968,128,62,93.75,125.0,1,120.46284391874518,0.5675951734823657,0.43240482651763434,0.0,2.6264848456463774,0.007120326405173844,2.5779166512666576,0.07340891585122399,Sinus Tachycardia/False/._2025-05-31_ECGRec_202419_E110189_duration=23s_pos=159283-162193_src=json.json
13.082951242450171,403.5950286420539,50.335479195704394,3.5309108444412374,30.848926233370452,16.129032258064516,3968,128,68,101.5625,109.375,0,131.36584120500382,0.009497613090476155,0.9905023869095239,0.0,1.6972344924868388,0.00890519966395316,2.115711579768858,0.737997746725297,Sinus Tachycardia/False/._2025-05-31_ECGRec_202419_E110189_duration=220s_pos=163181-191289_src=json.json
13.331262667842196,403.7395040296179,49.773772145459624,3.3702609512735737,30.285163814104305,14.838709677419354,3968,128,38,101.5625,132.8125,2,133.096018735363,0.040465781857437495,0.9595342181425625,2.7027027027027026,2.670599735814993,0.04410389409400645,2.1682347905350117,0.7613554305864789,Sinus Tachycardia/False/._2025-05-31_ECGRec_202419_E110189_duration=450s_pos=201109-258665_src=json.json
73.22109736924028,403.9936929912711,82.75007459768041,40.683823196233206,5.517449232378441,0.6451612903225806,3968,128,63,93.75,125.0,1,122.34326824254882,0.4029062090077369,0.5970937909922631,0.0,2.0685298091206583,0.04060269526174677,2.3745249511474014,0.15692427219922805,Sinus Tachycardia/False/._2025-05-31_ECGRec_202419_E110189_duration=318s_pos=118328-158990_src=json.json
62.05834796183571,608.174046584344,109.75895693104306,5.957012419073315,9.800035881688625,13.548387096774196,3968,128,67,93.75,156.25,3,130.23638232271327,0.009777131341417857,0.9902228686585821,0.0,2.0560616449717752,0.0034308145433114903,2.5737792574338023,0.748836086420534,Sinus Tachycardia/False/._2025-05-31_ECGRec_202419_E110189_duration=24s_pos=197630-200695_src=json.json
14.070929754035193,411.61803970814213,50.564773231486924,3.5929393127611675,29.2530783431011,11.612903225806452,3968,128,67,101.5625,148.4375,6,130.43746783324755,0.07190632710873911,0.9280936728912609,0.0,1.8211291290811094,0.017678752325487046,2.098173975230848,0.7774329032779974,Sinus Tachycardia/False/._2025-05-31_ECGRec_202419_E110189_duration=30s_pos=261436-265219_src=json.json
21.10655647437165,449.8972042620266,55.845799415939496,7.078516566231041,21.315517928885757,8.38709677419355,3968,128,68,93.75,140.625,4,131.76952624839947,0.1729472890405332,0.8270527109594668,0.0,2.258367500831139,0.0017003320852960776,2.370819280069583,0.12070087567978169,Sinus Tachycardia/False/._2025-05-31_ECGRec_202419_E110189_duration=36s_pos=269455-274055_src=json.json
72.47622357517682,442.6929558921322,95.61033098630134,33.78483081075767,6.108112811987657,2.5806451612903225,3968,128,43,93.75,132.8125,6,83.84715362620224,0.9879042035978229,0.012095796402177061,0.0,3.5526371411300453,0.009885050178192759,2.09374287163136,0.44326747275469947,Sinus Tachycardia/False/._2025-06-01_ECGRec_202419_E110189_duration=10s_pos=453788-454955_src=json.json
23.397835309278275,400.0345796588167,49.28431523324922,10.47693307835873,17.097075745426313,7.096774193548387,3968,128,55,93.75,125.0,3,106.31120225583183,0.6043719505242456,0.39562804947575436,0.0,3.30795650147847,0.06226452123121546,2.473739041449439,0.6050399130496785,Sinus Tachycardia/False/._2025-06-01_ECGRec_202419_E110189_duration=11s_pos=436063-437390_src=json.json
49.81582258776264,454.99748641205406,74.05418835577956,21.27442492628728,9.133593578162284,3.225806451612903,3968,128,56,93.75,148.4375,7,107.61783439490445,0.5179812704474883,0.4820187295525117,0.0,3.5028263128141246,0.0022143817647628642,2.8195538614017126,0.30089230418858737,Sinus Tachycardia/False/._2025-06-01_ECGRec_202419_E110189_duration=10s_pos=443003-444231_src=json.json
45.932491378795405,454.99748641205406,73.46356187370519,14.986949464970923,9.905787011507833,5.806451612903226,3968,128,61,93.75,148.4375,6,121.48694964408121,0.23530405042585342,0.7646959495741465,0.0,2.708603496659129,0.009632385912373068,2.3329754006903616,0.22950894518128576,Sinus Tachycardia/False/._2025-06-01_ECGRec_202419_E110189_duration=17s_pos=440171-442252_src=json.json
78.59488685085476,696.1933219825014,104.27854763040905,40.32115429852667,8.857997524007281,1.935483870967742,3968,128,65,93.75,140.625,8,126.87661331956635,0.16643754050484597,0.8335624594951541,0.0,3.2065857583455815,0.008149151521325226,2.746034847453313,0.07011935010910744,Sinus Tachycardia/False/._2025-06-01_ECGRec_202419_E110189_duration=23s_pos=449675-452605_src=json.json
57.49512621286579,441.73426161968996,79.66837696956671,24.558572532995647,7.682986072615251,3.870967741935484,3968,128,39,93.75,132.8125,5,85.35829189821585,1.1542625984695392,0.0,0.0,3.300424302852287,0.004447843455781161,2.8195188036550647,0.30706593927282944,Sinus Tachycardia/False/._2025-06-01_ECGRec_202419_E110189_duration=17s_pos=3941-6032_src=json.json
17.135046469369563,395.0317335264408,48.78861858261649,6.979709720678184,23.054020377392913,9.032258064516128,3968,128,44,93.75,125.0,1,83.54161396407791,1.217181710768235,0.0,0.0,2.278610013448035,0.0097679116388159,2.383457971840075,0.27168173110533983,Sinus Tachycardia/False/._2025-06-01_ECGRec_202419_E110189_duration=23s_pos=70842-73772_src=json.json
37.166526876764436,384.9837895643436,64.8789996388941,13.922586801328073,10.35834692013363,3.225806451612903,3968,128,59,93.75,125.0,4,115.1900698215671,0.3907055508916721,0.6092944491083279,0.0,1.9576566705775402,0.04457851408101731,1.70064631750521,0.2615709284480951,Sinus Tachycardia/False/._2025-06-01_ECGRec_202419_E110189_duration=50s_pos=58640-64956_src=json.json
42.907742436591704,447.1485697640567,58.55368926731112,27.249725522661585,10.421162567657394,2.5806451612903225,3968,128,59,93.75,132.8125,5,112.71255060728745,0.45250782766431624,0.5474921723356838,0.0,2.660789453704017,0.028093058474858892,2.1082189196216925,0.2797455228560446,Sinus Tachycardia/False/._2025-06-01_ECGRec_202419_E110189_duration=37s_pos=12137-16786_src=json.json
26.0454106535181,438.033140352843,64.07182577813086,8.579083483299332,16.81805402732713,3.0,2560,128,33,93.75,117.1875,0,123.99596367305752,0.26559943733331887,0.7344005626666812,0.0,2.2974165738620993,0.0031285148384364715,2.354075927419533,0.15652091084922137,Sinus Tachycardia/False/._2025-06-01_ECGRec_202419_E110189_duration=8s_pos=74056-75024_src=json.json
42.63298845428844,388.4128081390619,66.59694260948325,19.075433859584102,9.110616288250732,3.225806451612903,3968,128,41,93.75,125.0,3,89.40628637951106,1.02259595702311,0.0,2.5,2.776720953330911,0.0037829560539701366,2.207982896403567,0.3937232902314812,Sinus Tachycardia/False/._2025-06-01_ECGRec_202419_E110189_duration=12s_pos=6738-8187_src=json.json
23.17051450078194,399.637192638582,51.12202328328139,9.06730413715373,17.247660831071943,3.225806451612903,3968,128,70,93.75,125.0,1,134.908350305499,0.015342687549170559,0.9846573124508294,0.0,1.7212606627934255,0.006592916085606336,2.1317673469428198,1.0512100497735257,Sinus Tachycardia/False/._2025-06-01_ECGRec_202419_E110189_duration=321s_pos=17308-58302_src=json.json
22.69870169343715,392.84517413258624,52.13315460388423,8.324880346414876,17.306943900638387,9.032258064516128,3968,128,71,93.75,125.0,2,135.92920353982302,0.012954425747075074,0.9870455742529249,0.0,2.080280347397882,0.0286428218953266,2.401155238839531,0.9607424944449888,Sinus Tachycardia/False/._2025-06-01_ECGRec_202419_E110189_duration=42s_pos=65244-70561_src=json.json
39.04524052919483,447.7085357498277,62.17060371495599,17.739975977607237,11.466404565971708,2.5806451612903225,3968,128,41,93.75,125.0,2,89.85083357706932,1.3243824198199208,0.0,2.5,2.3951645461697435,0.01818265173573037,1.6636657074150158,0.2861611596110742,Sinus Tachycardia/False/._2025-06-01_ECGRec_202419_E110189_duration=13s_pos=8766-10324_src=json.json
30.21977902718435,536.3920906749378,62.51754585697386,10.990366050418586,17.749702022728943,5.161290322580645,3968,128,34,93.75,132.8125,2,75.13785947227987,1.7041332361547588,0.0,0.0,4.288635075703479,0.04176233866084627,2.7475670711285125,0.1634243166125875,Sinus Tachycardia/False/._2025-06-01_ECGRec_202419_E110189_duration=15s_pos=1577-3435_src=json.json
34.33868035787528,394.637380260108,53.055392888364835,18.419654287288868,11.492502468199795,2.5806451612903225,3968,128,70,93.75,125.0,1,135.59877175025588,0.014089969189258027,0.985910030810742,0.0,2.02056480750995,0.02735549929762361,2.24729333936092,0.9718605830289657,Sinus Tachycardia/False/._2025-06-01_ECGRec_202419_E110189_duration=154s_pos=3390-23030_src=json.json
26.95557809359253,400.43755662411706,50.35388169301212,12.961934023108522,14.855461098934542,3.870967741935484,3968,128,69,93.75,132.8125,2,133.90769230769232,0.09122729559097896,0.908772704409021,0.0,2.334581615473695,0.0064552024924064465,2.5035530951891025,0.325494361000269,Sinus Tachycardia/False/._2025-06-01_ECGRec_202419_E110189_duration=15s_pos=1136-3047_src=json.json
120.13167681206929,472.2798840127408,106.4298798080769,88.29691592404154,3.9313517684449772,1.935483870967742,3968,128,66,85.9375,132.8125,7,127.83610755441741,0.3558820476656234,0.6441179523343765,0.0,3.6761349570280926,0.009321812142749577,3.7608532417564087,0.06612624309058265,Sinus Tachycardia/False/._2025-06-01_ECGRec_202419_E110189_duration=41s_pos=63050-68273_src=json.json
15.207967099566856,402.2692489532551,48.85675893600243,5.678817208086384,26.451215988854706,7.096774193548387,3968,128,67,93.75,132.8125,1,130.4039104708001,0.011870616923112176,0.9881293830768878,0.0,3.0890557408444996,0.008790306384897936,3.3786669320016576,0.9820421094369355,Sinus Tachycardia/False/._2025-06-01_ECGRec_202419_E110189_duration=15s_pos=46274-48102_src=json.json
10.740555235852577,400.575164844676,49.618503074005254,2.7050127837868754,37.29556980555008,22.58064516129032,3968,128,66,93.75,125.0,2,129.72972972972974,0.12231983688617959,0.8776801631138205,0.0,2.54659809118451,0.0015713946037372354,2.57272543501165,0.07739286668531949,Sinus Tachycardia/False/._2025-06-01_ECGRec_202419_E110189_duration=197s_pos=18140-43262_src=json.json
12.503497240565435,403.4294519906315,49.42592238379671,3.1654437523724877,32.265326409354344,18.70967741935484,3968,128,71,93.75,101.5625,0,136.65480427046262,0.011879330397073019,0.988120669602927,0.0,1.6961405949167982,0.022581240423643154,2.179357960681074,0.9015484501369516,Sinus Tachycardia/False/._2025-06-01_ECGRec_202419_E110189_duration=138s_pos=86-17682_src=json.json
11.93802183007007,401.6230217322845,49.5853235513483,3.2746182595007056,33.64233989573692,20.0,3968,128,67,93.75,132.8125,4,130.80774193548388,0.01284373381997644,0.9871562661800236,0.0,2.313477889794818,0.0005390764402590589,2.3831300946288416,0.9969486348916096,Sinus Tachycardia/False/._2025-06-01_ECGRec_202419_E110189_duration=28s_pos=48278-51800_src=json.json
17.26422707893984,429.43458741307404,51.283242873239836,7.3054701835122415,24.874242013573113,6.451612903225806,3968,128,66,85.9375,101.5625,0,128.03282893049501,0.12335776677404803,0.876642233225952,0.0,3.3333345270016608,0.005708977680587431,3.929451640973532,0.12377107750100604,Sinus Tachycardia/False/._2025-06-01_ECGRec_202419_E110189_duration=19s_pos=43677-46096_src=json.json
74.7870891335945,533.2795213900279,109.79523011397188,15.384286981163564,7.130636055466446,5.806451612903226,3968,128,43,93.75,125.0,2,82.89899768696993,1.6236171984532541,0.0,0.0,4.2453284470814925,0.0016731800323336937,3.0401343819518694,0.11272826499475935,Sinus Tachycardia/False/._2025-06-01_ECGRec_202419_E110189_duration=85s_pos=51976-62768_src=json.json
26.954142986847348,428.9423770967954,65.64120300946696,7.310021886364648,15.91378221122896,7.741935483870968,3968,128,63,93.75,132.8125,7,125.00918876345497,0.19597383373666624,0.8040261662633338,0.0,5.020619113462766,0.0009718181541846925,3.5168417191614463,0.11849962472323523,Sinus Tachycardia/False/._2025-06-01_ECGRec_202419_E110189_duration=17s_pos=3402-5463_src=json.json
14.789875851038678,407.4209188271243,49.672433811278104,5.900714160665066,27.547282707665786,5.161290322580645,3968,128,65,93.75,132.8125,10,125.80496544663424,0.2477761620140008,0.7522238379859992,0.0,4.348829444992222,0.0029754025381389824,3.451981649786218,0.06723797194327315,Sinus Tachycardia/False/._2025-06-01_ECGRec_202419_E110189_duration=9s_pos=12016-13080_src=json.json
92.10649471119102,441.3966495022219,104.85598869345586,58.00976000262781,4.792242350488119,5.833333333333333,3072,128,48,93.75,148.4375,4,119.05013192612137,0.6235871590990871,0.37641284090091287,0.0,4.081279670135656,0.008951901133167482,3.740557400006555,0.0964182131586866,Sinus Tachycardia/False/._2025-06-01_ECGRec_202419_E110189_duration=17s_pos=67-2192_src=json.json
26.57747302057281,400.2854473918461,54.33373099753569,11.41217348607193,15.061079434486414,7.096774193548387,3968,128,60,85.9375,117.1875,0,117.57135443694862,0.36126631173597756,0.6387336882640224,0.0,5.146632917889063,0.006215399089175978,4.002711741173463,0.22411395410748816,Sinus Tachycardia/False/._2025-06-01_ECGRec_202419_E110189_duration=22s_pos=90772-93507_src=json.json
31.78712670768696,408.75836866657187,55.60372876771405,15.484653435740348,12.859242031098123,4.516129032258064,3968,128,59,93.75,132.8125,8,131.01176470588234,0.053179203469481844,0.9468207965305182,0.0,4.560265024093641,0.008171222373324648,2.9074801994501613,0.9444616088408514,Sinus Tachycardia/False/._2025-06-01_ECGRec_202419_E110189_duration=9s_pos=87730-88788_src=json.json
43.0845299923836,421.8318859083195,56.071288185080846,24.6458000493045,9.790796747512237,0.6451612903225806,3968,128,66,93.75,117.1875,0,127.73797338792221,0.16613365837404145,0.8338663416259585,0.0,2.59469327162162,0.016510074029704908,1.7507787178710914,0.135775604522264,Sinus Tachycardia/False/._2025-06-01_ECGRec_202419_E110189_duration=73s_pos=98815-108103_src=json.json
28.028929074238306,397.6169589331314,55.629980565545836,12.293210717561731,14.185948513910114,5.161290322580645,3968,128,67,85.9375,132.8125,8,131.41820067409904,0.05047492653602149,0.9495250734639785,0.0,4.466968395876229,0.003795144785574261,3.3536190820831218,0.9808292530117262,Sinus Tachycardia/False/._2025-06-01_ECGRec_202419_E110189_duration=10s_pos=89025-90228_src=json.json
15.024982149656784,389.5661714478588,47.91647458911215,6.526339974260109,25.927894066008164,8.38709677419355,3968,128,68,85.9375,132.8125,4,132.24363916730917,0.01043952506376003,0.98956047493624,0.0,2.2223559770935415,0.00857987812508886,3.2280524346644,0.8435511343855949,Sinus Tachycardia/False/._2025-06-02_ECGRec_202419_E110189_duration=45s_pos=217398-223157_src=json.json
18.011122909590245,403.23043333734574,49.446340190341274,6.624008875857235,22.387855158924353,7.096774193548387,3968,128,28,85.9375,140.625,3,53.81780430833117,1.3897218299711906,0.0,0.0,6.607942815201996,0.006182144200406417,1.2334504905678174,0.4457390072461043,Sinus Tachycardia/False/._2025-06-02_ECGRec_202419_E110189_duration=9s_pos=229716-230774_src=json.json
13.076359314525426,397.10559126396396,47.72433853586868,4.754137835869421,30.368205044247127,13.548387096774196,3968,128,67,85.9375,140.625,2,130.94290880909327,0.009613946817818542,0.9903860531821814,0.0,2.732174859265572,0.0009096021141555515,3.027666728062921,0.7863409574578926,Sinus Tachycardia/False/._2025-06-02_ECGRec_202419_E110189_duration=19s_pos=338467-340873_src=json.json
15.152761289367664,409.6669089887808,49.82334176007593,6.0223452707898195,27.03579064763884,12.258064516129032,3968,128,66,85.9375,140.625,6,128.4942084942085,0.08514853426399935,0.9148514657360006,0.0,1.9500861218999566,0.002854009929138296,2.3154460080705803,0.11462916955936128,Sinus Tachycardia/False/._2025-06-02_ECGRec_202419_E110189_duration=17s_pos=383957-386013_src=json.json
18.90821788995978,409.2463541491924,50.485313443655386,7.004871619137654,21.643834172371534,10.32258064516129,3968,128,10,101.5625,132.8125,1,27.10588235294118,1.5619444894851706,0.0,44.44444444444444,11.039121304009708,0.011440121486623567,0.8677881008171465,0.40546510810816444,Sinus Tachycardia/False/._2025-06-02_ECGRec_202419_E110189_duration=10s_pos=262409-263576_src=json.json
13.46814777776502,400.06142372860074,48.57861914406689,4.846806346071597,29.704262280579677,12.258064516129032,3968,128,65,85.9375,140.625,4,125.228025477707,0.15735387441908008,0.8426461255809199,0.0,4.158804806072581,0.0029208346223038293,3.030812840307443,0.1372256112094467,Sinus Tachycardia/False/._2025-06-02_ECGRec_202419_E110189_duration=15s_pos=343277-345159_src=json.json
14.238679366200683,398.8368506479183,48.63548542962346,5.624103091103616,28.010801590480554,11.612903225806452,3968,128,6,85.9375,117.1875,0,129.72972972972974,0.12058492092929839,0.8794150790707016,20.0,158.06858710677804,0.008281924475329234,0.7099197785586702,,Sinus Tachycardia/False/._2025-06-02_ECGRec_202419_E110189_duration=8s_pos=379627-380630_src=json.json
15.608914325738061,404.520976574124,49.66725352169564,5.873180208645801,25.916020949072347,9.67741935483871,3968,128,12,93.75,140.625,1,137.81402936378467,0.107146896402188,0.892853103597812,18.181818181818183,42.64530412382426,0.0046598311184485935,0.5734902495194624,0.2876820724517809,Sinus Tachycardia/False/._2025-06-02_ECGRec_202419_E110189_duration=17s_pos=446450-448574_src=json.json
12.149392906298173,419.3646843947024,50.439219224312936,3.7183572078887117,34.517333755826805,14.838709677419354,3968,128,68,85.9375,132.8125,3,131.63468917881812,0.009619644756675321,0.9903803552433247,0.0,2.3560916690364984,0.0038559141193516464,2.9359798706157436,0.7474402629266076,Sinus Tachycardia/False/._2025-06-02_ECGRec_202419_E110189_duration=37s_pos=48761-53375_src=json.json
10.445633227000359,403.7693428352085,50.13624552075931,2.2175764467691206,38.654363541806475,24.516129032258064,3968,128,67,85.9375,125.0,2,130.77399380804954,0.012057091275048976,0.987942908724951,0.0,2.0610030970558393,0.00243850117175203,2.2259371190710664,0.8813684594810881,Sinus Tachycardia/False/._2025-06-02_ECGRec_202419_E110189_duration=49s_pos=76231-82454_src=json.json
12.758722719872871,401.9308758962664,49.828742634645046,4.408520663714333,31.50243588002635,12.903225806451612,3968,128,69,85.9375,140.625,5,132.04551201011378,0.011650069313257065,0.9883499306867429,0.0,2.1825174464461323,0.01200092484419188,2.5108185721344274,0.6603573577369544,Sinus Tachycardia/False/._2025-06-02_ECGRec_202419_E110189_duration=27s_pos=23273-26702_src=json.json
13.023610105865515,394.9665377567193,48.579119022538215,4.294917978855395,30.326960360390064,12.258064516129032,3968,128,66,85.9375,132.8125,7,129.42701581540058,0.12660605846395606,0.8733939415360439,0.0,4.0562777589006656,0.013740668126232264,1.7181672755080555,0.178081074412081,Sinus Tachycardia/False/._2025-06-02_ECGRec_202419_E110189_duration=11s_pos=34160-35502_src=json.json
13.868607800705755,408.8116902321006,50.08471771989643,4.472202705764983,29.47748372650736,10.32258064516129,3968,128,54,85.9375,132.8125,5,105.66978193146417,0.4643200607465814,0.5356799392534186,1.8867924528301887,23.2792688244884,0.003377820216956737,0.7276744196245779,0.30459579489384275,Sinus Tachycardia/False/._2025-06-02_ECGRec_202419_E110189_duration=15s_pos=41103-42970_src=json.json
13.753185082791937,399.16748969036263,49.4137720642373,3.9788166920151635,29.02363767111413,13.548387096774196,3968,128,67,85.9375,156.25,2,129.37212863705975,0.14934031986656804,0.850659680133432,3.0303030303030303,5.475097427788743,0.013210620612620997,1.2082727656514534,0.17890041079548347,Sinus Tachycardia/False/._2025-06-02_ECGRec_202419_E110189_duration=12s_pos=46943-48411_src=json.json
12.956895161097615,415.77962095596854,50.229692699586735,4.179036710209139,32.08944609777182,14.193548387096774,3968,128,68,85.9375,140.625,4,131.63468917881812,0.0086601744076611,0.9913398255923389,0.0,2.0898104000375666,0.030594184185672033,2.301454961874934,0.7422926476288337,Sinus Tachycardia/False/._2025-06-02_ECGRec_202419_E110189_duration=9s_pos=19887-20996_src=json.json
13.412284252882184,408.45614786620257,50.387245410012184,4.075032281927182,30.45388165886413,12.903225806451612,3968,128,68,85.9375,132.8125,7,131.50012777919756,0.10965927055750856,0.8903407294424914,4.477611940298507,25.18781520196519,0.011663864153171947,0.7626608553980098,0.2813166785847048,Sinus Tachycardia/False/._2025-06-02_ECGRec_202419_E110189_duration=10s_pos=38889-40052_src=json.json
11.875754788263945,406.4641778440212,49.80188924905247,3.2341877451200762,34.22638399534149,12.258064516129032,3968,128,68,85.9375,132.8125,3,131.6010230179028,0.010958713701064736,0.9890412862989353,0.0,2.312545790413793,0.011317201714912037,2.440759350642269,0.8389040682587349,Sinus Tachycardia/False/._2025-06-02_ECGRec_202419_E110189_duration=19s_pos=30192-32522_src=json.json
12.769022674399237,406.378260159456,49.807281382590354,3.883966298935171,31.825319658088542,12.903225806451612,3968,128,67,85.9375,125.0,2,129.90261404407997,0.11973022260232569,0.8802697773976743,0.0,1.8671217185880247,0.004247975441947799,1.682085400759256,0.11378645597189803,Sinus Tachycardia/False/._2025-06-02_ECGRec_202419_E110189_duration=12s_pos=28385-29842_src=json.json
11.869776219696398,400.6279855936994,50.08627876063831,2.8734042627636125,33.75193806745655,19.35483870967742,3968,128,66,85.9375,125.0,2,128.85906040268458,0.12486024521368946,0.8751397547863106,0.0,2.476179348025439,0.024026242039293714,3.0186932725466513,0.09084009703199378,Sinus Tachycardia/False/._2025-06-02_ECGRec_202419_E110189_duration=85s_pos=501-11316_src=json.json
14.104946779877114,395.14806569575967,49.735697829708066,4.352483062090351,28.014854919172365,12.258064516129032,3968,128,68,85.9375,140.625,2,131.6010230179028,0.009221358760757241,0.9907786412392428,0.0,2.446341049777253,0.008096705450979916,2.3314502742158947,0.7204393228479529,Sinus Tachycardia/False/._2025-06-02_ECGRec_202419_E110189_duration=10s_pos=18426-19595_src=json.json
14.89597523416618,410.4297967555357,50.27369395477345,5.798218914093711,27.553064686969137,10.967741935483872,3968,128,67,85.9375,132.8125,2,129.57055214723925,0.13050335819715775,0.8694966418028423,1.5151515151515151,3.4844896889015073,0.0048484320166573835,1.7717464691902574,0.15767436468368543,Sinus Tachycardia/False/._2025-06-02_ECGRec_202419_E110189_duration=12s_pos=44138-45598_src=json.json
10.605909004892009,406.0802832296784,50.21736635114655,2.387807444730994,38.28811323520307,25.161290322580644,3968,128,66,85.9375,140.625,8,126.9260106788711,0.1170463641289974,0.8829536358710026,0.0,2.7648300691456447,0.005658780680573625,2.6946140783521098,0.16512705964390445,Sinus Tachycardia/False/._2025-06-02_ECGRec_202419_E110189_duration=10s_pos=74763-75937_src=json.json
12.862397853976614,404.33508760504446,49.3565960130533,4.5478011802198015,31.435433793909905,12.258064516129032,3968,128,68,85.9375,140.625,4,131.63468917881812,0.009619644756675321,0.9903803552433247,0.0,2.816767270078101,0.006973627267063907,3.204977752963151,0.7728448821924538,Sinus Tachycardia/False/._2025-06-02_ECGRec_202419_E110189_duration=44s_pos=12594-18135_src=json.json
12.216349309864201,409.0420910401356,50.321181496606926,3.8682235754969874,33.48316646665338,12.903225806451612,3968,128,67,93.75,140.625,2,130.4039104708001,0.011496734227659258,0.9885032657723407,0.0,1.55622431815274,0.005953249883527303,1.8963855857466811,0.8868768466678618,Sinus Tachycardia/False/._2025-06-02_ECGRec_202419_E110189_duration=48s_pos=22730-28858_src=json.json
15.069569438807491,401.4924480682269,49.5798608047346,3.977673876981447,26.64259407383602,13.548387096774196,3968,128,63,85.9375,132.8125,1,122.75328692962104,0.1494877326200054,0.8505122673799946,0.0,2.7838114283223128,0.003491048611105227,2.5855083583443674,0.29089854354261513,Sinus Tachycardia/False/._2025-06-02_ECGRec_202419_E110189_duration=14s_pos=2576-4340_src=json.json
11.60263116210841,399.411559818557,49.72417821524194,2.6345222844372795,34.42421980099873,20.0,3968,128,66,93.75,132.8125,2,127.5095785440613,0.13730523567649874,0.8626947643235012,0.0,1.9082756764854212,0.0037381398498278207,2.041818239495135,0.15841144468811313,Sinus Tachycardia/False/._2025-06-02_ECGRec_202419_E110189_duration=25s_pos=5677-8856_src=json.json
10.44609914158651,401.262818292099,50.25968422961768,2.170921194655895,38.41269113385667,29.03225806451613,3968,128,67,93.75,140.625,3,130.74026309001806,0.011210375967012319,0.9887896240329876,0.0,1.7017873590150856,0.01176417094117943,1.8788646322422495,0.8197099038683746,Sinus Tachycardia/False/._2025-06-02_ECGRec_202419_E110189_duration=57s_pos=10496-17785_src=json.json
14.728551850491282,405.3612424997357,53.50840485426505,4.020560190097777,27.522136534018994,15.555555555555555,3456,128,59,85.9375,132.8125,7,131.98222222222222,0.03953196688793502,0.960468033112065,1.7241379310344827,3.67371976320152,0.008969309478894898,3.5969608974006015,0.8014445558910813,Sinus Tachycardia/False/._2025-06-02_ECGRec_202419_E110189_duration=21s_pos=42407-45027_src=json.json
12.937892993941148,400.96169649892875,49.69137722620904,4.082408682841043,30.991264628284963,17.419354838709676,3968,128,67,93.75,156.25,8,130.33684751864232,0.010778242177983626,0.9892217578220164,0.0,1.7199531063858533,0.0016990895838620596,1.463153232278786,0.4949702519761966,Sinus Tachycardia/False/._2025-06-02_ECGRec_202419_E110189_duration=26s_pos=18957-22259_src=json.json
13.424666724039954,413.14424468025067,50.479122552515754,4.167311971745802,30.775007111753013,16.129032258064516,3968,128,68,85.9375,132.8125,4,132.17569997431286,0.0377452261735041,0.9622547738264959,1.492537313432836,3.70438661158427,0.017657574004332596,3.3198116319646562,0.9729860755507004,Sinus Tachycardia/False/._2025-06-02_ECGRec_202419_E110189_duration=26s_pos=38806-42060_src=json.json
15.045661424840555,407.12680744055905,50.7181884976148,4.587449395678567,27.059413932376167,9.67741935483871,3968,128,3,117.1875,125.0,1,,,,,21.97460741803407,1.2249477851058315,0.041048532074339714,,Sinus Tachycardia/False/._2025-06-02_ECGRec_202419_E110189_duration=20s_pos=85838-88284_src=json.json
13.09680120783451,403.1582669884212,50.27907758645442,3.8957297541957203,30.782954540403143,12.258064516129032,3968,128,3,125.0,132.8125,2,,,,,23.297821168193654,0.043884409418794526,0.6735755105959047,,Sinus Tachycardia/False/._2025-06-02_ECGRec_202419_E110189_duration=14s_pos=89102-90849_src=json.json
11.76510284495753,410.94806329509925,50.33853760719662,3.227089793436111,34.92940382937884,14.838709677419354,3968,128,69,93.75,156.25,4,132.07890743550834,0.03814476510078173,0.9618552348992183,1.4705882352941178,2.2841593649132808,0.021436250736494286,1.4498231415665308,0.6673946844575306,Sinus Tachycardia/False/._2025-06-02_ECGRec_202419_E110189_duration=24s_pos=14170-17194_src=json.json
11.483864596411788,403.9116341814477,50.2071464079416,3.0542245055654726,35.17209695554541,18.70967741935484,3968,128,69,93.75,132.8125,6,132.38022813688212,0.04122626971376394,0.958773730286236,1.4705882352941178,2.4689750046482404,0.025477579867610158,1.138892451075855,0.7210160795687376,Sinus Tachycardia/False/._2025-06-02_ECGRec_202419_E110189_duration=18s_pos=93880-96143_src=json.json
10.744848838631697,406.0040986455822,50.54318432783727,2.7564429561284243,37.78592579170793,23.870967741935484,3968,128,68,93.75,117.1875,0,132.55023183925812,0.008886238181670397,0.9911137618183296,0.0,1.5131865930694888,0.022285924133404467,1.73456406132123,0.6475276602583027,Sinus Tachycardia/False/._2025-06-02_ECGRec_202419_E110189_duration=69s_pos=96547-105362_src=json.json
11.577683615336047,406.4054228334775,49.79410291568935,2.791055063187331,35.10247828785595,21.935483870967744,3968,128,2,93.75,132.8125,1,,,,,49.09350983426984,0.019408303956863708,0.5954750667531532,,Sinus Tachycardia/False/._2025-06-02_ECGRec_202419_E110189_duration=14s_pos=5781-7471_src=json.json
11.493005045808495,400.93809671096415,49.73233874128486,3.438632317456225,34.88539857309015,14.838709677419354,3968,128,68,93.75,125.0,4,132.07392197125256,0.008002288125300606,0.9919977118746994,0.0,1.874747088768948,0.0029359785800900998,2.2219411615786258,0.5460829299516695,Sinus Tachycardia/False/._2025-06-02_ECGRec_202419_E110189_duration=38s_pos=19522-24290_src=json.json
14.026768130138336,401.3761325348637,50.25809622064822,3.360788983669538,28.615009544318724,20.64516129032258,3968,128,19,93.75,125.0,3,85.17560073937153,0.8696833116883304,0.13031668831166965,11.11111111111111,14.121338920682778,0.014916948128846556,0.5951200469192537,1.0296194171811581,Sinus Tachycardia/False/._2025-06-02_ECGRec_202419_E110189_duration=14s_pos=59830-61521_src=json.json
11.746719154024454,402.17350292618113,50.13759575771154,2.8778536499942664,34.23708896209599,15.483870967741936,3968,128,68,93.75,148.4375,6,131.76952624839947,0.03676359369212534,0.9632364063078747,1.492537313432836,1.616320869579483,0.01674462453554568,1.7829137296103996,0.8186014867129803,Sinus Tachycardia/False/._2025-06-02_ECGRec_202419_E110189_duration=18s_pos=91373-93589_src=json.json
10.436145804744095,404.34459277754667,50.14627221684702,2.5619697660785867,38.74462484503749,20.0,3968,128,68,93.75,164.0625,8,132.31164823862176,0.04139801861137306,0.958601981388627,1.492537313432836,1.4035387781279702,0.007192126902427778,1.23540377432089,0.491522871511462,Sinus Tachycardia/False/._2025-06-02_ECGRec_202419_E110189_duration=9s_pos=53336-54381_src=json.json
10.945745947256064,406.7541960048481,50.249420442195024,2.6905934591925362,37.16093547245904,20.64516129032258,3968,128,68,93.75,132.8125,2,131.63468917881812,0.0086601744076611,0.9913398255923389,0.0,1.6861860813674099,0.005660761879256244,1.736713828849409,0.6406761288224917,Sinus Tachycardia/False/._2025-06-02_ECGRec_202419_E110189_duration=124s_pos=62045-77806_src=json.json
13.869587193750595,406.7870564007288,54.74009491412202,3.7611656303561114,29.329425698739943,10.0,3328,128,2,113.28125,117.1875,0,,,,,19.03687747732072,1.341397193560445,0.03321315699439348,,Sinus Tachycardia/False/._2025-06-02_ECGRec_202419_E110189_duration=9s_pos=771-1876_src=json.json
11.301353069168616,400.37847029979423,49.583544358404936,3.0572087022444627,35.427477791539374,18.70967741935484,3968,128,68,93.75,156.25,5,132.0061570035916,0.03790573538681015,0.9620942646131898,1.492537313432836,2.5825536357393233,0.007251382817080004,1.7171073308410518,0.5646216385355103,Sinus Tachycardia/False/._2025-06-02_ECGRec_202419_E110189_duration=11s_pos=17833-19230_src=json.json
13.045630883049682,407.1269594623419,50.599770931947106,3.6008285757114233,31.20791412114932,14.838709677419354,3968,128,2,136.71875,156.25,1,,,,,51.8876020109432,0.01614859479721413,0.22259971680100746,,Sinus Tachycardia/False/._2025-06-02_ECGRec_202419_E110189_duration=13s_pos=26030-27597_src=json.json
12.294109118169903,407.3290500679666,50.57210523891883,2.9762619505592225,33.13204828594796,14.193548387096774,3968,128,65,93.75,117.1875,0,126.22496147919877,0.13123431384250775,0.8687656861574923,0.0,2.2132679928551706,0.018977578508546696,2.153571249170218,0.07768031583542029,Sinus Tachycardia/False/._2025-06-02_ECGRec_202419_E110189_duration=16s_pos=30280-32326_src=json.json
11.408758919533762,409.67079787869665,50.30770838813382,3.0411568818027312,35.90844235202721,13.548387096774196,3968,128,69,93.75,164.0625,6,132.31314922726122,0.009543860249199811,0.9904561397508002,0.0,2.1690720801148373,0.005538146779630493,1.3350424163543035,0.7746737881941533,Sinus Tachycardia/False/._2025-06-02_ECGRec_202419_E110189_duration=9s_pos=24579-25681_src=json.json
12.235719949626953,403.98210050864924,49.99006300264719,3.819853770034687,33.01661603527874,11.612903225806452,3968,128,3,101.5625,117.1875,0,,,,,22.477515926242962,1.2363258273032265,0.03442653360405764,,Sinus Tachycardia/False/._2025-06-02_ECGRec_202419_E110189_duration=16s_pos=10035-11959_src=json.json
10.378005676798537,406.83326506935646,50.627876366410064,2.053784248837065,39.2014842290368,26.451612903225808,3968,128,68,93.75,125.0,1,132.10783055198974,0.008350940162903612,0.9916490598370964,0.0,2.1552253190957966,0.008116855047024828,2.450339130698389,0.6889008896784943,Sinus Tachycardia/False/._2025-06-02_ECGRec_202419_E110189_duration=36s_pos=43346-47939_src=json.json
14.129020825920575,400.312700825768,50.08962132722416,4.103547214695746,28.332654996071227,12.258064516129032,3968,128,1,,,0,,,,,60.137625355312586,0.0074230212511952635,0.20072190325575173,,Sinus Tachycardia/False/._2025-06-02_ECGRec_202419_E110189_duration=13s_pos=28416-29990_src=json.json
11.028685055536883,402.78887411581445,50.080857040808596,3.02640609057514,36.52192764283075,17.419354838709676,3968,128,68,93.75,117.1875,0,132.17569997431286,0.019976596039230157,0.9800234039607698,0.0,2.114202228598212,0.038147176539169485,2.264186076180769,0.5970859680503976,Sinus Tachycardia/False/._2025-06-02_ECGRec_202419_E110189_duration=63s_pos=34112-42068_src=json.json
12.401477606511868,413.2514347371363,50.66589550655885,3.1415851781211312,33.32275512051788,15.483870967741936,3968,128,67,85.9375,117.1875,0,130.43746783324755,0.010032727066173724,0.9899672729338262,0.0,2.0109759491191026,0.02346837354279975,2.2856971106541484,0.6215535273729365,Sinus Tachycardia/False/._2025-06-02_ECGRec_202419_E110189_duration=39s_pos=58909-63855_src=json.json
11.148503276712113,407.53866441836783,50.51629550339932,2.5663195005973805,36.55545661579618,21.935483870967744,3968,128,68,93.75,125.0,1,130.9979633401222,0.010961838157619136,0.9890381618423809,0.0,1.51383480741476,0.010538574776945503,1.669954715009591,0.820038932414569,Sinus Tachycardia/False/._2025-06-02_ECGRec_202419_E110189_duration=33s_pos=1814-6033_src=json.json
11.177051532411147,407.09131482204486,50.51943990583024,2.196288007420888,36.42206329813375,21.29032258064516,3968,128,68,85.9375,125.0,1,131.13149847094803,0.03404979020408273,0.9659502097959173,1.492537313432836,1.8239456713758617,0.04197767164184825,2.0113143986628015,0.5546775062948401,Sinus Tachycardia/False/._2025-06-02_ECGRec_202419_E110189_duration=39s_pos=45495-50432_src=json.json
11.723245661392045,407.4894363047815,50.97162987590279,2.041391052047592,34.75909430846995,25.806451612903224,3968,128,68,93.75,125.0,1,130.66531234129,0.011316546447490437,0.9886834535525095,0.0,1.433907122227506,0.004151210422993828,1.806493898895859,0.7449722484245314,Sinus Tachycardia/False/._2025-06-02_ECGRec_202419_E110189_duration=104s_pos=20012-33277_src=json.json
11.728187678697756,413.37722380480966,50.83055441878742,2.7548001071795447,35.2464677308303,14.838709677419354,3968,128,68,93.75,132.8125,4,130.6985013970028,0.00979138189857983,0.9902086181014201,0.0,1.7464141128035555,0.00273639811464082,1.9659189621488093,0.7339691750802004,Sinus Tachycardia/False/._2025-06-02_ECGRec_202419_E110189_duration=27s_pos=34626-37978_src=json.json
11.419180872096153,403.60967619389965,50.233680283247395,3.175577019735476,35.34488553686652,20.0,3968,128,67,85.9375,109.375,0,130.47104247104247,0.010195779830267848,0.9898042201697321,0.0,2.08690938033122,0.012078568724591088,2.4652403138043257,0.8549902060103594,Sinus Tachycardia/False/._2025-06-02_ECGRec_202419_E110189_duration=153s_pos=64150-83711_src=json.json
10.199915382928504,404.2455634580727,50.22308337066937,2.042493322161665,39.632242881388166,30.32258064516129,3968,128,67,93.75,109.375,0,130.87529047250194,0.010344035953507068,0.9896559640464929,0.0,1.1330873457716333,0.009281793187136329,1.5003924552869492,0.7545161269362375,Sinus Tachycardia/False/._2025-06-02_ECGRec_202419_E110189_duration=34s_pos=6973-11197_src=json.json
14.041653055234239,410.11995708755643,51.206335367594455,2.9298078607453704,29.207382226788162,20.64516129032258,3968,128,68,93.75,140.625,1,130.5989847715736,0.03625090572856501,0.963749094271435,1.492537313432836,1.707693998606846,0.004801271347001235,1.8472553787648107,0.44315954032029864,Sinus Tachycardia/False/._2025-06-02_ECGRec_202419_E110189_duration=66s_pos=11549-19895_src=json.json
10.551212892480736,420.77132739203785,51.145002481609005,2.383523013190336,39.87894963364341,22.58064516129032,3968,128,66,93.75,140.625,3,128.72614749871067,0.07730185236576864,0.9226981476342313,0.0,2.9241218667791404,0.02531288243944192,2.218603569093659,0.49172545239257137,Sinus Tachycardia/False/._2025-06-02_ECGRec_202419_E110189_duration=27s_pos=38739-42094_src=json.json
12.72082062832729,407.6398410079671,50.75742366390723,2.6034706320479106,32.04508741009438,20.64516129032258,3968,128,68,93.75,125.0,2,132.37972729611525,0.09382130804094936,0.9061786919590507,4.477611940298507,5.507821549137907,0.03128888113199771,1.2003837202537213,0.12334220163142227,Sinus Tachycardia/False/._2025-06-02_ECGRec_202419_E110189_duration=25s_pos=165214-168395_src=json.json
12.887298457628907,407.6029295331166,50.840954122177564,2.7262027933149247,31.62826555503275,19.35483870967742,3968,128,62,85.9375,132.8125,2,122.92836525846234,0.30447998315950586,0.6955200168404941,4.918032786885246,6.4881292018230035,0.008198454823748988,1.2974071577823945,0.11678921148144905,Sinus Tachycardia/False/._2025-06-02_ECGRec_202419_E110189_duration=16s_pos=168865-170807_src=json.json
13.085875655255366,404.5591528680821,51.79226262642884,2.4131225067476336,30.915708861248415,23.225806451612904,3968,128,63,93.75,140.625,4,121.06788710907703,0.2655340069729309,0.7344659930270692,0.0,2.063183009866534,0.006114804461796186,2.321300925105497,0.1823215567939546,Sinus Tachycardia/False/._2025-06-02_ECGRec_202419_E110189_duration=9s_pos=42794-43915_src=json.json
10.738748018848419,410.7141443424265,50.68023652890865,2.51804787022869,38.24599528506998,22.58064516129032,3968,128,67,93.75,117.1875,0,130.37037037037035,0.01171891538052445,0.9882810846194755,0.0,1.8759915721574858,0.007365474109426991,2.1177957205655344,0.8730147483923332,Sinus Tachycardia/False/._2025-06-02_ECGRec_202419_E110189_duration=58s_pos=50961-58382_src=json.json
10.274390646031636,399.5665577378716,49.786560693296096,2.3493990261418407,38.88955876937002,27.741935483870968,3968,128,66,89.84375,117.1875,0,129.35993780772222,0.08752610279351476,0.9124738972064852,0.0,2.4195560231075675,0.026024891794597535,2.601847067351665,0.10411614262458274,Sinus Tachycardia/False/._2025-06-02_ECGRec_202419_E110189_duration=25s_pos=179869-182970_src=json.json
17.47142118393525,406.80315538231906,51.033645886329445,5.611323645082322,23.28391765132717,9.032258064516128,3968,128,56,85.9375,140.625,3,108.69788986103963,0.9160243155846647,0.08397568441533532,0.0,23.463660573040038,0.005016794278232544,1.0655004787533204,0.12771742275910283,Sinus Tachycardia/False/._2025-06-02_ECGRec_202419_E110189_duration=17s_pos=84125-86190_src=json.json
13.193065151377429,408.05200051935753,50.11538653076086,3.4171490528573933,30.92927723073341,15.483870967741936,3968,128,2,70.3125,78.125,0,,,,,51.32673742284691,0.0019779421388697394,1.6261528787743769,,Sinus Tachycardia/False/._2025-06-02_ECGRec_202419_E110189_duration=12s_pos=42076-43550_src=json.json
36.15734830997586,597.012667846103,88.39255147414106,6.529303456543567,16.51151644795451,10.32258064516129,3968,128,5,85.9375,156.25,1,9.27536231884058,1.4581824218530872,0.0,50.0,27.225692856643743,0.01965771506615116,0.25293336547455875,,Sinus Tachycardia/False/._2025-06-02_ECGRec_202419_E110189_duration=14s_pos=54488-56211_src=json.json
28.348747345655912,425.3138478041507,60.959962748192154,9.280022253336906,15.002914506781908,9.032258064516128,3968,128,14,109.375,132.8125,2,26.781115879828327,2.1888016885046144,0.0,46.15384615384615,3.28871074443029,2.256594817227683,0.06264722853323165,0.5753641449035618,Sinus Tachycardia/False/._2025-06-02_ECGRec_202419_E110189_duration=12s_pos=14326-15854_src=json.json
11.163250269688959,404.6814614734169,50.74612378184198,2.429601573954221,36.251218547075894,22.58064516129032,3968,128,61,85.9375,140.625,1,117.64105182537656,0.21123620908687854,0.7887637909131214,1.6666666666666667,3.767922150072737,0.06235453655155575,3.3079151123812816,0.5758580940368453,Sinus Tachycardia/False/._2025-06-02_ECGRec_202419_E110189_duration=9s_pos=39022-40144_src=json.json
15.275553230622034,396.16465105082733,49.29552142711192,6.188369259298998,25.93455170724075,7.741935483870968,3968,128,3,117.1875,117.1875,0,,,,,21.782507551625223,1.2315512949899055,0.038616561116890026,,Sinus Tachycardia/False/._2025-06-02_ECGRec_202419_E110189_duration=11s_pos=4081-5434_src=json.json
12.729838005184634,406.39080448055074,50.34322218364527,3.823490628179771,31.924268980545246,11.612903225806452,3968,128,69,93.75,132.8125,2,132.01213346814964,0.011006845832674084,0.9889931541673259,0.0,3.19441945067625,0.01691698950472422,3.0747399346562356,0.6008772463168485,Sinus Tachycardia/False/._2025-06-02_ECGRec_202419_E110189_duration=31s_pos=164857-168815_src=json.json
18.632877284646927,416.18005319049945,50.63591516008766,6.843672267669243,22.33578982445361,8.38709677419355,3968,128,55,93.75,132.8125,5,108.3385579937304,0.4440829182363942,0.5559170817636059,1.8518518518518519,2.9303246301584434,0.013117605284263962,1.7480675487313102,0.2183778552411952,Sinus Tachycardia/False/._2025-06-02_ECGRec_202419_E110189_duration=12s_pos=186293-187817_src=json.json
20.07695876261052,426.32414148847363,51.09270465947592,7.602123945413597,21.23449698207895,7.096774193548387,3968,128,66,93.75,148.4375,5,128.09853733641262,0.12744542204280446,0.8725545779571955,1.5384615384615385,3.6411072984917947,0.005538295855590741,1.0132667023240944,0.32003880735115536,Sinus Tachycardia/False/._2025-06-02_ECGRec_202419_E110189_duration=11s_pos=161324-162609_src=json.json
11.119447631282192,404.6526554939167,49.121984162039496,2.9764340003384238,36.39143170781985,18.064516129032256,3968,128,68,93.75,140.625,1,131.66837256908906,0.009995918620563843,0.9900040813794362,0.0,1.8153976791366055,0.006212968479788642,2.054235086491347,0.8396291111479032,Sinus Tachycardia/False/._2025-06-02_ECGRec_202419_E110189_duration=20s_pos=3582883-3585335_src=json.json
11.317977579241171,403.11263556637033,49.275605752357,3.028568982978208,35.61701700918024,16.7741935483871,3968,128,70,85.9375,148.4375,5,134.73684210526315,0.011568078480601865,0.9884319215193982,0.0,3.4446257017156636,0.0009573140377170346,2.6151458910173333,0.9708879149238786,Sinus Tachycardia/False/._2025-06-02_ECGRec_202419_E110189_duration=27s_pos=3489485-3492907_src=json.json
12.99166425587844,409.4769745283713,49.8566098545024,3.6909497428703197,31.518436356193217,12.903225806451612,3968,128,68,93.75,125.0,1,131.93846153846152,0.012070361329142503,0.9879296386708575,0.0,1.9178860225280143,0.0027253022394043125,2.159033989320815,0.9279867716373464,Sinus Tachycardia/False/._2025-06-02_ECGRec_202419_E110189_duration=15s_pos=3580729-3582592_src=json.json
11.100433708805289,403.5181386149241,49.4371596687977,3.150791305134959,36.35156182620831,18.70967741935484,3968,128,68,101.5625,117.1875,0,131.29880071446797,0.010390034739197643,0.9896099652608024,0.0,1.6049152957676487,0.01617902554903653,2.064201532726601,0.9028677115420143,Sinus Tachycardia/False/._2025-06-02_ECGRec_202419_E110189_duration=33s_pos=532-4684_src=json.json
12.323739711463366,400.0976009713848,49.92385010904261,3.527159761897103,32.46559712175864,14.838709677419354,3968,128,66,93.75,148.4375,1,128.7925696594427,0.12971781137330932,0.8702821886266907,1.5384615384615385,1.7038393885694063,0.010319831270158359,1.6280887385659717,0.12979865219483872,Sinus Tachycardia/False/._2025-06-02_ECGRec_202419_E110189_duration=20s_pos=5037-7563_src=json.json
10.775427483653889,403.553256807915,50.179518326927294,2.4809474158471456,37.45124914708471,23.870967741935484,3968,128,67,93.75,109.375,0,130.74026309001806,0.011595443277245317,0.9884045567227547,0.0,1.7499444323806879,0.006281902435143818,2.050342132819942,0.832909122935104,Sinus Tachycardia/False/._2025-06-02_ECGRec_202419_E110189_duration=53s_pos=8619-15374_src=json.json
11.275273061458684,402.111747956919,49.72658165324012,2.8821281631928874,35.66314625836223,19.35483870967742,3968,128,2,117.1875,117.1875,0,,,,,10.305542933434667,1.9698296620038322,0.012266477464131233,,Sinus Tachycardia/False/._2025-06-02_ECGRec_202419_E110189_duration=14s_pos=23469-25225_src=json.json
10.853616322841997,401.44522718436315,49.63763198792069,2.744037598163329,36.98722879601633,15.483870967741936,3968,128,66,93.75,140.625,1,129.62866787847312,0.12452766675936158,0.8754723332406384,0.0,1.4930827804562838,0.05415994351163529,1.9454304005821084,0.222790755402983,Sinus Tachycardia/False/._2025-06-02_ECGRec_202419_E110189_duration=11s_pos=42558-43957_src=json.json
29.997471862525344,412.2451357080177,47.6327020097673,17.78747126982538,13.74266217682021,1.935483870967742,3968,128,2,179.6875,179.6875,1,,,,,96.2460124615566,0.006280996042339879,0.5870900608164107,,Sinus Tachycardia/False/._2025-06-02_ECGRec_202419_E110189_duration=15s_pos=50102-52015_src=json.json
31.838013895511754,402.5228912782892,55.2588048854292,18.340010479901082,12.642838839020499,0.9090909090909091,2816,128,48,101.5625,132.8125,1,131.49726775956285,0.19749762494801856,0.8025023750519814,0.0,2.688664749241041,0.010623753421904334,1.0206117450321737,0.0964182131586866,Sinus Tachycardia/False/._2025-06-02_ECGRec_202419_E110189_duration=10s_pos=56275-57451_src=json.json
31.068750840731305,428.03835902162456,54.70297574854251,15.787267471760957,13.777134054689121,4.516129032258064,3968,128,4,140.625,140.625,2,93.65853658536585,0.5573406445701311,0.4426593554298689,33.333333333333336,59.03637802444142,0.01762410855125236,0.4655743636705048,,Sinus Tachycardia/False/._2025-06-02_ECGRec_202419_E110189_duration=15s_pos=43556-45355_src=json.json
26.174455258961046,395.0514589303265,50.916550177036484,13.202328730428704,15.09301492347438,5.161290322580645,3968,128,3,125.0,179.6875,2,,,,,35.74554036265197,0.00919637437988317,0.34854470609395166,,Sinus Tachycardia/False/._2025-06-02_ECGRec_202419_E110189_duration=9s_pos=45635-46755_src=json.json
13.502013211233683,405.1899310811179,49.94934475757233,3.644904120957637,30.009591512946244,9.032258064516128,3968,128,69,93.75,109.375,0,132.95315682281057,0.029706623514831977,0.970293376485168,1.4705882352941178,1.475706684291814,0.024331316661564715,2.223910654916016,0.8041439565319697,Sinus Tachycardia/False/._2025-06-02_ECGRec_202419_E110189_duration=503s_pos=132004-196337_src=json.json
57.18588620517849,474.0936379817313,92.98384735229303,20.644907883797693,8.290395780356095,1.935483870967742,3968,128,61,101.5625,125.0,1,118.79350348027842,0.6664544426703359,0.33354555732966407,0.0,1.964440465185322,0.007283164764392519,1.7991041839848496,0.1132478804909922,Sinus Tachycardia/False/._2025-06-02_ECGRec_202419_E110189_duration=59s_pos=78-7573_src=json.json
44.76521272888295,414.98395041954626,65.00198165224171,21.9211158624979,9.270232751101434,0.6451612903225806,3968,128,3,117.1875,117.1875,0,,,,,23.814412233091556,0.01407148937555097,0.1744439897743475,,Sinus Tachycardia/False/._2025-06-02_ECGRec_202419_E110189_duration=8s_pos=52399-53411_src=json.json
25.307698666952067,390.8944779967434,49.24931567053584,15.803146795073108,15.445673970407945,1.2903225806451613,3968,128,33,101.5625,117.1875,0,63.817190340171386,2.268811380658564,0.0,0.0,2.2558551285925574,0.005396532406789585,1.7228116412342451,0.16073798512678011,Sinus Tachycardia/False/._2025-06-02_ECGRec_202419_E110189_duration=55s_pos=19436-26402_src=json.json
28.04888146593478,412.0248752473378,49.73364645265387,14.789227072187439,14.689529101479883,5.161290322580645,3968,128,70,101.5625,109.375,0,135.21816789997447,0.12078168592022345,0.8792183140797766,0.0,1.8456186022628742,0.00855818717659937,2.0272914802891284,0.20173215400571473,Sinus Tachycardia/False/._2025-06-02_ECGRec_202419_E110189_duration=33s_pos=35636-39834_src=json.json
26.4592417424162,411.00312303912,50.37635053493635,15.797924249675743,15.533442398192689,5.161290322580645,3968,128,72,101.5625,109.375,0,138.04556962025316,0.010113916129312516,0.9898860838706874,0.0,1.9951469653248992,0.008157773827682959,2.1089089355418382,0.7940730991499059,Sinus Tachycardia/False/._2025-06-02_ECGRec_202419_E110189_duration=35s_pos=27619-32069_src=json.json
29.74518847852407,436.05592161657745,54.0904056195609,15.21691239069467,14.659712352190876,3.870967741935484,3968,128,5,93.75,179.6875,1,10.813093980992608,1.3601276098078554,0.0,50.0,11.151160876482564,0.01899513826742073,0.34454613178334365,,Sinus Tachycardia/False/._2025-06-02_ECGRec_202419_E110189_duration=12s_pos=46778-48230_src=json.json
57.5692739276133,403.81907328195877,65.37166895027897,35.23305428197499,7.014489478801227,2.5806451612903225,3968,128,70,101.5625,132.8125,1,134.46333417914235,0.12364171478383254,0.8763582852161674,0.0,1.7518608485575005,0.002314549374611558,2.0868109170570186,0.22708314931829005,Sinus Tachycardia/False/._2025-06-02_ECGRec_202419_E110189_duration=201s_pos=63963-89626_src=json.json
70.40859703435682,413.3731255948121,84.62162418150407,40.50551816831094,5.8710603127348335,3.225806451612903,3968,128,63,93.75,101.5625,0,122.09230769230768,0.42925650138753985,0.5707434986124602,0.0,2.2292037230010475,0.0022203569678809153,2.3778253901846123,0.11114924383407095,Sinus Tachycardia/False/._2025-06-02_ECGRec_202419_E110189_duration=282s_pos=95660-131721_src=json.json
28.728445354380575,449.51961790926555,52.161931820566984,15.96404600947221,15.647195548419269,4.516129032258064,3968,128,71,101.5625,179.6875,3,138.52099974233445,0.013509638473473915,0.9864903615265261,0.0,19.022659725525976,0.025219850100080536,0.6795645435548839,0.9949338591932682,Sinus Tachycardia/False/._2025-06-02_ECGRec_202419_E110189_duration=20s_pos=43280-45839_src=json.json
28.49486829817884,408.0852510762466,52.3754891710254,16.529683222101465,14.321358936793862,2.5806451612903225,3968,128,71,101.5625,125.0,2,138.05855161787366,0.013981158283292125,0.9860188417167078,0.0,20.73057953265898,0.007455438107328704,0.7619461588098986,0.8599723012839315,Sinus Tachycardia/False/._2025-06-02_ECGRec_202419_E110189_duration=14s_pos=40391-42115_src=json.json
29.44370600819344,389.0315555183813,50.2434679621542,15.535476380342583,13.2127233642871,5.161290322580645,3968,128,35,101.5625,117.1875,0,69.61343641695548,0.9517124839155888,0.048287516084411175,0.0,3.9267030378874317,0.0071602393690416745,0.5067884709235299,0.6505875661411494,Sinus Tachycardia/False/._2025-06-02_ECGRec_202419_E110189_duration=12s_pos=14879-16337_src=json.json
39.800111724176816,395.623103272126,57.96635297210952,21.164239800728346,9.940250823254638,3.225806451612903,3968,128,64,97.65625,140.625,1,124.25269645608628,0.6015513699208505,0.39844863007914955,1.5873015873015872,37.93857486360739,0.009591906568702742,0.9328490993580528,0.07340891585122399,Sinus Tachycardia/False/._2025-06-02_ECGRec_202419_E110189_duration=25s_pos=10023-13193_src=json.json
28.305279150029467,398.2062241655131,52.41307279503465,15.244375251067922,14.068266487908213,0.6451612903225806,3968,128,5,93.75,125.0,1,12.142292490118576,1.3169886926894827,0.0,50.0,10.16397611818866,0.015651111157634973,0.3589345526367746,,Sinus Tachycardia/False/._2025-06-02_ECGRec_202419_E110189_duration=10s_pos=49623-50845_src=json.json
39.84907680283595,1136.0008648447752,111.28831511319758,13.178550608251015,28.50758229501434,3.225806451612903,3968,128,52,101.5625,125.0,1,100.43076923076924,1.0871559624916076,0.0,5.882352941176471,2.812027153592412,0.010265686819631529,0.9699282760607684,0.30144618599094664,Sinus Tachycardia/False/._2025-06-02_ECGRec_202419_E110189_duration=15s_pos=32850-34747_src=json.json
52.27345356552529,515.4518751219892,70.48623424493725,27.383907132791595,9.86068128472101,1.2903225806451613,3968,128,61,93.75,117.1875,0,120.18779342723005,0.5038029994359897,0.4961970005640103,0.0,2.26599964266566,0.0018539690323357192,2.4428577150067854,0.1198559658248471,Sinus Tachycardia/False/._2025-06-02_ECGRec_202419_E110189_duration=35s_pos=90588-95042_src=json.json
21.900047380783587,405.4612991861265,52.409959959934625,7.2976952919938665,18.514173673785237,11.612903225806452,3968,128,57,93.75,109.375,0,111.44856180357606,0.5081425180167273,0.4918574819832727,0.0,2.9342245408769303,0.03705442894876609,2.85387550461756,0.28949728442234335,Sinus Tachycardia/False/._2025-06-02_ECGRec_202419_E110189_duration=517s_pos=90-66255_src=json.json
16.142254930809266,401.7300728206754,50.22298160651644,5.076235188349876,24.8868605814835,7.096774193548387,3968,128,68,93.75,132.8125,1,132.24363916730917,0.011641996045110424,0.9883580039548896,0.0,2.954523023266911,0.00105664655913177,3.708910681388248,0.7610978424684531,Sinus Tachycardia/False/._2025-06-02_ECGRec_202419_E110189_duration=99s_pos=66551-79210_src=json.json
47.49133428650281,441.99009443524864,73.9452522050858,17.702685726861844,9.306752311107656,3.225806451612903,3968,128,67,93.75,101.5625,0,130.63917525773198,0.12342966214153403,0.8765703378584659,0.0,2.989911354253147,0.0004120833159870979,3.4853843972434717,0.19321399796037833,Sinus Tachycardia/False/._2025-06-02_ECGRec_202419_E110189_duration=182s_pos=432-23684_src=json.json
23.354326110136544,400.01412815012213,60.97872105616934,5.672802362868934,17.12805195644035,12.0,3200,128,54,93.75,93.75,0,130.00319386777386,0.009212523220584292,0.9907874767794157,0.0,3.0233910139966502,0.029482035635401384,3.365759355835205,0.7612849857271633,Sinus Tachycardia/False/._2025-06-02_ECGRec_202419_E110189_duration=17s_pos=24040-26105_src=json.json
12.734468251621204,401.34243712022146,49.493496602912835,3.651459211146846,31.516228057100005,13.548387096774196,3968,128,67,93.75,125.0,1,130.63917525773198,0.009602028871214743,0.9903979711287852,0.0,3.2338847260198573,0.03242665053620123,4.461695866319747,0.6873612434929014,Sinus Tachycardia/False/._2025-06-02_ECGRec_202419_E110189_duration=99s_pos=513-13106_src=json.json
29.140046348496487,733.5087038705248,86.14235118738125,6.564177171101582,25.171843240274313,10.967741935483872,3968,128,45,93.75,101.5625,0,124.37246963562752,0.20091075734503966,0.7990892426549603,0.0,3.027603194236571,0.02221934199182564,3.070547611648015,0.05129329438755058,Sinus Tachycardia/False/._2025-06-02_ECGRec_202419_E110189_duration=12s_pos=15345-16761_src=json.json
42.718454681156004,416.1638061203201,70.68882357880202,15.193993485416613,9.742014300013626,3.870967741935484,3968,128,35,93.75,140.625,2,68.69771112865035,1.5326511462753714,0.0,0.0,10.613272846746037,0.0019980910658549734,2.2548538365085458,0.6067896120277345,Sinus Tachycardia/False/._2025-06-03_ECGRec_202419_E110189_duration=9s_pos=115834-116880_src=json.json
103.83321035814735,615.1874187081011,130.58243893200034,43.849872357402894,5.924765406572681,5.806451612903226,3968,128,64,93.75,132.8125,3,124.9586776859504,0.09579139987727187,0.9042086001227281,0.0,3.558458856473261,0.0005566478130604021,2.8236994369935435,0.25409466512801165,Sinus Tachycardia/False/._2025-06-03_ECGRec_202419_E110189_duration=11s_pos=102704-104050_src=json.json
14.203516945467364,396.9487641674364,47.02456183878952,4.1640668866926855,27.947214604964188,16.129032258064516,3968,128,59,101.5625,132.8125,3,114.24467812259554,0.3689242391809477,0.6310757608190523,0.0,2.689450140328736,0.026477175875628988,2.2250767410089254,0.17072980863016957,Sinus Tachycardia/False/._2025-06-03_ECGRec_202419_E110189_duration=12s_pos=121270-122721_src=json.json
62.50362312669963,532.9588666807601,102.92025819200262,19.17848505138764,8.526847428885272,5.806451612903226,3968,128,51,93.75,132.8125,6,97.809475292919,1.155700857102092,0.0,0.0,4.07704917044402,0.002203982925164248,2.884254243128852,0.2916346467676043,Sinus Tachycardia/False/._2025-06-03_ECGRec_202419_E110189_duration=15s_pos=127834-129654_src=json.json
57.569059944810576,458.79476741485627,86.46609155442141,21.403598253004084,7.969467625235135,1.935483870967742,3968,128,64,93.75,132.8125,2,124.63678516228748,0.1779046376005974,0.8220953623994026,0.0,2.7177634734576968,0.015750809918285962,2.5719231061465444,0.2712589971529372,Sinus Tachycardia/False/._2025-06-03_ECGRec_202419_E110189_duration=15s_pos=35205-37011_src=json.json
53.476205551508706,522.5107401083249,84.92967824820269,15.496797396834072,9.770901374708364,3.225806451612903,3968,128,66,93.75,109.375,0,129.02558800723702,0.06490707331328537,0.9350929266867146,0.0,2.550871169899679,0.0033078760793871743,2.7792318128264255,1.2367626271489267,Sinus Tachycardia/False/._2025-06-03_ECGRec_202419_E110189_duration=13s_pos=49339-50979_src=json.json
24.937158805289073,390.23047346783557,50.74354008977686,11.758339665974503,15.648553264075776,5.806451612903226,3968,128,60,93.75,125.0,1,115.65084226646249,0.2736689762266867,0.7263310237733134,1.694915254237288,2.9726918496629535,0.06574086620147467,2.897392696314199,0.2865968851504939,Sinus Tachycardia/False/._2025-06-03_ECGRec_202419_E110189_duration=16s_pos=41933-43974_src=json.json
106.68450038060065,918.587562170667,124.75651902177208,70.19630100373975,8.61031874624013,1.2903225806451613,3968,128,64,93.75,125.0,1,123.99794976934905,0.18286711318400292,0.817132886815997,0.0,3.3136793221531393,0.04228282699870888,2.993715391329755,0.20134637116353282,Sinus Tachycardia/False/._2025-06-03_ECGRec_202419_E110189_duration=8s_pos=51396-52401_src=json.json
49.00970855863581,418.31629526877975,80.89092175420589,16.574037958442922,8.535375929300319,7.741935483870968,3968,128,65,93.75,125.0,4,125.86939820742637,0.14236290742639734,0.8576370925736027,0.0,2.9702932064678835,0.0015799955284295827,2.3955484348261624,0.5838727655809826,Sinus Tachycardia/False/._2025-06-03_ECGRec_202419_E110189_duration=18s_pos=71394-73656_src=json.json
29.42856575263533,451.0068805821907,60.527173149957925,10.049370123139667,15.325478959718724,4.516129032258064,3968,128,66,93.75,109.375,0,129.32642487046633,0.0652983373113646,0.9347016626886354,0.0,2.378900767316945,0.06616831985992616,2.650031689549257,1.2383742310432684,Sinus Tachycardia/False/._2025-06-03_ECGRec_202419_E110189_duration=17s_pos=46768-48822_src=json.json
105.94542794867898,663.2497262999386,116.51593214726245,71.93837190172935,6.260295822873334,1.935483870967742,3968,128,68,93.75,101.5625,0,131.50012777919756,0.01069077468096399,0.989309225319036,0.0,2.042654688995957,0.012037121693644445,2.3763808611533133,0.8946751413982148,Sinus Tachycardia/False/._2025-06-03_ECGRec_202419_E110189_duration=35s_pos=28399-32782_src=json.json
34.363694350089325,404.93887224271583,58.53501182005256,13.192771272751092,11.783915208108235,3.870967741935484,3968,128,63,93.75,109.375,0,121.81120491174212,0.25632554275509645,0.7436744572449036,0.0,3.01292430271584,0.0015089603585753174,2.967838939160034,0.14024835596895394,Sinus Tachycardia/False/._2025-06-03_ECGRec_202419_E110189_duration=11s_pos=45128-46414_src=json.json
32.74001849319634,566.0844820026579,80.5944132345046,5.831029506870755,17.29029153816769,8.38709677419355,3968,128,65,93.75,117.1875,0,126.90937257939582,0.19425243581664,0.80574756418336,0.0,2.070804163880048,0.03724734217688478,2.0617820189018197,0.16512019443540812,Sinus Tachycardia/False/._2025-06-03_ECGRec_202419_E110189_duration=26s_pos=21374-24659_src=json.json
12.81441242220308,387.00455564717794,47.914269123745136,3.8850128757172975,30.20072342731107,12.258064516129032,3968,128,70,93.75,125.0,1,135.42550472783032,0.014429434411920513,0.9855705655880795,0.0,1.6446592938707507,0.002228966104413762,2.3328260862424606,1.1244917366559304,Sinus Tachycardia/False/._2025-06-03_ECGRec_202419_E110189_duration=81s_pos=39384-49643_src=json.json
10.996009436223606,407.59133911277945,50.50963195826252,2.73648499082646,37.0672019162579,20.0,3968,128,63,101.5625,140.625,2,122.88,0.1277659149859273,0.8722340850140727,0.0,1.7197645937554285,0.06405007671692693,1.4937796022176355,0.5077439572285826,Sinus Tachycardia/False/._2025-06-03_ECGRec_202419_E110189_duration=15s_pos=28108-29906_src=json.json
41.8761242147963,425.28943881635803,75.35247524872004,7.428551857060928,10.155892806101564,11.612903225806452,3968,128,65,93.75,125.0,3,126.71307037896365,0.17443010203491763,0.8255698979650824,0.0,2.83959799493356,0.004750608721150218,2.032430736503809,0.5227163702875124,Sinus Tachycardia/False/._2025-06-03_ECGRec_202419_E110189_duration=25s_pos=7177-10299_src=json.json
82.50273326677696,687.9698774130932,119.81884442541974,31.059412486815987,8.338752448961342,0.6451612903225806,3968,128,60,101.5625,140.625,4,120.89647812166488,0.3176152011718282,0.6823847988281718,0.0,2.9792200157466375,0.011437214414455754,2.3286319556950605,0.14531513904658497,Sinus Tachycardia/False/._2025-06-03_ECGRec_202419_E110189_duration=11s_pos=41951-43338_src=json.json
67.42851905680871,416.09577997733015,81.79406600472319,41.23500492262822,6.170916692621584,1.6666666666666667,3072,128,2,78.125,109.375,0,,,,,12.558314027315333,0.0018424998348101397,1.410175672337171,,Sinus Tachycardia/False/._2025-06-03_ECGRec_202419_E110189_duration=10s_pos=484-1752_src=json.json
59.47150201912678,461.8938469369276,78.13064104333598,29.312425438930866,7.766641559208227,1.2903225806451613,3968,128,69,101.5625,148.4375,1,133.19051262433052,0.04745812667008873,0.9525418733299112,0.0,2.575428792931363,0.005688967819741671,1.6821582788065002,1.2966822024302034,Sinus Tachycardia/False/._2025-06-03_ECGRec_202419_E110189_duration=30s_pos=44012-47784_src=json.json
13.856507638753515,409.29475644845235,49.51739129557142,5.208724800219611,29.538086910561848,9.67741935483871,3968,128,68,101.5625,109.375,0,132.31164823862176,0.00864373171197457,0.9913562682880255,0.0,1.1740158163278078,0.05081114679202702,1.8676458768793136,0.5665337110282929,Sinus Tachycardia/False/._2025-06-03_ECGRec_202419_E110189_duration=87s_pos=105906-116981_src=json.json
17.300270602043526,412.7624051847407,50.523378293419164,6.763580510721567,23.85872399459814,5.806451612903226,3968,128,63,101.5625,140.625,2,121.40744518103008,0.3522834086440104,0.6477165913559896,0.0,1.9304675026774296,0.013815003084006069,1.9875246892233436,0.22932962861922462,Sinus Tachycardia/False/._2025-06-03_ECGRec_202419_E110189_duration=17s_pos=64571-66662_src=json.json
30.124566109320508,428.31503671243354,57.51785648440848,14.894554397045345,14.21813084178439,3.225806451612903,3968,128,68,93.75,117.1875,0,131.6010230179028,0.17155235476370698,0.828447645236293,0.0,1.9582955278464178,0.04415458245820246,2.1642260773555093,0.23597535560950303,Sinus Tachycardia/False/._2025-06-03_ECGRec_202419_E110189_duration=89s_pos=235586-246924_src=json.json
13.47300066476812,404.40350365472943,49.01086188413207,4.905689360289678,30.015843070237572,15.483870967741936,3968,128,68,101.5625,109.375,0,132.2776349614396,0.008867963141708131,0.9911320368582919,0.0,1.219955626990223,0.0010150491033230336,1.9637534903232452,0.628060564040059,Sinus Tachycardia/False/._2025-06-03_ECGRec_202419_E110189_duration=36s_pos=117269-121865_src=json.json
14.643340857862606,400.5958209798102,48.87755703489012,5.886818789962778,27.356857803924996,5.161290322580645,3968,128,69,101.5625,125.0,2,132.98701298701297,0.012017087052682217,0.9879829129473178,0.0,1.4789960969434803,0.0019363936779810745,2.342491374159574,1.0352426747355203,Sinus Tachycardia/False/._2025-06-03_ECGRec_202419_E110189_duration=86s_pos=162128-173106_src=json.json
80.26734909005471,533.4297789757201,103.49435441693721,35.74842964111913,6.645663253829195,1.935483870967742,3968,128,68,93.75,125.0,6,132.37972729611525,0.011721930280287509,0.9882780697197124,0.0,3.1030824358295828,0.018414593672144076,3.486344718742787,1.1053919756534885,Sinus Tachycardia/False/._2025-06-03_ECGRec_202419_E110189_duration=58s_pos=559933-567312_src=json.json
12.265420710168886,389.9610987039792,48.14369882158799,3.7070171461528467,31.79353371769308,14.193548387096774,3968,128,68,93.75,109.375,0,131.70207320194524,0.00899112775541937,0.9910088722445807,0.0,1.500265193158393,0.026237800478920274,2.3226707384795304,0.6759350516788238,Sinus Tachycardia/False/._2025-06-03_ECGRec_202419_E110189_duration=428s_pos=428378-483100_src=json.json
13.212986040571057,383.96864960747854,48.01076873134735,5.377902183244299,29.05994295071099,10.967741935483872,3968,128,67,93.75,117.1875,0,129.6036819227819,0.08998548511974515,0.9100145148802549,0.0,2.0235261139555787,0.0005281857038014902,2.4148359349720048,0.13613217432458005,Sinus Tachycardia/False/._2025-06-03_ECGRec_202419_E110189_duration=11s_pos=295922-297305_src=json.json
12.791422494598855,396.0008244831713,48.71756291014852,4.952861895437977,30.958307701279818,12.258064516129032,3968,128,68,93.75,101.5625,0,131.66837256908906,0.008578840641864599,0.9914211593581354,0.0,1.1210486373912838,0.0006435365183044703,1.818512358225368,0.6225296133459919,Sinus Tachycardia/False/._2025-06-03_ECGRec_202419_E110189_duration=596s_pos=483392-559590_src=json.json
83.9215519955751,509.29832300953825,102.69153517638289,45.72321989136419,6.068742829823369,4.827586206896552,3712,128,52,93.75,125.0,6,106.2327095199349,0.5972460865296405,0.4027539134703595,0.0,3.937240946717825,0.006539837910796929,3.6488246505611643,0.2751732227600722,Sinus Tachycardia/False/._2025-06-03_ECGRec_202419_E110189_duration=27s_pos=117-3524_src=json.json
14.015412866267944,386.9192153261272,47.846530004560556,5.750245724755798,27.606692104708923,8.38709677419355,3968,128,67,85.9375,117.1875,0,129.4712643678161,0.08561711119582484,0.9143828888041752,0.0,2.067386934409557,0.001285266849924649,2.4156244219167737,0.12709532857362868,Sinus Tachycardia/False/._2025-06-03_ECGRec_202419_E110189_duration=14s_pos=293849-295593_src=json.json
