mean_motion,max_motion,std_motion,median_motion,peak_ratio,zero_motion_pct,n_samples_ecg,fs,n_peaks,qrs_width_ms,qrs_width_max_ms,n_wide_qrs,mean_hr_bpm,rr_cv,hr_regularity,premature_pct,kurt,baseline_drift,snr_proxy,samp_en,json_path
23.241923138061903,405.193365796635,49.31073799622084,10.54191806486282,17.433727233154254,2.5806451612903225,3968,128,36,62.5,101.5625,0,68.9584402257568,0.11061861796459785,0.8893813820354022,5.714285714285714,6.8213256917985685,0.006106839669034728,0.5641962797901812,0.7308875085427924,Isolated Ventricular Beat/False/._2025-02-01_ECGRec_202428_E1R4887_duration=1s_pos=37025-37089_src=json.json
16.903955261994355,389.6391554739935,49.3085985703717,5.724019228834365,23.050175321976564,12.903225806451612,3968,128,32,70.3125,140.625,1,62.817941952506594,0.3168826988706264,0.6831173011293736,19.35483870967742,5.155140800109871,0.0017762156038610838,0.5850620399790251,1.0360919316867756,Isolated Ventricular Beat/False/._2025-02-01_ECGRec_202428_E1R4887_duration=1s_pos=3502-3566_src=json.json
10.879253932669045,403.51395741564835,50.05632408093525,2.2370393080632933,37.0902198645926,19.35483870967742,3968,128,36,62.5,78.125,0,68.50152905198777,0.023236783486323864,0.9767632165136761,0.0,11.853320439151126,0.0014381683915402196,1.4437986055935514,,Isolated Ventricular Beat/False/._2025-02-01_ECGRec_202428_E1R4887_duration=1s_pos=19925-19989_src=json.json
19.487243263299177,403.1024788465464,49.81158478763319,7.183145779934064,20.685453181582965,9.67741935483871,3968,128,43,62.5,117.1875,0,82.30671089563664,0.043531991763756675,0.9564680082362433,0.0,7.500734019539461,0.003694565733828782,0.9914804385879021,0.34032580593720285,Isolated Ventricular Beat/False/._2025-02-01_ECGRec_202428_E1R4887_duration=1s_pos=19978-20042_src=json.json
12.259139894481805,393.86417013356987,49.04305270350735,3.797773574734431,32.12820323411566,18.70967741935484,3968,128,41,54.6875,85.9375,0,80.56648308418568,0.2905146520844553,0.7094853479155447,5.0,15.099744593851515,0.0013647360926733144,0.5383550395671689,0.36000273403140703,Isolated Ventricular Beat/False/._2025-02-01_ECGRec_202430_E115582_duration=1s_pos=16110-16174_src=json.json
25.028022476598146,404.00344253101906,57.15511674736333,10.719412514085924,16.142043454161403,4.3478260869565215,2944,128,28,62.5,125.0,2,72.63047285464098,0.4020847949531359,0.5979152050468641,37.03703703703704,4.547490918778569,0.0025391678302324775,0.9309367573168771,2.3978952727983707,Isolated Ventricular Beat/False/._2025-02-02_ECGRec_202428_E1R4887_duration=1s_pos=965-1029_src=json.json
21.429691010348307,395.71880724581086,51.36847288811166,8.9715571229938,18.46591201846111,5.806451612903226,3968,128,28,78.125,156.25,4,53.30591259640103,0.5933742225008419,0.40662577749915807,40.74074074074074,4.602514029722329,0.03621187140445473,0.3329833623987075,1.791759469228055,Isolated Ventricular Beat/False/._2025-02-02_ECGRec_202430_E115582_duration=1s_pos=9263-9327_src=json.json
17.9756651279449,402.3521561393322,66.32874146502927,2.8884679047259665,22.38315694536833,18.823529411764707,2176,128,1,,,0,,,,,41.6442720210895,0.0021062541413289252,1.9501437215184383,,Isolated Ventricular Beat/False/._2025-02-03_ECGRec_202428_E1R4887_duration=1s_pos=245-309_src=json.json
12.1545905270706,421.719310369421,50.54197413884195,2.4974312826715472,34.69629641030482,18.70967741935484,3968,128,25,70.3125,156.25,2,48.13789501175242,0.05603247919719601,0.943967520802804,0.0,10.530131112913445,0.005037214896109438,0.6879893358064179,0.916290731874155,Isolated Ventricular Beat/False/._2025-02-03_ECGRec_202428_E1R4887_duration=1s_pos=55404-55468_src=json.json
47.434844993481974,402.3964582874132,67.45484486914144,19.805465963880664,8.48314039730848,3.870967741935484,3968,128,37,62.5,148.4375,5,71.7384535547483,0.1717727256048405,0.8282272743951595,8.333333333333334,11.026963827485114,0.005441128331646985,0.9388275178304293,1.7346010553881064,Isolated Ventricular Beat/False/._2025-02-03_ECGRec_202428_E1R4887_duration=1s_pos=40358-40422_src=json.json
13.431573351774285,412.8751495089189,50.76719738269128,3.5408693593650398,30.739147824050793,12.258064516129032,3968,128,9,109.375,156.25,3,22.79777365491651,0.9765629651251029,0.023437034874897122,50.0,7.6844912439794815,0.008527100411344928,0.7760142269947743,,Isolated Ventricular Beat/False/._2025-02-03_ECGRec_202428_E1R4992_duration=1s_pos=61692-61756_src=json.json
10.58374257381023,403.4680386376224,50.06410176803866,2.3228409148388085,38.1214865821216,22.58064516129032,3968,128,11,101.5625,171.875,4,20.392989909718533,0.9787122050690645,0.021287794930935466,20.0,77.54439374187231,0.0025670246662992248,0.7822865495085525,,Isolated Ventricular Beat/False/._2025-02-03_ECGRec_202428_E1R4992_duration=1s_pos=45748-45812_src=json.json
10.864991491427132,401.15590291273793,50.04738227540705,2.636406514088252,36.92187576100622,21.935483870967744,3968,128,28,101.5625,179.6875,7,54.22594142259414,0.14104524702224883,0.8589547529777511,7.407407407407407,4.277419745498704,0.003543868882340977,0.7614207640288474,0.1895767276751266,Isolated Ventricular Beat/False/._2025-02-03_ECGRec_202428_E1R4992_duration=1s_pos=10135-10199_src=json.json
16.457677997123454,396.12852732789696,48.73361847900224,5.812967424553395,24.069525684462192,7.741935483870968,3968,128,38,70.3125,125.0,2,73.5784567581564,0.18478725344356897,0.8152127465564311,10.81081081081081,8.441508702761272,0.0010546851815849477,1.4749967497244556,0.38822330167365837,Isolated Ventricular Beat/False/._2025-02-03_ECGRec_202428_E1R5004_duration=1s_pos=50575-50639_src=json.json
20.099201219414898,408.87818911544207,62.49991649541948,7.323624478573043,20.34300588908373,8.421052631578947,2432,128,22,78.125,125.0,2,71.07977082415161,0.15238559918870842,0.8476144008112916,9.523809523809524,18.7745857559246,0.002438543039625278,1.5438691648391711,0.5663954749208014,Isolated Ventricular Beat/False/._2025-02-03_ECGRec_202428_E1R5004_duration=1s_pos=503-567_src=json.json
43.92012668485023,437.2626105393095,63.88820252648145,28.337974330182035,9.955859274292102,0.0,2560,128,24,78.125,132.8125,1,73.05210918114145,0.25830233893176296,0.7416976610682371,8.695652173913043,4.386755742117972,0.002796561471281091,0.640323491122225,0.7884573603642702,Isolated Ventricular Beat/False/._2025-02-03_ECGRec_202430_E115582_duration=1s_pos=557-621_src=json.json
12.656332869350411,395.1903550174238,48.886654438611465,4.631919020997688,31.224710022421924,14.838709677419354,3968,128,35,62.5,109.375,0,69.15254237288136,0.3711703267819931,0.628829673218007,29.41176470588235,13.513968736128234,0.002688093679281904,1.377495870787088,0.8075575317376895,Isolated Ventricular Beat/False/._2025-02-04_ECGRec_202428_E1R4887_duration=1s_pos=27205-27269_src=json.json
31.852043643225198,405.6922132730605,59.07695977184306,12.809886778449076,12.73677146372296,9.032258064516128,3968,128,38,62.5,140.625,2,72.23182511438739,0.15539230815347083,0.8446076918465292,8.108108108108109,3.7672375953262236,0.00310015083448245,0.6246951794449976,0.6179237593223578,Isolated Ventricular Beat/False/._2025-02-04_ECGRec_202428_E1R4887_duration=1s_pos=18581-18645_src=json.json
26.267126679371817,403.3921206697868,52.265565012717445,11.980317993195989,15.357298506093604,5.161290322580645,3968,128,43,62.5,148.4375,1,82.8351309707242,0.2528326514853511,0.7471673485146488,14.285714285714286,6.004553323699277,0.060273986833371276,0.9224276493620215,0.6225296133459919,Isolated Ventricular Beat/False/._2025-02-04_ECGRec_202428_E1R4887_duration=1s_pos=3127-3191_src=json.json
12.575728340972343,403.7427239773249,49.36092714612714,3.8850678867846655,32.10491519262516,15.483870967741936,3968,128,38,62.5,109.375,0,73.14285714285714,0.0637916569618395,0.9362083430381605,2.7027027027027026,7.6562048281748645,0.005945111583776589,1.3647238750483512,0.6319927574066146,Isolated Ventricular Beat/False/._2025-02-04_ECGRec_202428_E1R4887_duration=1s_pos=5571-5635_src=json.json
15.12070153929026,399.71184199239474,49.75391941913456,4.02214030183079,26.434740115663736,16.129032258064516,3968,128,34,85.9375,125.0,2,64.34120335110434,0.19120724054242821,0.8087927594575718,9.090909090909092,16.535042121527457,0.0026413986138981893,1.213323532022334,0.6931471805599453,Isolated Ventricular Beat/False/._2025-02-04_ECGRec_202428_E1R4887_duration=1s_pos=74096-74160_src=json.json
18.144489053490016,394.44616715997125,49.92149334768409,6.907398768648321,21.73917073431894,9.032258064516128,3968,128,37,78.125,109.375,0,70.91048986919722,0.6314893260711469,0.36851067392885306,0.0,8.219471914960566,0.005841980460430326,1.8675259388670218,0.15082288973458366,Isolated Ventricular Beat/False/._2025-02-04_ECGRec_202428_E1R4900_duration=1s_pos=69050-69114_src=json.json
12.537971148569438,399.1065837761978,50.189213656821934,2.362318081021164,31.831828867296952,25.161290322580644,3968,128,33,70.3125,140.625,4,62.69387755102041,0.1550886138117835,0.8449113861882165,6.25,12.898530995885105,0.004492068890133521,1.0874751516274945,0.6061358035703156,Isolated Ventricular Beat/False/._2025-02-04_ECGRec_202428_E1R4900_duration=1s_pos=3716980-3717044_src=json.json
9.983501260112739,404.973481643081,50.26579876393572,1.965916478674945,40.564270041894886,26.451612903225808,3968,128,25,101.5625,171.875,7,47.64021711036443,0.009301139423847141,0.9906988605761529,0.0,6.695170489077988,0.003493714532004855,0.8769699938676849,1.8718021769015913,Isolated Ventricular Beat/False/._2025-02-04_ECGRec_202428_E1R4992_duration=1s_pos=51246-51310_src=json.json
64.95435571637412,419.01238563739173,64.87979356909229,49.67138178785157,6.450874226451454,1.935483870967742,3968,128,7,109.375,117.1875,0,46.7342799188641,0.6547326754171139,0.3452673245828861,33.333333333333336,44.31602999846202,0.005247451535192683,0.4286230818657601,,Isolated Ventricular Beat/False/._2025-02-04_ECGRec_202428_E1R4992_duration=1s_pos=1036356-1036420_src=json.json
12.792344940963304,404.31547921417166,49.813295424602224,4.380082290495135,31.60604638743263,11.612903225806452,3968,128,32,97.65625,156.25,10,61.03050499871828,0.08412632187339272,0.9158736781266072,0.0,17.314787642441594,0.0012868762861651221,1.5047157216348752,0.5144553918165694,Isolated Ventricular Beat/False/._2025-02-04_ECGRec_202428_E1R4992_duration=1s_pos=67361-67425_src=json.json
85.50764265504723,516.0972759192531,100.53124418236293,46.325906110231685,6.035685862205251,1.935483870967742,3968,128,32,85.9375,179.6875,1,63.62373062533405,0.81847621345523,0.18152378654476997,3.225806451612903,4.965341875033556,0.0052684533298159395,0.7931599038616743,0.7588424398253402,Isolated Ventricular Beat/False/._2025-02-04_ECGRec_202428_E1R5004_duration=1s_pos=67546-67610_src=json.json
27.582032648027,395.711127152336,60.394879571920455,10.892263035109762,14.346698731572392,7.000000000000001,2560,128,23,70.3125,140.625,3,71.71477079796266,0.32484128790188116,0.6751587120981188,9.090909090909092,5.148360908987618,0.0052392202739355714,0.5462114387504269,0.587786664902119,Isolated Ventricular Beat/False/._2025-02-04_ECGRec_202428_E1R5004_duration=1s_pos=581-645_src=json.json
17.184040253532345,409.05293790850226,60.1450311655637,4.559089016619389,23.804233932714602,13.333333333333334,2688,128,19,85.9375,117.1875,0,60.23529411764706,0.7831418260146767,0.21685817398532325,22.22222222222222,12.176397174185388,0.009534004723592648,0.07783532510296479,0.4744579795951158,Isolated Ventricular Beat/False/._2025-02-04_ECGRec_202428_E1R5004_duration=1s_pos=18474-18538_src=json.json
44.27666942120086,406.2925821385197,61.93622612936026,20.859258777351286,9.176222563112514,3.225806451612903,3968,128,40,62.5,109.375,0,79.07074973600845,0.20272316787705802,0.797276832122942,5.128205128205129,11.285297295316257,0.002429813880165412,2.1169178781083424,0.3686511349854481,Isolated Ventricular Beat/False/._2025-02-04_ECGRec_202428_E1R5004_duration=1s_pos=369134-369198_src=json.json
11.417864472069747,397.6380890280189,49.479344899507694,2.3835173785164976,34.825956743028435,18.70967741935484,3968,128,31,70.3125,101.5625,0,60.2510460251046,0.04464334170052692,0.955356658299473,0.0,14.829016155396342,0.0010305234395556505,3.145868653524861,1.0498221244986778,Isolated Ventricular Beat/False/._2025-02-04_ECGRec_202428_E1R5004_duration=1s_pos=98191-98255_src=json.json
12.852742454088991,408.8678020736811,49.56022138942814,3.436173045484492,31.81171424872744,11.612903225806452,3968,128,17,62.5,125.0,1,36.24778761061947,1.118358608396241,0.0,37.5,5.586503005399525,0.0050812340778616325,0.1333119297895586,1.3862943611198906,Isolated Ventricular Beat/False/._2025-02-04_ECGRec_202430_E115582_duration=1s_pos=69487-69551_src=json.json
9.912513345994853,395.81026062281643,49.01386023093908,2.149806480127636,39.93035942316123,27.741935483870968,3968,128,3,109.375,125.0,1,,,,,58.92843570727752,0.0014597435078165847,0.10531999470822422,,Isolated Ventricular Beat/False/._2025-02-04_ECGRec_202430_E115582_duration=1s_pos=31702-31766_src=json.json
14.18572997406711,389.5993076291352,48.61531339197019,4.630527579656651,27.46416863123659,13.548387096774196,3968,128,5,54.6875,109.375,0,20.548494983277592,0.9326676884745672,0.06733231152543284,50.0,14.090969558696244,0.003212968442098491,0.21292091375468694,,Isolated Ventricular Beat/False/._2025-02-04_ECGRec_202430_E115582_duration=1s_pos=36802-36866_src=json.json
14.271250137454512,404.92905983599803,49.71398553927217,5.05646297368445,28.373760361715778,10.32258064516129,3968,128,4,97.65625,117.1875,0,6.931407942238267,1.2170556702239717,0.0,33.333333333333336,51.81841886814126,0.00705106387005868,0.3037440412550275,,Isolated Ventricular Beat/False/._2025-02-05_ECGRec_202428_E1R4887_duration=1s_pos=15807-15871_src=json.json
18.43722458255424,395.925305879966,62.34539868345753,4.028937165315161,21.474234510348474,13.684210526315791,2432,128,16,62.5,132.8125,1,53.63128491620112,0.19022462584773614,0.8097753741522639,13.333333333333334,13.193634606113186,0.00221587017752936,0.36622479551597314,0.7731898882334817,Isolated Ventricular Beat/False/._2025-02-05_ECGRec_202428_E1R4887_duration=1s_pos=407-471_src=json.json
15.568108786405379,396.4535200761785,49.05803407034098,5.661404697347994,25.465745393340924,8.38709677419355,3968,128,34,62.5,109.375,0,65.53917765709853,0.09859417850489886,0.9014058214951012,3.0303030303030303,8.861233690090453,0.011758629209381768,0.5533245227890831,1.1349799328389845,Isolated Ventricular Beat/False/._2025-02-05_ECGRec_202428_E1R4887_duration=1s_pos=51208-51272_src=json.json
17.51355277553234,394.5922320148153,48.27468590976583,7.94360042529918,22.53067750110707,4.516129032258064,3968,128,36,70.3125,132.8125,3,70.60677698975572,0.25657564932832644,0.7434243506716736,5.714285714285714,5.751516063915215,0.004915770926495674,0.699805074221415,0.48550781578170077,Isolated Ventricular Beat/False/._2025-02-05_ECGRec_202428_E1R4900_duration=1s_pos=52046-52110_src=json.json
10.690381468757709,406.976937136748,50.10906604515865,2.478614607918983,38.06944590861223,21.29032258064516,3968,128,26,93.75,171.875,4,49.85717995325889,0.013427871694455626,0.9865721283055444,0.0,10.252511182084879,0.0007453801743068654,1.3418488515149007,1.791759469228055,Isolated Ventricular Beat/False/._2025-02-05_ECGRec_202428_E1R4992_duration=1s_pos=7291-7355_src=json.json
10.513597704527829,397.0677392071982,49.55421470967815,2.328638565839758,37.76706248415164,24.516129032258064,3968,128,7,101.5625,179.6875,3,20.362350861688025,1.0633451793073572,0.0,50.0,15.078471042519077,0.0020964672786045924,1.213433082061654,,Isolated Ventricular Beat/False/._2025-02-05_ECGRec_202428_E1R4992_duration=1s_pos=42885-42949_src=json.json
10.513597704527829,397.0677392071982,49.55421470967815,2.328638565839758,37.76706248415164,24.516129032258064,3968,128,7,101.5625,179.6875,3,20.362350861688025,1.0633451793073572,0.0,50.0,15.078471042519077,0.0020964672786045924,1.213433082061654,,Isolated Ventricular Beat/False/._2025-02-05_ECGRec_202428_E1R4992_duration=1s_pos=42885-42949_src=json.json
17.828893591514483,407.20057984676174,50.47075033293929,6.848038842566129,22.839362124030142,9.67741935483871,3968,128,32,70.3125,125.0,1,63.606732567459254,0.20510402623121526,0.7948959737687847,3.225806451612903,14.043651262306533,0.016093888204212484,1.4157814587848276,0.4122447950935431,Isolated Ventricular Beat/False/._2025-02-05_ECGRec_202428_E1R5004_duration=1s_pos=726923-726987_src=json.json
14.172527942411985,388.5828924227568,49.24928931276087,4.547862322776042,27.418034847676587,13.548387096774196,3968,128,33,70.3125,132.8125,2,64.0,0.13639072752762876,0.8636092724723712,6.25,11.909592276408674,0.005822000709806932,2.4600489119639555,0.5474353693785515,Isolated Ventricular Beat/False/._2025-02-05_ECGRec_202428_E1R5004_duration=1s_pos=16546-16610_src=json.json
43.16682394407588,413.0119680247456,58.19967138020089,25.30032022461304,9.567809737218731,1.935483870967742,3968,128,34,62.5,117.1875,0,67.04761904761905,0.21732703597175462,0.7826729640282454,6.0606060606060606,17.033877571015857,0.007354987840845883,1.4823103793884356,0.2294131643278051,Isolated Ventricular Beat/False/._2025-02-05_ECGRec_202428_E1R5004_duration=1s_pos=17273-17337_src=json.json
15.077772269885786,392.32451363824225,50.24372564127669,4.754407232891333,26.02005658367445,14.838709677419354,3968,128,5,132.8125,164.0625,3,65.64102564102564,0.5638111135197941,0.43618888648020593,50.0,37.926210930005,0.016880166432276963,0.22788073572446235,,Isolated Ventricular Beat/False/._2025-02-05_ECGRec_202430_E115582_duration=1s_pos=72352-72416_src=json.json
11.088668870275201,397.10299242183044,48.57716788882917,2.3650020275854944,35.81159842140517,18.70967741935484,3968,128,29,62.5,117.1875,0,56.45576266736676,0.15217381318737913,0.8478261868126209,7.142857142857143,39.23594887255883,0.00386996718215089,0.12850288777106286,1.4213856809311607,Isolated Ventricular Beat/False/._2025-02-06_ECGRec_202428_E1R4887_duration=1s_pos=44553-44617_src=json.json
10.881865256993716,401.6718374072429,49.349781808440724,2.4045157698731057,36.91203585130359,23.225806451612904,3968,128,28,62.5,101.5625,0,53.62296353762607,0.05830347316691745,0.9416965268330826,0.0,7.611140103389836,0.003558909196327559,0.8891856978992988,1.3862943611198906,Isolated Ventricular Beat/False/._2025-02-06_ECGRec_202428_E1R4887_duration=1s_pos=10968-11032_src=json.json
11.158609011139124,394.75380923694405,49.19404589632355,2.884049404742184,35.376611320126756,17.419354838709676,3968,128,27,62.5,93.75,0,53.06404464522987,0.03039388770107981,0.9696061122989202,0.0,16.368089353886756,0.002153068278951321,1.5255572431378517,,Isolated Ventricular Beat/False/._2025-02-06_ECGRec_202428_E1R4887_duration=1s_pos=36241-36305_src=json.json
45.61912393152845,422.07024505120347,54.976856699466815,31.17935886388956,9.25204605929433,2.5806451612903225,3968,128,35,78.125,140.625,2,68.69771112865035,0.15841367654582914,0.8415863234541708,0.0,11.851698213347355,0.003282116168779769,2.0487899089322537,0.32208349916911333,Isolated Ventricular Beat/False/._2025-02-06_ECGRec_202428_E1R5004_duration=1s_pos=27160-27224_src=json.json
18.410396121246144,401.23401199883233,49.94938060481308,8.465761460406007,21.793881433214516,4.516129032258064,3968,128,45,62.5,171.875,2,88.32200731834814,0.17326811988867422,0.8267318801113258,4.545454545454546,4.639002922505921,0.0014357116366103268,1.17202085554036,0.3437715391028245,Isolated Ventricular Beat/False/._2025-02-06_ECGRec_202428_E1R5004_duration=1s_pos=54018-54082_src=json.json
20.900047543969315,396.6711988223388,55.0576106158241,4.007832486421226,18.97943911411621,14.193548387096774,3968,128,32,66.40625,117.1875,0,61.26608337622233,0.48992342523233273,0.5100765747676672,0.0,15.094102098933636,0.0026681058447193527,2.1448163421951576,0.29001579579800113,Isolated Ventricular Beat/False/._2025-02-06_ECGRec_202428_E1R5004_duration=1s_pos=49065-49129_src=json.json
57.93625086590299,408.75597496112783,68.3921688133273,37.57668447727597,7.055271298999781,0.7142857142857143,3584,128,30,62.5,109.375,0,64.33275563258232,0.4259840927564046,0.5740159072435954,10.344827586206897,8.053220986841541,0.0006861688357053075,1.2353002627802572,0.5172565140962812,Isolated Ventricular Beat/False/._2025-02-06_ECGRec_202428_E1R5004_duration=1s_pos=1653-1717_src=json.json
62.20428000252566,577.8480527528404,89.02730186575835,25.885407422043038,9.28952225537947,0.0,2304,128,25,70.3125,117.1875,0,84.58926112895823,0.19891734010489096,0.8010826598951091,16.666666666666668,9.110580953882822,0.0011357327952566147,1.1779503941595484,0.4372138064227446,Isolated Ventricular Beat/False/._2025-02-06_ECGRec_202428_E1R5004_duration=1s_pos=372-436_src=json.json
62.20428000252566,577.8480527528404,89.02730186575835,25.885407422043038,9.28952225537947,0.0,2304,128,25,70.3125,117.1875,0,84.58926112895823,0.19891734010489096,0.8010826598951091,16.666666666666668,9.110580953882822,0.0011357327952566147,1.1779503941595484,0.4372138064227446,Isolated Ventricular Beat/False/._2025-02-06_ECGRec_202428_E1R5004_duration=1s_pos=372-436_src=json.json
13.601492685278753,417.7097139687631,50.06568057847764,3.7607889976539743,30.71057662004145,12.903225806451612,3968,128,2,85.9375,117.1875,0,,,,,54.01052883580036,0.002399017180092413,0.42698822250381474,,Isolated Ventricular Beat/False/._2025-02-06_ECGRec_202430_E115582_duration=1s_pos=37266-37330_src=json.json
37.627471307839535,412.4186870374408,70.49886998728299,12.821562304875966,10.960573797339956,4.2105263157894735,2432,128,8,82.03125,125.0,1,48.2152466367713,1.6477081618561247,0.0,28.571428571428573,5.741991127757101,0.0016763501174180738,0.681774544000689,0.5108256237659907,Isolated Ventricular Beat/False/._2025-02-06_ECGRec_202430_E115582_duration=1s_pos=481-545_src=json.json
12.606367180752832,392.30058771076494,48.79461922296698,3.776855108558519,31.119239267477703,15.483870967741936,3968,128,38,70.3125,125.0,1,74.91695228051674,0.19199514858660727,0.8080048514133927,5.405405405405405,12.779302708980449,0.002783723649482367,2.692003079014099,0.5923424814379799,Isolated Ventricular Beat/False/._2025-02-07_ECGRec_202428_E1R4887_duration=1s_pos=48454-48518_src=json.json
10.971291970617703,396.0049470608753,49.236867808798806,2.660044553027041,36.09464701393163,19.35483870967742,3968,128,28,66.40625,109.375,0,55.017245953833914,0.1409773361615076,0.8590226638384924,7.407407407407407,5.294214293954413,0.002614515496788293,0.42329593900411994,0.4721564826068366,Isolated Ventricular Beat/False/._2025-02-07_ECGRec_202428_E1R4887_duration=1s_pos=6960-7024_src=json.json
11.112405965034311,400.50657405737155,49.483763217962185,2.69814817751024,36.04138827146842,16.129032258064516,3968,128,26,62.5,70.3125,0,51.37811078405138,0.013395762387768916,0.986604237612231,0.0,21.071653826484795,0.0012423447497708418,2.8717202295629694,,Isolated Ventricular Beat/False/._2025-02-07_ECGRec_202428_E1R4887_duration=1s_pos=64725-64789_src=json.json
11.252544871032443,399.65423281950854,49.52566125464459,2.582936091443222,35.51678325954156,19.35483870967742,3968,128,29,62.5,101.5625,0,54.927203065134094,0.1121590022298101,0.8878409977701899,3.5714285714285716,43.210358077919444,0.009068431405648145,0.33048491453804973,1.041453874828161,Isolated Ventricular Beat/False/._2025-02-07_ECGRec_202428_E1R4887_duration=1s_pos=19274-19338_src=json.json
11.252544871032443,399.65423281950854,49.52566125464459,2.582936091443222,35.51678325954156,19.35483870967742,3968,128,29,62.5,101.5625,0,54.927203065134094,0.1121590022298101,0.8878409977701899,3.5714285714285716,43.210358077919444,0.009068431405648145,0.33048491453804973,1.041453874828161,Isolated Ventricular Beat/False/._2025-02-07_ECGRec_202428_E1R4887_duration=1s_pos=19274-19338_src=json.json
13.976296532265522,413.17487761102257,50.885093461370865,3.6309393454985184,29.562541628580227,12.258064516129032,3968,128,35,62.5,93.75,0,66.57827638959715,0.1778600716631916,0.8221399283368084,11.764705882352942,6.762307233700266,0.02914719620528436,0.9125381860100252,0.6729444732424258,Isolated Ventricular Beat/False/._2025-02-07_ECGRec_202428_E1R4887_duration=1s_pos=43325-43389_src=json.json
49.01757361976628,517.7823450681809,74.99601930164555,16.979185020321697,10.563197977147277,4.516129032258064,3968,128,36,62.5,171.875,4,68.78198567041966,0.23883112170453288,0.7611688782954671,8.571428571428571,4.903928498719742,0.0037270373465372805,0.6353277760494198,1.55814461804655,Isolated Ventricular Beat/False/._2025-02-07_ECGRec_202428_E1R4887_duration=1s_pos=13433-13497_src=json.json
19.612136585705734,414.1142344270703,64.39917717402317,5.566270101748428,21.115201370446055,7.777777777777778,2304,128,24,70.3125,101.5625,0,77.10170231340025,0.0364672170653489,0.963532782934651,0.0,14.245299324186433,0.001831117583887048,2.2161615514052837,,Isolated Ventricular Beat/False/._2025-02-07_ECGRec_202428_E1R4900_duration=1s_pos=363-427_src=json.json
9.8206312006122,396.33123160831593,49.31375238424747,1.8196081631359773,40.35699774843512,29.03225806451613,3968,128,2,128.90625,132.8125,2,,,,,49.78979514759531,0.0015271206455211837,0.20325031926067674,,Isolated Ventricular Beat/False/._2025-02-07_ECGRec_202428_E1R4992_duration=1s_pos=7603280-7603344_src=json.json
10.46756521145925,401.8652349525197,49.736258108183584,2.2493938920469247,38.39146816311344,27.09677419354839,3968,128,26,109.375,171.875,7,48.96710022953328,0.007582794566338369,0.9924172054336616,0.0,2.5741537252507305,0.0033301628336513513,0.6198410631156291,1.9459101490553135,Isolated Ventricular Beat/False/._2025-02-07_ECGRec_202428_E1R4992_duration=1s_pos=4789575-4789639_src=json.json
11.116766984170912,402.5038084938961,49.9892709394251,2.629364819105806,36.206909154442954,20.0,3968,128,27,101.5625,148.4375,1,53.09226269609147,0.14507209929518364,0.8549279007048164,7.6923076923076925,9.21939179462023,0.006272630544309989,1.260666539382706,0.1707607343928786,Isolated Ventricular Beat/False/._2025-02-07_ECGRec_202428_E1R4992_duration=1s_pos=3149727-3149791_src=json.json
16.772641104358105,399.2785536005884,50.277491202672294,5.1526542186934865,23.805346296445578,12.258064516129032,3968,128,3,140.625,179.6875,2,,,,,21.467653924914202,0.013187277745484888,0.4644870478141828,,Isolated Ventricular Beat/False/._2025-02-07_ECGRec_202428_E1R4992_duration=1s_pos=5248946-5249010_src=json.json
9.915198349852048,406.1620492952286,50.40273083907738,2.01672403295583,40.96357874048082,26.451612903225808,3968,128,25,109.375,164.0625,1,49.58837772397094,0.015517931817495638,0.9844820681825044,0.0,13.942699373524345,0.0021384835549249936,1.8974795345772484,2.0794415416798357,Isolated Ventricular Beat/False/._2025-02-07_ECGRec_202428_E1R4992_duration=1s_pos=1067840-1067904_src=json.json
9.687223783310998,401.5112682249362,50.0881458595536,1.6971465206085945,41.447501963271634,25.161290322580644,3968,128,25,70.3125,109.375,0,49.455325999463376,0.10927362876529312,0.8907263712347069,4.166666666666667,13.072439295157043,0.001343094622066935,1.7884782950832567,0.3174542307854511,Isolated Ventricular Beat/False/._2025-02-07_ECGRec_202428_E1R4992_duration=1s_pos=1026778-1026842_src=json.json
34.13231825012302,392.48772148981124,65.52897299578234,12.046351903722607,11.499005344865237,2.3529411764705883,2176,128,21,70.3125,117.1875,0,76.3799104922924,0.35538938032501305,0.644610619674987,20.0,10.9234311692524,0.002495652165160862,1.063555664984389,0.4155154439616658,Isolated Ventricular Beat/False/._2025-02-07_ECGRec_202428_E1R5004_duration=1s_pos=159-223_src=json.json
27.46625494397794,459.29758653999187,56.66690040788755,12.859005905556886,16.7222495660423,5.806451612903226,3968,128,35,70.3125,132.8125,2,69.61343641695548,0.9707954394119521,0.02920456058804788,29.41176470588235,18.373807974044148,0.0014250398365236406,0.9254545980128042,0.7746402148111282,Isolated Ventricular Beat/False/._2025-02-07_ECGRec_202428_E1R5004_duration=1s_pos=229484-229548_src=json.json
27.46625494397794,459.29758653999187,56.66690040788755,12.859005905556886,16.7222495660423,5.806451612903226,3968,128,35,70.3125,132.8125,2,69.61343641695548,0.9707954394119521,0.02920456058804788,29.41176470588235,18.373807974044148,0.0014250398365236406,0.9254545980128042,0.7746402148111282,Isolated Ventricular Beat/False/._2025-02-07_ECGRec_202428_E1R5004_duration=1s_pos=229484-229548_src=json.json
29.080211979505144,403.43797109685175,54.069380479521975,17.45982310019317,13.873281168235687,1.6666666666666667,3072,128,13,70.3125,125.0,1,35.269804822043625,0.5173261690800387,0.4826738309199613,50.0,18.074288637067994,0.003152439866615937,0.9170423130051686,,Isolated Ventricular Beat/False/._2025-02-07_ECGRec_202428_E1R5004_duration=1s_pos=1043-1107_src=json.json
29.080211979505144,403.43797109685175,54.069380479521975,17.45982310019317,13.873281168235687,1.6666666666666667,3072,128,13,70.3125,125.0,1,35.269804822043625,0.5173261690800387,0.4826738309199613,50.0,18.074288637067994,0.003152439866615937,0.9170423130051686,,Isolated Ventricular Beat/False/._2025-02-07_ECGRec_202428_E1R5004_duration=1s_pos=1043-1107_src=json.json
22.922817628983143,394.53436900086444,53.04574035172087,4.991206811641891,17.21142479843309,13.548387096774196,3968,128,6,58.59375,132.8125,1,34.94085532302093,0.8685519854501315,0.13144801454986854,40.0,72.99619892768715,0.005021748846999475,0.39006623024463016,,Isolated Ventricular Beat/False/._2025-02-07_ECGRec_202430_E115582_duration=1s_pos=59194-59258_src=json.json
20.941000705840057,412.59544228705005,52.484928089379224,7.816600260275641,19.702755774666922,8.38709677419355,3968,128,4,85.9375,109.375,0,26.42201834862385,1.1185667182780674,0.0,33.333333333333336,27.211253513384534,0.010936869415513535,0.2838666327439212,,Isolated Ventricular Beat/False/._2025-02-07_ECGRec_202430_E115582_duration=1s_pos=39151-39215_src=json.json
12.183718290783114,409.5723169099058,50.796821006419286,2.6811642605872876,33.616361895315826,14.838709677419354,3968,128,4,74.21875,117.1875,0,126.5934065934066,0.6816730733731035,0.31832692662689654,33.333333333333336,27.76241961338305,0.0021427025925716647,0.3189156075227405,,Isolated Ventricular Beat/False/._2025-02-07_ECGRec_202430_E115582_duration=1s_pos=31821-31885_src=json.json
25.796319983506212,400.3241648354413,54.059651413429606,10.079560392346698,15.518653419276442,4.516129032258064,3968,128,5,109.375,117.1875,0,15.689479060265578,1.328326712305936,0.0,50.0,33.162989309510664,0.003786163585937984,0.6630399264920185,,Isolated Ventricular Beat/False/._2025-02-07_ECGRec_202430_E115582_duration=1s_pos=3472-3536_src=json.json
21.975857448935876,386.7915284081044,50.63951883940499,7.696654665562241,17.600747170212763,9.032258064516128,3968,128,2,82.03125,93.75,0,,,,,100.71286014916855,0.0034171456287955424,0.828055467463167,,Isolated Ventricular Beat/False/._2025-02-07_ECGRec_202430_E115582_duration=1s_pos=14631-14695_src=json.json
19.715089750150014,425.2186266177729,52.02940165174061,5.972909883749544,21.568180030545246,10.967741935483872,3968,128,13,93.75,148.4375,2,56.19512195121952,0.8500953510565731,0.14990464894342692,25.0,10.88086063382819,0.004204518122673177,0.23086042847375268,0.5108256237659907,Isolated Ventricular Beat/False/._2025-02-08_ECGRec_202428_E1R4992_duration=1s_pos=1536804-1536868_src=json.json
174.4463241292202,687.8110321148656,131.67640741922798,159.7462176325366,3.9428232816333235,0.0,3968,128,46,70.3125,140.625,4,89.97656860192657,0.1636503362367909,0.8363496637632091,4.444444444444445,3.881912860014265,0.002016096307740797,1.2338786391268106,0.22140290683642577,Isolated Ventricular Beat/False/._2025-02-08_ECGRec_202428_E1R5004_duration=1s_pos=10968-11032_src=json.json
20.031918815520747,417.345630351017,50.56812107282667,7.8296957884831375,20.834030596890532,8.38709677419355,3968,128,8,78.125,125.0,1,14.533657745336576,1.3579742155667427,0.0,42.857142857142854,29.799541301645405,0.005177491611130402,0.1670141046478315,,Isolated Ventricular Beat/False/._2025-02-08_ECGRec_202430_E115582_duration=1s_pos=49269-49333_src=json.json
58.25584876820263,611.4279969870842,90.20367639199628,28.28836770414611,10.495563954863387,2.3529411764705883,2176,128,21,70.3125,125.0,1,80.3347280334728,1.1397901567872482,0.0,35.0,4.059485214655659,0.003551610648979736,0.7992282636181506,1.1526795099383855,Isolated Ventricular Beat/False/._2025-02-08_ECGRec_202430_E115582_duration=1s_pos=182-246_src=json.json
36.220333999367405,348.20480943824174,48.45051321569525,22.31580237029629,9.61351708768909,1.2903225806451613,3968,128,18,70.3125,132.8125,1,33.20447609359105,0.9498971470815458,0.05010285291845418,5.882352941176471,146.55331496539262,0.02177136141197899,0.6046377157092473,0.9555114450274363,Isolated Ventricular Beat/False/._2025-02-09_ECGRec_202428_E1R4900_duration=1s_pos=10447-10511_src=json.json
20.068685672697615,397.04976370101963,50.064586637706974,7.599448005072729,19.784541468833872,4.516129032258064,3968,128,38,62.5,109.375,0,74.40691280439906,0.14423321589339194,0.8557667841066081,0.0,19.583609530900976,0.0015780627627095688,0.7345548945752187,0.6387531084941466,Isolated Ventricular Beat/False/._2025-02-09_ECGRec_202428_E1R5004_duration=1s_pos=596884-596948_src=json.json
64.95838415546348,495.6898247189352,90.57541172687432,28.131769239153613,7.630882811089156,1.9047619047619049,2688,128,26,78.125,132.8125,2,73.47876004592422,0.2668110085844971,0.733188991415503,8.0,12.171329127213156,0.0014081365740316318,1.8928033578701562,0.4679854650894983,Isolated Ventricular Beat/False/._2025-02-09_ECGRec_202428_E1R5004_duration=1s_pos=640-704_src=json.json
16.894209198730334,402.0230196075192,53.79238128512321,3.218355852980359,23.79649683994892,14.838709677419354,3968,128,40,82.03125,140.625,9,79.55378486055777,0.26887127508237785,0.7311287249176222,17.94871794871795,12.10707004659046,0.0012420338652455408,0.8461520895105635,0.5719616237577221,Isolated Ventricular Beat/False/._2025-02-09_ECGRec_202430_E115582_duration=1s_pos=4016-4080_src=json.json
10.435703129938581,395.83342750890705,49.04220812878092,2.401384405926632,37.93068705094045,23.870967741935484,3968,128,2,54.6875,54.6875,0,,,,,64.6926388546576,0.0006038634403564835,0.5490365798015625,,Isolated Ventricular Beat/False/._2025-02-09_ECGRec_202430_E115582_duration=1s_pos=23657-23721_src=json.json
36.978394729841824,392.16583898873836,63.365788003710406,13.36188352217793,10.605269137521232,6.451612903225806,3968,128,4,101.5625,109.375,0,21.756373937677054,0.5472972469784273,0.4527027530215727,33.333333333333336,66.51741854670303,0.005236447232190095,0.28094192007719143,,Isolated Ventricular Beat/False/._2025-02-09_ECGRec_202430_E115582_duration=1s_pos=18189-18253_src=json.json
11.623017154369855,391.4440467798871,48.54257713175645,2.475896540104383,33.678347704612136,18.064516129032256,3968,128,20,70.3125,132.8125,2,37.559845559845556,1.6243880307084408,0.0,5.2631578947368425,16.24232578536607,0.0014836671472008378,0.22865202080440225,0.5500463369192721,Isolated Ventricular Beat/False/._2025-02-09_ECGRec_202430_E115582_duration=1s_pos=60745-60809_src=json.json
10.63728536377202,391.46472634387163,48.68213781632436,2.616969423117843,36.8011833992835,20.64516129032258,3968,128,31,85.9375,140.625,10,61.016949152542374,0.10994900320502382,0.8900509967949761,3.3333333333333335,12.137250512124103,0.005730772289183777,0.8602649026138762,0.8873031950009028,Isolated Ventricular Beat/False/._2025-02-09_ECGRec_202430_E115582_duration=1s_pos=45785-45849_src=json.json
12.240478541499508,392.2241770914645,48.54027170114213,3.1297905778462365,32.043203516797476,13.548387096774196,3968,128,34,85.9375,148.4375,9,64.86818530842078,0.47279576040396776,0.5272042395960322,3.0303030303030303,41.31715874205057,0.000478431997314395,0.6991959221275715,0.17001968588765937,Isolated Ventricular Beat/False/._2025-02-09_ECGRec_202430_E115582_duration=1s_pos=10269-10333_src=json.json
19.468733696628224,406.9215457099242,50.10858388223871,9.621985343186147,20.901283624785265,4.516129032258064,3968,128,29,70.3125,140.625,1,62.785401459854015,0.6400928991123509,0.3599071008876491,7.142857142857143,7.792284308354448,0.0015747123636382706,0.8999107088965418,0.8075575317376895,Isolated Ventricular Beat/False/._2025-02-09_ECGRec_202430_E115582_duration=1s_pos=26328-26392_src=json.json
14.985071197934438,396.5756358187901,49.261114511553416,4.466462813102812,26.46471305446594,10.967741935483872,3968,128,36,70.3125,156.25,4,69.11802519928003,0.47112488631699295,0.528875113683007,2.857142857142857,9.345632890457399,0.00129171850765726,0.7409183047831693,0.48783610554129186,Isolated Ventricular Beat/False/._2025-02-09_ECGRec_202430_E115582_duration=1s_pos=36960-37024_src=json.json
10.13354062111986,400.7441597206991,49.81956136752865,2.143440702402799,39.54630816194475,25.806451612903224,3968,128,2,39.0625,39.0625,0,,,,,837.0174097118725,0.003308099360663792,0.27824606851025424,,Isolated Ventricular Beat/False/._2025-02-10_ECGRec_202428_E1R4900_duration=1s_pos=447741-447805_src=json.json
13.212559774231714,411.7446203210338,50.123282244910285,3.276703099960754,31.163120257812096,18.70967741935484,3968,128,30,101.5625,148.4375,1,58.38007863695937,0.20606684791295377,0.7939331520870463,13.793103448275861,14.63237366727994,0.0015091243174860242,0.9760182675201994,0.2845124976905019,Isolated Ventricular Beat/False/._2025-02-10_ECGRec_202428_E1R4992_duration=1s_pos=14362-14426_src=json.json
14.012262091366868,398.11178472663755,50.14414507527762,3.8190198314374535,28.411669273603582,12.666666666666668,3840,128,35,78.125,156.25,6,69.89293361884368,0.3248062095656244,0.6751937904343757,8.823529411764707,5.5248346929174215,0.0017702771493232764,0.7845699550781491,0.4382549309311553,Isolated Ventricular Beat/False/._2025-02-10_ECGRec_202430_E115582_duration=1s_pos=74043-74107_src=json.json
23.345644511547317,429.63109236080476,50.592150071548346,11.732193390953327,18.403050459594226,5.161290322580645,3968,128,21,66.40625,125.0,1,41.603466955579634,1.0305750753603202,0.0,40.0,6.993066280575908,0.05510139805328304,0.2656343981811484,0.8109302162163288,Isolated Ventricular Beat/False/._2025-02-10_ECGRec_202430_E115582_duration=1s_pos=56406-56470_src=json.json
16.63599128454611,395.5815476591085,50.92366703524771,4.318613215255285,23.77865659546988,10.967741935483872,3968,128,3,70.3125,109.375,0,,,,,44.49241105220931,0.0018194380236591042,0.4584992874479366,,Isolated Ventricular Beat/False/._2025-02-10_ECGRec_202430_E115582_duration=1s_pos=7488-7552_src=json.json
9.950511640931824,405.83647781441533,50.63635918414034,1.7869831058427987,40.78548437243234,28.387096774193548,3968,128,37,62.5,109.375,0,71.70124481327801,0.08159160470804983,0.9184083952919502,2.7777777777777777,8.319605929842657,0.0007347319247719059,1.333901522502813,0.5415972824327444,Isolated Ventricular Beat/False/._2025-02-10_ECGRec_202430_E115582_duration=1s_pos=65785-65849_src=json.json
13.677143553061166,407.62796986561,48.62892211400233,3.9536163217752662,29.803587165741867,11.612903225806452,3968,128,28,101.5625,171.875,6,52.74993640295091,0.1588547863473497,0.8411452136526503,7.407407407407407,9.126618583851222,0.0019142276210015589,1.3264524642837248,0.39465419200394874,Isolated Ventricular Beat/False/._2025-02-11_ECGRec_202428_E1R4992_duration=1s_pos=34233-34297_src=json.json
29.593644291532485,403.7414211025043,65.36167773339622,12.727566145059654,13.642841803541698,5.88235294117647,2176,128,14,62.5,125.0,1,52.081377151799686,0.8665203453423136,0.1334796546576864,0.0,8.7835697770782,0.001290601624675758,0.7308648863112011,0.2170645052378275,Isolated Ventricular Beat/False/._2025-02-11_ECGRec_202428_E1R5004_duration=1s_pos=237-301_src=json.json
15.838147259969551,412.658259681288,49.83253852839888,4.975705802276464,26.054703675446042,10.967741935483872,3968,128,41,78.125,125.0,2,79.35933867217773,0.25972743310810065,0.7402725668918994,0.0,7.8049947348370345,0.0033768898458021775,0.7475594390977957,0.21526036650637487,Isolated Ventricular Beat/False/._2025-02-12_ECGRec_202428_E1R4942_duration=1s_pos=33644-33708_src=json.json
26.101889397038363,408.34571785800057,65.41202041922163,10.652036472166838,15.644296702139753,3.5294117647058822,2176,128,16,101.5625,164.0625,2,58.6856851757514,0.013342639687922552,0.9866573603120774,0.0,3.139337893217217,0.003949060646337785,0.6151154013299626,,Isolated Ventricular Beat/False/._2025-02-12_ECGRec_202428_E1R4992_duration=1s_pos=143-207_src=json.json
10.103422070296427,397.1473425939812,49.31861242048688,1.9527281265812046,39.30819681911323,26.451612903225808,3968,128,27,101.5625,179.6875,5,52.88135593220339,0.16717749671710508,0.8328225032828949,0.0,16.053691588530405,0.0005726612935135003,1.8444839787288843,0.6592456288842639,Isolated Ventricular Beat/False/._2025-02-12_ECGRec_202428_E1R4992_duration=1s_pos=507274-507338_src=json.json
12.010557899137543,404.1516658267154,49.794412659746634,2.3951523278697984,33.64969683931501,22.58064516129032,3968,128,11,70.3125,164.0625,1,20.371352785145888,1.2553107497683464,0.0,10.0,17.18772323240556,0.0005063845500255745,0.9500837939147415,0.8472978603872037,Isolated Ventricular Beat/False/._2025-02-12_ECGRec_202428_E1R4992_duration=1s_pos=79467-79531_src=json.json
84.56776003900482,412.9957791881885,69.27420241734262,71.16910312205849,4.883607820688362,1.2903225806451613,3968,128,43,93.75,156.25,8,83.80358534684333,0.13395728510703214,0.8660427148929679,4.761904761904762,5.274876593388379,0.002651416092261902,1.7997920154323934,1.491654876777717,Isolated Ventricular Beat/False/._2025-02-12_ECGRec_202428_E1R4992_duration=1s_pos=25539-25603_src=json.json
64.81199748743789,402.745847490402,69.89359544720985,40.935685386198514,6.214063088464457,1.935483870967742,3968,128,38,97.65625,171.875,1,73.12403499742666,0.08206978596089905,0.9179302140391009,5.405405405405405,4.972388903017286,0.0012820034292376613,1.2818599201004137,,Isolated Ventricular Beat/False/._2025-02-12_ECGRec_202428_E1R4992_duration=1s_pos=53862-53926_src=json.json
19.894218313603613,404.24483337086735,53.329720232108656,6.489585000965414,20.31971332971311,6.451612903225806,3968,128,34,101.5625,164.0625,2,64.86818530842078,0.18658589291552413,0.8134141070844758,12.121212121212121,8.449466895191724,0.0010077531511617304,1.2556350861119028,0.33270575382573614,Isolated Ventricular Beat/False/._2025-02-12_ECGRec_202428_E1R4992_duration=1s_pos=500410-500474_src=json.json
54.43073076350291,414.0747966408504,60.002821138335705,41.37631319929813,7.60737148344747,1.935483870967742,3968,128,29,101.5625,148.4375,3,56.41133263378804,0.8352860836415588,0.16471391635844124,7.142857142857143,4.524660876358727,0.012637879672153846,0.5716312082598125,0.840304824896233,Isolated Ventricular Beat/False/._2025-02-12_ECGRec_202428_E1R4992_duration=1s_pos=360045-360109_src=json.json
29.362358966300413,446.3285709170277,55.572457131545505,14.86862605662198,15.200704964767313,4.516129032258064,3968,128,47,70.3125,140.625,9,90.6543494996151,0.14367851479235122,0.8563214852076488,0.0,15.621637055977637,0.0038621776756955634,3.525631874688167,0.184691226149273,Isolated Ventricular Beat/False/._2025-02-13_ECGRec_202428_E1R4997_duration=1s_pos=7370-7434_src=json.json
27.739399671324588,388.49274503156397,47.510114334714096,20.18173080736063,14.00508791212514,3.225806451612903,3968,128,47,78.125,132.8125,12,91.40491591203104,0.2482973386397305,0.7517026613602695,4.3478260869565215,13.761179698608302,0.008844167359122225,2.3995033731832884,0.5717863235556778,Isolated Ventricular Beat/False/._2025-02-13_ECGRec_202428_E1R4997_duration=1s_pos=138280-138344_src=json.json
35.13688290535671,465.988209470536,55.173837638792534,22.073187892621583,13.26208125699772,6.451612903225806,3968,128,39,70.3125,132.8125,2,74.25954198473282,0.5397584159136408,0.4602415840863592,21.05263157894737,19.888180910914542,0.009650988233245804,0.3470094951911175,1.0498221244986778,Isolated Ventricular Beat/False/._2025-02-14_ECGRec_202428_E1R4900_duration=1s_pos=7482-7546_src=json.json
27.663822397232785,392.6134907859057,51.84096775167048,13.518372901624609,14.192307590612325,8.38709677419355,3968,128,44,62.5,117.1875,0,85.26723470178158,0.10797237180971696,0.892027628190283,9.30232558139535,6.771716535166009,0.0071815892815514015,0.6918103852027829,1.0560526742493137,Isolated Ventricular Beat/False/._2025-02-14_ECGRec_202428_E1R4900_duration=1s_pos=55218-55282_src=json.json
60.879895006199924,414.4671166740532,77.0180845470728,27.17412537805597,6.807947185583965,4.516129032258064,3968,128,46,70.3125,179.6875,2,88.02852776362711,0.20070996167634397,0.7992900383236561,4.444444444444445,7.587406667643059,0.0020995259580447114,0.8634636146017168,0.5695332245927687,Isolated Ventricular Beat/False/._2025-02-14_ECGRec_202428_E1R4900_duration=1s_pos=110110-110174_src=json.json
17.28024499577376,395.6358208403088,66.07253200329006,1.9133305849104998,22.895265549869467,29.411764705882355,2176,128,21,78.125,125.0,2,73.03851640513552,0.03510741219450262,0.9648925878054974,0.0,10.062808268454651,0.0014084050077160803,0.8915202848821978,0.6931471805599453,Isolated Ventricular Beat/False/._2025-02-14_ECGRec_202428_E1R4942_duration=1s_pos=195-259_src=json.json
9.949194748061334,410.4767308831101,50.75959054393428,1.8449186581765975,41.257277600864796,32.903225806451616,3968,128,35,70.3125,132.8125,6,69.11593435680254,0.349760781170717,0.6502392188292829,8.823529411764707,4.610614295203271,0.009557182537747592,0.6119259243496834,1.1271856611121658,Isolated Ventricular Beat/False/._2025-02-15_ECGRec_202428_E1R4900_duration=1s_pos=51168-51232_src=json.json
12.339996779563572,441.5138987164994,51.34664899887596,3.2077949388473748,35.77909061277922,18.064516129032256,3968,128,16,93.75,125.0,1,30.015633142261596,1.48263402140617,0.0,13.333333333333334,19.084820946405323,0.003456459180929708,0.6411433193179494,1.6094379124341003,Isolated Ventricular Beat/False/._2025-02-15_ECGRec_202428_E1R4909_duration=1s_pos=69434-69498_src=json.json
20.279518265387225,437.2598789837021,51.14045806533285,7.2704768146113485,21.561649132877157,13.548387096774196,3968,128,18,93.75,179.6875,4,35.15347334410339,1.4535850356321598,0.0,5.882352941176471,6.460185713646718,0.0038867445740090284,0.4033688304065005,0.9694005571881036,Isolated Ventricular Beat/False/._2025-02-15_ECGRec_202428_E1R4909_duration=1s_pos=70661-70725_src=json.json
18.602973908828396,392.85223916000143,48.61721824378418,6.842535314561249,21.11771053207011,9.032258064516128,3968,128,31,78.125,156.25,9,58.775510204081634,0.7860115724352419,0.2139884275647581,0.0,48.878206580772094,0.003402381385042282,0.6824043825430202,0.9985288301111273,Isolated Ventricular Beat/False/._2025-02-15_ECGRec_202428_E1R4909_duration=1s_pos=3412-3476_src=json.json
14.161243967711039,391.76642589031076,48.55143328341729,4.721819814775818,27.664688153024315,15.483870967741936,3968,128,14,82.03125,148.4375,2,26.21160409556314,0.7988771165432161,0.20112288345678386,46.15384615384615,4.582681949759245,0.006262516107245377,0.5752662055638101,,Isolated Ventricular Beat/False/._2025-02-15_ECGRec_202428_E1R4909_duration=1s_pos=57764-57828_src=json.json
11.748283293593042,399.44961434075054,55.23231910385296,1.929041020264588,34.00067655483886,30.4,3200,128,37,117.1875,156.25,18,91.97604790419162,0.21275048267226104,0.787249517327739,16.666666666666668,9.254415651810302,0.00821813501513395,1.3099336924167517,1.126011262856224,Isolated Ventricular Beat/False/._2025-02-15_ECGRec_202428_E1R4909_duration=1s_pos=74750-74814_src=json.json
22.883773547851835,399.73942712094833,51.97638364744796,8.180429375203468,17.468247044868434,7.096774193548387,3968,128,3,109.375,117.1875,0,,,,,51.41469737638104,0.0025919322806818444,0.5570503583609447,,Isolated Ventricular Beat/False/._2025-02-15_ECGRec_202428_E1R4909_duration=1s_pos=43888-43952_src=json.json
19.428753249752468,424.990286034715,53.34577050406852,6.859770803672283,21.874294181271534,7.096774193548387,3968,128,7,109.375,148.4375,2,14.409005628517823,1.6908788128140602,0.0,33.333333333333336,24.545914936703877,0.012537074014314203,0.8988506436888295,,Isolated Ventricular Beat/False/._2025-02-15_ECGRec_202428_E1R4909_duration=1s_pos=41492-41556_src=json.json
12.309473918559345,398.1446591198774,49.31354686891443,3.3206990675056502,32.344568858870126,19.35483870967742,3968,128,39,93.75,125.0,1,74.05227099720882,0.43217060911512556,0.5678293908848744,15.789473684210526,5.613729141299444,0.0016692052620435446,0.7202078284165426,0.5139457511022344,Isolated Ventricular Beat/False/._2025-02-15_ECGRec_202428_E1R4909_duration=1s_pos=248840-248904_src=json.json
16.759890722177627,408.71662758305195,49.70948575294211,6.8782638576271316,24.38659117601668,7.096774193548387,3968,128,13,93.75,179.6875,3,29.20152091254753,1.012126067688329,0.0,41.666666666666664,5.357989113104855,0.003064788843916909,0.4821869980805437,0.6931471805599453,Isolated Ventricular Beat/False/._2025-02-15_ECGRec_202428_E1R4909_duration=1s_pos=77899-77963_src=json.json
12.475968925464567,400.1969663875179,49.24633725651789,3.379859277895636,32.07742314051914,15.483870967741936,3968,128,36,85.9375,125.0,1,72.45283018867924,0.4507589648667997,0.5492410351332002,14.285714285714286,5.515035828748571,0.000715827975524466,0.6906555218447655,0.616186139423817,Isolated Ventricular Beat/False/._2025-02-15_ECGRec_202428_E1R4909_duration=1s_pos=249394-249458_src=json.json
15.273190097885614,399.6874007274113,49.356041375069424,5.087314155117428,26.169213634912428,14.193548387096774,3968,128,19,85.9375,125.0,1,36.47493403693931,0.778346585375205,0.22165341462479504,44.44444444444444,10.105736319061764,0.0016743217212199972,0.37247945153971523,,Isolated Ventricular Beat/False/._2025-02-15_ECGRec_202428_E1R4909_duration=1s_pos=244543-244607_src=json.json
15.577216091540786,453.97018281889746,53.47439256495623,3.3745274881711307,29.143214744399124,11.612903225806452,3968,128,6,101.5625,125.0,1,79.17525773195877,0.5834723680264133,0.41652763197358667,40.0,44.31310041871381,0.0024737689057082314,0.22819606765170647,,Isolated Ventricular Beat/False/._2025-02-15_ECGRec_202428_E1R4909_duration=1s_pos=115721-115785_src=json.json
13.756353172606426,399.90215085536374,49.03869893571144,5.346185020558947,29.07035874750192,10.967741935483872,3968,128,37,85.9375,148.4375,4,75.41734860883797,0.4038708190858513,0.5961291809141487,25.0,6.244492912072403,0.007564377404671182,0.38084743532412246,0.8556661100577202,Isolated Ventricular Beat/False/._2025-02-15_ECGRec_202428_E1R4909_duration=1s_pos=61471-61535_src=json.json
11.503310248487697,395.18746715070165,49.082271800892755,2.95096442580578,34.35423580342188,18.70967741935484,3968,128,1,,,0,,,,,139.34333616186143,0.009006725712117658,0.1905694773920557,,Isolated Ventricular Beat/False/._2025-02-15_ECGRec_202428_E1R4909_duration=1s_pos=151941-152005_src=json.json
21.11013885406242,403.158578620179,47.952521506285464,8.798443884756924,19.09786393682254,6.451612903225806,3968,128,4,78.125,109.375,0,10.087565674255691,0.5619724565474136,0.43802754345258643,33.333333333333336,23.175422112194582,0.0029744030163606997,0.6963384874592976,,Isolated Ventricular Beat/False/._2025-02-15_ECGRec_202428_E1R4909_duration=1s_pos=26004-26068_src=json.json
11.005387010001606,411.0767692945039,50.50026983880729,2.657435281854692,37.352319511217665,19.35483870967742,3968,128,3,54.6875,101.5625,0,,,,,16.991582773782547,0.0009497875517487304,0.7807979274742176,,Isolated Ventricular Beat/False/._2025-02-15_ECGRec_202428_E1R4909_duration=1s_pos=1593562-1593626_src=json.json
10.849976017307798,405.5191415105508,49.579974041514596,2.5278050738721802,37.375115252656286,19.35483870967742,3968,128,42,85.9375,140.625,8,82.30005227391533,0.12351530883351179,0.8764846911664882,7.317073170731708,5.543354063315622,0.0006251443329161547,1.0374520661642024,0.6609900689254139,Isolated Ventricular Beat/False/._2025-02-15_ECGRec_202428_E1R4909_duration=1s_pos=986381-986445_src=json.json
10.126643434320895,408.7043929919838,50.81983661191659,2.1120602802853217,40.35931108697923,25.161290322580644,3968,128,5,109.375,125.0,1,9.236319903788335,0.5961973374500853,0.4038026625499147,50.0,16.572939723822802,0.002122607843619415,0.6971064131573622,,Isolated Ventricular Beat/False/._2025-02-15_ECGRec_202428_E1R4909_duration=1s_pos=1579418-1579482_src=json.json
10.40157918488367,405.7366313684972,50.40893545765168,2.200192505471543,39.00721084265092,28.387096774193548,3968,128,41,117.1875,132.8125,19,79.17525773195877,0.07186979405323866,0.9281302059467613,2.5,6.07198429339493,0.00055737278250234,0.8844289825321195,2.120263536200091,Isolated Ventricular Beat/False/._2025-02-15_ECGRec_202428_E1R4909_duration=1s_pos=1377636-1377700_src=json.json
11.106157628753916,400.765142958567,49.62602003657596,2.6395456133547768,36.084946771873355,22.58064516129032,3968,128,38,70.3125,109.375,0,73.5975135975136,0.2971294047337985,0.7028705952662015,24.324324324324323,1.8786065195012522,0.010439816611038627,0.35040140813126547,2.1102132003465894,Isolated Ventricular Beat/False/._2025-02-16_ECGRec_202428_E1R4900_duration=1s_pos=752171-752235_src=json.json
10.107584901492128,396.63409654349556,49.30549642423199,2.0226333945747577,39.2412293508129,23.225806451612904,3968,128,38,74.21875,125.0,3,73.55940978514109,0.29463905499313586,0.7053609450068641,5.405405405405405,2.8286289451603057,0.006963171926735562,0.7633631917426652,1.1786549963416462,Isolated Ventricular Beat/False/._2025-02-16_ECGRec_202428_E1R4900_duration=1s_pos=31502-31566_src=json.json
9.573096237183817,398.6277716131641,49.429912155353364,1.756580207914138,41.64041811513357,30.32258064516129,3968,128,40,78.125,156.25,7,76.91833590138675,0.17829098075437444,0.8217090192456256,12.820512820512821,10.029625357324022,0.009021215808962145,0.6372829679655886,1.6094379124341003,Isolated Ventricular Beat/False/._2025-02-16_ECGRec_202428_E1R4900_duration=1s_pos=3576-3640_src=json.json
10.278290856974579,394.6023820512102,49.17203648228065,2.2654694004607956,38.391824978529236,21.29032258064516,3968,128,10,89.84375,132.8125,3,25.858585858585858,1.0919662518914794,0.0,44.44444444444444,9.79540216305259,0.005472367942688197,0.23124038362946833,,Isolated Ventricular Beat/False/._2025-02-16_ECGRec_202428_E1R4900_duration=1s_pos=79757-79821_src=json.json
11.048001772838052,392.9227479978603,49.11280865133754,2.6950463269594938,35.565047916522644,15.483870967741936,3968,128,36,62.5,117.1875,0,71.1864406779661,0.15668792766917777,0.8433120723308223,5.714285714285714,7.605797851992811,0.0036954158178503565,0.9919867147206054,1.9459101490553135,Isolated Ventricular Beat/False/._2025-02-16_ECGRec_202428_E1R4900_duration=1s_pos=135120-135184_src=json.json
9.971495772476985,396.489743299673,49.22396024591489,1.9297432367603173,39.762309746120735,27.741935483870968,3968,128,37,78.125,171.875,9,72.09387222946545,0.20724639096379735,0.7927536090362026,13.88888888888889,4.4453039391648925,0.0040360342333615505,0.33797201870800936,1.7346010553881064,Isolated Ventricular Beat/False/._2025-02-16_ECGRec_202428_E1R4900_duration=1s_pos=142136-142200_src=json.json
10.483742073717382,397.3182724959271,49.30407804990263,2.1289852151196165,37.8985129358997,23.870967741935484,3968,128,35,70.3125,148.4375,7,67.8057647364321,0.21946470137711488,0.7805352986228851,2.9411764705882355,5.151798104368368,0.006142277133519057,0.37150921028984896,1.540445040947149,Isolated Ventricular Beat/False/._2025-02-16_ECGRec_202428_E1R4900_duration=1s_pos=166628-166692_src=json.json
10.956258936302586,400.6439056249308,49.92805315148839,2.1571550123293814,36.56757944355018,27.09677419354839,3968,128,7,101.5625,109.375,0,14.035942735303077,0.7211039968555191,0.27889600314448093,50.0,34.88157937288193,0.001424324880203309,1.384402136028491,,Isolated Ventricular Beat/False/._2025-02-16_ECGRec_202428_E1R4909_duration=1s_pos=36357-36421_src=json.json
10.525415106680624,399.15129429534636,49.96681437311337,2.5311759729251815,37.922614198786846,21.935483870967744,3968,128,42,101.5625,171.875,16,81.30131680867545,0.09719491802753762,0.9028050819724623,0.0,10.250085127204194,0.0002914819359239649,2.1156163136309627,0.6931471805599453,Isolated Ventricular Beat/False/._2025-02-16_ECGRec_202428_E1R4909_duration=1s_pos=66475-66539_src=json.json
9.889497933769658,401.51367139052377,49.62124612275175,1.9623998352674699,40.6000014843498,21.29032258064516,3968,128,41,78.125,109.375,0,78.30741779250573,0.2730089231479143,0.7269910768520857,2.5,3.412418243812664,0.00041214051852078324,0.6975023982352516,0.6085897925318824,Isolated Ventricular Beat/False/._2025-02-16_ECGRec_202428_E1R4909_duration=1s_pos=58449-58513_src=json.json
10.25406502674653,401.6611089229989,50.001688532215766,2.182110982733798,39.17091111714251,24.516129032258064,3968,128,49,85.9375,117.1875,0,94.42622950819673,0.10093123242627355,0.8990687675737264,6.25,7.773622716763258,0.011503523695568028,0.8752433614584514,1.0379876668516748,Isolated Ventricular Beat/False/._2025-02-16_ECGRec_202428_E1R4909_duration=1s_pos=61482-61546_src=json.json
10.035504097305529,405.28656230370217,50.25309845402235,1.8951746990591989,40.38526794356561,25.161290322580644,3968,128,48,78.125,101.5625,0,92.72026714615977,0.12549839363205467,0.8745016063679454,4.25531914893617,2.7901934610792907,0.0034456154963874706,0.701239099132824,0.5725191927713306,Isolated Ventricular Beat/False/._2025-02-16_ECGRec_202428_E1R4909_duration=1s_pos=231329-231393_src=json.json
10.294522989550009,398.76183018183855,49.61634411081312,2.31881540179546,38.73533449303945,21.935483870967744,3968,128,3,109.375,117.1875,0,,,,,55.22534563138962,0.00041133524995083133,0.6983157271601492,,Isolated Ventricular Beat/False/._2025-02-16_ECGRec_202428_E1R4909_duration=1s_pos=154666-154730_src=json.json
10.234258389029419,404.54890097821885,50.33553126390997,2.183658265970667,39.52888876471841,25.161290322580644,3968,128,40,78.125,156.25,9,77.25561000773794,0.41107887642946866,0.5889211235705314,12.820512820512821,28.105122304581034,0.0009918104552682982,1.4348367770428279,0.9694005571881036,Isolated Ventricular Beat/False/._2025-02-16_ECGRec_202428_E1R4909_duration=1s_pos=49580-49644_src=json.json
10.031996285964636,406.2269550498092,50.476049341766036,1.7871239171827202,40.493128483811,30.32258064516129,3968,128,41,93.75,164.0625,14,79.13446676970634,0.33921772151354007,0.6607822784864599,12.5,35.09356165380805,0.0009903829720427444,1.4269167907496065,1.4469189829363254,Isolated Ventricular Beat/False/._2025-02-16_ECGRec_202428_E1R4909_duration=1s_pos=12460-12524_src=json.json
10.206400414631943,402.00858598669555,50.00588741562758,2.311350513383159,39.38788703826348,25.806451612903224,3968,128,45,93.75,156.25,12,86.9583118888317,0.21229230009298564,0.7877076999070144,11.363636363636363,10.960186149880993,0.0014726171402348017,1.4604581247041957,0.9808292530117262,Isolated Ventricular Beat/False/._2025-02-16_ECGRec_202428_E1R4909_duration=1s_pos=3165-3229_src=json.json
10.048043130220915,405.7787407196667,50.501729439245196,2.2483964283699365,40.383853360996866,21.29032258064516,3968,128,41,78.125,156.25,10,77.81155015197568,0.35868407883107023,0.6413159211689298,30.0,32.40311902106608,0.0021366565244927737,1.2865175450679849,1.0986122886681098,Isolated Ventricular Beat/False/._2025-02-16_ECGRec_202428_E1R4909_duration=1s_pos=6888-6952_src=json.json
9.974173280637173,400.71033455256355,49.92858898705017,1.9543401036725694,40.174787734605864,27.09677419354839,3968,128,42,93.75,156.25,15,82.364635103322,0.24861651603605509,0.7513834839639449,14.634146341463415,5.899178758679501,0.0005990727346037799,1.688027156772623,1.0498221244986778,Isolated Ventricular Beat/False/._2025-02-16_ECGRec_202428_E1R4909_duration=1s_pos=44794-44858_src=json.json
9.962580105287245,403.38135939835274,50.18345546718041,2.1866939871666435,40.489643711334416,21.935483870967744,3968,128,41,93.75,156.25,14,78.52760736196319,0.23374912993032418,0.7662508700696758,20.0,5.858067676309423,0.0005264326507869486,1.4009806253491595,1.0986122886681098,Isolated Ventricular Beat/False/._2025-02-16_ECGRec_202428_E1R4909_duration=1s_pos=7694-7758_src=json.json
10.35464162704485,404.21079855114607,50.29732047938422,2.357791846000712,39.036673027749416,19.35483870967742,3968,128,4,78.125,125.0,1,9.684741488020176,0.13110307391131015,0.8688969260886898,33.333333333333336,36.55920719950424,0.004214653357479059,1.2813767935950677,,Isolated Ventricular Beat/False/._2025-02-16_ECGRec_202428_E1R4909_duration=1s_pos=64602-64666_src=json.json
10.03236451611565,403.19420683831476,50.467979446427584,1.8778290197856151,40.18934579194083,26.451612903225808,3968,128,45,93.75,164.0625,13,87.74863671773565,0.2955084589886671,0.7044915410113328,20.454545454545453,30.11251041727828,0.0005503033864167863,1.4596039812383297,1.0809127115687087,Isolated Ventricular Beat/False/._2025-02-16_ECGRec_202428_E1R4909_duration=1s_pos=74407-74471_src=json.json
9.92092764541246,405.2190747523198,50.59765372958861,1.80218245985575,40.844873422176796,32.25806451612903,3968,128,43,101.5625,156.25,16,82.53838280450358,0.23962622544090748,0.7603737745590925,11.904761904761905,36.79667763642852,0.0012863848365367257,1.5705581912820263,1.0986122886681098,Isolated Ventricular Beat/False/._2025-02-16_ECGRec_202428_E1R4909_duration=1s_pos=10119-10183_src=json.json
10.018170627670573,405.2391025096136,50.460841777652554,1.8408963840705894,40.45040528057313,28.387096774193548,3968,128,41,101.5625,164.0625,17,80.62992125984252,0.32249731645374946,0.6775026835462505,7.5,35.74905327203275,0.001299652885086984,1.4119044811347154,0.7221347174331976,Isolated Ventricular Beat/False/._2025-02-16_ECGRec_202428_E1R4909_duration=1s_pos=13970-14034_src=json.json
10.124526699023495,409.4917368397533,50.66092335064399,1.821755980338402,40.4455149921955,27.09677419354839,3968,128,40,93.75,164.0625,14,77.73682844536725,0.334140865843417,0.6658591341565829,17.94871794871795,35.87168178599975,0.0006505966296347525,1.4129457144514899,1.4271163556401458,Isolated Ventricular Beat/False/._2025-02-16_ECGRec_202428_E1R4909_duration=1s_pos=13135-13199_src=json.json
10.07635356325447,402.75616012698845,50.164784302476946,1.8581036641931448,39.97042358907485,27.09677419354839,3968,128,47,74.21875,125.0,1,90.14544526664966,0.2207838699710461,0.779216130028954,17.391304347826086,29.345435997532817,0.00683002867624236,1.1611773273623696,1.2237754316221157,Isolated Ventricular Beat/False/._2025-02-16_ECGRec_202428_E1R4909_duration=1s_pos=7548-7612_src=json.json
10.21768717396837,408.6434599961646,50.36668179378525,2.2541168098968445,39.99372979861204,22.58064516129032,3968,128,2,74.21875,101.5625,0,,,,,57.38161105981728,0.0017108095182725236,0.8293963727598809,,Isolated Ventricular Beat/False/._2025-02-16_ECGRec_202428_E1R4909_duration=1s_pos=89603-89667_src=json.json
36.069688929671585,410.2923682419004,59.06895735474342,17.213489526960668,11.374990166033738,3.225806451612903,3968,128,56,74.21875,156.25,2,107.78259760142893,0.08400154774343886,0.9159984522565612,3.6363636363636362,4.049617023591296,0.010857857032719203,0.5057990512298434,0.6291984559596718,Isolated Ventricular Beat/False/._2025-02-16_ECGRec_202428_E1R4942_duration=1s_pos=561227-561291_src=json.json
25.633558999152317,408.792114211849,60.44194400514405,6.885214752919255,15.947535739295184,8.38709677419355,3968,128,38,78.125,125.0,2,74.17384494909945,0.1555790888721658,0.8444209111278342,0.0,6.277215879483066,0.003188779724149762,0.9961037451917002,0.3335917737558588,Isolated Ventricular Beat/False/._2025-02-16_ECGRec_202428_E1R4942_duration=1s_pos=42366-42430_src=json.json
10.105056171335285,389.67427939871544,48.82459227311173,2.1647986109432082,38.56230328949478,20.64516129032258,3968,128,7,117.1875,164.0625,1,37.98845836768343,1.3424613866353128,0.0,50.0,8.946202435821187,1.7060793757645827,0.025095306851306006,,Isolated Ventricular Beat/False/._2025-02-17_ECGRec_202428_E1R4900_duration=1s_pos=17015-17079_src=json.json
13.974131207078901,405.7905819336213,50.48557402316896,3.664471331429331,29.03869635125244,16.7741935483871,3968,128,9,101.5625,148.4375,2,33.61050328227571,1.2017253659335667,0.0,50.0,28.950779192517974,0.005576321942476695,0.38247841531293286,,Isolated Ventricular Beat/False/._2025-02-17_ECGRec_202428_E1R4909_duration=1s_pos=7595-7659_src=json.json
9.823567748049477,401.79976704157093,49.5472349004399,1.9275532213256508,40.90160891085029,28.387096774193548,3968,128,36,101.5625,164.0625,7,70.86738729238071,0.11236783950534394,0.8876321604946561,2.857142857142857,28.26465889171532,0.003547869944735333,1.4395347753289158,1.5040773967762742,Isolated Ventricular Beat/False/._2025-02-17_ECGRec_202428_E1R4909_duration=1s_pos=7584-7648_src=json.json
12.065728496918084,399.32080591613584,50.101682125657526,3.385436991399482,33.09545485982702,12.903225806451612,3968,128,7,54.6875,148.4375,1,16.966126656848306,1.3918505626645012,0.0,16.666666666666668,26.314551834866347,0.0022282044337011563,0.6179055561803513,,Isolated Ventricular Beat/False/._2025-02-17_ECGRec_202428_E1R4909_duration=1s_pos=62259-62323_src=json.json
28.04806921832928,405.6856267603273,66.18379753796337,5.117112654750455,14.463940784603913,14.838709677419354,3968,128,8,113.28125,156.25,2,17.68421052631579,0.7245695840037742,0.27543041599622575,42.857142857142854,15.648249116395665,0.0019136486339279455,0.4433706886165271,,Isolated Ventricular Beat/False/._2025-02-17_ECGRec_202428_E1R4909_duration=1s_pos=51760-51824_src=json.json
9.955527234221853,391.4928716223074,48.95220707206729,2.015656202436711,39.32416868414491,23.870967741935484,3968,128,37,70.3125,171.875,2,70.49464558898522,0.1263189830551347,0.8736810169448653,5.555555555555555,9.26067241748634,0.0053209880410045,1.084882480521473,1.329135947279942,Isolated Ventricular Beat/False/._2025-02-18_ECGRec_202428_E1R4900_duration=1s_pos=23658-23722_src=json.json
34.38338425943958,439.10289621459987,58.59502325006766,14.297666820627942,12.770787195657212,5.161290322580645,3968,128,52,70.3125,117.1875,0,100.17391304347825,0.08026698471812452,0.9197330152818755,1.9607843137254901,6.4158739574336305,0.001709593053612799,0.9698922978758445,0.4903039880451939,Isolated Ventricular Beat/False/._2025-02-18_ECGRec_202428_E1R4900_duration=1s_pos=14498-14562_src=json.json
12.546338037227521,382.1691771039636,48.424522670287,3.2498658911219724,30.460612930193463,14.193548387096774,3968,128,46,128.90625,179.6875,26,88.16326530612245,0.06901441428724323,0.9309855857127568,2.2222222222222223,18.27033827968232,0.0010600773149633032,0.5631583014811905,1.413693335308005,Isolated Ventricular Beat/False/._2025-02-18_ECGRec_202428_E1R4909_duration=1s_pos=2261475-2261539_src=json.json
9.906011538802804,400.5169850039225,49.80117072050071,1.788697320136312,40.43170583875792,25.806451612903224,3968,128,37,93.75,125.0,4,72.49082328264289,0.22600822223787065,0.7739917777621294,2.7777777777777777,4.897914269554999,0.0010412101284653296,0.7958933632388088,0.32423966818557853,Isolated Ventricular Beat/False/._2025-02-18_ECGRec_202428_E1R4909_duration=1s_pos=1416067-1416131_src=json.json
10.912289982708828,398.637642255831,49.68674083576557,2.7439201820701475,36.53106784702644,21.29032258064516,3968,128,38,101.5625,156.25,12,74.11580594679185,0.14885271855360094,0.8511472814463991,8.108108108108109,5.544547499628354,0.0005954606729585243,1.4750288428712857,1.2809338454620642,Isolated Ventricular Beat/False/._2025-02-18_ECGRec_202428_E1R4909_duration=1s_pos=2374470-2374534_src=json.json
13.037360266878421,398.8268199768469,50.195414688899305,3.1376968702709895,30.591069144495627,13.548387096774196,3968,128,44,70.3125,125.0,1,83.94509405185562,0.04361782934168102,0.956382170658319,2.3255813953488373,6.295453624179727,0.001235700070311049,0.8423172337861191,1.6739764335716716,Isolated Ventricular Beat/False/._2025-02-18_ECGRec_202428_E1R4942_duration=1s_pos=17179-17243_src=json.json
27.932648509057906,404.41166244752867,65.60182557647758,5.487237087249408,14.478098911325523,14.074074074074074,3456,128,32,78.125,125.0,3,71.17488789237669,0.06220679064806986,0.9377932093519301,0.0,7.2720629994041115,0.001667880591874242,0.8739988646285507,0.8472978603872037,Isolated Ventricular Beat/False/._2025-02-18_ECGRec_202428_E1R4942_duration=1s_pos=1409-1473_src=json.json
25.302782623291115,400.3315735002675,52.665461386807294,10.717184457776696,15.821641581433111,11.612903225806452,3968,128,45,78.125,125.0,1,86.86889460154241,0.11513151304883096,0.884868486951169,4.545454545454546,6.060449940008889,0.0036086678959271704,0.7878190867921959,0.4296793662287591,Isolated Ventricular Beat/False/._2025-02-18_ECGRec_202428_E1R4942_duration=1s_pos=20152-20216_src=json.json
15.244469490258668,391.5970799447435,48.63786447272161,5.324217666026199,25.687811209643325,10.32258064516129,3968,128,42,62.5,117.1875,0,81.00848983792127,0.12662334051859328,0.8733766594814067,9.75609756097561,8.581583986372731,0.016568742462745024,0.8711383303250319,0.4978384282391796,Isolated Ventricular Beat/False/._2025-02-19_ECGRec_202428_E1R4900_duration=1s_pos=30576-30640_src=json.json
23.568658700613337,437.6113896022138,52.771468271655195,5.06876266330325,18.567512754695407,18.064516129032256,3968,128,16,101.5625,164.0625,4,36.887608069164266,1.126969704960129,0.0,0.0,8.883408570687223,0.0206518294937969,0.8565647341447166,1.4469189829363254,Isolated Ventricular Beat/False/._2025-02-19_ECGRec_202428_E1R4909_duration=1s_pos=1060850-1060914_src=json.json
20.23286746364206,405.94557394139963,49.62845691104614,9.383115661974584,20.063668909372556,7.096774193548387,3968,128,4,113.28125,117.1875,0,10.54945054945055,1.2383762983752211,0.0,33.333333333333336,26.105200006385328,0.010035636762910034,0.6684116093136545,,Isolated Ventricular Beat/False/._2025-02-19_ECGRec_202428_E1R4909_duration=1s_pos=1890500-1890564_src=json.json
11.412062959757463,399.96503239313995,49.803081027939974,2.810920145726814,35.047563158035466,14.838709677419354,3968,128,37,109.375,164.0625,14,71.49728471683476,0.49435809841415335,0.5056419015858467,5.555555555555555,17.78057295176734,0.0018295652690746736,0.2741232522423841,0.32220326682001393,Isolated Ventricular Beat/False/._2025-02-19_ECGRec_202428_E1R4909_duration=1s_pos=844146-844210_src=json.json
21.425396934131207,404.15633158960753,50.504656438865545,7.826288320024188,18.863422412602013,10.967741935483872,3968,128,36,62.5,109.375,0,69.74571873378308,0.47712022875751164,0.5228797712424884,28.571428571428573,19.721655974399216,0.0028866514866843036,2.7523257782967754,0.37729423114146804,Isolated Ventricular Beat/False/._2025-02-20_ECGRec_202430_E115582_duration=1s_pos=26143-26207_src=json.json
10.180175502072302,413.0335493242331,51.16131656709046,1.7476577867980847,40.57233676058121,34.193548387096776,3968,128,40,62.5,70.3125,0,77.4153528043422,0.2103080268725561,0.7896919731274439,12.820512820512821,6.565574376146575,0.00022625393982885929,1.4630940228717204,1.8971199848858813,Isolated Ventricular Beat/False/._2025-02-21_ECGRec_202428_E1R4917_duration=1s_pos=3449981-3450045_src=json.json
10.522668678343193,416.1165133265861,51.574931649644746,2.401847075176322,39.54476630422026,23.870967741935484,3968,128,42,62.5,101.5625,0,80.67640276710223,0.16482932175658024,0.8351706782434197,19.51219512195122,7.768386506618587,0.0004917072083750843,1.707577839983565,2.639057329615259,Isolated Ventricular Beat/False/._2025-02-21_ECGRec_202428_E1R4917_duration=1s_pos=3923018-3923082_src=json.json
13.969234731583768,414.0430310691476,53.282991784446764,2.4498196051003784,29.639633765576473,25.161290322580644,3968,128,43,62.5,117.1875,0,83.71658447962626,0.2382871431296386,0.7617128568703614,16.666666666666668,17.732522011891852,0.0006580938157771876,0.702622224894634,1.0986122886681098,Isolated Ventricular Beat/False/._2025-02-21_ECGRec_202428_E1R4917_duration=1s_pos=3799825-3799889_src=json.json
9.97648241626071,411.17445927875787,51.13218003836122,1.917416638942404,41.214368041607024,32.25806451612903,3968,128,39,62.5,93.75,0,75.39137173856885,0.1755924370996773,0.8244075629003227,15.789473684210526,9.065199780427237,0.0009264670181546881,1.819414038983917,1.466337068793427,Isolated Ventricular Beat/False/._2025-02-21_ECGRec_202428_E1R4917_duration=1s_pos=3804897-3804961_src=json.json
10.144096333420501,412.65655778969546,51.48939173080328,1.9152871428382845,40.67947538616048,26.451612903225808,3968,128,40,78.125,125.0,3,77.93911007025761,0.20440352742014045,0.7955964725798595,10.256410256410257,21.54326696476188,0.00081951531651311,2.4607362983871437,2.833213344056216,Isolated Ventricular Beat/False/._2025-02-21_ECGRec_202428_E1R4917_duration=1s_pos=3866136-3866200_src=json.json
10.292917912679625,411.9642073209289,51.2011766942958,2.1863928401097965,40.02404087857324,25.806451612903224,3968,128,40,62.5,101.5625,0,76.99742930591259,0.23788853618958897,0.7621114638104111,23.076923076923077,8.004598999826964,0.0002833679033077508,1.6264792971576327,1.3862943611198906,Isolated Ventricular Beat/False/._2025-02-21_ECGRec_202428_E1R4917_duration=1s_pos=3921258-3921322_src=json.json
10.579614906661671,410.91016045083086,51.13553411460992,2.437839785146112,38.839799485734915,24.516129032258064,3968,128,42,62.5,101.5625,0,81.17556071152359,0.17121152499152584,0.8287884750084742,19.51219512195122,7.749767787276214,0.004880717203886013,1.6896840314327641,2.4849066497880004,Isolated Ventricular Beat/False/._2025-02-21_ECGRec_202428_E1R4917_duration=1s_pos=3922764-3922828_src=json.json
10.049035180707312,414.5103270687174,51.519309787750956,1.8361565403124391,41.248764519777225,25.806451612903224,3968,128,42,62.5,70.3125,0,82.23557064507705,0.13970974031354652,0.8602902596864535,4.878048780487805,7.065320225143012,0.000876505008952821,1.687594863115137,1.3862943611198906,Isolated Ventricular Beat/False/._2025-02-21_ECGRec_202428_E1R4917_duration=1s_pos=3957636-3957700_src=json.json
10.256667700681092,414.8308512569345,51.49758887003982,2.007720656736378,40.444988851924975,23.225806451612904,3968,128,31,70.3125,140.625,4,61.802575107296136,0.6581317139219588,0.3418682860780412,10.0,24.100386383086544,0.0012258889200664328,0.6211866418650727,1.1526795099383855,Isolated Ventricular Beat/False/._2025-02-21_ECGRec_202428_E1R4917_duration=1s_pos=2376910-2376974_src=json.json
9.952030634707706,411.4326939269984,51.12150632859399,1.576882179551209,41.341578185114194,32.25806451612903,3968,128,42,62.5,70.3125,0,81.78701298701299,0.1931231276116837,0.8068768723883163,12.195121951219512,8.139499850180286,0.000177517194015544,2.1076024655707934,2.0149030205422647,Isolated Ventricular Beat/False/._2025-02-21_ECGRec_202428_E1R4917_duration=1s_pos=3756161-3756225_src=json.json
14.169570920388463,410.11115081803075,53.06064314732276,2.4498196051003784,28.943086856980184,22.58064516129032,3968,128,23,62.5,109.375,0,44.816976127320956,0.9943763238534271,0.005623676146572887,22.727272727272727,14.097441417607158,0.0054529018884042066,0.7272342436472009,0.7419373447293773,Isolated Ventricular Beat/False/._2025-02-21_ECGRec_202428_E1R4917_duration=1s_pos=3798730-3798794_src=json.json
9.980745375516305,409.6841719798178,51.02454451491838,1.8792344746092482,41.04744841375902,27.741935483870968,3968,128,39,62.5,70.3125,0,75.66502463054188,0.1875976394332481,0.8124023605667519,21.05263157894737,8.918555185566408,0.0012443704796810298,1.7129800154674635,1.9459101490553135,Isolated Ventricular Beat/False/._2025-02-21_ECGRec_202428_E1R4917_duration=1s_pos=3808145-3808209_src=json.json
10.02720178195458,413.3319338172501,51.19703907665122,1.760364025351846,41.221060629301476,28.387096774193548,3968,128,37,62.5,70.3125,0,70.65678507538973,0.16627937956744024,0.8337206204325598,16.666666666666668,9.334875314540588,0.001504760896574359,1.9984949126120646,2.1972245773362196,Isolated Ventricular Beat/False/._2025-02-21_ECGRec_202428_E1R4917_duration=1s_pos=3738750-3738814_src=json.json
10.127205834993871,414.7638660212083,51.48241441909873,1.9557883190592928,40.955405846755305,27.741935483870968,3968,128,42,62.5,70.3125,0,80.75916901769685,0.13710172655704186,0.8628982734429581,19.51219512195122,7.745508855170753,0.0007372084921060281,1.7966581448099093,2.0794415416798357,Isolated Ventricular Beat/False/._2025-02-21_ECGRec_202428_E1R4917_duration=1s_pos=3968666-3968730_src=json.json
9.90174322831141,415.1860473290103,51.364091144679925,1.8695393096070934,41.930597049951665,30.967741935483872,3968,128,40,62.5,93.75,0,78.22407939409769,0.18980878042413213,0.8101912195758678,20.512820512820515,8.579556021116938,0.0007117418039367297,1.700458263895272,2.1972245773362196,Isolated Ventricular Beat/False/._2025-02-21_ECGRec_202428_E1R4917_duration=1s_pos=3807425-3807489_src=json.json
10.163848902218277,415.39820941843607,51.377120125812404,2.116857387533644,40.87016370910542,23.870967741935484,3968,128,38,78.125,125.0,1,75.2542372881356,0.19735932836818573,0.8026406716318143,8.108108108108109,23.12127251388576,0.001841148210252955,2.550891745600548,1.6094379124341003,Isolated Ventricular Beat/False/._2025-02-21_ECGRec_202428_E1R4917_duration=1s_pos=3852999-3853063_src=json.json
10.247470755364775,412.79561701257285,51.3428154243615,2.01592167463982,40.282679168787695,23.870967741935484,3968,128,41,62.5,101.5625,0,80.7995791688585,0.13110827730589944,0.8688917226941005,2.5,6.822863413908022,0.0006384682838451853,1.563083500385523,1.4213856809311607,Isolated Ventricular Beat/False/._2025-02-21_ECGRec_202428_E1R4917_duration=1s_pos=3928884-3928948_src=json.json
10.11996162498266,415.0647197828947,51.74488645995614,1.9815767294910636,41.014451847701956,24.516129032258064,3968,128,38,70.3125,125.0,2,74.9367088607595,0.19616850119989554,0.8038314988001045,16.216216216216218,22.189416107268197,0.0012058174137214688,2.4970537588752113,2.70805020110221,Isolated Ventricular Beat/False/._2025-02-21_ECGRec_202428_E1R4917_duration=1s_pos=3860699-3860763_src=json.json
10.563888011471187,402.11739488707633,50.26674373940733,2.223020302384082,38.06528016816746,21.935483870967744,3968,128,42,62.5,109.375,0,80.6970784213224,0.21753921817200392,0.782460781827996,12.195121951219512,10.595208476840353,0.0007975133234289798,1.6253473394642834,1.5040773967762742,Isolated Ventricular Beat/False/._2025-02-21_ECGRec_202428_E1R4917_duration=1s_pos=44467-44531_src=json.json
10.17175394934377,413.233740117402,50.370764506429694,2.122430973391376,40.62560906897013,22.58064516129032,3968,128,42,62.5,101.5625,0,81.49068322981367,0.21352829453241282,0.7864717054675872,12.195121951219512,10.554418759034526,0.000288197127448635,1.6414988042716205,1.8971199848858813,Isolated Ventricular Beat/False/._2025-02-21_ECGRec_202428_E1R4917_duration=1s_pos=44044-44108_src=json.json
14.218578383821043,406.0842446645221,50.05194274213253,4.1824814510759145,28.56011375697596,12.258064516129032,3968,128,29,62.5,140.625,1,82.70769230769231,0.2507291142991239,0.7492708857008761,21.428571428571427,18.12110459990719,0.0024129935953566663,2.061885749218086,,Isolated Ventricular Beat/False/._2025-02-21_ECGRec_202428_E1R4917_duration=1s_pos=443418-443482_src=json.json
60.689123812900874,527.7208275972982,82.9976662045767,30.456523430683724,8.695475988889513,1.6,3200,128,31,70.3125,117.1875,0,78.0223501523874,0.672603326650476,0.32739667334952405,13.333333333333334,9.789221955011074,0.0014993982429992267,1.3150847294417496,1.2878542883066382,Isolated Ventricular Beat/False/._2025-02-21_ECGRec_202428_E1R4917_duration=1s_pos=656600-656664_src=json.json
10.784963006663517,403.0031883741203,49.98961576561646,2.616979833953037,37.367133365037084,21.29032258064516,3968,128,42,62.5,109.375,0,81.51177841056175,0.18105315075534692,0.8189468492446531,4.878048780487805,9.849902760199491,0.000740783683229329,1.3637251672542847,2.0794415416798357,Isolated Ventricular Beat/False/._2025-02-21_ECGRec_202428_E1R4917_duration=1s_pos=578998-579062_src=json.json
12.027480789244205,400.2094535901571,49.60251445607696,3.001412804581882,33.274584040364275,18.064516129032256,3968,128,45,70.3125,125.0,2,86.73511293634498,0.209610345068099,0.7903896549319009,11.363636363636363,17.435496654142906,0.0005472926816473665,2.313367060239377,2.3025850929940455,Isolated Ventricular Beat/False/._2025-02-21_ECGRec_202428_E1R4917_duration=1s_pos=595620-595684_src=json.json
18.470831524277774,409.6758441682239,50.621113728007536,6.668082466150471,22.17960904738605,5.161290322580645,3968,128,41,62.5,125.0,1,84.21052631578948,0.5493147470155708,0.4506852529844292,12.5,10.769028667969904,0.0008840315913254341,1.6335085942591405,0.750305594399894,Isolated Ventricular Beat/False/._2025-02-21_ECGRec_202428_E1R4917_duration=1s_pos=478969-479033_src=json.json
10.356550363858434,400.06003484674557,49.15064075982615,2.3032868836513343,38.62869219601875,23.225806451612904,3968,128,38,70.3125,117.1875,0,74.40691280439906,0.16046857900117165,0.8395314209988284,13.513513513513514,14.758302545569045,0.0021076743301179936,2.4893225658582976,,Isolated Ventricular Beat/False/._2025-02-21_ECGRec_202428_E1R4917_duration=1s_pos=49785-49849_src=json.json
12.185072657080225,395.1498008816634,48.97731882739974,3.0315076779616756,32.42900387820461,18.064516129032256,3968,128,39,70.3125,132.8125,1,75.68464730290457,0.20002665818935403,0.7999733418106459,15.789473684210526,14.76058552161988,0.0017680526899814903,2.023429321928321,,Isolated Ventricular Beat/False/._2025-02-21_ECGRec_202428_E1R4917_duration=1s_pos=68392-68456_src=json.json
11.54322993538121,398.59510788995203,49.75142431081076,2.3574824405567796,34.5306361902729,27.741935483870968,3968,128,41,70.3125,132.8125,1,78.64823348694317,0.207301195492043,0.792698804507957,10.0,12.894650901544175,0.00032649700191796473,2.1096266603350196,1.9095425048844386,Isolated Ventricular Beat/False/._2025-02-21_ECGRec_202428_E1R4917_duration=1s_pos=62368-62432_src=json.json
10.240597520512843,392.91994876267967,49.075588055824355,1.9190177592702806,38.36884611535406,30.32258064516129,3968,128,39,70.3125,117.1875,0,75.04242735921831,0.22000538914635256,0.7799946108536474,13.157894736842104,12.815569349020958,0.0006365110055103443,2.4030554788376532,1.2039728043259361,Isolated Ventricular Beat/False/._2025-02-21_ECGRec_202428_E1R4917_duration=1s_pos=63696-63760_src=json.json
13.16641932144871,403.092483588568,56.899420984253965,2.085148068838416,30.615191809721555,24.347826086956523,2944,128,26,70.3125,140.625,2,72.50755287009063,0.18756986814437865,0.8124301318556213,20.0,20.024256542353708,0.0002137980337691641,2.6366473086723152,,Isolated Ventricular Beat/False/._2025-02-21_ECGRec_202428_E1R4917_duration=1s_pos=77951-78015_src=json.json
18.8496008835152,409.2429615601194,50.73725124611703,7.283006442994067,21.7109604801797,7.741935483870968,3968,128,56,70.3125,117.1875,0,108.33547063349577,0.32228474943459906,0.6777152505654009,36.36363636363637,9.480124645366399,0.0027200162199978004,2.31029787172447,1.8827312474337816,Isolated Ventricular Beat/False/._2025-02-21_ECGRec_202428_E1R4917_duration=1s_pos=200808-200872_src=json.json
11.138240463768309,401.17261401347736,49.60547967903611,3.152245869297965,36.01758996861898,15.483870967741936,3968,128,45,62.5,125.0,1,87.31782945736434,0.1541845546642691,0.8458154453357309,13.636363636363637,17.3593867684385,0.0011255038862247426,3.5562232960306974,,Isolated Ventricular Beat/False/._2025-02-21_ECGRec_202428_E1R4917_duration=1s_pos=119761-119825_src=json.json
17.130206381425733,413.50890524429883,51.97115846704358,4.614648847723668,24.139165162277376,13.548387096774196,3968,128,53,70.3125,132.8125,2,114.26609442060085,0.1892212328996463,0.8107787671003537,30.76923076923077,12.578178545598686,0.010206281817841723,2.2575994096889422,2.0149030205422647,Isolated Ventricular Beat/False/._2025-02-21_ECGRec_202428_E1R4917_duration=1s_pos=420016-420080_src=json.json
13.709134094592583,399.8316865312166,48.97982010252995,4.0147979988796045,29.165347322963196,13.548387096774196,3968,128,62,70.3125,117.1875,0,118.9639410868461,0.1976056202076467,0.8023943797923533,16.39344262295082,10.800405779275993,0.006188125213208851,2.8088882374895094,2.0794415416798357,Isolated Ventricular Beat/False/._2025-02-21_ECGRec_202428_E1R4917_duration=1s_pos=557481-557545_src=json.json
15.124991489269007,410.7161920768304,50.0976837238229,5.064207639416063,27.15480304325628,10.32258064516129,3968,128,33,70.3125,109.375,0,93.90905617118838,0.43799318390391845,0.5620068160960816,21.875,16.57560995180528,0.001608803319066841,1.254345276622439,1.791759469228055,Isolated Ventricular Beat/False/._2025-02-21_ECGRec_202428_E1R4917_duration=1s_pos=286979-287043_src=json.json
17.01083144971656,421.7425946708018,51.06272635800466,5.3741796153568,24.792590010950875,14.838709677419354,3968,128,64,62.5,117.1875,0,123.80757420675538,0.19052654367362418,0.8094734563263758,20.634920634920636,9.32454582180485,0.0009650608556602831,2.615841383829544,2.3978952727983707,Isolated Ventricular Beat/False/._2025-02-21_ECGRec_202428_E1R4917_duration=1s_pos=584625-584689_src=json.json
16.561985249760685,395.7776396966939,49.4304437409107,6.604001467014231,23.896749684984957,10.32258064516129,3968,128,57,70.3125,109.375,0,110.36181678214011,0.22770903383214036,0.7722909661678596,25.0,10.791245824837617,0.001503847375384447,2.5399693377667276,1.8191584434161694,Isolated Ventricular Beat/False/._2025-02-21_ECGRec_202428_E1R4917_duration=1s_pos=453893-453957_src=json.json
13.86568541313786,399.54485372391144,50.02578553990921,3.948413111312332,28.815367794943,15.483870967741936,3968,128,43,62.5,125.0,1,85.62782054685427,0.18712823234690193,0.8128717676530981,16.666666666666668,21.391509996922384,0.0017818515016793871,0.8382945856174273,2.3025850929940455,Isolated Ventricular Beat/False/._2025-02-21_ECGRec_202428_E1R4917_duration=1s_pos=102766-102830_src=json.json
17.15109517593726,410.41791037093355,51.36383585698578,5.946490646675628,23.92954398720846,15.483870967741936,3968,128,56,70.3125,109.375,0,108.3076923076923,0.44893840738111174,0.5510615926188882,14.545454545454545,11.47105105090128,0.0008077267932715659,2.103835965355277,0.8609406367909901,Isolated Ventricular Beat/False/._2025-02-21_ECGRec_202428_E1R4917_duration=1s_pos=883306-883370_src=json.json
14.040389642534718,408.51247984077963,50.478778611912496,4.020058396322357,29.095520932530885,14.193548387096774,3968,128,43,62.5,125.0,1,83.60808709175738,0.24042627086790094,0.7595737291320991,16.666666666666668,21.208426766900313,0.005600100854254065,0.8282666177907538,2.4849066497880004,Isolated Ventricular Beat/False/._2025-02-21_ECGRec_202428_E1R4917_duration=1s_pos=102422-102486_src=json.json
11.309840445793496,414.8165760664934,50.64954718709017,2.6647769833667567,36.67748819067463,13.548387096774196,3968,128,48,62.5,101.5625,0,92.74409044193217,0.14053507748384683,0.8594649225161531,19.148936170212767,7.5335514561423,0.0007648847875651889,1.5845383424738655,,Isolated Ventricular Beat/False/._2025-02-21_ECGRec_202428_E1R4917_duration=1s_pos=258620-258684_src=json.json
17.61802519049389,407.8973839325366,50.19580475201886,7.242227284179448,23.15227480775484,10.32258064516129,3968,128,48,62.5,125.0,1,92.69645608628659,0.5689986989484384,0.43100130105156165,31.914893617021278,12.25679486630331,0.0019240965958258558,2.1159136776014527,0.9753796482441617,Isolated Ventricular Beat/False/._2025-02-21_ECGRec_202428_E1R4917_duration=1s_pos=423199-423263_src=json.json
13.1594060613988,408.401992004232,50.30216974325104,3.0325522138936467,31.034984334683262,18.70967741935484,3968,128,44,70.3125,117.1875,0,113.99378667587159,0.2129646771153616,0.7870353228846384,23.25581395348837,14.248725432726701,0.00023677418277621775,2.7728716588833824,2.639057329615259,Isolated Ventricular Beat/False/._2025-02-21_ECGRec_202428_E1R4917_duration=1s_pos=796384-796448_src=json.json
13.893776045491892,407.61688338884517,50.86429819539871,3.73633141962193,29.338090143105074,10.32258064516129,3968,128,56,62.5,109.375,0,108.75386199794026,0.21393191236807188,0.7860680876319281,18.181818181818183,8.943634597644882,0.0009994476711693648,2.2106302533617566,2.6149597780361984,Isolated Ventricular Beat/False/._2025-02-21_ECGRec_202428_E1R4917_duration=1s_pos=835386-835450_src=json.json
10.604096450881052,401.7709794456703,49.491431566970526,2.4158800909824807,37.88827680118017,16.7741935483871,3968,128,51,70.3125,125.0,1,99.2248062015504,0.1589724900800681,0.8410275099199319,18.0,9.903812892953518,0.00339640368901054,2.753577045901638,2.0794415416798357,Isolated Ventricular Beat/False/._2025-02-21_ECGRec_202428_E1R4917_duration=1s_pos=41001-41065_src=json.json
21.91824994901933,426.71173521619323,55.81069390295973,3.9719038523333694,19.46832966775961,15.483870967741936,3968,128,51,70.3125,125.0,4,99.27611168562565,0.41677946597100063,0.5832205340289993,22.0,12.186856320378627,0.001643344870608891,2.9132292793533505,1.1878434223960523,Isolated Ventricular Beat/False/._2025-02-21_ECGRec_202428_E1R4917_duration=1s_pos=36557-36621_src=json.json
76.3244550485341,426.6624719563912,86.6889484726566,44.01897079692113,5.59011480782883,0.9090909090909091,2816,128,41,70.3125,109.375,0,112.07588471360818,0.19851565777042268,0.8014843422295773,10.0,10.154538055043082,0.01134517096799301,2.600516494574858,1.8718021769015913,Isolated Ventricular Beat/False/._2025-02-21_ECGRec_202428_E1R4917_duration=1s_pos=42485-42549_src=json.json
12.361801493486539,400.1518084063297,48.7501247936403,3.9086683476736717,32.37002116941851,12.258064516129032,3968,128,69,70.3125,125.0,1,132.8179043743642,0.2307486515196063,0.7692513484803937,33.8235294117647,6.772153292437606,0.001936688831871408,1.397717773723792,1.8971199848858813,Isolated Ventricular Beat/False/._2025-02-21_ECGRec_202428_E1R4917_duration=1s_pos=50434-50498_src=json.json
46.303276282990446,477.53432588244226,77.99386347248631,18.42513358135278,10.313186320784792,1.935483870967742,3968,128,66,70.3125,125.0,1,126.99058763673365,0.4762527516333417,0.5237472483666583,7.6923076923076925,5.360797619887979,0.0006086487581009576,0.9834611241964163,1.2110902720948,Isolated Ventricular Beat/False/._2025-02-21_ECGRec_202428_E1R4917_duration=1s_pos=67119-67183_src=json.json
16.011322728102932,393.43088676956603,48.22349086489623,7.3268636959942235,24.572039979369077,5.806451612903226,3968,128,58,70.3125,140.625,2,113.32125291224436,0.17591779771269966,0.8240822022873003,22.80701754385965,15.629868222165328,0.0033690830688564164,2.860214468381102,1.791759469228055,Isolated Ventricular Beat/False/._2025-02-21_ECGRec_202428_E1R4917_duration=1s_pos=31716-31780_src=json.json
13.83729918045991,397.47347921125566,48.46995542030908,4.440206669879099,28.72478547314747,14.838709677419354,3968,128,57,70.3125,125.0,1,110.47521191882866,0.18826248658009156,0.8117375134199084,28.571428571428573,17.23586598739754,0.0001537674812230893,2.9985205486175346,1.845826690498331,Isolated Ventricular Beat/False/._2025-02-21_ECGRec_202428_E1R4917_duration=1s_pos=28364-28428_src=json.json
13.532822770085254,392.4518900740097,48.408823865831565,5.135411375160159,29.000000054795468,10.967741935483872,3968,128,56,62.5,117.1875,0,110.51805337519623,0.17720136365670386,0.8227986363432962,14.545454545454545,16.59562466755496,0.0019091698737505572,2.9601278819209966,1.5686159179138452,Isolated Ventricular Beat/False/._2025-02-21_ECGRec_202428_E1R4917_duration=1s_pos=25407-25471_src=json.json
12.037650341351666,397.36584299611553,48.7256746974898,3.7530504588708657,33.010246910133276,18.70967741935484,3968,128,56,70.3125,125.0,3,107.50827182489184,0.17670091045041625,0.8232990895495838,30.90909090909091,17.245655673889924,0.00047699338038083793,2.95220309927545,1.791759469228055,Isolated Ventricular Beat/False/._2025-02-21_ECGRec_202428_E1R4917_duration=1s_pos=76776-76840_src=json.json
12.198561805284038,394.5119144932424,48.422071269772985,4.078050310604042,32.34085201597291,14.193548387096774,3968,128,56,70.3125,125.0,3,109.57198443579767,0.1704972941647209,0.8295027058352791,34.54545454545455,16.8417955541578,0.0009817318271881904,2.6719429498256964,1.7047480922384253,Isolated Ventricular Beat/False/._2025-02-21_ECGRec_202428_E1R4917_duration=1s_pos=75497-75561_src=json.json
12.439499413882622,395.2159351637431,49.066950528951686,3.7384403977693825,31.771045621951,14.838709677419354,3968,128,55,70.3125,140.625,4,107.71948051948053,0.16708709551257517,0.8329129044874248,27.77777777777778,17.03545839193922,0.009372741899723609,2.933314829820785,2.0794415416798357,Isolated Ventricular Beat/False/._2025-02-21_ECGRec_202428_E1R4917_duration=1s_pos=74609-74673_src=json.json
12.858984583546334,393.8273363966951,48.69291295731156,4.38762776976076,30.626625548178186,14.193548387096774,3968,128,56,70.3125,132.8125,2,108.47457627118644,0.18448099280077535,0.8155190071992247,16.363636363636363,16.560365536026552,0.001661456315919962,3.004217524941812,,Isolated Ventricular Beat/False/._2025-02-21_ECGRec_202428_E1R4917_duration=1s_pos=27271-27335_src=json.json
12.527949875120308,386.9648810125619,48.251246609073306,3.949227865134297,30.888122476681232,12.258064516129032,3968,128,56,70.3125,125.0,4,109.0909090909091,0.21310433577523946,0.7868956642247605,27.272727272727273,17.289536667538002,0.0015777873785057701,2.9012621040095814,1.292768303109067,Isolated Ventricular Beat/False/._2025-02-21_ECGRec_202428_E1R4917_duration=1s_pos=52462-52526_src=json.json
11.70071320330946,394.3089477055494,48.48297724356506,3.7855922123568586,33.6995623390256,15.483870967741936,3968,128,54,74.21875,140.625,4,103.6516424751719,0.19628633823891758,0.8037136617610824,18.867924528301888,18.129500465779564,0.0015845684548143582,2.9270284994193365,2.833213344056216,Isolated Ventricular Beat/False/._2025-02-21_ECGRec_202428_E1R4917_duration=1s_pos=30009-30073_src=json.json
11.652981355499948,391.9628031462875,48.62602813690896,3.7374703222884387,33.636265051177205,15.483870967741936,3968,128,54,70.3125,140.625,3,104.07568396829456,0.1948810454665447,0.8051189545334553,18.867924528301888,18.182495888681714,0.004195812363946194,2.895799371142004,2.9444389791664407,Isolated Ventricular Beat/False/._2025-02-21_ECGRec_202428_E1R4917_duration=1s_pos=30200-30264_src=json.json
11.43974541465043,392.371601520627,48.24507521669749,3.9017454292943343,34.298977206184595,15.483870967741936,3968,128,54,85.9375,132.8125,5,103.2834306013702,0.14538637728405218,0.8546136227159478,22.641509433962263,18.683745979129327,0.0004471182621187207,3.325429862370727,1.4350845252893227,Isolated Ventricular Beat/False/._2025-02-21_ECGRec_202428_E1R4917_duration=1s_pos=23512-23576_src=json.json
13.145311970614415,395.7874252495347,48.66136717269054,4.799618387966942,30.108634623937412,10.32258064516129,3968,128,54,70.3125,125.0,2,105.25989138867338,0.19136141571594364,0.8086385842840563,28.30188679245283,18.206165296382277,0.0002473423131218946,3.4404366417114702,,Isolated Ventricular Beat/False/._2025-02-21_ECGRec_202428_E1R4917_duration=1s_pos=22432-22496_src=json.json
11.07123719357988,392.808016694565,48.780426820941436,3.0459797819114565,35.48004386016654,20.0,3968,128,53,70.3125,125.0,3,101.85156847742923,0.16964138984391047,0.8303586101560896,26.923076923076923,18.673423478808854,0.002067608672404873,3.308391027436971,2.0794415416798357,Isolated Ventricular Beat/False/._2025-02-21_ECGRec_202428_E1R4917_duration=1s_pos=69796-69860_src=json.json
13.21063341257891,400.8029783529493,48.94883674243118,5.303538630553883,30.33941942798088,12.258064516129032,3968,128,57,78.125,132.8125,3,110.36181678214011,0.18009232164087338,0.8199076783591266,21.428571428571427,17.41974749171274,0.00029203915684831517,3.33620691824183,2.0794415416798357,Isolated Ventricular Beat/False/._2025-02-21_ECGRec_202428_E1R4917_duration=1s_pos=24643-24707_src=json.json
14.269890364234623,403.2388292610197,49.10368547183528,5.090381650695752,28.258016754891234,10.32258064516129,3968,128,53,78.125,140.625,7,102.00766283524905,0.1648352868614731,0.8351647131385269,15.384615384615385,19.332253054291545,0.0010411614693180333,3.058033273772909,2.833213344056216,Isolated Ventricular Beat/False/._2025-02-21_ECGRec_202428_E1R4917_duration=1s_pos=72522-72586_src=json.json
11.39795036041412,394.1806806744805,48.46275507874121,3.4952493256055206,34.58346752061932,18.70967741935484,3968,128,53,70.3125,125.0,1,102.82183316168899,0.13862701842749597,0.861372981572504,19.23076923076923,19.041361254409036,0.0004388512335612483,3.514313713745301,1.749199854809259,Isolated Ventricular Beat/False/._2025-02-21_ECGRec_202428_E1R4917_duration=1s_pos=9271-9335_src=json.json
13.585679570100465,391.04754876617795,48.05636774741454,5.441762939755623,28.78380267726891,5.806451612903226,3968,128,51,70.3125,140.625,5,99.43034697048162,0.1405785494267828,0.8594214505732172,18.0,20.219905632966686,0.0011570671582702883,3.3549123328537513,1.8971199848858813,Isolated Ventricular Beat/False/._2025-02-21_ECGRec_202428_E1R4917_duration=1s_pos=8047-8111_src=json.json
10.438207728759886,391.9038966862255,48.59388833242351,2.8293388488748183,37.54512932917617,20.0,3968,128,47,85.9375,132.8125,14,92.57861635220127,0.12587675808129345,0.8741232419187066,6.521739130434782,24.598263908551747,0.0013344742936654678,3.025726385567431,,Isolated Ventricular Beat/False/._2025-02-21_ECGRec_202428_E1R4917_duration=1s_pos=95619-95683_src=json.json
13.553449521994958,407.0847929956702,50.10372121177155,4.274296407041911,30.035509580017315,14.193548387096774,3968,128,55,70.3125,117.1875,0,105.55357597353017,0.16899073746228602,0.831009262537714,20.37037037037037,10.547834612568767,0.0005862489975374899,2.1105256439940443,2.4849066497880004,Isolated Ventricular Beat/False/._2025-02-21_ECGRec_202428_E1R4917_duration=1s_pos=136094-136158_src=json.json
13.840700875659845,398.9492734905937,48.75894897068914,4.408688955436002,28.824352773047078,11.612903225806452,3968,128,54,70.3125,125.0,1,105.25989138867338,0.17126634261005333,0.8287336573899466,20.754716981132077,10.691254765821748,0.003313921107474922,2.118359067781611,1.8718021769015913,Isolated Ventricular Beat/False/._2025-02-21_ECGRec_202428_E1R4917_duration=1s_pos=135818-135882_src=json.json
10.744584076774636,407.8864538281688,50.653462082428405,2.5798049087517594,37.96204794448984,23.870967741935484,3968,128,38,70.3125,101.5625,0,73.16168898043254,0.06835433303139603,0.931645666968604,2.7027027027027026,11.475609515776524,0.0031272065786334385,0.6881490693424968,1.6094379124341003,Isolated Ventricular Beat/False/._2025-02-21_ECGRec_202428_E1R4995_duration=1s_pos=666128-666192_src=json.json
14.129279149877062,409.6187459152776,50.252627177674924,4.484626942317327,28.990772464713405,14.838709677419354,3968,128,50,62.5,125.0,1,96.12260536398466,0.16779062499303088,0.8322093750069691,14.285714285714286,13.703426933192393,0.0015369375067970138,1.6673939730131835,2.0794415416798357,Isolated Ventricular Beat/False/._2025-02-22_ECGRec_202428_E1R4917_duration=1s_pos=205115-205179_src=json.json
15.950819369255724,401.92133707969833,50.03973025167946,6.580370771637423,25.197533905803258,10.967741935483872,3968,128,49,62.5,125.0,1,94.5958429561201,0.20543986416097243,0.7945601358390275,20.833333333333332,12.94489607614801,0.0009519022458539951,1.541617854844898,2.639057329615259,Isolated Ventricular Beat/False/._2025-02-22_ECGRec_202428_E1R4917_duration=1s_pos=203158-203222_src=json.json
22.90686668034413,447.26933423006966,52.99942778412027,8.626754435035133,19.525556286067932,4.516129032258064,3968,128,47,62.5,117.1875,0,97.26872246696036,0.26961468117725,0.73038531882275,19.565217391304348,11.70527998600912,0.0009465308986806564,1.5869474740709673,1.8562979903656263,Isolated Ventricular Beat/False/._2025-02-22_ECGRec_202428_E1R4917_duration=1s_pos=229567-229631_src=json.json
22.3271879284935,401.1735712614125,52.70006264857501,6.904214160964095,17.967939114334406,9.032258064516128,3968,128,53,70.3125,125.0,2,102.29508196721311,0.16348394817241405,0.8365160518275859,23.076923076923077,17.01088795044816,0.002103705022043996,3.5558353433677206,2.5649493574615367,Isolated Ventricular Beat/False/._2025-02-22_ECGRec_202428_E1R4917_duration=1s_pos=34714-34778_src=json.json
28.638787070723666,400.1507117192229,53.097000402485584,11.477074876422133,13.972333980441078,3.225806451612903,3968,128,56,78.125,125.0,4,108.44672657252887,0.16660191994487364,0.8333980800551264,29.09090909090909,15.787068601797593,0.0014458620898507295,3.3892199586855365,1.845826690498331,Isolated Ventricular Beat/False/._2025-02-22_ECGRec_202428_E1R4917_duration=1s_pos=296005-296069_src=json.json
13.274153710168502,398.446520899956,48.992149914152265,3.952049600030483,30.01671515812084,16.7741935483871,3968,128,47,70.3125,125.0,1,91.95210827693909,0.1702540857958154,0.8297459142041845,19.565217391304348,11.104556391360052,0.0015928912224692786,2.533163193880826,2.0794415416798357,Isolated Ventricular Beat/False/._2025-02-22_ECGRec_202428_E1R4917_duration=1s_pos=314325-314389_src=json.json
12.425401070223382,389.8339047364896,47.95756603494034,3.692330939963462,31.37394689791968,15.483870967741936,3968,128,47,78.125,132.8125,7,91.2396694214876,0.16582911578577064,0.8341708842142294,17.391304347826086,21.14033899135924,0.00042704279511103857,3.1153407153047623,1.791759469228055,Isolated Ventricular Beat/False/._2025-02-22_ECGRec_202428_E1R4917_duration=1s_pos=22273-22337_src=json.json
13.077950725570838,394.9089374452972,49.01391194937349,3.491832050532717,30.196543444425345,13.548387096774196,3968,128,44,70.3125,132.8125,1,85.35538898940294,0.45128339722061567,0.5487166027793844,20.930232558139537,11.153232643604982,0.00027286286066067464,2.274804214563201,1.1505720275988207,Isolated Ventricular Beat/False/._2025-02-22_ECGRec_202428_E1R4917_duration=1s_pos=48590-48654_src=json.json
74.51737371313541,431.1020555266202,70.55388878616213,59.92565065162092,5.785255548604673,0.6451612903225806,3968,128,56,62.5,132.8125,1,108.58611825192803,0.45405764404467885,0.5459423559553211,21.818181818181817,10.773277346019144,0.006222390638436237,2.227466477728763,1.2909841813155656,Isolated Ventricular Beat/False/._2025-02-22_ECGRec_202428_E1R4917_duration=1s_pos=12949-13013_src=json.json
34.79534524643667,400.2836788358394,55.93649798066221,15.73652797794245,11.503942969868616,6.451612903225806,3968,128,59,62.5,125.0,3,114.56790123456788,0.19491608921170725,0.8050839107882928,24.137931034482758,7.39381783399644,0.0007583135437240326,1.3179679393897654,2.5649493574615367,Isolated Ventricular Beat/False/._2025-02-22_ECGRec_202428_E1R4917_duration=1s_pos=6268-6332_src=json.json
21.495876471852164,391.19227514257693,61.95893087007125,4.219372713965774,18.198479017887255,13.548387096774196,3968,128,49,70.3125,117.1875,0,94.3537240849757,0.31057957057517216,0.6894204294248278,25.0,11.948833332066206,0.0012250515423706222,2.278194691251476,1.6341305250244718,Isolated Ventricular Beat/False/._2025-02-22_ECGRec_202428_E1R4917_duration=1s_pos=24627-24691_src=json.json
48.87323747030641,431.65008345407693,75.68889494328258,11.586731580627397,8.832033582475443,6.956521739130435,2944,128,35,85.9375,125.0,3,90.72967338429464,0.15921868749125934,0.8407813125087407,14.705882352941176,20.946771006682987,0.0005577611945091197,2.6633718073287143,,Isolated Ventricular Beat/False/._2025-02-22_ECGRec_202428_E1R4917_duration=1s_pos=76850-76914_src=json.json
10.19930332168002,390.8760172127439,48.643203230724936,2.1797855170407887,38.32379198470266,21.935483870967744,3968,128,44,82.03125,125.0,4,84.03053435114504,0.16570298088108712,0.8342970191189129,9.30232558139535,23.369529872155308,0.00015634056036194826,3.266486309144589,1.749199854809259,Isolated Ventricular Beat/False/._2025-02-22_ECGRec_202428_E1R4917_duration=1s_pos=14562-14626_src=json.json
50.01177971125951,404.5464954396071,59.25010891266194,31.52402646069219,8.089024019665205,1.935483870967742,3968,128,56,70.3125,117.1875,0,107.39893211289092,0.18921982852587052,0.8107801714741295,21.818181818181817,13.95396068366459,0.011357679887616285,2.2199301144838186,2.3513752571634776,Isolated Ventricular Beat/False/._2025-02-22_ECGRec_202428_E1R4917_duration=1s_pos=57282-57346_src=json.json
10.85240507526395,390.33292210723226,51.03422091629021,2.245702841505437,35.96740846225095,26.42857142857143,3584,128,41,70.3125,125.0,1,88.09865213650703,0.1485703090844013,0.8514296909155987,12.5,19.8869172760541,0.0007645458462958224,3.3177026830103116,1.791759469228055,Isolated Ventricular Beat/False/._2025-02-22_ECGRec_202428_E1R4917_duration=1s_pos=75222-75286_src=json.json
11.106448544591679,389.1796909087865,48.16361170361584,3.0485573555186773,35.040873264336646,20.64516129032258,3968,128,44,70.3125,132.8125,1,84.48196469685341,0.1374098215254238,0.8625901784745762,13.953488372093023,11.04345494715133,0.0026993749189359677,2.647942705977452,,Isolated Ventricular Beat/False/._2025-02-22_ECGRec_202428_E1R4917_duration=1s_pos=33945-34009_src=json.json
10.727351323424648,396.00851024994944,48.65967659150778,2.526154789786017,36.91577365136134,23.870967741935484,3968,128,44,70.3125,132.8125,1,84.03053435114504,0.1373527373688446,0.8626472626311554,13.953488372093023,11.485282063937365,0.00044497261640111827,2.770385210990573,,Isolated Ventricular Beat/False/._2025-02-22_ECGRec_202428_E1R4917_duration=1s_pos=34402-34466_src=json.json
11.331300615397772,386.72800598162206,48.128535211655254,2.865546458612478,34.129177662706354,20.64516129032258,3968,128,43,70.3125,148.4375,4,83.24129032258064,0.186357069455419,0.813642930544581,14.285714285714286,20.253076405117334,0.0004930119729177888,2.12098027124192,1.791759469228055,Isolated Ventricular Beat/False/._2025-02-22_ECGRec_202428_E1R4917_duration=1s_pos=43637-43701_src=json.json
13.710195782122788,401.46716552960373,49.51061292783473,4.119727047953381,29.28237806572485,18.064516129032256,3968,128,53,70.3125,132.8125,2,103.27385570209465,0.14192011005258462,0.8580798899474154,23.076923076923077,19.58002634571401,0.0022680574852256235,2.9353559907709874,1.8325814637483102,Isolated Ventricular Beat/False/._2025-02-22_ECGRec_202428_E1R4917_duration=1s_pos=35761-35825_src=json.json
9.834555643845048,406.47721381146516,50.69503110452335,1.7101138058208676,41.33152398546189,37.41935483870968,3968,128,40,70.3125,125.0,1,76.819697358297,0.18746625116364293,0.8125337488363571,7.6923076923076925,21.829774455042944,0.0002185320275766614,3.653199538401631,1.540445040947149,Isolated Ventricular Beat/False/._2025-02-22_ECGRec_202428_E1R4917_duration=1s_pos=162188-162252_src=json.json
10.046618311284167,409.04568012458253,51.02438151096829,1.9989342838839796,40.71475861189947,31.61290322580645,3968,128,39,62.5,109.375,0,74.96532237349089,0.14310314141458122,0.8568968585854188,10.526315789473685,13.706197151189553,0.0007561140291176631,3.0855390734147274,,Isolated Ventricular Beat/False/._2025-02-22_ECGRec_202428_E1R4917_duration=1s_pos=516262-516326_src=json.json
9.912092365392411,405.5517051829232,50.28376856028584,1.9536361533851743,40.91483909936595,27.09677419354839,3968,128,37,70.3125,117.1875,0,72.87295730100158,0.21719718376737826,0.7828028162326217,16.666666666666668,21.79114384435131,0.00034187087773532835,3.1961322765131923,1.6094379124341003,Isolated Ventricular Beat/False/._2025-02-22_ECGRec_202428_E1R4917_duration=1s_pos=1010579-1010643_src=json.json
9.962471803476033,402.2117334900509,50.440392664376894,1.6940993948399985,40.37268070129277,29.677419354838708,3968,128,39,62.5,109.375,0,74.8115867726224,0.1789661196341076,0.8210338803658924,10.526315789473685,17.851853631419626,0.0035642055807486913,3.6720004191376185,1.7047480922384253,Isolated Ventricular Beat/False/._2025-02-22_ECGRec_202428_E1R4917_duration=1s_pos=296776-296840_src=json.json
10.068475879217406,411.17719083449634,51.130083532132645,1.7343078454878924,40.83807270623201,28.387096774193548,3968,128,40,62.5,125.0,1,75.63636363636364,0.20688245939370878,0.7931175406062912,15.384615384615385,16.019486508928274,0.0009371990366747352,2.7979946396860673,2.772588722239781,Isolated Ventricular Beat/False/._2025-02-22_ECGRec_202428_E1R4917_duration=1s_pos=779655-779719_src=json.json
18.57829679540687,428.48227006773334,48.90443691171275,9.255637351501921,23.063591443435005,4.516129032258064,3968,128,38,66.40625,117.1875,0,74.27077888133822,0.16043238477946298,0.839567615220537,5.405405405405405,8.060523133269466,0.003986760047217589,1.5242803415674535,1.1394342831883648,Isolated Ventricular Beat/False/._2025-02-22_ECGRec_202428_E1R4995_duration=1s_pos=67413-67477_src=json.json
18.444539002499198,398.81456941273876,46.27621028500543,7.897633020946593,21.6223646324983,10.967741935483872,3968,128,37,62.5,132.8125,4,71.03802672147997,0.07847994327066762,0.9215200567293323,0.0,7.563950916098019,0.0025610253852197218,0.8687875672338086,1.3862943611198906,Isolated Ventricular Beat/False/._2025-02-23_ECGRec_202428_E1R4995_duration=1s_pos=11724-11788_src=json.json
10.213255443685437,411.9721738871107,50.92750642327064,2.08176245288616,40.337004770091845,24.516129032258064,3968,128,42,74.21875,140.625,5,81.28033040784719,0.23249520002955537,0.7675047999704446,17.073170731707318,17.3632018715714,0.00024316580717067618,2.444723262134036,2.0149030205422647,Isolated Ventricular Beat/False/._2025-02-24_ECGRec_202428_E1R4917_duration=1s_pos=2628423-2628487_src=json.json
10.065288494136553,410.476688742615,50.94102670492209,1.8464227067043204,40.78140911711826,27.09677419354839,3968,128,43,62.5,85.9375,0,82.77136258660508,0.19743669836898958,0.8025633016310104,19.047619047619047,6.385688187860286,0.0029303692197401986,1.6489036544614264,2.5649493574615367,Isolated Ventricular Beat/False/._2025-02-24_ECGRec_202428_E1R4917_duration=1s_pos=4009606-4009670_src=json.json
17.080652261423193,410.5639560742569,53.70450058385043,2.9645957931552225,24.036783007680345,12.903225806451612,3968,128,4,144.53125,179.6875,2,67.36842105263158,0.6517648145994706,0.34823518540052945,33.333333333333336,20.266036852011382,0.0013458865951745482,0.6025438940528051,,Isolated Ventricular Beat/False/._2025-02-24_ECGRec_202428_E1R4917_duration=1s_pos=4096529-4096593_src=json.json
10.11482049920587,411.1381673221265,50.9867952437841,2.1144773515879844,40.64710062895382,26.451612903225808,3968,128,39,70.3125,132.8125,6,77.08399366085578,0.1666739918504176,0.8333260081495824,13.157894736842104,19.132963966558233,0.00032625253344069317,2.1531067305277864,2.3978952727983707,Isolated Ventricular Beat/False/._2025-02-24_ECGRec_202428_E1R4917_duration=1s_pos=2434362-2434426_src=json.json
10.03108361160704,414.65417682543426,51.28023437451581,1.796830238898206,41.336923461460486,27.09677419354839,3968,128,42,62.5,85.9375,0,82.58064516129032,0.19731452557885973,0.8026854744211402,24.390243902439025,6.534011977379297,0.00046362454257068894,1.574076735753781,2.3978952727983707,Isolated Ventricular Beat/False/._2025-02-24_ECGRec_202428_E1R4917_duration=1s_pos=4009853-4009917_src=json.json
9.915245431755368,409.68643144289894,50.87361405468938,1.7938326027828744,41.31883501460984,28.387096774193548,3968,128,42,62.5,101.5625,0,80.3265306122449,0.16995540488630667,0.8300445951136933,19.51219512195122,7.720245618466809,0.0003053732360595021,1.7839391967145168,,Isolated Ventricular Beat/False/._2025-02-24_ECGRec_202428_E1R4917_duration=1s_pos=3189982-3190046_src=json.json
9.76306495961502,406.388854355776,50.77387596335698,1.484158209862585,41.62512637288388,31.61290322580645,3968,128,45,62.5,93.75,0,86.38036809815951,0.14252896563505327,0.8574710343649468,11.363636363636363,6.098025307254815,0.0012928769578701615,1.6469606670622683,,Isolated Ventricular Beat/False/._2025-02-24_ECGRec_202428_E1R4917_duration=1s_pos=3985399-3985463_src=json.json
10.170460601483489,408.0113283663739,50.82789084534465,2.105629670791309,40.117287135409896,23.225806451612904,3968,128,42,62.5,70.3125,0,80.40858018386108,0.16488161121855155,0.8351183887814484,9.75609756097561,6.3420632901167036,0.00344174107823336,1.4847671862701597,,Isolated Ventricular Beat/False/._2025-02-24_ECGRec_202428_E1R4917_duration=1s_pos=3745923-3745987_src=json.json
9.959483723885922,407.72235591118266,50.71872507014716,2.0001768135000653,40.93809742318681,29.03225806451613,3968,128,41,62.5,70.3125,0,79.64739434793881,0.14388627651628955,0.8561137234837104,15.0,6.618420932112846,0.0011291574148688092,1.5992525800317512,2.3025850929940455,Isolated Ventricular Beat/False/._2025-02-24_ECGRec_202428_E1R4917_duration=1s_pos=4013765-4013829_src=json.json
10.093470976559296,406.3662564633699,50.63717208591863,1.8907757264203795,40.26030462135327,23.225806451612904,3968,128,41,78.125,132.8125,6,80.48205396908567,0.17169790080163952,0.8283020991983605,15.0,17.893575468472907,0.0009679550707696707,2.110003598761632,1.8718021769015913,Isolated Ventricular Beat/False/._2025-02-24_ECGRec_202428_E1R4917_duration=1s_pos=2847582-2847646_src=json.json
9.881462137075202,413.0494098407784,51.51037613866827,1.7299448121390615,41.80043017020618,32.25806451612903,3968,128,40,70.3125,125.0,2,78.5729275970619,0.17140978768410262,0.8285902123158974,20.512820512820515,19.32469647944885,0.000358031181350197,2.2450511836599736,2.70805020110221,Isolated Ventricular Beat/False/._2025-02-24_ECGRec_202428_E1R4917_duration=1s_pos=3799745-3799809_src=json.json
9.824570167692292,405.6144535015729,50.65076084282175,1.7582431998257597,41.28571584227714,28.387096774193548,3968,128,42,62.5,101.5625,0,81.28033040784719,0.17191378264481424,0.8280862173551857,19.51219512195122,7.887562870602558,0.0014360847795937685,1.839136760740551,1.791759469228055,Isolated Ventricular Beat/False/._2025-02-24_ECGRec_202428_E1R4917_duration=1s_pos=3263144-3263208_src=json.json
10.124984841785595,413.63010163066673,51.23297027342256,2.0327627580900565,40.85241284226042,22.58064516129032,3968,128,42,62.5,101.5625,0,79.81749049429658,0.15735708765088502,0.842642912349115,17.073170731707318,7.726074135008577,0.0006239723797583529,1.9452544009901125,2.5649493574615367,Isolated Ventricular Beat/False/._2025-02-24_ECGRec_202428_E1R4917_duration=1s_pos=4163303-4163367_src=json.json
10.109968048627442,411.1998812928648,50.78988621632018,2.1548720734319016,40.672714161146764,23.225806451612904,3968,128,41,62.5,70.3125,0,79.35933867217773,0.16994167049332506,0.8300583295066749,20.0,6.994384485720229,0.00020454812141353936,1.7185722986448113,,Isolated Ventricular Beat/False/._2025-02-24_ECGRec_202428_E1R4917_duration=1s_pos=4000886-4000950_src=json.json
12.343418310947799,407.7502101722087,50.535916969839796,3.842980069047819,33.03381339484766,14.838709677419354,3968,128,8,62.5,164.0625,2,15.682613768961494,0.7811239897680659,0.21887601023193415,42.857142857142854,22.416320144080515,0.002014259366818209,0.24449701636753643,,Isolated Ventricular Beat/False/._2025-02-24_ECGRec_202428_E1R4917_duration=1s_pos=4197000-4197064_src=json.json
10.096179246210239,412.137269990661,51.172614095061235,2.039768554090493,40.82110857176538,29.03225806451613,3968,128,39,78.125,125.0,2,75.527950310559,0.1621471302550765,0.8378528697449235,13.157894736842104,21.20760291608791,0.000925997676325578,2.423419538206235,1.8718021769015913,Isolated Ventricular Beat/False/._2025-02-24_ECGRec_202428_E1R4917_duration=1s_pos=3785719-3785783_src=json.json
34.36148884790375,393.25445876221266,57.28219276280365,11.536931065369348,11.44462770685723,5.161290322580645,3968,128,50,70.3125,132.8125,3,97.21518987341773,0.23501181332742724,0.7649881866725727,24.489795918367346,5.898404917357725,0.003191842985185257,0.5574805034275977,2.3978952727983707,Isolated Ventricular Beat/False/._2025-02-24_ECGRec_202428_E1R4917_duration=1s_pos=51539-51603_src=json.json
13.393544175890733,411.6280840656805,50.45248931405375,4.055561843207656,30.733318076728356,12.258064516129032,3968,128,46,62.5,125.0,1,89.30232558139535,0.31265402429783357,0.6873459757021665,22.22222222222222,11.64536410575188,0.0016731718715363554,0.59096850792462,1.466337068793427,Isolated Ventricular Beat/False/._2025-02-24_ECGRec_202428_E1R4917_duration=1s_pos=41948-42012_src=json.json
11.07147740526173,409.28227281465945,50.87263736324746,2.340692818813661,36.96726469882719,18.70967741935484,3968,128,43,62.5,117.1875,0,83.32730560578662,0.23366522958987063,0.7663347704101293,30.952380952380953,7.254992332404861,0.00911217013676576,1.2876286993098107,2.0794415416798357,Isolated Ventricular Beat/False/._2025-02-24_ECGRec_202428_E1R4917_duration=1s_pos=21298-21362_src=json.json
13.530114234361838,416.617081545495,50.65001095620348,4.258092739063191,30.79183542261569,10.32258064516129,3968,128,48,62.5,125.0,1,91.63747143945164,0.18557922823514678,0.8144207717648533,34.04255319148936,13.569502638996827,0.0014177251189183857,0.528962611771812,1.9459101490553135,Isolated Ventricular Beat/False/._2025-02-24_ECGRec_202428_E1R4917_duration=1s_pos=33937-34001_src=json.json
23.123972264948996,412.3735647077801,57.48529476775581,7.85446466569617,17.833162146613027,9.032258064516128,3968,128,42,62.5,140.625,3,81.74454828660436,0.7552338275452333,0.24476617245476673,24.390243902439025,7.064352706319138,0.003145762837585256,0.5907995286453527,1.1093075777848578,Isolated Ventricular Beat/False/._2025-02-24_ECGRec_202428_E1R4917_duration=1s_pos=23881-23945_src=json.json
