mean_motion,max_motion,std_motion,median_motion,peak_ratio,zero_motion_pct,n_samples_ecg,fs,n_peaks,qrs_width_ms,qrs_width_max_ms,n_wide_qrs,mean_hr_bpm,rr_cv,hr_regularity,premature_pct,kurt,baseline_drift,snr_proxy,samp_en,json_path
9.662735029362183,411.02856004675425,51.24007870051357,1.5754662920113294,42.53749236217989,34.193548387096776,3968,128,30,70.3125,78.125,0,59.96768982229403,0.12739778287659675,0.8726022171234032,3.4482758620689653,10.43431345275741,0.00031641057174858396,1.5980299933989408,1.0116009116784799,Isolated Supraventricular Beat/True/data20240102_aligned_C-002_1700043599660-1700044175660_duration=1s_pos=52552-52616_src=ishne.json
58.211356362301835,1394.3441113584172,130.67104924088045,23.062275270495427,23.953128299004522,3.870967741935484,3968,128,10,109.375,132.8125,2,102.704309063893,0.5038045565871976,0.4961954434128024,44.44444444444444,18.399653705987767,0.0071579475708478234,0.6330079068328899,,Isolated Supraventricular Beat/True/data20240102_aligned_R-003_1697648979857-1697649578857_duration=1s_pos=72252-72316_src=ishne.json
11.572259931528835,416.10284463836086,50.83499584221038,2.640305637040319,35.95691862639228,21.935483870967744,3968,128,45,78.125,132.8125,4,88.04585721730068,0.22869731122765813,0.7713026887723419,0.0,11.539290812846167,0.012813412488497693,5.653682560008964,0.5174701664846592,Isolated Supraventricular Beat/True/ReNew20230809_Patient_P001-006_P-002_04-06-2023_P-002_04-06-2023.linejson_duration=1s_pos=5886593-5886657_src=ishne.json
31.99806519861698,404.26363801823175,48.128332143613974,24.496746944358662,12.634002177159843,3.225806451612903,3968,128,36,54.6875,78.125,0,69.94535519125684,0.30213742392495563,0.6978625760750443,2.857142857142857,17.573067270480337,0.0014207220907701597,1.783702704113246,0.24221969837502366,Isolated Supraventricular Beat/True/data20240102_aligned_R-003_1697647249857-1697647848857_duration=1s_pos=15096-15160_src=ishne.json
9.42444664124679,408.8133582623774,50.9657254515499,1.3233978799285229,43.37796482344234,39.35483870967742,3968,128,30,70.3125,78.125,0,58.18181818181818,0.1508868897148207,0.8491131102851793,6.896551724137931,13.861430255908019,0.0005371991827917814,2.7786345190665704,1.1895840668738362,Isolated Supraventricular Beat/True/data20240102_aligned_C-002_1700040846660-1700043598660_duration=1s_pos=170218-170282_src=ishne.json
11.574140867871177,399.1705780852766,49.27208910618188,3.1585217307646962,34.488135936309874,15.483870967741936,3968,128,34,70.3125,85.9375,0,65.60704115972042,0.31566561060981074,0.6843343893901892,15.151515151515152,19.333293964422488,0.00015361238490043384,1.4409553527546413,0.5520685823000397,Isolated Supraventricular Beat/True/data20240102_aligned_R-003_1697644849857-1697645448857_duration=1s_pos=30710-30774_src=ishne.json
49.648886147967815,402.2943071557684,71.04821422806017,23.85525473782102,8.102785989075986,3.870967741935484,3968,128,49,78.125,132.8125,5,93.99286078531362,0.09158427872107111,0.9084157212789289,2.0833333333333335,11.296395722990724,0.0014847946184044774,7.865810535141222,0.4105802087749349,Isolated Supraventricular Beat/True/ReNew20230809_Patient_P001-006_P-002_04-06-2023_P-002_04-06-2023.linejson_duration=1s_pos=3981113-3981177_src=ishne.json
4.143536060820194,408.7438556931664,23.031932078880452,1.8548294400251297,98.64612037819143,29.29032258064516,3968,128,34,125.0,132.8125,18,68.55288071409251,0.14950025739658146,0.8504997426034185,6.0606060606060606,18.888023494164678,0.0015025931837862835,3.86237245865111,1.0459685551826876,Isolated Supraventricular Beat/True/ReNew20230809_Patient_P001-006_P-006_04-10-2023_P-006_04-10-2023.linejson_duration=1s_pos=10281155-10281219_src=ishne.json
10.412011207335834,408.290614419177,50.594483373204895,1.6879240714986476,39.21342064231484,30.967741935483872,3968,128,28,113.28125,164.0625,14,53.734128012438454,0.22581872237058975,0.7741812776294102,25.925925925925927,12.796463195452796,0.00023429594218524918,1.260263252130459,0.9808292530117262,Isolated Supraventricular Beat/True/data20240102_aligned_C-001_1701964762670-1701965361670_duration=1s_pos=23261-23325_src=ishne.json
11.0779684748495,408.97329451934274,50.71630895638791,2.5161504840789384,36.917712713312824,16.7741935483871,3968,128,32,85.9375,140.625,8,62.35725510738606,0.21412691029986422,0.7858730897001358,29.032258064516128,23.79436034433078,0.003998714176282941,2.9803573251974944,2.0794415416798357,Isolated Supraventricular Beat/True/data20240102_aligned_R-002_1700509822428-1700509961428_duration=1s_pos=8128-8192_src=ishne.json
12.749921175403058,423.0013536375177,51.98647153044292,3.41568621520838,33.17677926329347,16.129032258064516,3968,128,36,70.3125,132.8125,1,71.29973474801061,0.21099957969828848,0.7890004203017116,14.285714285714286,33.228799936464426,0.0057202944798908075,1.2536012065285551,0.531879032963823,Isolated Supraventricular Beat/True/data20240102_aligned_C-002_1700077674660-1700079262660_duration=1s_pos=184871-184935_src=ishne.json
18.725921925695005,426.66265406371906,53.01114366477202,5.662032871918354,22.784599496469603,7.096774193548387,3968,128,47,78.125,132.8125,2,90.376055257099,0.10198490717712391,0.8980150928228761,6.521739130434782,11.928257085997128,0.004222355463330531,6.8628847272126485,0.9360933591703348,Isolated Supraventricular Beat/True/ReNew20230809_Patient_P001-006_P-002_04-06-2023_P-002_04-06-2023.linejson_duration=1s_pos=4638366-4638430_src=ishne.json
3.7612652120501227,418.05024853886874,23.542755854614928,1.7531655311000538,111.14614732654233,28.903225806451616,3968,128,36,125.0,132.8125,24,70.32967032967034,0.14189791876571972,0.8581020812342803,8.571428571428571,15.400250307796313,0.001895521029534899,3.367702493615983,0.7178397931503169,Isolated Supraventricular Beat/True/ReNew20230809_Patient_P001-006_P-006_04-10-2023_P-006_04-10-2023.linejson_duration=1s_pos=8026343-8026407_src=ishne.json
11.003359598129752,398.2150610196624,49.51781333135879,2.3926544606335254,36.19031272021998,25.806451612903224,3968,128,34,85.9375,140.625,6,69.1137169348241,0.23353524684498408,0.7664647531550159,9.090909090909092,19.48204432756452,0.02398047106929818,5.908073220970621,0.4387223298646469,Isolated Supraventricular Beat/True/ReNew20230809_Patient_P001-006_P-002_04-06-2023_P-002_04-06-2023.linejson_duration=1s_pos=6310494-6310558_src=ishne.json
35.17672056874949,451.36178385489245,51.39247983123369,28.107088158724423,12.831263509669304,1.935483870967742,3968,128,30,54.6875,85.9375,0,57.10769230769231,0.2982592494483406,0.7017407505516594,3.4482758620689653,20.003406649210536,0.00031091610096308094,1.7631159076770313,0.1663907347217603,Isolated Supraventricular Beat/True/data20240102_aligned_R-003_1697646649857-1697647248857_duration=1s_pos=20825-20889_src=ishne.json
3.486299446605467,408.9133070288713,23.032485942664223,1.30617880862971,117.29147079880079,38.45161290322581,3968,128,36,78.125,132.8125,14,69.70954356846474,0.13783512419323024,0.8621648758067697,8.571428571428571,13.070237875394245,0.0007541765616822922,3.5365064165838502,0.5959834321062977,Isolated Supraventricular Beat/True/ReNew20230809_Patient_P001-006_P-006_04-10-2023_P-006_04-10-2023.linejson_duration=1s_pos=7955071-7955135_src=ishne.json
18.829632347807586,410.13348783122393,67.45291434889278,3.0756429921618977,21.781278490957845,15.294117647058824,2176,128,19,85.9375,140.625,7,65.57874762808349,0.22065504690984436,0.7793449530901556,33.333333333333336,20.42781512775326,0.0004887310899231392,2.3106187133614915,,Isolated Supraventricular Beat/True/data20240102_aligned_R-002_1700510133428-1700510422428_duration=1s_pos=254-318_src=ishne.json
12.119484814614571,427.7320874945074,51.94630207165017,3.620497789668109,35.29292364686928,15.483870967741936,3968,128,30,101.5625,140.625,12,57.342945417095784,0.1670594743949311,0.8329405256050689,6.896551724137931,31.37624454959188,0.0005001545841516508,2.627446352954997,0.6151856390902334,Isolated Supraventricular Beat/True/data20240102_aligned_C-002_1700106876660-1700107777660_duration=1s_pos=29521-29585_src=ishne.json
10.910494140949348,422.8794949896757,52.05927633538046,2.356850929716714,38.75896460487127,18.70967741935484,3968,128,30,113.28125,140.625,12,57.81931464174455,0.10439494611341373,0.8956050538865863,3.4482758620689653,32.425990136246966,0.001529817957857102,2.6847620361487605,1.0704414117014134,Isolated Supraventricular Beat/True/data20240102_aligned_C-002_1700090975660-1700091562660_duration=1s_pos=26590-26654_src=ishne.json
12.599200854833763,415.8457362567367,51.32399976040866,3.806206365167375,33.0057206042139,12.258064516129032,3968,128,34,117.1875,156.25,17,66.0,0.09958818197738885,0.9004118180226112,3.0303030303030303,27.2122323181115,0.0002036056393032252,2.432499523600499,0.665748206371831,Isolated Supraventricular Beat/True/data20240102_aligned_C-002_1700098963660-1700101753660_duration=1s_pos=175900-175964_src=ishne.json
90.70371624075675,532.650504879746,103.82835035027261,47.55406278427354,5.8724220030136225,3.225806451612903,3968,128,55,78.125,125.0,1,106.4749679075738,0.14993867266492691,0.8500613273350731,0.0,7.309818500977643,0.00129911997823143,5.33209971853303,0.23076034500346976,Isolated Supraventricular Beat/True/ReNew20230809_Patient_P001-006_P-002_04-06-2023_P-002_04-06-2023.linejson_duration=1s_pos=2689610-2689674_src=ishne.json
3.7869673585591976,415.173241151273,23.45078571738664,1.7516068311804744,109.63208610204262,32.0,3968,128,34,125.0,140.625,19,65.57309184993531,0.14048134636797857,0.8595186536320214,9.090909090909092,14.355571795659834,0.0002680247614088669,3.1502029857244125,0.9946225751440622,Isolated Supraventricular Beat/True/ReNew20230809_Patient_P001-006_P-006_04-10-2023_P-006_04-10-2023.linejson_duration=1s_pos=8187315-8187379_src=ishne.json
10.766030596808847,408.1961608305178,50.55099767076244,2.314283143057594,37.91519253496442,24.516129032258064,3968,128,31,85.9375,132.8125,2,59.30501930501931,0.2366158078888949,0.7633841921111051,43.333333333333336,20.574877590689752,0.0038501070633970864,2.4977791304425607,1.252762968495368,Isolated Supraventricular Beat/True/data20240102_aligned_R-002_1700507075428-1700507414428_duration=1s_pos=36777-36841_src=ishne.json
67.71251099971886,862.2940984748387,117.19433818387526,21.718704378456355,12.734634604582666,3.225806451612903,3968,128,53,78.125,125.0,4,101.28328683743342,0.14586553565524987,0.8541344643447502,0.0,10.026602081404194,0.019839497467602482,7.67278446936641,0.2411620568168881,Isolated Supraventricular Beat/True/ReNew20230809_Patient_P001-006_P-002_04-06-2023_P-002_04-06-2023.linejson_duration=1s_pos=5451379-5451443_src=ishne.json
37.64924268639992,399.608685442606,51.20495802932415,27.84191307699091,10.613989719717985,1.935483870967742,3968,128,32,70.3125,125.0,1,62.09702660406886,0.30184539597213483,0.6981546040278652,3.225806451612903,13.584120518415599,0.0005372334346007378,1.3628795407668697,0.2702903297399117,Isolated Supraventricular Beat/True/data20240102_aligned_R-003_1697647849857-1697648448857_duration=1s_pos=31913-31977_src=ishne.json
12.031701859906208,415.2915892925272,51.27374370285897,3.162485509146551,34.516443277237364,15.483870967741936,3968,128,30,78.125,125.0,3,57.909516380655226,0.11660241707663442,0.8833975829233656,3.4482758620689653,23.904544832476834,0.0004037241217684849,2.9220327313081706,0.7884573603642702,Isolated Supraventricular Beat/True/data20240102_aligned_C-002_1700074166660-1700074795660_duration=1s_pos=3959-4023_src=ishne.json
13.104026042682534,412.13215188400164,51.08823184386303,4.198873058022912,31.45080138659679,12.258064516129032,3968,128,40,109.375,171.875,15,77.51552795031056,0.118862377257922,0.881137622742078,10.256410256410257,15.755545900728762,0.002325453499591495,2.5237418639435556,0.8060875917405407,Isolated Supraventricular Beat/True/data20240102_aligned_C-002_1700087794660-1700090365660_duration=1s_pos=81537-81601_src=ishne.json
9.111382911460096,403.3809675260156,50.149101311900765,1.2607041137326913,44.272195250015976,38.70967741935484,3968,128,31,78.125,85.9375,0,59.87525987525987,0.0934453040247263,0.9065546959752737,3.3333333333333335,3.7176076289937487,0.006067487779751914,1.0199892081030835,1.5198257537444133,Isolated Supraventricular Beat/True/data20240102_aligned_C-002_1700117392660-1700118000660_duration=1s_pos=53448-53512_src=ishne.json
11.465116010306467,403.94000724106417,50.481947461401546,3.107492886925023,35.232087633989764,14.193548387096774,3968,128,42,78.125,125.0,6,81.51177841056175,0.07923419322868028,0.9207658067713197,2.4390243902439024,13.19760911345313,0.007822905219270612,9.819026533808263,0.9852836033611064,Isolated Supraventricular Beat/True/ReNew20230809_Patient_P001-006_P-002_04-06-2023_P-002_04-06-2023.linejson_duration=1s_pos=4731604-4731668_src=ishne.json
3.8447951371107165,416.06799542139294,23.31313793137836,1.855037922056102,108.2158794858911,27.87096774193548,3968,128,33,85.9375,132.8125,12,64.4700944386149,0.13592211896963283,0.8640778810303672,6.25,19.92443668043477,0.0022360227616855283,4.113234707579417,1.563975538357343,Isolated Supraventricular Beat/True/ReNew20230809_Patient_P001-006_P-006_04-10-2023_P-006_04-10-2023.linejson_duration=1s_pos=10492777-10492841_src=ishne.json
9.352700496706236,405.55539179136105,50.65028945359425,1.4407146320791764,43.36237951507236,38.70967741935484,3968,128,34,70.3125,117.1875,0,67.350518203561,0.23806488307860169,0.7619351169213984,18.181818181818183,16.22086168111974,0.00045515458414245596,2.6095703910734738,0.2995971070296521,Isolated Supraventricular Beat/True/data20240102_aligned_C-002_1700048796660-1700051993660_duration=1s_pos=69126-69190_src=ishne.json
11.080259161317874,411.3398887444242,51.0907841767561,2.8985776382859374,37.1236670218671,18.70967741935484,3968,128,32,132.8125,164.0625,19,61.935483870967744,0.1328929458657907,0.8671070541342093,6.451612903225806,16.148652526009986,0.0005743507436525056,2.150289247226381,1.3350010667323402,Isolated Supraventricular Beat/True/data20240102_aligned_C-001_1701945598670-1701946193670_duration=1s_pos=43988-44052_src=ishne.json
12.199988376300428,398.2808265472153,49.568887765993104,3.3643377928761486,32.64599781708921,16.129032258064516,3968,128,7,62.5,117.1875,0,19.15211970074813,1.7037061421781705,0.0,33.333333333333336,14.186104718635516,0.0015004079453731123,0.6362081693276145,,Isolated Supraventricular Beat/True/data20240102_aligned_C-002_1700114991660-1700115598660_duration=1s_pos=3175-3239_src=ishne.json
28.088856434160586,384.73942627079083,49.75778215549507,14.532801550784846,13.697225925711223,5.161290322580645,3968,128,9,93.75,171.875,1,64.26778242677824,0.48233441436506136,0.5176655856349386,37.5,9.151031986157756,0.011721494243984285,0.8019349344163827,,Isolated Supraventricular Beat/True/data20240102_aligned_C-002_1700079263660-1700087247660_duration=1s_pos=237059-237123_src=ishne.json
13.851408282981534,409.0097064788807,49.951964419986304,4.670375621068645,29.528382139527743,11.612903225806452,3968,128,33,78.125,148.4375,2,64.3182412980895,0.2683674703064379,0.7316325296935621,40.625,13.517107407727664,0.005989859169264402,1.8792999229858578,0.6678293725756556,Isolated Supraventricular Beat/True/data20240102_aligned_R-002_1700507075428-1700507414428_duration=1s_pos=31028-31092_src=ishne.json
10.91667129203453,410.38379496837797,51.033418338149886,2.2712197664014333,37.59238932800236,26.451612903225808,3968,128,32,121.09375,148.4375,16,62.09702660406886,0.09882243267853542,0.9011775673214646,3.225806451612903,21.787264203134566,0.00039257960630200735,2.0133022676498222,1.0296194171811581,Isolated Supraventricular Beat/True/data20240102_aligned_C-002_1700095129660-1700097002660_duration=1s_pos=16680-16744_src=ishne.json
13.687377294747726,397.9713164469528,49.572464769621824,4.034785450048206,29.075788502146306,10.967741935483872,3968,128,40,70.3125,85.9375,0,75.86626139817629,0.2208140965792348,0.7791859034207652,10.256410256410257,14.371207325606605,0.003018867370795081,1.289913825602328,0.5255317711556861,Isolated Supraventricular Beat/True/data20240102_aligned_R-003_1697648449857-1697648978857_duration=1s_pos=57830-57894_src=ishne.json
13.131118388393869,419.5755153642666,52.40479529924804,4.1928971790338165,31.952760686580504,10.666666666666668,3840,128,33,46.875,125.0,1,65.05029115934357,0.10832400503315587,0.8916759949668441,3.125,17.632362146271372,0.030572356358462255,2.0868164521141632,0.9932517730102834,Isolated Supraventricular Beat/True/data20240102_aligned_C-002_1700075247660-1700077196660_duration=1s_pos=247803-247867_src=ishne.json
11.337212978200771,404.7528984034054,50.21668580165077,3.2996348390210706,35.70126657057594,21.29032258064516,3968,128,34,70.3125,78.125,0,64.6530612244898,0.11958926827346698,0.8804107317265331,3.0303030303030303,7.128241668334635,0.0022116251349598506,1.208125028788677,1.3862943611198906,Isolated Supraventricular Beat/True/data20240102_aligned_C-002_1700063066660-1700072385660_duration=1s_pos=377491-377555_src=ishne.json
40.47803453484723,429.9186698622739,51.98350988916457,30.293275397493602,10.6210359317502,2.5806451612903225,3968,128,47,54.6875,85.9375,0,92.40910279884906,0.17088836173655303,0.8291116382634469,6.521739130434782,12.187698297723347,0.0038434452861053703,1.6258650447134295,0.28879752153564664,Isolated Supraventricular Beat/True/data20240102_aligned_R-003_1697647849857-1697648448857_duration=1s_pos=9692-9756_src=ishne.json
13.304297596008256,415.4462687900502,50.93828161977402,4.61771050738502,31.226469083811626,15.483870967741936,3968,128,39,85.9375,156.25,13,75.86171042370678,0.15879782810024,0.84120217189976,13.157894736842104,13.303774129677848,0.0008890802222544583,1.4588370006709932,0.7348198769605134,Isolated Supraventricular Beat/True/data20240102_aligned_C-002_1700098963660-1700101753660_duration=1s_pos=54797-54861_src=ishne.json
36.0738696411367,416.81708826706773,50.39211715611024,27.737849012892223,11.554542965837216,1.2903225806451613,3968,128,35,70.3125,78.125,0,69.39144299760828,0.30707443384806954,0.6929255661519305,5.882352941176471,17.30898808727579,0.003779489790417109,1.6770728599194058,0.2643865098482589,Isolated Supraventricular Beat/True/data20240102_aligned_R-003_1697647849857-1697648448857_duration=1s_pos=21683-21747_src=ishne.json
11.439757995947533,404.6109492633404,50.13219769331596,2.1952493591077538,35.36883507831515,21.29032258064516,3968,128,34,85.9375,148.4375,7,64.09711684370258,0.25072859260752434,0.7492714073924757,36.36363636363637,24.146353745159885,0.0063852453639655,2.979730359052397,0.8754687373538999,Isolated Supraventricular Beat/True/data20240102_aligned_R-002_1700509593428-1700509821428_duration=1s_pos=3204-3268_src=ishne.json
14.214339800891445,414.9009669198059,51.247875661200574,4.284374402381719,29.188899628309578,14.838709677419354,3968,128,17,101.5625,148.4375,3,32.83805451630144,1.061718880559881,0.0,12.5,22.66700531771446,0.0007176594896050908,0.852322102978564,0.45198512374305727,Isolated Supraventricular Beat/True/data20240102_aligned_C-002_1700094161660-1700095128660_duration=1s_pos=112556-112620_src=ishne.json
11.401806112606996,412.0794880863292,51.02755452725847,2.442061406000118,36.14159439960112,18.70967741935484,3968,128,27,78.125,164.0625,5,52.93743372216331,0.10864908606021947,0.8913509139397805,19.23076923076923,13.028194527316401,0.0003211458654526954,1.171823178152975,,Isolated Supraventricular Beat/True/data20240102_aligned_C-001_1702004377670-1702004978670_duration=1s_pos=72932-72996_src=ishne.json
33.65762490055345,392.90726498253514,48.68262795461881,23.404130492973074,11.673647634667969,1.2903225806451613,3968,128,43,54.6875,93.75,0,83.58642135268204,0.23619323459676142,0.7638067654032386,23.80952380952381,10.698552672262522,0.00421429280510336,1.0456297885858048,0.3184537311185346,Isolated Supraventricular Beat/True/data20240102_aligned_R-003_1697646044857-1697646648857_duration=1s_pos=54722-54786_src=ishne.json
12.176702456425597,408.62431748372694,49.47629717884136,2.649814724400068,33.55787705153463,18.70967741935484,3968,128,35,85.9375,140.625,6,68.07090719499479,0.2835918786946769,0.716408121305323,44.11764705882353,21.268508961285896,0.0036379865850193305,3.0023331261826893,1.252762968495368,Isolated Supraventricular Beat/True/data20240102_aligned_R-002_1700508616428-1700509216428_duration=1s_pos=25967-26031_src=ishne.json
9.988613857903504,404.54786380387173,50.38222317126135,1.7258216724844733,40.500897227384115,30.32258064516129,3968,128,32,85.9375,140.625,6,60.58015267175573,0.22020721415393943,0.7797927858460606,35.483870967741936,22.95414794140565,0.0008669150541232314,2.8353487483146558,1.2992829841302609,Isolated Supraventricular Beat/True/data20240102_aligned_R-002_1700507533428-1700508030428_duration=1s_pos=34389-34453_src=ishne.json
11.58863970037788,422.253772421859,51.88446952249298,2.833511684756429,36.43686807962648,20.64516129032258,3968,128,31,78.125,125.0,3,60.109574745630056,0.10293877294109302,0.897061227058907,3.3333333333333335,23.665427725315435,0.0021485538921589375,3.0699616248272994,1.157452788691043,Isolated Supraventricular Beat/True/data20240102_aligned_C-002_1700074166660-1700074795660_duration=1s_pos=28718-28782_src=ishne.json
12.896044467415855,415.70107114172515,51.05141728959105,3.214078035600032,32.234770898727646,18.70967741935484,3968,128,34,85.9375,140.625,7,65.4207537429014,0.22623982425831274,0.7737601757416872,12.121212121212121,15.387461006117597,0.0009232730895147279,5.126021709728249,0.7108467576593462,Isolated Supraventricular Beat/True/ReNew20230809_Patient_P001-006_P-002_04-06-2023_P-002_04-06-2023.linejson_duration=1s_pos=724313-724377_src=ishne.json
31.610987474118474,389.64209563532506,48.7065726322048,22.02505211390382,12.326159808458533,3.225806451612903,3968,128,46,70.3125,101.5625,0,88.16326530612245,0.22141328829008006,0.7785867117099199,28.88888888888889,5.173354354547211,0.003173126226100586,0.5278100167881845,0.14416979082957843,Isolated Supraventricular Beat/True/data20240102_aligned_R-003_1697646044857-1697646648857_duration=1s_pos=74777-74841_src=ishne.json
17.812044668077075,415.0788047454665,48.3094368125776,7.073223715108101,23.303264121390328,7.741935483870968,3968,128,47,78.125,125.0,2,90.8641975308642,0.06700682916835031,0.9329931708316497,2.1739130434782608,11.044431322081707,0.001121187545553114,8.053720289001527,0.8031480757742738,Isolated Supraventricular Beat/True/ReNew20230809_Patient_P001-006_P-002_04-06-2023_P-002_04-06-2023.linejson_duration=1s_pos=5270602-5270666_src=ishne.json
12.885116805668071,418.59262656521213,51.79244314487391,4.389343863333117,32.48651916718032,15.483870967741936,3968,128,35,85.9375,140.625,9,66.35832274459975,0.10624350095499573,0.8937564990450043,2.9411764705882355,16.00782293983085,0.0008548440904163698,1.705963695585274,0.8564722366632449,Isolated Supraventricular Beat/True/data20240102_aligned_C-002_1700087248660-1700087793660_duration=1s_pos=37523-37587_src=ishne.json
14.490064571545414,415.36936263446336,51.11026521776236,4.658234996791855,28.665802827706795,12.258064516129032,3968,128,41,109.375,156.25,10,79.75077881619937,0.2327223046235596,0.7672776953764404,20.0,11.816334608336845,0.0012421658475973256,1.0972496540388939,0.600253433667249,Isolated Supraventricular Beat/True/data20240102_aligned_C-002_1700079263660-1700087247660_duration=1s_pos=1002535-1002599_src=ishne.json
3.8671305176378485,400.20330547801586,22.51520109359476,1.783236328147697,103.48841347978544,29.161290322580648,3968,128,37,85.9375,132.8125,18,71.01977909067557,0.16440144967303064,0.8355985503269694,8.333333333333334,19.870822814867115,0.0005907627379564575,4.026267966438375,1.0360919316867756,Isolated Supraventricular Beat/True/ReNew20230809_Patient_P001-006_P-006_04-10-2023_P-006_04-10-2023.linejson_duration=1s_pos=7873410-7873474_src=ishne.json
3.8146000373116933,415.6615999336436,23.43207554391669,1.6670597254864195,108.96594319247012,29.548387096774192,3968,128,35,78.125,132.8125,13,67.49030757301628,0.16910092548479805,0.830899074515202,8.823529411764707,13.735627694437508,0.001713903586462058,3.1153515476806013,0.9555114450274363,Isolated Supraventricular Beat/True/ReNew20230809_Patient_P001-006_P-006_04-10-2023_P-006_04-10-2023.linejson_duration=1s_pos=8128527-8128591_src=ishne.json
3.988363783809135,397.5752665987007,22.60580723301188,1.6994042437131762,99.68377722435703,32.0,3968,128,37,85.9375,132.8125,16,70.96509240246407,0.18385421668085622,0.8161457833191438,13.88888888888889,19.96070374213956,0.0006317445386231233,3.9975444222273655,1.547562508716013,Isolated Supraventricular Beat/True/ReNew20230809_Patient_P001-006_P-006_04-10-2023_P-006_04-10-2023.linejson_duration=1s_pos=7913705-7913769_src=ishne.json
68.30010988092589,572.7121515295827,105.53175484453637,15.37807883603537,8.385230186932588,7.096774193548387,3968,128,51,85.9375,132.8125,5,97.66022380467955,0.1464461756653505,0.8535538243346494,0.0,10.09005209575986,0.011303293507805946,8.27027372559835,0.19813216282059692,Isolated Supraventricular Beat/True/ReNew20230809_Patient_P001-006_P-002_04-06-2023_P-002_04-06-2023.linejson_duration=1s_pos=7231710-7231774_src=ishne.json
19.66926026340112,409.5788296672499,51.031720149363395,7.199539479977535,20.82329499732454,7.096774193548387,3968,128,33,85.9375,140.625,3,63.63542206110824,0.26733495011926045,0.7326650498807395,31.25,19.133232947869626,0.012082224595161086,2.4524043130462436,1.6094379124341003,Isolated Supraventricular Beat/True/data20240102_aligned_R-002_1700507533428-1700508030428_duration=1s_pos=6788-6852_src=ishne.json
21.77034188850674,443.92243571548653,52.99123108552922,8.384476727152368,20.391154975783472,3.225806451612903,3968,128,35,85.9375,140.625,7,68.53543307086615,0.2660133149829686,0.7339866850170313,38.23529411764706,20.552240268372348,0.0012337220977035681,2.475801608106077,1.791759469228055,Isolated Supraventricular Beat/True/data20240102_aligned_R-002_1700510423428-1700510476428_duration=1s_pos=4710-4774_src=ishne.json
41.01279216485672,392.1039239564482,51.115813110408304,31.31514596763896,9.560527184294205,1.935483870967742,3968,128,41,70.3125,93.75,0,79.11408704609838,0.1415894356854168,0.8584105643145832,10.0,8.619027799023423,0.007233175489018526,0.7280767952509362,0.616186139423817,Isolated Supraventricular Beat/True/data20240102_aligned_R-003_1697646044857-1697646648857_duration=1s_pos=35487-35551_src=ishne.json
14.20457311143348,406.2309705032231,50.271244850846806,4.9519563900422,28.598602627321405,10.32258064516129,3968,128,34,78.125,148.4375,2,65.64102564102564,0.29248136778678446,0.7075186322132155,30.303030303030305,13.379930920382776,0.0007226631126303962,1.9357567192067018,0.7375989431307791,Isolated Supraventricular Beat/True/data20240102_aligned_R-002_1700507075428-1700507414428_duration=1s_pos=30809-30873_src=ishne.json
23.88156658148149,402.3134322372415,54.38147943308044,7.087275155739148,16.846190304074003,10.967741935483872,3968,128,46,78.125,132.8125,2,89.76623376623375,0.265513755563525,0.734486244436475,2.2222222222222223,8.748896652168533,0.0015026585017568297,2.7871315724305825,0.6143663027068309,Isolated Supraventricular Beat/True/ReNew20230809_Patient_P001-006_P-002_04-06-2023_P-002_04-06-2023.linejson_duration=1s_pos=5807622-5807686_src=ishne.json
34.6434690886356,420.6327028180866,49.93001330321946,25.528069412305342,12.141760099144067,1.935483870967742,3968,128,39,62.5,78.125,0,75.86171042370678,0.27588603978613263,0.7241139602138673,5.2631578947368425,16.40095351726627,0.0014989700003660185,1.8012815292050983,0.3483066942682157,Isolated Supraventricular Beat/True/data20240102_aligned_R-003_1697647849857-1697648448857_duration=1s_pos=18230-18294_src=ishne.json
10.20064998586665,414.69959470731135,51.786640393500754,1.871503859167456,40.654228370512016,25.161290322580644,3968,128,30,97.65625,171.875,10,58.734177215189874,0.08621199665702191,0.913788003342978,6.896551724137931,15.709144138015066,0.001957882368686906,1.81941367986713,0.8362480242006186,Isolated Supraventricular Beat/True/data20240102_aligned_C-001_1701937796670-1701938383670_duration=1s_pos=70865-70929_src=ishne.json
9.285210507801231,407.4480567743166,50.88098699250659,1.2929319556254093,43.88139747080481,39.35483870967742,3968,128,32,70.3125,117.1875,0,61.29763130792997,0.17606193071523868,0.8239380692847613,9.67741935483871,19.420171362292283,0.00026184000866526913,3.090105604544114,0.6109090823229733,Isolated Supraventricular Beat/True/data20240102_aligned_C-002_1700048796660-1700051993660_duration=1s_pos=253241-253305_src=ishne.json
5.387202631140215,406.2376012784714,23.700109435808105,1.9817537628932236,75.40787931799233,26.064516129032256,3968,128,38,82.03125,132.8125,12,73.08641975308642,0.13872732944566332,0.8612726705543367,5.405405405405405,16.58196581236819,0.001593343902901048,3.6916287224359303,0.8938178760220964,Isolated Supraventricular Beat/True/ReNew20230809_Patient_P001-006_P-006_04-10-2023_P-006_04-10-2023.linejson_duration=1s_pos=10115054-10115118_src=ishne.json
19.713960565699086,395.0729830435563,49.82855068387351,8.518032774612605,20.04026343091566,9.67741935483871,3968,128,29,70.3125,78.125,0,54.592536176694594,0.7774690249791621,0.22253097502083785,7.142857142857143,18.82353379447446,0.03868373350026629,1.3039169914955624,1.1394342831883648,Isolated Supraventricular Beat/True/data20240102_aligned_R-003_1697647849857-1697648448857_duration=1s_pos=40519-40583_src=ishne.json
10.239280045635686,418.18622851201246,51.633882658601536,1.7845922307579976,40.84136636627012,32.903225806451616,3968,128,24,148.4375,164.0625,14,47.02875399361022,0.13300580802460685,0.8669941919753932,4.3478260869565215,25.40548924722683,0.0058542088104022024,2.145190247036655,0.916290731874155,Isolated Supraventricular Beat/True/data20240102_aligned_C-001_1701939580670-1701940188670_duration=1s_pos=50898-50962_src=ishne.json
11.236341514290997,405.4037402372251,50.664547734236436,2.54458376669775,36.07968871735713,23.870967741935484,3968,128,35,101.5625,156.25,14,67.85862785862786,0.13704176314500238,0.8629582368549976,5.882352941176471,14.625583856757164,0.004215757756912786,2.3040340125062366,0.4257703742689099,Isolated Supraventricular Beat/True/data20240102_aligned_C-002_1700095129660-1700097002660_duration=1s_pos=226595-226659_src=ishne.json
10.240586283803047,410.7833004738012,51.28018823120644,1.9574659002294936,40.11325611408183,28.387096774193548,3968,128,33,117.1875,148.4375,14,64.11687972867206,0.17064487324944536,0.8293551267505547,9.375,24.27534685234705,0.0026309849536715435,2.1712642568209057,0.8472978603872037,Isolated Supraventricular Beat/True/data20240102_aligned_C-002_1700108923660-1700109589660_duration=1s_pos=16307-16371_src=ishne.json
10.09835446588415,415.14488960152994,51.59555811242576,1.7292928808814167,41.11014818244789,31.61290322580645,3968,128,24,140.625,164.0625,14,46.84168655529037,0.14033847835105062,0.8596615216489494,8.695652173913043,25.091614322067407,0.00015183626296836676,2.151609434796188,1.791759469228055,Isolated Supraventricular Beat/True/data20240102_aligned_C-001_1701943192670-1701943778670_duration=1s_pos=8484-8548_src=ishne.json
3.886534041250407,400.0639823868862,22.432947235154856,1.809735188356587,102.9359000088095,30.967741935483872,3968,128,38,78.125,132.8125,10,74.29019607843138,0.15988846554638372,0.8401115344536163,10.81081081081081,19.056274368860063,0.0013215692897520688,4.090050155354518,0.7449722484245314,Isolated Supraventricular Beat/True/ReNew20230809_Patient_P001-006_P-006_04-10-2023_P-006_04-10-2023.linejson_duration=1s_pos=7905992-7906056_src=ishne.json
3.90687638865233,403.46531016718654,22.672458718165906,1.8020867724746203,103.27053296811066,30.709677419354836,3968,128,32,85.9375,140.625,14,61.2188223193623,0.12875224613382757,0.8712477538661725,6.451612903225806,23.40147155965283,0.0017632582871201798,4.18920025696695,1.4350845252893227,Isolated Supraventricular Beat/True/ReNew20230809_Patient_P001-006_P-006_04-10-2023_P-006_04-10-2023.linejson_duration=1s_pos=984800-984864_src=ishne.json
10.207570624010794,408.0924166656035,50.8960193350309,2.003498411421223,39.97938311847519,27.09677419354839,3968,128,28,101.5625,171.875,12,53.51225806451613,0.16102894951094632,0.8389710504890537,7.407407407407407,16.327837267253734,0.00037189618057240645,1.550341558091552,1.3862943611198906,Isolated Supraventricular Beat/True/data20240102_aligned_C-001_1701946194670-1701946794670_duration=1s_pos=58436-58500_src=ishne.json
3.699943393659502,425.90908385557316,23.38701755840231,1.5111691980775888,115.11229319701194,34.96774193548387,3968,128,34,125.0,132.8125,20,65.16842375932116,0.19834433906343568,0.8016556609365644,3.0303030303030303,19.388232558555387,0.0011862967372166632,3.9851796961854262,0.4462871026284195,Isolated Supraventricular Beat/True/ReNew20230809_Patient_P001-006_P-006_04-10-2023_P-006_04-10-2023.linejson_duration=1s_pos=10316011-10316075_src=ishne.json
11.757779307822595,399.7936356819377,49.36546634505641,2.676217014466853,34.00247540056095,19.35483870967742,3968,128,33,54.6875,78.125,0,64.7588932806324,0.27434348271221165,0.7256565172877883,18.75,21.061840355646257,0.0002487751478021126,1.4254385567403032,0.587786664902119,Isolated Supraventricular Beat/True/data20240102_aligned_R-003_1697644849857-1697645448857_duration=1s_pos=50739-50803_src=ishne.json
10.971679446085702,414.7543895603145,51.11584799531788,2.216536005292591,37.80226662619251,26.451612903225808,3968,128,28,105.46875,164.0625,12,54.2401255558462,0.11927174380185131,0.8807282561981487,11.11111111111111,10.457068396267896,0.0008383161198850496,1.527367283089038,,Isolated Supraventricular Beat/True/data20240102_aligned_C-001_1701962963670-1701963570670_duration=1s_pos=7343-7407_src=ishne.json
26.35780808424248,426.5505864840231,54.62909875512794,11.931334675370442,16.183082027824092,5.161290322580645,3968,128,7,70.3125,125.0,1,138.3783783783784,0.3411945354306962,0.6588054645693038,16.666666666666668,39.44222772488891,0.0028283306173935326,0.47665130700207886,,Isolated Supraventricular Beat/True/data20240102_aligned_C-002_1700101754660-1700105384660_duration=1s_pos=33443-33507_src=ishne.json
7.3219012084841175,409.5879505031853,23.810936603843246,3.3141601172301804,55.94010119782574,20.64516129032258,3968,128,39,125.0,132.8125,22,74.86916367367881,0.10441346472203468,0.8955865352779653,2.6315789473684212,16.439871265653547,0.0007420369036131216,3.740430218955559,0.7254080427781667,Isolated Supraventricular Beat/True/ReNew20230809_Patient_P001-006_P-006_04-10-2023_P-006_04-10-2023.linejson_duration=1s_pos=5118008-5118072_src=ishne.json
3.8823386440413987,418.8128765875104,23.53089478514895,1.6469202243225567,107.87641344834498,30.193548387096776,3968,128,34,85.9375,132.8125,13,66.38030382399162,0.1945708370626625,0.8054291629373375,12.121212121212121,14.721614791933078,0.0040112355373047755,3.24546352800126,1.4170660197866443,Isolated Supraventricular Beat/True/ReNew20230809_Patient_P001-006_P-006_04-10-2023_P-006_04-10-2023.linejson_duration=1s_pos=8146129-8146193_src=ishne.json
11.122903413599987,410.46392343657965,51.111736906032924,1.7473967406016477,36.90258480821834,32.25806451612903,3968,128,11,101.5625,156.25,4,42.17462932454695,0.8606423511883049,0.1393576488116951,30.0,21.30432646188958,0.002009725102636018,0.6308688207863664,0.6931471805599453,Isolated Supraventricular Beat/True/data20240102_aligned_C-001_1702003180670-1702003774670_duration=1s_pos=3561-3625_src=ishne.json
13.356413692384207,407.94649555467134,50.41409363604226,4.531587824708527,30.543113923175913,11.612903225806452,3968,128,40,101.5625,156.25,14,76.64278403275333,0.08600108731851522,0.9139989126814848,5.128205128205129,14.07174695547669,0.0016353426752651512,1.9699094371854489,1.2039728043259361,Isolated Supraventricular Beat/True/data20240102_aligned_C-002_1700087794660-1700090365660_duration=1s_pos=84523-84587_src=ishne.json
3.29778500022813,418.3533153978579,23.617927745631707,1.4128421726653517,126.85884268079177,38.193548387096776,3968,128,32,82.03125,132.8125,14,60.65732484076433,0.07635579953102162,0.9236442004689784,3.225806451612903,18.933799332210363,0.003206270586213859,3.8909075686634083,2.5649493574615367,Isolated Supraventricular Beat/True/ReNew20230809_Patient_P001-006_P-006_04-10-2023_P-006_04-10-2023.linejson_duration=1s_pos=2598336-2598400_src=ishne.json
10.097387609104446,405.34207603509884,50.564317520460705,1.6710236093204767,40.1432579973813,35.483870967741936,3968,128,30,85.9375,140.625,3,58.796198521647305,0.19055692180174622,0.8094430781982538,34.48275862068966,24.058494513344197,0.001183272820689156,2.6767056613637723,1.6094379124341003,Isolated Supraventricular Beat/True/data20240102_aligned_R-002_1700507533428-1700508030428_duration=1s_pos=22602-22666_src=ishne.json
36.65616174407932,412.9512345924158,52.90284184478925,27.345382741502778,11.265533642337275,3.225806451612903,3968,128,32,54.6875,85.9375,0,62.817941952506594,0.31699164958321074,0.6830083504167892,6.451612903225806,17.373991676681396,0.00028597009013689624,1.4194804191181765,0.38837067474886433,Isolated Supraventricular Beat/True/data20240102_aligned_R-003_1697646649857-1697647248857_duration=1s_pos=32959-33023_src=ishne.json
12.940481635380184,408.96564883373367,50.879282958216514,3.265820134536357,31.603585457901936,16.7741935483871,3968,128,34,78.125,156.25,9,65.70910033704952,0.15032854876221946,0.8496714512377805,9.090909090909092,16.581049801910723,0.00036830510035888,1.6093729202641398,0.9650808960435872,Isolated Supraventricular Beat/True/data20240102_aligned_C-002_1700097063660-1700098768660_duration=1s_pos=126887-126951_src=ishne.json
9.221750897708779,407.7702047301162,50.9342267367931,1.2162021542152512,44.218301387118224,43.225806451612904,3968,128,29,78.125,85.9375,0,56.29319371727749,0.12166890431544981,0.8783310956845501,3.5714285714285716,9.626876452064073,0.0001046312439594537,2.0392741305143156,0.7691330875378672,Isolated Supraventricular Beat/True/data20240102_aligned_C-002_1700039362660-1700039991660_duration=1s_pos=38860-38924_src=ishne.json
12.849201066724516,418.9258338194046,51.61252933164828,4.097684509292154,32.603256734851556,16.7741935483871,3968,128,34,117.1875,148.4375,17,66.06882168925965,0.08992798910657639,0.9100720108934236,3.0303030303030303,25.297228883550854,0.001489537598895291,2.223974039702048,0.7091475219063865,Isolated Supraventricular Beat/True/data20240102_aligned_C-002_1700098963660-1700101753660_duration=1s_pos=199295-199359_src=ishne.json
5.26808483461537,405.69558709956567,22.961114585303594,2.75596030070413,77.01005637262668,20.129032258064516,3968,128,37,117.1875,132.8125,17,71.38652207591015,0.15911248309171783,0.8408875169082821,8.333333333333334,20.025397062997687,0.0015292787867142129,3.7549454807021445,1.1411719030869056,Isolated Supraventricular Beat/True/ReNew20230809_Patient_P001-006_P-006_04-10-2023_P-006_04-10-2023.linejson_duration=1s_pos=9966916-9966980_src=ishne.json
10.895307368576617,406.87719766708886,50.09920212212706,2.7520686920883275,37.34425717041399,21.935483870967744,3968,128,42,78.125,132.8125,1,82.12832550860719,0.17309611644069178,0.8269038835593082,2.4390243902439024,13.564339840179485,0.00031104256918454106,7.542893313950324,0.3800184424470001,Isolated Supraventricular Beat/True/ReNew20230809_Patient_P001-006_P-002_04-06-2023_P-002_04-06-2023.linejson_duration=1s_pos=1739610-1739674_src=ishne.json
5.9252537322196215,407.84116164583537,23.653633632869525,2.9882767411948397,68.83099209695186,18.580645161290324,3968,128,37,78.125,132.8125,10,70.71099744245524,0.11693210982305566,0.8830678901769443,2.7777777777777777,16.7300608729737,0.02316205848568992,3.111363216747762,0.9614111671546247,Isolated Supraventricular Beat/True/ReNew20230809_Patient_P001-006_P-006_04-10-2023_P-006_04-10-2023.linejson_duration=1s_pos=10049782-10049846_src=ishne.json
12.749995393169952,413.56657627355463,51.272876733062795,2.4255360180698293,32.436603393480034,23.870967741935484,3968,128,4,85.9375,101.5625,0,75.54098360655738,0.43116935679963947,0.5688306432003605,33.333333333333336,96.20912101123758,0.00033572016820418,0.7134821106533258,,Isolated Supraventricular Beat/True/data20240102_aligned_C-001_1701996577670-1701997174670_duration=1s_pos=58809-58873_src=ishne.json
36.097369170528694,419.9366461691094,51.08722617391094,27.39422682545889,11.633441555029462,1.935483870967742,3968,128,33,54.6875,78.125,0,64.1001564945227,0.3055305908871379,0.694469409112862,6.25,21.948822775498073,0.00015701360880068717,1.9341384535950914,0.6143663027068309,Isolated Supraventricular Beat/True/data20240102_aligned_R-003_1697647249857-1697647848857_duration=1s_pos=22575-22639_src=ishne.json
12.199034038291176,415.3135826607692,50.37611866493332,3.036753012192639,34.04478971960931,18.064516129032256,3968,128,35,85.9375,140.625,11,68.05316653635653,0.2738697515862468,0.7261302484137532,44.11764705882353,22.53208703041127,0.0030562734602791013,2.645078903813562,0.6931471805599453,Isolated Supraventricular Beat/True/data20240102_aligned_R-002_1700510133428-1700510422428_duration=1s_pos=2452-2516_src=ishne.json
4.9994205775126135,414.2353496263471,23.474337278400032,2.4966908002399535,82.85665515578377,21.41935483870968,3968,128,35,125.0,140.625,21,68.62549277266754,0.1432875516913314,0.8567124483086686,5.882352941176471,23.569825305415375,0.0006973547078258842,3.874948828822366,1.1557707025080584,Isolated Supraventricular Beat/True/ReNew20230809_Patient_P001-006_P-006_04-10-2023_P-006_04-10-2023.linejson_duration=1s_pos=9887775-9887839_src=ishne.json
3.9793152480476515,420.9145422660641,23.64025254103163,1.8075374219514995,105.77559460688124,27.09677419354839,3968,128,35,85.9375,132.8125,16,67.42060418280403,0.14477253337037507,0.8552274666296249,8.823529411764707,15.747962330149228,0.001137318356655853,3.4666206255353447,1.2636920390275583,Isolated Supraventricular Beat/True/ReNew20230809_Patient_P001-006_P-006_04-10-2023_P-006_04-10-2023.linejson_duration=1s_pos=8086737-8086801_src=ishne.json
36.115390995683114,391.2963469017606,49.62948085967114,25.7785240169337,10.834614420038205,1.2903225806451613,3968,128,47,70.3125,93.75,0,91.78487918939985,0.25238139174009494,0.747618608259905,30.434782608695652,14.581265096630595,0.0007780428370390283,1.800580285730152,0.3294792011302423,Isolated Supraventricular Beat/True/data20240102_aligned_R-003_1697646649857-1697647248857_duration=1s_pos=54992-55056_src=ishne.json
5.142143137089365,410.1986948691091,23.27242197338648,2.554496554710184,79.77191691505094,25.161290322580644,3968,128,38,125.0,132.8125,22,73.16168898043254,0.11685066739779551,0.8831493326022045,5.405405405405405,22.60695379879819,0.000489612714877255,4.528434890209661,0.916290731874155,Isolated Supraventricular Beat/True/ReNew20230809_Patient_P001-006_P-006_04-10-2023_P-006_04-10-2023.linejson_duration=1s_pos=6934034-6934098_src=ishne.json
13.650566115128717,413.98313392222775,50.58971696246289,4.520333289209866,30.327174719606816,19.35483870967742,3968,128,35,62.5,117.1875,0,68.177545691906,0.09022011771880609,0.9097798822811939,2.9411764705882355,9.26324338013856,0.0037952353149536045,1.270940619265384,0.8303483020734304,Isolated Supraventricular Beat/True/data20240102_aligned_C-002_1700079263660-1700087247660_duration=1s_pos=65102-65166_src=ishne.json
14.898635961973838,470.31815836899904,26.557164507428627,9.461489200612627,31.567864870417598,5.032258064516129,3968,128,53,93.75,179.6875,19,102.05980066445183,0.053783355626605675,0.9462166443733944,1.9230769230769231,12.810217523075027,0.0035763287497140536,2.2484534979755906,1.0531499145913523,Isolated Supraventricular Beat/True/ReNew20230809_Patient_P001-006_P-004_04-10-2023_P-004_04-10-2023.linejson_duration=1s_pos=9411292-9411356_src=ishne.json
10.087810086082666,398.8486888758978,49.16396038959279,1.9139434005897016,39.53768418861025,30.967741935483872,3968,128,33,62.5,78.125,0,63.01538461538462,0.275344026039629,0.7246559739603711,15.625,22.54956433883639,0.00728816716976524,1.4650288717800013,0.48550781578170077,Isolated Supraventricular Beat/True/data20240102_aligned_R-003_1697644849857-1697645448857_duration=1s_pos=53361-53425_src=ishne.json
3.861346621578083,418.9221959275411,23.617351105736578,1.804865926078758,108.49118934190469,28.12903225806452,3968,128,35,85.9375,132.8125,16,68.71578947368421,0.12323659204024488,0.8767634079597552,5.882352941176471,18.008155173006287,0.001612270691129479,4.274141840171852,1.2878542883066382,Isolated Supraventricular Beat/True/ReNew20230809_Patient_P001-006_P-006_04-10-2023_P-006_04-10-2023.linejson_duration=1s_pos=10456682-10456746_src=ishne.json
6.184408057897152,419.73854785142106,24.56064694801652,2.4596476562357417,67.87043740508042,23.612903225806452,3968,128,40,78.125,132.8125,18,76.23313820310511,0.17656227977122435,0.8234377202287757,2.5641025641025643,13.986456202983767,0.00027273854793487517,3.833037064852433,0.4499168706789983,Isolated Supraventricular Beat/True/ReNew20230809_Patient_P001-006_P-006_04-10-2023_P-006_04-10-2023.linejson_duration=1s_pos=8111625-8111689_src=ishne.json
11.244931490657196,410.67695010730023,50.72559277213706,2.8628190781778695,36.521068530069826,14.838709677419354,3968,128,32,85.9375,164.0625,5,63.335993615323225,0.11384825889165467,0.8861517411083453,3.225806451612903,17.808412531682528,0.006645194045541317,2.1417688581249297,0.7519876805828788,Isolated Supraventricular Beat/True/data20240102_aligned_C-002_1700063066660-1700072385660_duration=1s_pos=1017908-1017972_src=ishne.json
10.086994337801364,395.6141354248307,49.23010258322292,1.9538672606075336,39.220215948970754,32.25806451612903,3968,128,30,66.40625,70.3125,0,61.119648737650934,0.243290819686543,0.756709180313457,13.793103448275861,23.752173655122526,0.0028245624969010443,1.4108994753706152,1.9924301646902063,Isolated Supraventricular Beat/True/data20240102_aligned_R-003_1697645449857-1697646043857_duration=1s_pos=12131-12195_src=ishne.json
36.517098436770375,404.22569348395064,62.17025273869282,11.305543363190896,11.06949072403383,8.38709677419355,3968,128,50,78.125,125.0,3,95.87770700636943,0.13159426811842617,0.8684057318815739,0.0,9.651289605902736,0.0019513053635247075,8.632566085717876,0.22580666873369348,Isolated Supraventricular Beat/True/ReNew20230809_Patient_P001-006_P-002_04-06-2023_P-002_04-06-2023.linejson_duration=1s_pos=8898019-8898083_src=ishne.json
10.11984524930658,412.32864579273473,51.25642996914029,1.717527726030177,40.744556353411774,32.25806451612903,3968,128,29,132.8125,148.4375,21,57.191489361702125,0.15276795767063317,0.8472320423293669,7.142857142857143,36.30398977090361,0.00016587221923083844,2.686527802634948,0.6931471805599453,Isolated Supraventricular Beat/True/data20240102_aligned_C-002_1700040846660-1700043598660_duration=1s_pos=335844-335908_src=ishne.json
35.2826955055668,419.96555796366863,53.09871457703238,23.747192880984812,11.902875901149102,1.2903225806451613,3968,128,46,70.3125,78.125,0,89.25619834710744,0.24362238865725283,0.7563776113427472,17.77777777777778,14.684777863594459,0.0009079404022698715,1.811088469544021,0.2824050153509372,Isolated Supraventricular Beat/True/data20240102_aligned_R-003_1697647849857-1697648448857_duration=1s_pos=13329-13393_src=ishne.json
12.731802345513747,409.90913195326186,50.46978439807579,3.851990140245176,32.19568515387884,13.548387096774196,3968,128,36,85.9375,140.625,4,69.49327817993796,0.2116939232471306,0.7883060767528693,37.142857142857146,18.791838917608345,0.0017556748290588015,2.6587857374837074,0.7472144018302211,Isolated Supraventricular Beat/True/data20240102_aligned_R-002_1700510598428-1700510776428_duration=1s_pos=7521-7585_src=ishne.json
36.37552910335537,411.419429689039,50.63066022910633,26.316425751815366,11.310334956495623,1.2903225806451613,3968,128,47,62.5,93.75,0,91.4996114996115,0.25123305482527586,0.7487669451747241,30.434782608695652,14.557308684539503,0.004943883812039892,1.7950423786895968,0.304973569561842,Isolated Supraventricular Beat/True/data20240102_aligned_R-003_1697646649857-1697647248857_duration=1s_pos=54512-54576_src=ishne.json
29.85517500249353,423.96927083356684,54.25656819690053,15.623944224444797,14.200863220439784,5.161290322580645,3968,128,35,101.5625,164.0625,14,68.39182818229439,0.2611471129517888,0.7388528870482112,14.705882352941176,7.22831656003858,0.0028131374781623286,1.0517262710282542,0.6826758806926498,Isolated Supraventricular Beat/True/data20240102_aligned_C-001_1701985036670-1701985305670_duration=1s_pos=20224-20288_src=ishne.json
10.2510646923279,413.8445519625007,51.36360102115183,1.9113892492608198,40.37088088043667,30.967741935483872,3968,128,29,117.1875,132.8125,12,56.19022733211393,0.10731659808996799,0.892683401910032,3.5714285714285716,34.001780459472855,0.0015516240006196,2.742009843033578,1.0986122886681098,Isolated Supraventricular Beat/True/data20240102_aligned_C-002_1700120995660-1700121582660_duration=1s_pos=6228-6292_src=ishne.json
3.7656454513901365,416.68394140212695,23.47657282485254,1.597355208810436,110.65402628234064,35.612903225806456,3968,128,35,85.9375,132.8125,12,67.40320082601961,0.2108923438352689,0.7891076561647311,14.705882352941176,14.337506092062764,0.004362042204089164,3.3171661617903387,1.2611312181658847,Isolated Supraventricular Beat/True/ReNew20230809_Patient_P001-006_P-006_04-10-2023_P-006_04-10-2023.linejson_duration=1s_pos=8196116-8196180_src=ishne.json
36.00199105438457,360.7130312705116,46.894991251119635,28.6987124631366,10.019252010433725,1.2903225806451613,3968,128,32,54.6875,78.125,0,60.71920428462127,0.3137806939466538,0.6862193060533461,6.451612903225806,19.195575315084685,0.0020121771939429333,1.7529349436735613,0.21622310846963594,Isolated Supraventricular Beat/True/data20240102_aligned_R-003_1697646649857-1697647248857_duration=1s_pos=19436-19500_src=ishne.json
11.650423652995446,396.9272623122454,48.96949856990216,3.479553512338196,34.069767766807644,16.129032258064516,3968,128,35,54.6875,78.125,0,66.61224489795919,0.3062312731735815,0.6937687268264185,17.647058823529413,20.4440878286797,0.0003460746814641657,1.5121069539573073,0.9932517730102834,Isolated Supraventricular Beat/True/data20240102_aligned_R-003_1697644849857-1697645448857_duration=1s_pos=40618-40682_src=ishne.json
36.27931174732805,431.0249002599053,50.87693410578882,28.107088158724423,11.880734986956169,1.2903225806451613,3968,128,32,54.6875,78.125,0,60.47244094488189,0.3155886550435513,0.6844113449564486,6.451612903225806,19.15903451517478,0.0004411475512024888,1.77126588119501,0.24652399995827345,Isolated Supraventricular Beat/True/data20240102_aligned_R-003_1697646649857-1697647248857_duration=1s_pos=19711-19775_src=ishne.json
7.621479907721491,405.19567418832315,24.02603773065834,3.140888505826389,53.16495299198486,20.64516129032258,3968,128,44,101.5625,132.8125,19,85.09147127029117,0.13018002089728234,0.8698199791027177,2.3255813953488373,18.321422086954804,0.0008520603244901173,5.140547831849357,0.6737290947028438,Isolated Supraventricular Beat/True/ReNew20230809_Patient_P001-006_P-006_04-10-2023_P-006_04-10-2023.linejson_duration=1s_pos=2970689-2970753_src=ishne.json
3.7566872964703695,420.17110449995045,23.567668883493663,1.598703366044063,111.84614515256057,32.516129032258064,3968,128,32,85.9375,132.8125,13,63.606732567459254,0.11883304468609789,0.8811669553139021,3.225806451612903,22.562443430090592,0.004493852646165394,4.379545331682898,0.5725191927713306,Isolated Supraventricular Beat/True/ReNew20230809_Patient_P001-006_P-006_04-10-2023_P-006_04-10-2023.linejson_duration=1s_pos=10704017-10704081_src=ishne.json
18.02079285475106,421.0960925979216,67.30314366685153,3.18662330564512,23.367233208036637,17.77777777777778,2304,128,18,78.125,140.625,4,60.95238095238095,0.1944420625245148,0.8055579374754852,17.647058823529413,21.376348259816908,0.0001752726416036125,2.4363939706287847,0.9555114450274363,Isolated Supraventricular Beat/True/data20240102_aligned_C-002_1700074796660-1700075246660_duration=1s_pos=373-437_src=ishne.json
37.81638883170431,412.94179046193034,51.29826948529689,28.646995567819356,10.919651301979396,1.2903225806451613,3968,128,37,70.3125,132.8125,1,70.8923076923077,0.3948065214111136,0.6051934785888864,16.666666666666668,9.860992197620048,0.0003705497237889924,1.105401528815608,0.2917062227515064,Isolated Supraventricular Beat/True/data20240102_aligned_R-003_1697647849857-1697648448857_duration=1s_pos=27614-27678_src=ishne.json
9.501567628874959,411.93953541378926,51.41407046891413,1.2584395756842781,43.354897649417424,39.35483870967742,3968,128,31,70.3125,78.125,0,60.615627466456196,0.11445082487024501,0.885549175129755,3.3333333333333335,12.75427854976381,0.00017317843634974086,2.6414929609429714,2.4849066497880004,Isolated Supraventricular Beat/True/data20240102_aligned_C-002_1700040846660-1700043598660_duration=1s_pos=152961-153025_src=ishne.json
39.03795925919613,350.679514801711,46.433150150368,31.040489103880464,8.983038879934867,0.6451612903225806,3968,128,36,54.6875,93.75,0,68.3969465648855,0.28692543415743804,0.7130745658425619,5.714285714285714,18.44780126515018,0.028223073617657708,1.6550771583508261,0.47351857135318,Isolated Supraventricular Beat/True/data20240102_aligned_R-003_1697646649857-1697647248857_duration=1s_pos=26981-27045_src=ishne.json
3.848297503259881,390.1773658319815,21.92286266116738,1.6773785370807204,101.38957918712998,33.67741935483871,3968,128,28,93.75,148.4375,6,53.69238736406007,0.07031168694124107,0.929688313058759,3.7037037037037037,26.42896878983623,0.00023430995041324245,3.5613600367941283,0.25423413838424086,Isolated Supraventricular Beat/True/ReNew20230809_Patient_P001-006_P-005_04-10-2023_P-005_04-10-2023.linejson_duration=1s_pos=1258905-1258969_src=ishne.json
3.9061762156851745,407.6468721075165,23.070990590083856,1.6925460700523143,104.35954376842373,31.096774193548388,3968,128,31,85.9375,140.625,12,59.937565036420395,0.3775075086105202,0.6224924913894798,3.3333333333333335,18.050738617318512,0.0016484024338652657,3.788012325043795,0.41616039722491244,Isolated Supraventricular Beat/True/ReNew20230809_Patient_P001-006_P-006_04-10-2023_P-006_04-10-2023.linejson_duration=1s_pos=6689720-6689784_src=ishne.json
5.311596034606285,418.0907727283026,23.358578625082227,3.0208450121624875,78.71281838670072,20.258064516129032,3968,128,40,117.1875,132.8125,18,77.5958549222798,0.09424000221869087,0.9057599977813091,2.5641025641025643,18.15702191525338,0.0032390211443306194,4.333402041160154,0.9044562742271522,Isolated Supraventricular Beat/True/ReNew20230809_Patient_P001-006_P-006_04-10-2023_P-006_04-10-2023.linejson_duration=1s_pos=4485071-4485135_src=ishne.json
17.865923701302464,398.0221951562336,49.29368925460231,7.153057186505718,22.278286839931486,6.451612903225806,3968,128,36,70.3125,78.125,0,69.94535519125684,0.2806755596974247,0.7193244403025754,11.428571428571429,16.773429815368587,0.0010186049404366895,1.3292042776228283,0.9916401691159419,Isolated Supraventricular Beat/True/data20240102_aligned_R-003_1697647849857-1697648448857_duration=1s_pos=45125-45189_src=ishne.json
33.61935630888212,425.43346935769324,58.57687266784376,15.393047888384249,12.654420054760989,3.870967741935484,3968,128,40,58.59375,109.375,0,78.04064616988015,0.36342451440763146,0.6365754855923685,17.94871794871795,12.92699942823866,0.002494964665688729,1.4704365850083867,0.22721687670184557,Isolated Supraventricular Beat/True/data20240102_aligned_R-003_1697648979857-1697649578857_duration=1s_pos=54168-54232_src=ishne.json
12.349656119095402,406.3376617324361,49.857477343579234,3.693835857617511,32.90274845802358,18.064516129032256,3968,128,32,85.9375,140.625,5,63.117709437963946,0.1352426500997569,0.8647573499002431,29.032258064516128,26.83953075491534,0.00497951552641152,3.053378179287268,1.5040773967762742,Isolated Supraventricular Beat/True/data20240102_aligned_R-002_1700509218428-1700509586428_duration=1s_pos=44788-44852_src=ishne.json
20.409146416227973,427.98545313314463,53.096762041151024,8.33005592317626,20.970275945620322,7.096774193548387,3968,128,35,78.125,140.625,11,66.78260869565217,0.23847620340076342,0.7615237965992365,17.647058823529413,24.338749588482887,0.0012296355020182225,1.2489184417620214,0.7608058290337602,Isolated Supraventricular Beat/True/data20240102_aligned_C-002_1700087794660-1700090365660_duration=1s_pos=140179-140243_src=ishne.json
9.2505333460282,412.29490618137856,51.39936389829617,1.1417515709220005,44.56984761733263,43.87096774193549,3968,128,30,70.3125,109.375,0,58.936226514951045,0.1553746933062946,0.8446253066937054,6.896551724137931,16.333966149195785,0.0008388052666288249,2.8174043476379147,0.916290731874155,Isolated Supraventricular Beat/True/data20240102_aligned_C-002_1700040846660-1700043598660_duration=1s_pos=275758-275822_src=ishne.json
51.65804974104812,494.54230592422675,70.0298593754466,30.687906211084748,9.573383022198657,2.5806451612903225,3968,128,10,97.65625,132.8125,4,17.56990340620234,0.9404498525309715,0.059550147469028536,44.44444444444444,17.697421826194084,0.009505111730724982,0.5739790489041525,,Isolated Supraventricular Beat/True/data20240102_aligned_C-002_1700079263660-1700087247660_duration=1s_pos=905828-905892_src=ishne.json
3.7850396705047586,415.99743345948923,23.42321898227352,1.742916753238788,109.9056706843822,33.03225806451613,3968,128,34,85.9375,132.8125,16,66.20689655172414,0.1729615124551338,0.8270384875448662,12.121212121212121,14.126043203471426,0.00022127950798605777,3.110211424027427,0.7621400520468967,Isolated Supraventricular Beat/True/ReNew20230809_Patient_P001-006_P-006_04-10-2023_P-006_04-10-2023.linejson_duration=1s_pos=8161067-8161131_src=ishne.json
11.59194777309275,416.8274076372521,50.84387675639438,2.860796957206091,35.958354871684094,19.35483870967742,3968,128,41,78.125,125.0,4,82.64729620661824,0.17489104014804402,0.825108959851956,2.5,12.507127741983709,0.0026758208728235545,6.5241895372803045,0.4367176516122688,Isolated Supraventricular Beat/True/ReNew20230809_Patient_P001-006_P-002_04-06-2023_P-002_04-06-2023.linejson_duration=1s_pos=3493603-3493667_src=ishne.json
30.855659319921454,391.5579319533757,52.570695702781435,15.838373110087067,12.6899871172283,5.161290322580645,3968,128,10,121.09375,179.6875,5,65.95419847328245,0.529140695182318,0.470859304817682,33.333333333333336,12.285008231410323,0.08051866885290847,0.32329022625690573,,Isolated Supraventricular Beat/True/data20240102_aligned_R-003_1697644849857-1697645448857_duration=1s_pos=8381-8445_src=ishne.json
3.9118328137212055,406.58520838036895,22.97840238574911,1.7791028427984745,103.93723960210802,29.03225806451613,3968,128,35,125.0,132.8125,22,68.37391987431265,0.13566818072847142,0.8643318192715286,5.882352941176471,18.707144723421067,0.0002609979477984956,3.5882382163282376,1.1786549963416462,Isolated Supraventricular Beat/True/ReNew20230809_Patient_P001-006_P-006_04-10-2023_P-006_04-10-2023.linejson_duration=1s_pos=10064737-10064801_src=ishne.json
14.980367290894543,416.9370654610771,52.51451812924618,2.9639857404017977,27.83223064779404,18.064516129032256,3968,128,31,117.1875,164.0625,15,59.32028836251287,0.19178474213977298,0.8082152578602271,3.3333333333333335,15.031369214920769,0.001702367414294314,1.748226479507877,0.5232481437645479,Isolated Supraventricular Beat/True/data20240102_aligned_C-001_1701943192670-1701943778670_duration=1s_pos=14271-14335_src=ishne.json
13.598929035985927,400.8444883165614,49.505736324264234,4.7819114905496285,29.476178438732592,13.548387096774196,3968,128,38,85.9375,140.625,4,74.05785770132916,0.31726320068922215,0.6827367993107778,2.7027027027027026,13.513199702270683,0.00032070159332648197,4.1511306661986245,0.6007738604289302,Isolated Supraventricular Beat/True/ReNew20230809_Patient_P001-006_P-002_04-06-2023_P-002_04-06-2023.linejson_duration=1s_pos=6092987-6093051_src=ishne.json
15.175519795429473,417.12207535207926,58.47859269204209,3.95215422531936,27.48650810571899,17.5,3072,128,25,78.125,140.625,6,64.02222994095172,0.21141939316628877,0.7885806068337112,16.666666666666668,23.77707081908168,0.005099492442487867,2.001720157780583,0.9315582040049435,Isolated Supraventricular Beat/True/data20240102_aligned_C-002_1700098963660-1700101753660_duration=1s_pos=356119-356183_src=ishne.json
3.8123914593152657,418.15812511048733,23.503213635612614,1.7400048222979692,109.68391359833706,31.74193548387097,3968,128,35,85.9375,132.8125,15,67.22966014418125,0.2495556012051384,0.7504443987948616,20.58823529411765,13.603488557891279,0.0036464210996362974,3.1031457810127154,0.7290791897860086,Isolated Supraventricular Beat/True/ReNew20230809_Patient_P001-006_P-006_04-10-2023_P-006_04-10-2023.linejson_duration=1s_pos=8200693-8200757_src=ishne.json
9.313772904835993,410.9994604661001,51.37440717209191,1.1692230507645007,44.1281337367119,45.16129032258064,3968,128,31,70.3125,109.375,0,59.228791773778916,0.11266563588419697,0.887334364115803,3.3333333333333335,14.42002555091976,0.00017693375330344184,2.9002157985838095,1.1962507582320256,Isolated Supraventricular Beat/True/data20240102_aligned_C-002_1700040846660-1700043598660_duration=1s_pos=98790-98854_src=ishne.json
13.803062579380951,409.91479896778725,50.705520192166574,4.593107029989385,29.697378166113715,8.38709677419355,3968,128,34,85.9375,140.625,6,65.89703588143526,0.16516903590299387,0.8348309640970062,0.0,16.27810608972311,0.0008582873305487379,6.539162823112378,0.8960880245566356,Isolated Supraventricular Beat/True/ReNew20230809_Patient_P001-006_P-002_04-06-2023_P-002_04-06-2023.linejson_duration=1s_pos=746572-746636_src=ishne.json
10.381274754908704,412.17284496763915,50.64344657595916,2.223588507876517,39.70348680630572,23.225806451612904,3968,128,34,85.9375,140.625,6,65.16842375932116,0.2866480886194416,0.7133519113805584,39.39393939393939,21.522693587559967,0.0002945247760461804,2.9994992939060725,1.0116009116784799,Isolated Supraventricular Beat/True/data20240102_aligned_R-002_1700508616428-1700509216428_duration=1s_pos=26855-26919_src=ishne.json
11.11660712437547,392.83760794860257,48.594335672282114,3.0225100801768434,35.33790195295493,20.0,3968,128,22,62.5,109.375,0,68.02193167439899,0.06644339821636408,0.9335566017836359,4.761904761904762,6.397793293656372,0.0015077793460491161,0.3625815332671889,0.832909122935104,Isolated Supraventricular Beat/True/ReNew20230809_Patient_ECG-Data2_C880654_ECGRec_202308_C880654_2023-_duration=1s_pos=133334-133398_src=ishne.json
15.5537806123091,423.8710168467915,51.32156949950817,4.99536832517844,27.251958874833658,10.32258064516129,3968,128,27,78.125,179.6875,9,50.73170731707317,0.6981968033965917,0.30180319660340826,30.76923076923077,5.3235436407412315,0.0004227961495874362,0.6329699317535562,0.8602012652231115,Isolated Supraventricular Beat/True/data20240102_aligned_C-001_1701965801670-1701969561670_duration=1s_pos=224998-225062_src=ishne.json
11.03041364188415,409.13463530317864,50.207390105543055,2.8652057423377286,37.09150096222427,19.35483870967742,3968,128,33,85.9375,125.0,1,63.128692525044954,0.2674669328296893,0.7325330671703107,40.625,16.724289217771684,0.0006592758558057313,2.216938918757967,1.252762968495368,Isolated Supraventricular Beat/True/data20240102_aligned_R-002_1700507075428-1700507414428_duration=1s_pos=34173-34237_src=ishne.json
10.994919053009918,393.36354058159617,48.98432659471423,2.4565316490586797,35.776844095734084,22.58064516129032,3968,128,34,62.5,78.125,0,64.43935926773456,0.2936105026671135,0.7063894973328865,15.151515151515152,20.63769224494582,0.0015299685330702562,1.3748484656791262,0.6931471805599453,Isolated Supraventricular Beat/True/data20240102_aligned_R-003_1697644849857-1697645448857_duration=1s_pos=42456-42520_src=ishne.json
12.967136439663209,414.6751336106502,50.37720013022792,3.276400393372958,31.97892638526861,16.129032258064516,3968,128,33,101.5625,156.25,16,64.41939711664482,0.17429891850261028,0.8257010814973897,15.625,17.240774568809666,0.0004998425505329908,2.458877978208585,0.8873031950009028,Isolated Supraventricular Beat/True/data20240102_aligned_C-001_1701945598670-1701946193670_duration=1s_pos=61425-61489_src=ishne.json
11.199377035589167,415.56308344997274,51.39074674805299,2.4189574997635077,37.10590732176416,25.161290322580644,3968,128,28,74.21875,148.4375,8,54.90071485305799,0.11540334218057709,0.8845966578194229,3.7037037037037037,33.65712256296754,0.00015657135484999858,2.2835245321680246,0.5260930958967791,Isolated Supraventricular Beat/True/data20240102_aligned_C-002_1700110195660-1700110782660_duration=1s_pos=49859-49923_src=ishne.json
11.879526250649304,413.76966582180853,51.013864307644226,3.448804609005318,34.83048248398883,12.903225806451612,3968,128,31,85.9375,140.625,8,60.551905387647835,0.11671490510257161,0.8832850948974283,3.3333333333333335,21.560656243522487,0.0001829563752509827,1.9750036319206552,0.7801585575495751,Isolated Supraventricular Beat/True/data20240102_aligned_C-002_1700063066660-1700072385660_duration=1s_pos=451965-452029_src=ishne.json
9.626194717706895,388.098669481601,48.267721067596526,1.991851998731753,40.31693109747534,27.741935483870968,3968,128,30,85.9375,140.625,1,57.714433791137594,0.06315017688447123,0.9368498231155288,3.4482758620689653,14.790498152373878,0.0008076042603963247,1.4536544575028179,1.2144441041932315,Isolated Supraventricular Beat/True/data20240102_aligned_C-001_1701935006670-1701936244670_duration=1s_pos=80205-80269_src=ishne.json
10.57442121836438,415.6595066363351,50.80453469552709,1.9932373614750531,39.30801116627137,28.387096774193548,3968,128,43,78.125,125.0,3,82.43291592128801,0.22290508763316433,0.7770949123668357,2.380952380952381,12.059755564783318,0.0009550571119893663,6.564340733818937,0.3806960399957555,Isolated Supraventricular Beat/True/ReNew20230809_Patient_P001-006_P-002_04-06-2023_P-002_04-06-2023.linejson_duration=1s_pos=5893642-5893706_src=ishne.json
11.664515875064277,398.38549022050205,49.04287381161983,2.685475603882992,34.15362114758026,16.7741935483871,3968,128,34,62.5,78.125,0,65.52223371251293,0.28789527275828775,0.7121047272417123,21.21212121212121,20.377162196905687,0.0002669246389361708,1.4237446328327585,0.7156200364120039,Isolated Supraventricular Beat/True/data20240102_aligned_R-003_1697644849857-1697645448857_duration=1s_pos=49875-49939_src=ishne.json
13.391470737826486,429.11965804206363,52.12110477646195,4.164063219246783,32.044249238860154,10.967741935483872,3968,128,34,70.3125,125.0,2,65.70910033704952,0.16498954506692515,0.8350104549330748,9.090909090909092,16.24526982385353,0.0009665908868005143,2.2981565184471395,0.9650808960435872,Isolated Supraventricular Beat/True/data20240102_aligned_C-002_1700077197660-1700077673660_duration=1s_pos=26480-26544_src=ishne.json
3.790713483397429,422.1078115810752,23.55066548729179,1.6130861948873143,111.35310069640512,30.06451612903226,3968,128,35,78.125,132.8125,14,68.3023803295841,0.16831776782101687,0.8316822321789832,8.823529411764707,13.693288267120394,0.0015756092355841869,3.123886926054212,1.1113513144455396,Isolated Supraventricular Beat/True/ReNew20230809_Patient_P001-006_P-006_04-10-2023_P-006_04-10-2023.linejson_duration=1s_pos=8127859-8127923_src=ishne.json
13.257283093097396,403.0592535662257,49.70540330682293,4.339420910556058,30.40285255530464,14.838709677419354,3968,128,36,70.3125,93.75,0,69.29621036349575,0.3329907220272986,0.6670092779727014,20.0,15.034613111436244,0.0020630168679683977,1.267155190630137,0.45198512374305727,Isolated Supraventricular Beat/True/data20240102_aligned_R-003_1697644849857-1697645448857_duration=1s_pos=16090-16154_src=ishne.json
15.828109733794962,391.4821055804472,49.40701488897696,5.8890244349406595,24.733343869308722,7.741935483870968,3968,128,10,93.75,117.1875,0,23.58239508700102,1.493011257697965,0.0,44.44444444444444,218.70222641647763,0.01464371517895852,0.3217243831732643,1.6094379124341003,Isolated Supraventricular Beat/True/data20240102_aligned_C-002_1700094161660-1700095128660_duration=1s_pos=87012-87076_src=ishne.json
25.262247735326888,422.66991362118813,54.44490607379756,12.166093265845834,16.73128619900428,7.741935483870968,3968,128,5,117.1875,132.8125,2,11.566265060240964,1.5304802696960322,0.0,50.0,15.153608790284956,0.0018993249062525563,0.41283230976964214,,Isolated Supraventricular Beat/True/data20240102_aligned_C-001_1701985306670-1701989376670_duration=1s_pos=391115-391179_src=ishne.json
24.372527805164516,422.08398925820944,53.2586132002118,10.580090999996905,17.3180219677808,5.806451612903226,3968,128,49,78.125,125.0,2,94.42622950819673,0.17035332885314114,0.8296466711468589,4.166666666666667,9.606396410496416,0.005673529258059791,3.8449483481788818,0.6072858899535529,Isolated Supraventricular Beat/True/ReNew20230809_Patient_P001-006_P-002_04-06-2023_P-002_04-06-2023.linejson_duration=1s_pos=5768399-5768463_src=ishne.json
16.406531287117325,413.7681763445344,57.6526744111735,4.3581373300944914,25.2197215781809,12.173913043478262,2944,128,24,85.9375,140.625,5,62.92839330245814,0.19013792431617965,0.8098620756838204,47.82608695652174,19.2384928412799,0.003643754606592931,2.530903205447434,1.791759469228055,Isolated Supraventricular Beat/True/data20240102_aligned_R-002_1700510598428-1700510776428_duration=1s_pos=21935-21999_src=ishne.json
9.462124109614118,410.90842358950175,51.34148106002694,1.2981891044694382,43.426652980099874,41.29032258064516,3968,128,31,78.125,78.125,0,59.289758106021615,0.15710110170427655,0.8428988982957235,6.666666666666667,14.009529948400601,0.0002524869622777074,2.690625915348351,0.5787368293822012,Isolated Supraventricular Beat/True/data20240102_aligned_C-002_1700039992660-1700040598660_duration=1s_pos=57276-57340_src=ishne.json
12.30545016814571,421.3138069919957,50.71647001471138,3.7940076694322755,34.237981300728116,15.483870967741936,3968,128,30,74.21875,179.6875,6,56.801836266258604,0.28811233170784695,0.7118876682921531,10.344827586206897,13.42758974380492,0.007675210148124493,0.9177503316617357,0.9360933591703348,Isolated Supraventricular Beat/True/data20240102_aligned_C-002_1700063066660-1700072385660_duration=1s_pos=503725-503789_src=ishne.json
10.773816966670733,406.9701087399885,50.3672069017903,2.1667467736976587,37.77399154125009,21.935483870967744,3968,128,35,62.5,148.4375,4,69.09764487959778,0.09685571821422698,0.903144281785773,2.9411764705882355,17.71181709855438,0.00024156986927286063,2.4509467633150788,1.3862943611198906,Isolated Supraventricular Beat/True/data20240102_aligned_C-002_1700094161660-1700095128660_duration=1s_pos=109778-109842_src=ishne.json
11.15905861879319,407.54311557993697,50.497427398931706,2.6205943983571567,36.5212777332586,18.70967741935484,3968,128,39,85.9375,148.4375,4,76.13879467779807,0.2513004577852796,0.7486995422147205,5.2631578947368425,15.228405444276166,0.000250489134432704,5.580276578971102,0.33794390723266915,Isolated Supraventricular Beat/True/ReNew20230809_Patient_P001-006_P-002_04-06-2023_P-002_04-06-2023.linejson_duration=1s_pos=6536603-6536667_src=ishne.json
10.576432739130652,413.8506049362951,51.18864297102755,2.2673886884261307,39.129503870962864,23.225806451612904,3968,128,30,85.9375,148.4375,13,59.1239713299708,0.1605361330997749,0.8394638669002251,6.896551724137931,29.018034279728283,0.0019269020604042644,2.2424232234078807,0.9267620317414506,Isolated Supraventricular Beat/True/data20240102_aligned_C-002_1700060962660-1700062610660_duration=1s_pos=51225-51289_src=ishne.json
10.499877672796746,421.0314396550605,51.85117676151261,2.260532258241188,40.09869568739642,25.806451612903224,3968,128,33,78.125,148.4375,12,62.50254323499492,0.10773234696724343,0.8922676530327566,3.125,25.034016072370154,0.0016310933824733584,2.129422628235587,1.2992829841302609,Isolated Supraventricular Beat/True/data20240102_aligned_C-002_1700097063660-1700098768660_duration=1s_pos=121672-121736_src=ishne.json
3.7739596162397064,415.02188890305047,23.401323411938428,1.8019260567889717,109.96985159759546,30.06451612903226,3968,128,33,85.9375,132.8125,13,63.43830665978317,0.15124193497117178,0.8487580650288282,6.25,20.227865100157533,0.00033376177126962436,4.24465926532785,0.7985076962177716,Isolated Supraventricular Beat/True/ReNew20230809_Patient_P001-006_P-006_04-10-2023_P-006_04-10-2023.linejson_duration=1s_pos=10484773-10484837_src=ishne.json
14.33392883646891,413.866199194306,50.679129566507804,4.198948707268668,28.8731843894849,12.903225806451612,3968,128,41,78.125,125.0,1,79.8959687906372,0.36293466503953636,0.6370653349604636,2.5,10.515515564984002,0.0052000530669624725,3.6747257030197384,0.33504976127466995,Isolated Supraventricular Beat/True/ReNew20230809_Patient_P001-006_P-002_04-06-2023_P-002_04-06-2023.linejson_duration=1s_pos=2927956-2928020_src=ishne.json
4.853951938376303,414.64962998163537,24.70950281094773,1.4174878751778142,85.4251442578551,37.67741935483871,3968,128,23,125.0,132.8125,13,81.11377820451273,0.14503803015444577,0.8549619698455542,9.090909090909092,18.874558101035944,0.0008381433317143362,3.977454152866931,0.5978370007556204,Isolated Supraventricular Beat/True/ReNew20230809_Patient_P001-006_P-006_04-10-2023_P-006_04-10-2023.linejson_duration=1s_pos=10856604-10856668_src=ishne.json
7.035189913425405,409.94992756933146,23.892486366243084,3.8237280836543874,58.27132946556081,13.419354838709676,3968,128,40,117.1875,132.8125,17,76.93809401489852,0.1111365519256875,0.8888634480743125,5.128205128205129,17.884594820047298,0.0011345877686745219,4.461382519316173,0.7444404749474959,Isolated Supraventricular Beat/True/ReNew20230809_Patient_P001-006_P-006_04-10-2023_P-006_04-10-2023.linejson_duration=1s_pos=4497047-4497111_src=ishne.json
12.601296115434705,416.68925997824726,50.0782409007004,3.4556695098817425,33.06717206658553,15.483870967741936,3968,128,35,93.75,140.625,9,68.66158296082041,0.11727377133757982,0.8827262286624202,5.882352941176471,17.16304814516861,0.0015611357843171218,1.422390139620905,0.8362480242006186,Isolated Supraventricular Beat/True/data20240102_aligned_C-002_1700077197660-1700077673660_duration=1s_pos=45299-45363_src=ishne.json
4.04843334329977,419.7024442018948,23.459906656624174,1.8445986377257917,103.67031020189563,27.87096774193548,3968,128,36,125.0,132.8125,21,70.3480764197854,0.09018765311776472,0.9098123468822352,2.857142857142857,23.19965106120743,0.004589022785524739,4.452699428960235,0.9650808960435872,Isolated Supraventricular Beat/True/ReNew20230809_Patient_P001-006_P-006_04-10-2023_P-006_04-10-2023.linejson_duration=1s_pos=6243993-6244057_src=ishne.json
17.14237368884795,407.49033996675445,50.41349243703267,6.469569995876556,23.77093882050362,10.32258064516129,3968,128,26,93.75,140.625,4,53.03867403314917,0.3917347202937716,0.6082652797062285,4.0,10.14895790430127,0.0013090182549554208,0.48905600282949857,0.6549259677397476,Isolated Supraventricular Beat/True/data20240102_aligned_C-002_1700060962660-1700062610660_duration=1s_pos=112675-112739_src=ishne.json
3.760415408291437,414.3340606975887,23.464235810403082,1.7196283998779371,110.18302648185798,30.967741935483872,3968,128,35,117.1875,132.8125,17,66.30777044184866,0.14690148687444465,0.8530985131255553,8.823529411764707,14.5774100496511,0.0003924726970267452,3.3848534825974146,1.295322582914164,Isolated Supraventricular Beat/True/ReNew20230809_Patient_P001-006_P-006_04-10-2023_P-006_04-10-2023.linejson_duration=1s_pos=8210392-8210456_src=ishne.json
3.2046681887689976,408.5632023731348,23.0633008763842,1.3029791470979823,127.48997737581621,39.87096774193548,3968,128,34,78.125,132.8125,11,65.7431906614786,0.16003022722626536,0.8399697727737346,9.090909090909092,13.114708367781397,0.0005022327671418278,3.3627123505885335,1.3581234841531944,Isolated Supraventricular Beat/True/ReNew20230809_Patient_P001-006_P-006_04-10-2023_P-006_04-10-2023.linejson_duration=1s_pos=6692725-6692789_src=ishne.json
24.63257214234112,405.55155027468027,55.65330737467755,7.399574476593784,16.46403515910299,5.806451612903226,3968,128,45,78.125,125.0,2,86.40245461518793,0.07970407392501362,0.9202959260749863,2.272727272727273,12.29096986715551,0.0014349946721914151,7.295523502099048,0.7492366472109889,Isolated Supraventricular Beat/True/ReNew20230809_Patient_P001-006_P-002_04-06-2023_P-002_04-06-2023.linejson_duration=1s_pos=5190165-5190229_src=ishne.json
5.835310590566007,417.59542136826997,23.73446163692105,2.5542751264386876,71.56351719819035,19.870967741935484,3968,128,43,117.1875,140.625,18,82.6652998462327,0.17377896984255592,0.8262210301574441,16.666666666666668,18.840739523097696,0.0010563517545245258,4.519792925885406,0.8209805520698302,Isolated Supraventricular Beat/True/ReNew20230809_Patient_P001-006_P-006_04-10-2023_P-006_04-10-2023.linejson_duration=1s_pos=6940480-6940544_src=ishne.json
11.439171876285725,415.9559078719007,50.71720484113566,3.0376008054300296,36.362411196198366,14.193548387096774,3968,128,34,113.28125,156.25,15,65.91417425227569,0.11216450861965997,0.88783549138034,3.0303030303030303,14.758583624141973,0.004001627886520654,1.7033722191361989,0.9075570519054005,Isolated Supraventricular Beat/True/data20240102_aligned_C-002_1700095129660-1700097002660_duration=1s_pos=223856-223920_src=ishne.json
11.334852340909894,409.95971669693034,51.15753842968357,2.6381830603241507,36.16806537913452,21.935483870967744,3968,128,38,85.9375,140.625,8,74.77894736842104,0.2512668731669361,0.7487331268330639,0.0,11.726851083232845,0.0014041709989949431,5.523483205956122,0.4473122180436648,Isolated Supraventricular Beat/True/ReNew20230809_Patient_P001-006_P-002_04-06-2023_P-002_04-06-2023.linejson_duration=1s_pos=9527479-9527543_src=ishne.json
10.43577120219693,411.23752732743657,50.65414525948304,1.8477195154289472,39.406525876529116,30.32258064516129,3968,128,35,85.9375,140.625,3,67.33367715317173,0.18031818182991238,0.8196818181700876,29.41176470588235,17.247665147261767,0.0023749501879422132,2.46498594052298,0.7884573603642702,Isolated Supraventricular Beat/True/data20240102_aligned_R-002_1700512231428-1700512816428_duration=1s_pos=61927-61991_src=ishne.json
10.808479489111438,415.9320261592955,51.79418325311244,2.23385220763328,38.4820073994961,20.64516129032258,3968,128,24,140.625,171.875,14,47.22994652406417,0.14696545407332307,0.8530345459266769,13.043478260869565,26.109740976084,0.00018109272590008586,2.227295316035596,1.3862943611198906,Isolated Supraventricular Beat/True/data20240102_aligned_C-001_1701939580670-1701940188670_duration=1s_pos=35651-35715_src=ishne.json
35.14285833831384,454.3037771826963,53.68177138034841,23.85274798792192,12.927342445564758,1.935483870967742,3968,128,48,54.6875,101.5625,0,92.60133401744486,0.18545400626444428,0.8145459937355557,12.76595744680851,12.587100598818159,0.00017920240853812333,1.684386593232343,0.22638154658798512,Isolated Supraventricular Beat/True/data20240102_aligned_R-003_1697647249857-1697647848857_duration=1s_pos=57319-57383_src=ishne.json
33.10249177882818,425.4772643678313,50.41695051018473,25.701590091456783,12.853330025947765,3.225806451612903,3968,128,35,54.6875,70.3125,0,67.75298391281785,0.3091915157764854,0.6908084842235146,5.882352941176471,17.250688517780276,0.00039857058943699916,1.7266566866623358,0.31365755885504165,Isolated Supraventricular Beat/True/data20240102_aligned_R-003_1697647249857-1697647848857_duration=1s_pos=14247-14311_src=ishne.json
44.997057592130204,420.13879581661087,49.67552083566565,31.751833633151705,9.337027996094202,0.6451612903225806,3968,128,39,70.3125,101.5625,0,74.75409836065573,0.10207921409370016,0.8979207859062999,7.894736842105263,9.615552044165073,0.0021097426515163777,0.8196073389839287,0.832909122935104,Isolated Supraventricular Beat/True/data20240102_aligned_R-003_1697646044857-1697646648857_duration=1s_pos=13149-13213_src=ishne.json
14.213849300907397,405.4862168670732,50.05078318388971,4.646937797584405,28.527542381756156,12.258064516129032,3968,128,37,85.9375,125.0,2,70.8923076923077,0.2994195568190316,0.7005804431809683,41.666666666666664,7.1030191779919765,0.0005915400304750442,1.2653274064063864,0.5328045304847658,Isolated Supraventricular Beat/True/data20240102_aligned_R-002_1700507075428-1700507414428_duration=1s_pos=9341-9405_src=ishne.json
16.95083895570045,403.3125043446727,61.74876999885702,4.047019699493282,23.793068980575292,14.000000000000002,2560,128,23,85.9375,148.4375,10,70.45871559633028,0.10253461990715568,0.8974653800928443,4.545454545454546,24.69214092041849,0.00040138019003985056,2.3488752718371604,0.5389965007326869,Isolated Supraventricular Beat/True/data20240102_aligned_C-002_1700108379660-1700108922660_duration=1s_pos=69038-69102_src=ishne.json
5.437494321480119,413.053261572886,23.32090625903632,2.7153239861021916,75.96388358095183,17.93548387096774,3968,128,35,125.0,140.625,20,67.26429675425038,0.14562079350737003,0.85437920649263,8.823529411764707,16.43417022470764,0.0014677161137266056,3.405969949465948,1.3862943611198906,Isolated Supraventricular Beat/True/ReNew20230809_Patient_P001-006_P-006_04-10-2023_P-006_04-10-2023.linejson_duration=1s_pos=10165723-10165787_src=ishne.json
10.900555585636628,398.9532427025598,50.27949416159977,2.0683501832887696,36.599346058003114,34.193548387096776,3968,128,30,70.3125,78.125,0,58.6722866174921,0.22875217336735318,0.7712478266326468,3.4482758620689653,25.02167827594572,0.00018462929668267413,1.4767594308178948,0.8690378470236094,Isolated Supraventricular Beat/True/data20240102_aligned_R-003_1697645449857-1697646043857_duration=1s_pos=13919-13983_src=ishne.json
6.508895454512396,403.2177989719924,23.495017246741657,2.983917019347526,61.94871923219108,18.322580645161292,3968,128,35,125.0,132.8125,21,68.5534260960882,0.13205148206232764,0.8679485179376724,5.882352941176471,20.680263418725858,0.0015843988034469245,3.66218170055249,1.7578579175523736,Isolated Supraventricular Beat/True/ReNew20230809_Patient_P001-006_P-006_04-10-2023_P-006_04-10-2023.linejson_duration=1s_pos=10217600-10217664_src=ishne.json
9.314246756764435,410.43439153110705,50.95068454341821,1.3548656461779274,44.065221609875124,33.5483870967742,3968,128,34,74.21875,117.1875,0,65.47145440454663,0.08564837735933892,0.914351622640661,3.0303030303030303,15.126224909635528,0.0007137241973194013,2.657668335935889,0.6007738604289302,Isolated Supraventricular Beat/True/data20240102_aligned_C-002_1700048796660-1700051993660_duration=1s_pos=2253-2317_src=ishne.json
22.53096568283255,436.7362252709722,52.365957978709076,8.221680295143585,19.383821005946583,7.096774193548387,3968,128,35,70.3125,93.75,0,67.54267977237456,0.287833917039012,0.7121660829609879,2.9411764705882355,18.258278678137103,0.003584579184098377,1.6463360509027407,0.5930637220029626,Isolated Supraventricular Beat/True/data20240102_aligned_R-003_1697647849857-1697648448857_duration=1s_pos=35363-35427_src=ishne.json
3.742902517476247,416.11433570676104,23.482106927720093,1.661007842548301,111.17420840902072,32.645161290322584,3968,128,35,125.0,132.8125,18,66.47657841140528,0.16819947064477447,0.8318005293552255,8.823529411764707,14.534297067998182,0.00743304563314189,3.2547544049380104,0.7683706017975328,Isolated Supraventricular Beat/True/ReNew20230809_Patient_P001-006_P-006_04-10-2023_P-006_04-10-2023.linejson_duration=1s_pos=8154073-8154137_src=ishne.json
3.989602787206112,415.2896300271821,23.50337184086592,1.7231240357125088,104.09295062305075,31.096774193548388,3968,128,35,85.9375,132.8125,14,66.81678607983623,0.13726812847546138,0.8627318715245387,5.882352941176471,14.944664501930863,0.00031274309523593886,3.40249544462337,0.8472978603872037,Isolated Supraventricular Beat/True/ReNew20230809_Patient_P001-006_P-006_04-10-2023_P-006_04-10-2023.linejson_duration=1s_pos=8182459-8182523_src=ishne.json
17.849460805129088,413.9635799521584,51.97680050648245,5.794613890610423,23.191936231556568,11.612903225806452,3968,128,28,101.5625,171.875,8,57.56801776790672,0.3991593246334947,0.6008406753665053,18.51851851851852,12.49966102122156,0.0077727894816253295,0.8954412127103476,1.0986122886681098,Isolated Supraventricular Beat/True/data20240102_aligned_C-001_1701980373670-1701980978670_duration=1s_pos=22229-22293_src=ishne.json
14.581110284598392,416.5424560918918,51.397047593297465,3.868013470056164,28.567264041930304,15.483870967741936,3968,128,42,78.125,125.0,1,82.77602523659306,0.2351451195109183,0.7648548804890817,0.0,12.815282768441184,0.0012001546187630754,9.259722292468426,0.5400711918624523,Isolated Supraventricular Beat/True/ReNew20230809_Patient_P001-006_P-002_04-06-2023_P-002_04-06-2023.linejson_duration=1s_pos=3356522-3356586_src=ishne.json
12.956422507265952,403.1971723759985,49.65242359740426,3.210002581297111,31.119480784947008,18.70967741935484,3968,128,39,85.9375,132.8125,4,73.99594320486815,0.35847372118097715,0.6415262788190228,44.73684210526316,50.25231654095919,0.00840125310368096,0.7321195884281214,0.3746934494414107,Isolated Supraventricular Beat/True/data20240102_aligned_R-002_1700507075428-1700507414428_duration=1s_pos=26162-26226_src=ishne.json
10.758519093785962,414.403357790328,51.482613292945494,2.1888066615975976,38.51862097926315,20.64516129032258,3968,128,33,78.125,140.625,4,63.63542206110824,0.10176436940998211,0.8982356305900179,3.125,18.100285252664786,0.0015575083511295091,1.5713763874299536,0.9257694758286987,Isolated Supraventricular Beat/True/data20240102_aligned_C-002_1700097063660-1700098768660_duration=1s_pos=147022-147086_src=ishne.json
12.569637495123223,421.31713592496413,51.62274957746362,3.883257484055491,33.51863588506758,12.903225806451612,3968,128,34,70.3125,125.0,1,64.52138492871691,0.09395094024960939,0.9060490597503906,3.0303030303030303,16.23129543521355,0.00037601765693359436,2.3095359957462103,0.8266785731844679,Isolated Supraventricular Beat/True/data20240102_aligned_C-002_1700077197660-1700077673660_duration=1s_pos=31919-31983_src=ishne.json
20.985218272793574,397.74972020833167,49.55019819871178,8.259074367719332,18.95380339075117,8.38709677419355,3968,128,4,70.3125,109.375,0,61.60427807486631,0.3484358368273535,0.6515641631726465,0.0,76.98360073413345,0.0008793952840373207,0.9940033774596203,,Isolated Supraventricular Beat/True/data20240102_aligned_R-003_1697648449857-1697648978857_duration=1s_pos=63814-63878_src=ishne.json
3.7693429115370614,414.3733663147603,23.454123613268816,1.7019527330197626,109.93249118141287,32.25806451612903,3968,128,34,85.9375,132.8125,14,67.96460176991151,0.24714508888400374,0.7528549111159962,21.21212121212121,14.091038197024861,0.001171616315066474,3.0814307851417464,0.9295359586241757,Isolated Supraventricular Beat/True/ReNew20230809_Patient_P001-006_P-006_04-10-2023_P-006_04-10-2023.linejson_duration=1s_pos=8200244-8200308_src=ishne.json
3.8050401997302616,411.60942335068484,23.258571782752135,1.6148838252945108,108.17476125616292,32.516129032258064,3968,128,36,117.1875,140.625,14,71.16759332803812,0.18042716540522558,0.8195728345947744,8.571428571428571,11.065838680011332,0.0014406619933552704,2.842771755456802,1.2656663733312759,Isolated Supraventricular Beat/True/ReNew20230809_Patient_P001-006_P-006_04-10-2023_P-006_04-10-2023.linejson_duration=1s_pos=7712386-7712450_src=ishne.json
11.075008340012456,442.0025973274078,51.98920420792092,1.7857077954259726,39.90990741023706,28.387096774193548,3968,128,30,128.90625,156.25,16,58.075619295958276,0.09964299025692652,0.9003570097430735,3.4482758620689653,9.72785862473053,0.0027142132003537284,1.711992062205298,,Isolated Supraventricular Beat/True/data20240102_aligned_C-001_1701989973670-1701990569670_duration=1s_pos=53812-53876_src=ishne.json
11.788989394713836,407.693677407178,50.28956401752268,2.8160663349470205,34.58257779139316,21.935483870967744,3968,128,41,78.125,132.8125,7,78.68852459016394,0.18761194364983513,0.8123880563501649,5.0,13.154781684351278,0.0005878977888401505,5.653682664996146,0.5029204442588775,Isolated Supraventricular Beat/True/ReNew20230809_Patient_P001-006_P-002_04-06-2023_P-002_04-06-2023.linejson_duration=1s_pos=4802882-4802946_src=ishne.json
29.98264268810735,398.8778891845951,65.21765148053622,7.463658432149689,13.303626369105352,5.161290322580645,3968,128,45,85.9375,132.8125,5,85.940996948118,0.15845313315450182,0.8415468668454982,0.0,13.748545675768522,0.014497611739162851,7.14004959104057,0.2785161054377009,Isolated Supraventricular Beat/True/ReNew20230809_Patient_P001-006_P-002_04-06-2023_P-002_04-06-2023.linejson_duration=1s_pos=9191774-9191838_src=ishne.json
4.084564115012752,399.87201940652386,22.597926685643017,1.894024625481494,97.89830940307472,28.000000000000004,3968,128,36,78.125,132.8125,17,71.39442231075698,0.18612586160180003,0.8138741383982,11.428571428571429,20.01063440719085,0.007517425658216754,3.7967547334670133,0.7472144018302211,Isolated Supraventricular Beat/True/ReNew20230809_Patient_P001-006_P-006_04-10-2023_P-006_04-10-2023.linejson_duration=1s_pos=7898535-7898599_src=ishne.json
16.003088257023396,432.5796779404334,50.510815282618346,4.665163754251633,27.031010762536607,11.612903225806452,3968,128,46,78.125,132.8125,2,89.53367875647668,0.21685036588220719,0.7831496341177928,0.0,12.142500194443258,0.004089713260651073,9.547115409409205,0.3605697882002734,Isolated Supraventricular Beat/True/ReNew20230809_Patient_P001-006_P-002_04-06-2023_P-002_04-06-2023.linejson_duration=1s_pos=3314360-3314424_src=ishne.json
21.73216911304661,408.5424541509257,51.18328945164546,8.031368651943428,18.79897184799151,5.161290322580645,3968,128,31,62.5,93.75,0,59.87525987525987,0.2839017978244769,0.7160982021755231,3.3333333333333335,14.209618200590977,0.0039175889091813375,1.3906319202690811,0.1889660995126232,Isolated Supraventricular Beat/True/data20240102_aligned_R-003_1697648979857-1697649578857_duration=1s_pos=11652-11716_src=ishne.json
51.5890342874486,567.120009002924,83.07871847022184,16.151598138490986,10.993033807338941,2.5806451612903225,3968,128,45,78.125,132.8125,10,87.97708929966154,0.14808770826883288,0.8519122917311671,4.545454545454546,11.802190864769889,0.006138985037726785,6.316762606887166,0.49740260343385,Isolated Supraventricular Beat/True/ReNew20230809_Patient_P001-006_P-002_04-06-2023_P-002_04-06-2023.linejson_duration=1s_pos=4589321-4589385_src=ishne.json
11.623934487990203,429.8235958928157,52.47745945262777,3.2726638608846503,36.97745882510338,14.193548387096774,3968,128,32,117.1875,148.4375,15,61.61490683229814,0.10556341765876122,0.8944365823412388,3.225806451612903,29.365449607364653,0.00017633237452113626,2.527115647710884,0.807091439909163,Isolated Supraventricular Beat/True/data20240102_aligned_C-002_1700087794660-1700090365660_duration=1s_pos=264629-264693_src=ishne.json
53.91920624756181,471.4456214812872,69.6223530572287,28.642877760346575,8.743556249199226,1.2903225806451613,3968,128,6,121.09375,132.8125,3,11.25769569041337,0.9186475115426613,0.08135248845733867,40.0,17.021892917711863,0.017586362225031505,0.7034558110438295,,Isolated Supraventricular Beat/True/data20240102_aligned_C-001_1701985306670-1701989376670_duration=1s_pos=350129-350193_src=ishne.json
10.052677379972376,428.54567027934445,52.60619121344887,1.5018753413629238,42.62999909885927,34.83870967741935,3968,128,24,140.625,164.0625,14,47.560581583198704,0.1737713262739307,0.8262286737260693,13.043478260869565,24.443529521306786,0.00036828796565908147,2.163067401378888,,Isolated Supraventricular Beat/True/data20240102_aligned_C-001_1701939580670-1701940188670_duration=1s_pos=54346-54410_src=ishne.json
14.336608824227035,407.32852287330735,50.297223924146095,4.4737569391155585,28.41177432233486,16.7741935483871,3968,128,32,78.125,156.25,12,61.96772514315461,0.12002769327913251,0.8799723067208675,9.67741935483871,10.195445730846222,0.0005233379130963165,1.3812123131785317,1.2039728043259361,Isolated Supraventricular Beat/True/data20240102_aligned_C-001_1701978570670-1701979173670_duration=1s_pos=73565-73629_src=ishne.json
11.13841317878056,404.78025333989484,50.17192899057097,2.841713638453758,36.34092311911232,20.0,3968,128,33,85.9375,132.8125,3,63.70139968895801,0.2717298901679459,0.7282701098320541,40.625,18.090860822103103,0.0003243939482053479,2.465421142680421,1.252762968495368,Isolated Supraventricular Beat/True/data20240102_aligned_R-002_1700507075428-1700507414428_duration=1s_pos=34843-34907_src=ishne.json
14.227045834998174,416.9096594547498,50.72994303052903,5.009586404594701,29.304019610673006,12.903225806451612,3968,128,41,78.125,148.4375,5,80.25078369905957,0.25629821732970043,0.7437017826702996,10.0,14.028806027888958,0.0008256881441440205,4.84929274698658,0.5031035776720805,Isolated Supraventricular Beat/True/ReNew20230809_Patient_P001-006_P-002_04-06-2023_P-002_04-06-2023.linejson_duration=1s_pos=9168341-9168405_src=ishne.json
9.20850554138979,401.7117595715717,50.14434973628709,1.2675779597197678,43.6239859054217,38.064516129032256,3968,128,31,78.125,109.375,0,60.77552097072012,0.10190651047348702,0.898093489526513,3.3333333333333335,3.525326989976943,0.0014483009154478818,0.9930486489668029,0.5831462853456169,Isolated Supraventricular Beat/True/data20240102_aligned_C-002_1700115599660-1700116194660_duration=1s_pos=31956-32020_src=ishne.json
11.011391271514363,422.9243405761944,52.19627114420132,2.532330641415781,38.40788976978576,23.225806451612904,3968,128,29,78.125,132.8125,3,57.49732620320855,0.11929089773272541,0.8807091022672746,3.5714285714285716,23.774151313034935,0.0015733397675638796,2.660411639045979,0.7949298748698876,Isolated Supraventricular Beat/True/data20240102_aligned_C-002_1700073578660-1700074165660_duration=1s_pos=19092-19156_src=ishne.json
11.949679852452224,404.3513663245808,49.879496098645674,3.4713827821128973,33.83783812448873,14.838709677419354,3968,128,34,85.9375,148.4375,6,67.04761904761905,0.366755411967764,0.6332445880322359,6.0606060606060606,17.08190672555615,0.001730472977439408,4.617095963207433,0.3948829987776275,Isolated Supraventricular Beat/True/ReNew20230809_Patient_P001-006_P-002_04-06-2023_P-002_04-06-2023.linejson_duration=1s_pos=6112445-6112509_src=ishne.json
16.87146553576418,400.6895081314279,55.253402124968055,2.255129467490957,23.749536371485263,21.29032258064516,3968,128,2,117.1875,125.0,1,,,,,66.06337563737598,0.0012840125560680486,0.3208458808272685,,Isolated Supraventricular Beat/True/data20240102_aligned_C-002_1700114991660-1700115598660_duration=1s_pos=11463-11527_src=ishne.json
11.244290667010402,415.9020669157322,51.881247619772964,2.9632164870354583,36.987840517864385,19.35483870967742,3968,128,31,93.75,140.625,13,60.871862615587844,0.22146661973047083,0.7785333802695291,13.333333333333334,43.60298185853554,0.0006902648620349815,1.7965500191262602,0.2732933349996813,Isolated Supraventricular Beat/True/data20240102_aligned_C-002_1700101754660-1700105384660_duration=1s_pos=377511-377575_src=ishne.json
12.387276367794957,410.7620115648074,50.82423063328229,3.841225392650083,33.15999144676669,13.548387096774196,3968,128,37,85.9375,140.625,15,71.47880041365048,0.2651439790111995,0.7348560209888004,0.0,12.171275021522536,0.01452677986518707,5.506154125074799,0.3774335942522783,Isolated Supraventricular Beat/True/ReNew20230809_Patient_P001-006_P-002_04-06-2023_P-002_04-06-2023.linejson_duration=1s_pos=9552893-9552957_src=ishne.json
17.12332252314884,391.85776784609493,48.49014453341851,7.0982075064148775,22.884445727860395,11.612903225806452,3968,128,32,70.3125,78.125,0,64.25910931174089,0.6144764470935059,0.3855235529064941,9.67741935483871,18.815500806782442,0.005936781939394082,1.4471729036350875,0.673212965659128,Isolated Supraventricular Beat/True/data20240102_aligned_R-003_1697647849857-1697648448857_duration=1s_pos=42509-42573_src=ishne.json
13.133094121326149,418.5459833849352,51.194687441122326,4.173291363237075,31.86956155562143,16.129032258064516,3968,128,33,85.9375,140.625,6,64.08344198174707,0.14235831455951173,0.8576416854404882,25.0,26.593230917851912,0.00037863357876816574,3.1570850206644665,,Isolated Supraventricular Beat/True/data20240102_aligned_R-002_1700509218428-1700509586428_duration=1s_pos=43070-43134_src=ishne.json
3.030406125078452,415.1454726156756,23.473492769055838,1.2135196110385493,136.9933000685273,42.70967741935484,3968,128,32,85.9375,132.8125,14,62.19435736677116,0.1487258109368067,0.8512741890631933,6.451612903225806,19.711156770986538,0.0014320859353233256,4.158709751052321,1.2286654169163076,Isolated Supraventricular Beat/True/ReNew20230809_Patient_P001-006_P-006_04-10-2023_P-006_04-10-2023.linejson_duration=1s_pos=10975050-10975114_src=ishne.json
14.015487411968929,423.4593816559586,51.27598063380468,4.922359564689449,30.21367284598754,16.7741935483871,3968,128,35,70.3125,125.0,2,67.91157347204161,0.11528147246900994,0.8847185275309901,2.9411764705882355,11.512416143996827,0.0013258721899807753,1.7604656503218001,1.488077055429833,Isolated Supraventricular Beat/True/data20240102_aligned_C-002_1700063066660-1700072385660_duration=1s_pos=1138660-1138724_src=ishne.json
11.623218257278696,406.95705220511246,50.11810964081128,2.8406259232087727,35.012421532895694,18.064516129032256,3968,128,41,78.125,125.0,6,78.52760736196319,0.17036434123771552,0.8296356587622845,0.0,12.923303345845554,0.0010207151495761192,8.118108085925787,0.4953214372300254,Isolated Supraventricular Beat/True/ReNew20230809_Patient_P001-006_P-002_04-06-2023_P-002_04-06-2023.linejson_duration=1s_pos=4782161-4782225_src=ishne.json
21.74578534514199,413.5150721510905,49.132184235673336,8.145581204785813,19.01587119398282,5.806451612903226,3968,128,31,54.6875,93.75,0,61.211477151965994,0.28772275715315176,0.7122772428468482,3.3333333333333335,14.638912685264547,0.00024949982097541794,1.4185451354284286,0.204483128596807,Isolated Supraventricular Beat/True/data20240102_aligned_R-003_1697648979857-1697649578857_duration=1s_pos=11385-11449_src=ishne.json
16.040077806111228,424.18129755369813,53.372971714324784,4.0511469388913035,26.445088124634783,8.38709677419355,3968,128,3,70.3125,132.8125,1,,,,,47.575847849158144,0.0016852145312438302,0.31047217367794266,,Isolated Supraventricular Beat/True/data20240102_aligned_C-002_1700101754660-1700105384660_duration=1s_pos=237285-237349_src=ishne.json
42.92195439078153,390.3898227505601,48.67471044072052,32.43840983197943,9.09534104856754,0.6451612903225806,3968,128,36,70.3125,78.125,0,70.12783720323506,0.28073461013193546,0.7192653898680645,11.428571428571429,15.765504443091512,0.001212245047971923,1.4919485345595012,0.7884573603642702,Isolated Supraventricular Beat/True/data20240102_aligned_R-003_1697648449857-1697648978857_duration=1s_pos=20834-20898_src=ishne.json
17.667919869120713,402.9005946029075,49.887247566104804,8.003903779944421,22.804075113732317,10.32258064516129,3968,128,32,70.3125,78.125,0,68.69013271783035,0.26817094635411237,0.7318290536458876,6.451612903225806,18.42015363265245,0.0004377169634002645,1.435265494819553,0.8266785731844679,Isolated Supraventricular Beat/True/data20240102_aligned_R-003_1697647849857-1697648448857_duration=1s_pos=43222-43286_src=ishne.json
14.93968113490988,416.42577790259685,49.78477161046671,5.968223654879923,27.87380441847057,10.32258064516129,3968,128,35,85.9375,148.4375,9,67.82337662337662,0.14291380222311326,0.8570861977768868,8.823529411764707,6.527154032864894,0.0016425262174024026,0.5752179115839421,0.5232481437645479,Isolated Supraventricular Beat/True/data20240102_aligned_C-001_1701991179670-1701991773670_duration=1s_pos=64702-64766_src=ishne.json
23.70675916280597,428.5916387383877,37.22624465043315,12.199657911104556,18.07887858969502,6.193548387096774,3968,128,36,113.28125,132.8125,16,70.60677698975572,0.21777181401848386,0.7822281859815161,17.142857142857142,7.510489374511208,0.002059447936572767,0.9470122914807795,1.0761394328160512,Isolated Supraventricular Beat/True/ReNew20230809_Patient_P001-006_P-006_04-10-2023_P-006_04-10-2023.linejson_duration=1s_pos=8064817-8064881_src=ishne.json
2.8432589348369257,409.6683420149562,23.028486794160905,1.0680607059736502,144.08402727992316,45.935483870967744,3968,128,33,125.0,140.625,17,63.65190365190365,0.19936072816950634,0.8006392718304937,12.5,17.12029948766027,0.00026611673685973544,4.517662202860817,0.9932517730102834,Isolated Supraventricular Beat/True/ReNew20230809_Patient_P001-006_P-006_04-10-2023_P-006_04-10-2023.linejson_duration=1s_pos=10817821-10817885_src=ishne.json
4.095096838282765,408.8019914565294,23.06590406829452,1.849901613065752,99.82716105946716,29.29032258064516,3968,128,35,125.0,132.8125,23,67.36842105263158,0.1410425423434439,0.8589574576565561,5.882352941176471,16.02641588927076,0.0046037498844863885,3.382070968003379,1.006804739414987,Isolated Supraventricular Beat/True/ReNew20230809_Patient_P001-006_P-006_04-10-2023_P-006_04-10-2023.linejson_duration=1s_pos=10161380-10161444_src=ishne.json
11.119814880037687,417.92183655955694,51.39497018521648,2.5079824656735195,37.58352126223699,18.064516129032256,3968,128,34,93.75,148.4375,13,66.80021085925145,0.09203755730748317,0.9079624426925168,3.0303030303030303,22.606743547408676,0.0010697835135619557,2.1189551339412116,0.6045937832185003,Isolated Supraventricular Beat/True/data20240102_aligned_C-002_1700097063660-1700098768660_duration=1s_pos=86569-86633_src=ishne.json
13.056240326063293,417.95915840986976,51.50354468768593,4.0952441669086515,32.01221147586527,16.7741935483871,3968,128,32,78.125,132.8125,7,62.161879895561356,0.24979400330340068,0.7502059966965993,16.129032258064516,21.65382273892334,0.0005787926215974507,0.841170858842046,0.8754687373538999,Isolated Supraventricular Beat/True/data20240102_aligned_C-002_1700120386660-1700120994660_duration=1s_pos=47397-47461_src=ishne.json
3.888934428551574,417.9421164215613,23.57679461005011,1.7696393539641253,107.46954381220543,29.677419354838708,3968,128,34,125.0,132.8125,20,66.53714885796796,0.17524515658686285,0.8247548434131371,9.090909090909092,15.92983204425385,0.00028816869275155653,3.3224473358923863,0.8362480242006186,Isolated Supraventricular Beat/True/ReNew20230809_Patient_P001-006_P-006_04-10-2023_P-006_04-10-2023.linejson_duration=1s_pos=8103532-8103596_src=ishne.json
11.269921418238528,413.49338673668166,51.65158101123068,1.6962586245641287,36.689994073740046,30.32258064516129,3968,128,31,70.3125,125.0,3,59.33556528457378,0.14147462651895343,0.8585253734810465,3.3333333333333335,16.514377081145447,0.00027747132540648984,0.6885017422997093,1.252762968495368,Isolated Supraventricular Beat/True/data20240102_aligned_C-002_1700035926660-1700036282660_duration=1s_pos=8233-8297_src=ishne.json
3.948664874524646,417.96573373950474,23.567095459124655,1.8012749243145887,105.84986094571015,30.709677419354836,3968,128,37,78.125,132.8125,14,72.18798955613578,0.1455027455200016,0.8544972544799985,8.333333333333334,13.79706312297268,0.0005714731058325868,3.545252654235699,0.7827593392496325,Isolated Supraventricular Beat/True/ReNew20230809_Patient_P001-006_P-006_04-10-2023_P-006_04-10-2023.linejson_duration=1s_pos=8269903-8269967_src=ishne.json
11.201125657074396,418.4895419653937,51.41304127389248,2.8019696861649734,37.361379330630506,18.70967741935484,3968,128,32,82.03125,148.4375,11,62.586750788643535,0.1507952979096714,0.8492047020903286,6.451612903225806,29.102314422901145,0.001741254942906873,2.5954261020226728,0.8190274264489481,Isolated Supraventricular Beat/True/data20240102_aligned_C-002_1700087794660-1700090365660_duration=1s_pos=309459-309523_src=ishne.json
12.088601067374093,401.18944561140745,49.462196558271025,3.429974135341296,33.18741434083408,18.064516129032256,3968,128,34,85.9375,140.625,8,67.98283261802575,0.23638473844687335,0.7636152615531266,3.0303030303030303,17.205880495125722,0.001158323945478762,6.380237599856087,0.45198512374305727,Isolated Supraventricular Beat/True/ReNew20230809_Patient_P001-006_P-002_04-06-2023_P-002_04-06-2023.linejson_duration=1s_pos=6425677-6425741_src=ishne.json
12.32564145243234,416.1801952888727,51.37754286223963,3.8529153452135922,33.76539575077028,16.129032258064516,3968,128,32,82.03125,148.4375,12,62.30829625752421,0.15183693821311198,0.848163061786888,6.451612903225806,29.590156124245055,0.0008776090149679092,2.330392645702761,0.7939518796819109,Isolated Supraventricular Beat/True/data20240102_aligned_C-002_1700098963660-1700101753660_duration=1s_pos=237481-237545_src=ishne.json
3.8424536714767377,409.84170572603904,22.942124415352364,1.6121033611660174,106.66142889553673,31.483870967741932,3968,128,36,125.0,132.8125,21,69.43942133815551,0.1433223624839379,0.8566776375160621,5.714285714285714,18.82925487683556,0.002902237046456581,3.5694906973869096,0.8266785731844679,Isolated Supraventricular Beat/True/ReNew20230809_Patient_P001-006_P-006_04-10-2023_P-006_04-10-2023.linejson_duration=1s_pos=9849906-9849970_src=ishne.json
13.164985003206406,418.9896287405555,51.12880608767662,4.521798299489177,31.826059567287672,11.612903225806452,3968,128,40,101.5625,171.875,13,76.66240081904274,0.11200007105102124,0.8879999289489787,7.6923076923076925,15.907500411311855,0.00146201598793197,2.556292106706149,0.6649763035932491,Isolated Supraventricular Beat/True/data20240102_aligned_C-002_1700087794660-1700090365660_duration=1s_pos=80747-80811_src=ishne.json
9.333459411856122,411.7309889059719,51.37338729759542,1.2024887364248116,44.1134338967097,41.935483870967744,3968,128,30,70.3125,78.125,0,58.04534792806881,0.11351920395721017,0.8864807960427898,3.4482758620689653,14.413862600520616,0.0012388962998998978,2.796431601391595,0.5988365010887039,Isolated Supraventricular Beat/True/data20240102_aligned_C-002_1700040846660-1700043598660_duration=1s_pos=66167-66231_src=ishne.json
12.273121967426523,406.47967481355676,50.49977554245859,3.4718502976571752,33.119498264001265,16.7741935483871,3968,128,36,85.9375,140.625,13,69.70954356846474,0.3190027993963869,0.6809972006036131,0.0,11.607523393260397,0.0012086884310057498,4.935657029720995,0.5075143624623346,Isolated Supraventricular Beat/True/ReNew20230809_Patient_P001-006_P-002_04-06-2023_P-002_04-06-2023.linejson_duration=1s_pos=9557035-9557099_src=ishne.json
4.488660737010411,416.87133883386565,23.61161738259124,1.9993407651739403,92.87207708182416,27.35483870967742,3968,128,37,70.3125,132.8125,14,71.85031185031185,0.10123800901580465,0.8987619909841953,2.7777777777777777,15.63766437070888,0.005344238809112788,3.610926121962834,0.8472978603872037,Isolated Supraventricular Beat/True/ReNew20230809_Patient_P001-006_P-006_04-10-2023_P-006_04-10-2023.linejson_duration=1s_pos=7682863-7682927_src=ishne.json
9.143408070549679,400.37422299469904,50.00849279022898,1.1425632681163478,43.788287268506686,44.516129032258064,3968,128,30,78.125,109.375,0,58.61052631578947,0.10784273457975427,0.8921572654202458,3.4482758620689653,3.780652887396273,0.000584792585999773,0.9748634546453079,0.8649974374866046,Isolated Supraventricular Beat/True/data20240102_aligned_C-002_1700116195660-1700116782660_duration=1s_pos=45222-45286_src=ishne.json
3.9682127431019056,405.4622172922264,22.946082223809547,1.9283224227015783,102.17751450436775,29.29032258064516,3968,128,37,70.3125,132.8125,17,71.75707241110823,0.13544279590668035,0.8645572040933196,5.555555555555555,18.619180114790314,0.0005847446338377847,3.990810214787286,1.1631508098056809,Isolated Supraventricular Beat/True/ReNew20230809_Patient_P001-006_P-006_04-10-2023_P-006_04-10-2023.linejson_duration=1s_pos=9784312-9784376_src=ishne.json
27.66855208984555,431.7785354503674,54.75121675171652,11.786965496425438,15.605389051183579,3.225806451612903,3968,128,29,70.3125,93.75,0,55.95628415300546,0.3538636892922911,0.6461363107077089,50.0,12.636287300765114,0.0020176217144923076,1.2229762159341508,0.5026288565618121,Isolated Supraventricular Beat/True/data20240102_aligned_R-003_1697648979857-1697649578857_duration=1s_pos=16964-17028_src=ishne.json
3.595069084590416,391.0653304992362,22.13510240654292,1.4841617890190006,108.77822164732291,36.0,3968,128,31,85.9375,164.0625,10,59.33556528457378,0.32454461217394,0.6754553878260601,23.333333333333332,7.972897862895808,0.0006323816857764878,0.5677593086328976,0.9614111671546247,Isolated Supraventricular Beat/True/ReNew20230809_Patient_P001-006_P-004_04-10-2023_P-004_04-10-2023.linejson_duration=1s_pos=2488947-2489011_src=ishne.json
6.155454118839529,407.0190227303278,23.15378283575341,3.330779241250692,66.12330280576587,16.64516129032258,3968,128,35,117.1875,132.8125,15,69.28097638630936,0.16296777092394704,0.837032229076053,8.823529411764707,18.292972072148583,0.0012323520553084674,3.400735774198554,1.455287232606842,Isolated Supraventricular Beat/True/ReNew20230809_Patient_P001-006_P-006_04-10-2023_P-006_04-10-2023.linejson_duration=1s_pos=9941528-9941592_src=ishne.json
12.5009436324517,387.4638674253299,48.46094343221288,3.498348871195156,30.99476710099948,14.838709677419354,3968,128,36,62.5,117.1875,0,70.7740916271722,0.3053644328427413,0.6946355671572587,17.142857142857142,16.485116917128906,0.0005994333478225466,1.2583437131278559,0.916290731874155,Isolated Supraventricular Beat/True/data20240102_aligned_R-003_1697644849857-1697645448857_duration=1s_pos=24987-25051_src=ishne.json
9.198855071620036,409.3006598463767,51.18294923787294,1.066140900153778,44.494734634356945,47.74193548387097,3968,128,30,70.3125,78.125,0,58.472039905487,0.1581722802239994,0.8418277197760006,6.896551724137931,14.748927204093796,0.0010125110240244214,2.6726397336716667,0.7049816382069481,Isolated Supraventricular Beat/True/data20240102_aligned_C-002_1700040846660-1700043598660_duration=1s_pos=114844-114908_src=ishne.json
28.680797082129978,428.98375345516916,51.12122805191182,15.113466158903188,14.957176304046234,2.5806451612903225,3968,128,17,70.3125,140.625,2,54.06071271447426,0.5441958441102795,0.45580415588972045,12.5,25.497166334770544,0.002404660312336534,0.278479099357009,1.3862943611198906,Isolated Supraventricular Beat/True/data20240102_aligned_R-003_1697646044857-1697646648857_duration=1s_pos=50751-50815_src=ishne.json
22.092281569484967,413.360489667286,50.880779982605716,9.585707975594104,18.71062840008399,7.096774193548387,3968,128,39,70.3125,109.375,0,75.56706369756603,0.6342021948175364,0.36579780518246363,10.526315789473685,14.115216604918125,0.00260736127597075,1.4980291508927968,0.33148469511017387,Isolated Supraventricular Beat/True/data20240102_aligned_R-003_1697648449857-1697648978857_duration=1s_pos=10682-10746_src=ishne.json
28.96804430504068,454.4007832536647,56.51988656468392,12.481093964183177,15.686277015542888,5.806451612903226,3968,128,37,70.3125,93.75,0,71.77570093457943,0.3139856210639482,0.6860143789360518,8.333333333333334,13.906380528895046,0.0005381057856849508,1.4520450312108044,0.491407537908889,Isolated Supraventricular Beat/True/data20240102_aligned_R-003_1697648979857-1697649578857_duration=1s_pos=44667-44731_src=ishne.json
15.533280836141333,414.7879957021137,50.251247052900496,5.62657070155459,26.703178380310156,12.903225806451612,3968,128,27,78.125,171.875,7,53.490490222341286,0.4173322992592633,0.5826677007407367,3.8461538461538463,12.45490961861219,0.0012878291882664453,0.544269231193373,0.7156200364120039,Isolated Supraventricular Beat/True/data20240102_aligned_C-002_1700060962660-1700062610660_duration=1s_pos=116209-116273_src=ishne.json
28.17849579004317,426.3547479987978,55.38911009642096,11.4708807530689,15.13050008222758,1.935483870967742,3968,128,30,70.3125,85.9375,0,58.395385422128996,0.34260369060626245,0.6573963093937376,3.4482758620689653,15.358391660392726,0.0004338850210373017,1.3824349947305798,0.1906203596086497,Isolated Supraventricular Beat/True/data20240102_aligned_R-003_1697648979857-1697649578857_duration=1s_pos=15097-15161_src=ishne.json
11.793675357841304,419.533810589207,52.02287212788527,3.1619955913491093,35.57277627940588,17.419354838709676,3968,128,30,117.1875,148.4375,12,57.99999999999999,0.10878249733945104,0.891217502660549,3.4482758620689653,31.77571299833828,0.0005559834504137592,2.4462872408311838,0.6225296133459919,Isolated Supraventricular Beat/True/data20240102_aligned_C-002_1700098963660-1700101753660_duration=1s_pos=285823-285887_src=ishne.json
34.23125262420283,407.48784397680083,52.432300249822866,18.41998911872733,11.903970811302425,5.806451612903226,3968,128,33,101.5625,156.25,16,65.65856265028053,0.16682739635832367,0.8331726036416763,15.625,17.441249231206324,0.0007947475215578089,2.265581550318406,0.8472978603872037,Isolated Supraventricular Beat/True/data20240102_aligned_C-001_1701945598670-1701946193670_duration=1s_pos=65923-65987_src=ishne.json
17.111718421716493,402.92502987565604,51.06602278244249,5.774458262996385,23.54672958021411,3.870967741935484,3968,128,42,78.125,125.0,2,81.70212765957447,0.2284803985403673,0.7715196014596327,0.0,13.505175937357379,0.0010292871210512624,7.335320158424631,0.3805261597609123,Isolated Supraventricular Beat/True/ReNew20230809_Patient_P001-006_P-002_04-06-2023_P-002_04-06-2023.linejson_duration=1s_pos=4403492-4403556_src=ishne.json
2.9097789153384124,407.36300292072,22.93216687855101,1.189640850014717,139.9978743317922,44.25806451612903,3968,128,36,82.03125,140.625,16,71.11111111111111,0.1214542168396341,0.8785457831603659,5.714285714285714,12.88767493128501,0.0025848389739559618,3.399338579852225,0.8064758658669484,Isolated Supraventricular Beat/True/ReNew20230809_Patient_P001-006_P-006_04-10-2023_P-006_04-10-2023.linejson_duration=1s_pos=7939894-7939958_src=ishne.json
3.9765967000919105,419.6864158743678,23.69475189803962,1.466181986135684,105.53906820010172,36.38709677419355,3968,128,34,78.125,140.625,13,65.5561303673047,0.11529277971588028,0.8847072202841197,3.0303030303030303,16.500590913693966,0.0057093415209169066,3.2787279433964023,1.329135947279942,Isolated Supraventricular Beat/True/ReNew20230809_Patient_P001-006_P-006_04-10-2023_P-006_04-10-2023.linejson_duration=1s_pos=2739824-2739888_src=ishne.json
10.996453274594257,421.6474039537361,51.89611557166091,2.31136848810376,38.34394191297575,22.58064516129032,3968,128,30,97.65625,140.625,11,58.96743447180302,0.10367389505742039,0.8963261049425796,3.4482758620689653,31.778937269762366,0.0033791789857900148,2.2671128122981785,0.6632942174102642,Isolated Supraventricular Beat/True/data20240102_aligned_C-002_1700112454660-1700113166660_duration=1s_pos=60860-60924_src=ishne.json
12.527685599466148,660.9823203131965,35.178689121966805,3.4788459127765847,52.76172221145471,16.129032258064516,3968,128,16,97.65625,148.4375,5,29.721362229102166,1.6916117049215111,0.0,0.0,17.57987789900219,0.009586389779199992,1.2796203024475894,0.25131442828090605,Isolated Supraventricular Beat/True/ReNew20230809_Patient_P001-006_P-004_04-10-2023_P-004_04-10-2023.linejson_duration=1s_pos=1370540-1370604_src=ishne.json
3.563853473533622,416.5081807564037,23.450739079743293,1.6288679188116717,116.87014266422298,33.29032258064516,3968,128,36,78.125,132.8125,11,69.60124287933714,0.1754099926356439,0.8245900073643561,11.428571428571429,15.094721632098853,0.0007251732933582181,3.4228515516667937,0.9916401691159419,Isolated Supraventricular Beat/True/ReNew20230809_Patient_P001-006_P-006_04-10-2023_P-006_04-10-2023.linejson_duration=1s_pos=8036159-8036223_src=ishne.json
15.47443134890818,420.68787899541314,51.14428926324234,5.5890824735223,27.185997489923782,7.096774193548387,3968,128,32,70.3125,117.1875,0,63.64073777064956,0.07682867540944407,0.923171324590556,3.225806451612903,7.730122734260018,0.011599481285389741,1.216424494693182,,Isolated Supraventricular Beat/True/data20240102_aligned_C-002_1700063066660-1700072385660_duration=1s_pos=1180152-1180216_src=ishne.json
17.915675750185013,419.84068727558775,51.0826717727037,6.727322718973472,23.434263362183742,6.451612903225806,3968,128,34,82.03125,132.8125,11,67.52997601918466,0.10565477823664896,0.8943452217633511,3.0303030303030303,12.603618873597977,0.0003227652370036925,1.8564275089289097,0.9444616088408514,Isolated Supraventricular Beat/True/data20240102_aligned_C-002_1700079263660-1700087247660_duration=1s_pos=357771-357835_src=ishne.json
36.98017380688616,447.98298516500944,51.53764838865067,28.723978622811842,12.114139197675984,2.5806451612903225,3968,128,41,70.3125,78.125,0,79.64739434793881,0.2834356558184257,0.7165643441815743,5.0,15.22666786538812,0.0011716936210223125,1.6757797960552083,0.5819215454497209,Isolated Supraventricular Beat/True/data20240102_aligned_R-003_1697646649857-1697647248857_duration=1s_pos=13404-13468_src=ishne.json
10.20307999490434,411.726091956746,51.345223175932595,1.7826795435706977,40.35311413899114,34.83870967741935,3968,128,31,70.3125,78.125,0,59.797560342590195,0.16058693604645125,0.8394130639535488,6.666666666666667,10.356782991051874,0.0028648560317598567,1.1437620018839774,1.024504316514388,Isolated Supraventricular Beat/True/data20240102_aligned_C-002_1700040846660-1700043598660_duration=1s_pos=285554-285618_src=ishne.json
11.101796283401105,420.0327051364806,51.63457484429012,2.686378426210778,37.83465815616127,19.35483870967742,3968,128,32,78.125,156.25,10,61.2188223193623,0.18440040665813143,0.8155995933418686,12.903225806451612,29.921915219264356,0.0020689937350142065,2.269057012602302,0.9509762898620451,Isolated Supraventricular Beat/True/data20240102_aligned_C-002_1700093367660-1700093993660_duration=1s_pos=17545-17609_src=ishne.json
10.846394587183775,419.7947863724565,51.89305253307389,2.305104698175686,38.703621216663976,23.225806451612904,3968,128,31,78.125,140.625,10,59.611901681759385,0.11897321885490027,0.8810267811450997,3.3333333333333335,30.882672981781376,0.002373227300607892,2.5708447594768598,0.9903987040278769,Isolated Supraventricular Beat/True/data20240102_aligned_C-002_1700092781660-1700093366660_duration=1s_pos=28175-28239_src=ishne.json
14.232703168224138,408.57346132315485,50.29460267516592,4.512589978087345,28.70666434810989,11.612903225806452,3968,128,36,85.9375,156.25,8,69.89079563182527,0.26272683974193467,0.7372731602580653,34.285714285714285,19.71825305953164,0.0025644324582881632,2.7407725943122125,0.8602012652231115,Isolated Supraventricular Beat/True/data20240102_aligned_R-002_1700508616428-1700509216428_duration=1s_pos=23660-23724_src=ishne.json
8.874557090268391,397.9091943969303,49.505201242266644,0.9839431744306237,44.83707136170162,52.25806451612903,3968,128,31,78.125,101.5625,0,58.6707410236822,0.18289297635938104,0.8171070236406189,10.0,4.998080783740144,0.0005863351275269418,1.1508528214389608,0.8574502318512216,Isolated Supraventricular Beat/True/data20240102_aligned_C-002_1700053779660-1700054378660_duration=1s_pos=7058-7122_src=ishne.json
12.409515144979364,400.308467857823,48.77224810677002,3.800793478923925,32.25818502357802,14.838709677419354,3968,128,37,78.125,125.0,2,71.01977909067557,0.298816637623937,0.701183362376063,38.888888888888886,9.443205822731274,0.0013204145810582538,1.7066167223233086,0.38299225225610584,Isolated Supraventricular Beat/True/data20240102_aligned_R-002_1700507075428-1700507414428_duration=1s_pos=8507-8571_src=ishne.json
10.881733263725842,411.92359370494347,51.03694386154805,2.281727377828613,37.85459042848408,21.29032258064516,3968,128,34,97.65625,148.4375,13,65.47145440454663,0.10254609066069033,0.8974539093393097,3.0303030303030303,14.66357574962889,0.00031099963684400826,1.6369911209688872,1.1856236656577395,Isolated Supraventricular Beat/True/data20240102_aligned_C-002_1700095129660-1700097002660_duration=1s_pos=221162-221226_src=ishne.json
13.434357007815096,432.06376017698614,53.39026944568316,3.1256316694634467,32.16110214761614,10.967741935483872,3968,128,30,74.21875,140.625,8,56.71504965622612,0.1194624344619013,0.8805375655380987,3.4482758620689653,28.834566864353587,0.015613903430348844,2.0681863707136867,0.7282385003712154,Isolated Supraventricular Beat/True/data20240102_aligned_C-002_1700110783660-1700111386660_duration=1s_pos=46232-46296_src=ishne.json
10.286392092773806,408.35051613873406,54.65004483414923,1.0626171507119864,39.698124741664834,47.40740740740741,3456,128,27,70.3125,78.125,0,60.23529411764706,0.10348666789810328,0.8965133321018968,3.8461538461538463,11.988506463717206,0.000240336341646826,2.285273481866663,1.3862943611198906,Isolated Supraventricular Beat/True/data20240102_aligned_C-002_1700038318660-1700039361660_duration=1s_pos=1436-1500_src=ishne.json
30.838115174050294,425.63492543407267,52.66419344575465,15.478717408195287,13.802234968951721,5.806451612903226,3968,128,12,117.1875,179.6875,5,64.88479262672811,0.6916861533306563,0.3083138466693437,45.45454545454545,10.468116109724345,0.021867256756757263,0.30690524916356604,,Isolated Supraventricular Beat/True/data20240102_aligned_R-003_1697644849857-1697645448857_duration=1s_pos=8136-8200_src=ishne.json
4.0900062672845605,408.4927949004123,23.08366843819574,2.1136145047300214,99.8758115096502,25.806451612903224,3968,128,36,125.0,132.8125,22,69.24265842349305,0.13331746635020197,0.8666825336497981,11.428571428571429,23.049004297047727,0.004223681043734989,4.680931637692623,1.0296194171811581,Isolated Supraventricular Beat/True/ReNew20230809_Patient_P001-006_P-006_04-10-2023_P-006_04-10-2023.linejson_duration=1s_pos=6255081-6255145_src=ishne.json
11.139337199735888,419.10733524635305,51.99300176938158,2.4735124000063724,37.62407853424273,24.516129032258064,3968,128,30,78.125,140.625,9,57.99999999999999,0.15757381909281015,0.8424261809071898,6.896551724137931,31.264139118091634,0.011484314887318195,2.3991757199102333,0.5520685823000397,Isolated Supraventricular Beat/True/data20240102_aligned_C-002_1700111387660-1700111972660_duration=1s_pos=17601-17665_src=ishne.json
11.345237384503951,419.5352577902727,51.66474383981635,2.578352044986021,36.97897246154833,17.419354838709676,3968,128,30,117.1875,140.625,11,58.96743447180302,0.09955272389383388,0.9004472761061662,3.4482758620689653,30.95282637010323,0.001833391589577756,2.311804315298511,1.6094379124341003,Isolated Supraventricular Beat/True/data20240102_aligned_C-002_1700107778660-1700108378660_duration=1s_pos=40583-40647_src=ishne.json
12.568105217899154,415.17524926587924,51.77301043019509,3.149273135964137,33.03403409135722,15.483870967741936,3968,128,30,125.0,148.4375,16,58.858350951374206,0.11606445214057223,0.8839355478594277,3.4482758620689653,33.42744005516232,0.0006570258877927597,2.4895970118138244,0.5549968420791281,Isolated Supraventricular Beat/True/data20240102_aligned_C-002_1700093367660-1700093993660_duration=1s_pos=33884-33948_src=ishne.json
13.733707710684715,422.1659136434399,51.10836407074987,5.171775194606765,30.739396221138595,10.967741935483872,3968,128,33,78.125,140.625,5,64.60567823343848,0.09613834590816984,0.9038616540918302,3.125,21.525823996863217,0.0014175601169239497,2.42766221868437,1.1239300966523995,Isolated Supraventricular Beat/True/data20240102_aligned_C-002_1700072825660-1700073577660_duration=1s_pos=57865-57929_src=ishne.json
9.087338870644274,416.03454656661853,51.95321902944795,0.9953200773156201,45.781774698509494,50.967741935483865,3968,128,31,70.3125,125.0,2,60.40901940220242,0.1418271711610103,0.8581728288389897,6.666666666666667,25.086557357820258,0.00034529858349185104,2.7944517890010134,0.5940562779157144,Isolated Supraventricular Beat/True/data20240102_aligned_C-002_1700035926660-1700036282660_duration=1s_pos=38854-38918_src=ishne.json
2.920040045615804,407.68400363362736,22.98107502555855,1.1821143724326522,139.6158469230186,42.70967741935484,3968,128,36,117.1875,132.8125,17,69.54721862871928,0.0853973093133119,0.9146026906866881,2.857142857142857,12.870042968643425,0.002791815665128702,3.388877051048944,1.540445040947149,Isolated Supraventricular Beat/True/ReNew20230809_Patient_P001-006_P-006_04-10-2023_P-006_04-10-2023.linejson_duration=1s_pos=7943050-7943114_src=ishne.json
11.240884047990441,419.91709934140795,51.81871497476141,3.0549398620685064,37.3562310751036,18.70967741935484,3968,128,32,85.9375,140.625,11,63.00079386080974,0.12915692224446804,0.8708430777555319,6.451612903225806,29.39526059187252,0.0037595263307773725,2.6099994233923836,0.569352963213281,Isolated Supraventricular Beat/True/data20240102_aligned_C-002_1700087794660-1700090365660_duration=1s_pos=326228-326292_src=ishne.json
11.784547856495932,421.8877243740877,52.01306231005578,3.1712993733530315,35.800074276202174,17.419354838709676,3968,128,33,117.1875,140.625,16,62.950819672131146,0.16861902932089448,0.8313809706791055,9.375,29.188541537665273,0.0004911006502160498,2.5938873885819,0.5459169435772607,Isolated Supraventricular Beat/True/data20240102_aligned_C-002_1700087794660-1700090365660_duration=1s_pos=286121-286185_src=ishne.json
11.374127612342718,410.76629384420903,50.236382646218196,3.015972467752981,36.114089073906115,18.064516129032256,3968,128,31,85.9375,125.0,5,59.16795069337442,0.14195180942473506,0.8580481905752649,3.3333333333333335,20.302734045862092,0.0025531014487118467,2.0379831175284866,0.8534898306351247,Isolated Supraventricular Beat/True/data20240102_aligned_C-002_1700063066660-1700072385660_duration=1s_pos=461075-461139_src=ishne.json
12.109420951171964,397.0412746927003,49.73999478833725,3.636668703010937,32.787797493031796,15.483870967741936,3968,128,36,78.125,125.0,1,70.58823529411765,0.3099858703304383,0.6900141296695617,45.714285714285715,10.672967453240657,0.0006199944762778596,1.8239579804034578,0.46608972992459924,Isolated Supraventricular Beat/True/data20240102_aligned_R-002_1700507075428-1700507414428_duration=1s_pos=8310-8374_src=ishne.json
14.114688824246409,416.66053803379464,50.61520831571092,3.8934062714448547,29.519638279124592,16.129032258064516,3968,128,8,105.46875,164.0625,2,15.664335664335665,0.9327394126298014,0.06726058737019858,42.857142857142854,16.007652215745956,0.0014237491527211196,0.5932378165080789,,Isolated Supraventricular Beat/True/data20240102_aligned_C-001_1701983380670-1701983964670_duration=1s_pos=9478-9542_src=ishne.json
4.16186500168607,403.11511575292013,22.67108662041431,1.8642311072697426,96.85922506625843,30.58064516129032,3968,128,36,82.03125,132.8125,11,69.43942133815551,0.15105063951863945,0.8489493604813605,8.571428571428571,21.048884382258127,0.005304669130174818,4.038199948546511,1.4039939382192916,Isolated Supraventricular Beat/True/ReNew20230809_Patient_P001-006_P-006_04-10-2023_P-006_04-10-2023.linejson_duration=1s_pos=7885891-7885955_src=ishne.json
54.92275177580579,500.8100150354009,89.48795321373466,12.283768742325506,9.118443445100123,5.161290322580645,3968,128,29,70.3125,109.375,0,55.351351351351354,1.182822354044893,0.0,10.714285714285714,14.957996529925506,0.0005752779401772514,1.38042902584094,0.7855205006909605,Isolated Supraventricular Beat/True/data20240102_aligned_R-003_1697648979857-1697649578857_duration=1s_pos=65078-65142_src=ishne.json
13.109017774170093,407.9970210309211,50.46078916729633,3.907237429800592,31.123383684127084,12.903225806451612,3968,128,38,78.125,132.8125,2,74.03856175091192,0.31593304581878723,0.6840669541812128,45.945945945945944,20.06812226989926,0.056930342667114144,2.7267687404401393,0.32047189527477177,Isolated Supraventricular Beat/True/data20240102_aligned_R-002_1700508616428-1700509216428_duration=1s_pos=15582-15646_src=ishne.json
3.4515171094222548,408.4241175937646,23.008834482027133,1.5860507356864062,118.33173248571777,33.03225806451613,3968,128,35,125.0,132.8125,21,69.04283447911158,0.11143571612784539,0.8885642838721546,2.9411764705882355,20.99018211956949,0.006154754352566849,3.915011847838424,0.9075570519054005,Isolated Supraventricular Beat/True/ReNew20230809_Patient_P001-006_P-006_04-10-2023_P-006_04-10-2023.linejson_duration=1s_pos=9794847-9794911_src=ishne.json
3.9400445925665646,411.26271806379077,23.226884238451557,1.8785423955187674,104.38019266571285,29.419354838709676,3968,128,36,125.0,132.8125,21,69.89079563182527,0.12261192874560264,0.8773880712543973,5.714285714285714,19.764557300423927,0.00129679544283731,3.7065160517281655,0.9718605830289657,Isolated Supraventricular Beat/True/ReNew20230809_Patient_P001-006_P-006_04-10-2023_P-006_04-10-2023.linejson_duration=1s_pos=5017815-5017879_src=ishne.json
3.105988464986313,404.00171607788127,22.751554796082935,1.318324945881022,130.07182433558626,38.70967741935484,3968,128,36,85.9375,132.8125,16,69.45736434108528,0.15082782737795833,0.8491721726220417,8.571428571428571,12.682692241750926,0.0007140766211968002,3.4895414774674487,0.9249487946172696,Isolated Supraventricular Beat/True/ReNew20230809_Patient_P001-006_P-006_04-10-2023_P-006_04-10-2023.linejson_duration=1s_pos=7971525-7971589_src=ishne.json
3.028245729287759,406.631267140659,22.961773997766446,1.1954841225596535,134.2794374077631,44.387096774193544,3968,128,38,78.125,132.8125,16,73.4833204034135,0.11236985606502858,0.8876301439349714,2.7027027027027026,14.192165787780247,0.00029437823434139013,3.3381198814397326,1.1837700970084166,Isolated Supraventricular Beat/True/ReNew20230809_Patient_P001-006_P-006_04-10-2023_P-006_04-10-2023.linejson_duration=1s_pos=3074649-3074713_src=ishne.json
9.554295986342439,407.98535491892596,50.93034854100244,1.5290303656758653,42.701766074691626,34.193548387096776,3968,128,30,89.84375,171.875,13,58.273155416012564,0.1073680839462416,0.8926319160537584,6.896551724137931,19.964128060683286,0.0006409630385812165,1.8837021768673265,1.2367626271489267,Isolated Supraventricular Beat/True/data20240102_aligned_C-001_1701947962670-1701948577670_duration=1s_pos=12671-12735_src=ishne.json
13.536111993269051,426.1454621804331,50.65244949070628,3.8713527147695714,31.48211472468778,12.258064516129032,3968,128,35,85.9375,140.625,7,70.0993288590604,0.2719415384805395,0.7280584615194605,35.294117647058826,19.409941911933977,0.005201414551821953,2.4342700506738253,0.8754687373538999,Isolated Supraventricular Beat/True/data20240102_aligned_R-002_1700508616428-1700509216428_duration=1s_pos=21763-21827_src=ishne.json
12.691843237508625,406.03580970061404,50.48776784126508,2.380138653358621,31.99186832916237,25.806451612903224,3968,128,3,148.4375,179.6875,3,,,,,74.84990207190984,0.0014049698361499417,0.25287021870875964,,Isolated Supraventricular Beat/True/data20240102_aligned_C-002_1700048796660-1700051993660_duration=1s_pos=307555-307619_src=ishne.json
9.385167736161963,414.58685170033505,51.78023592128481,1.072001753894325,44.17468277399125,47.74193548387097,3968,128,31,70.3125,132.8125,2,59.782044628956925,0.11130173178225702,0.888698268217743,3.3333333333333335,24.828924943738855,0.00557613053039046,2.9185851440592083,1.0761394328160512,Isolated Supraventricular Beat/True/data20240102_aligned_C-002_1700035926660-1700036282660_duration=1s_pos=41919-41983_src=ishne.json
13.452175353430174,411.8241337031141,52.097564522839136,4.271008077257221,30.613941036990862,10.967741935483872,3968,128,45,78.125,125.0,2,87.7030885024656,0.1918832194257748,0.8081167805742252,4.545454545454546,10.899427323830812,0.0018658397387503356,7.986183737021635,0.2690309558256803,Isolated Supraventricular Beat/True/ReNew20230809_Patient_P001-006_P-002_04-06-2023_P-002_04-06-2023.linejson_duration=1s_pos=3301039-3301103_src=ishne.json
16.077706146538375,420.70683525835005,66.14881503555311,2.6184061511547174,26.16709157741629,18.947368421052634,2432,128,19,125.0,140.625,10,60.18284719198955,0.18318531251656478,0.8168146874834352,11.11111111111111,31.040213570764656,0.0002782346528234484,2.642517109829872,0.5260930958967791,Isolated Supraventricular Beat/True/data20240102_aligned_C-002_1700090975660-1700091562660_duration=1s_pos=384-448_src=ishne.json
35.99467060629945,427.6811320202036,48.58951537082393,26.78964534070749,11.881790079878236,1.2903225806451613,3968,128,35,54.6875,78.125,0,67.21235521235522,0.2928795323166898,0.7071204676833103,8.823529411764707,21.424969246824748,0.00032917436144087956,1.9590825283458166,0.8232003088081431,Isolated Supraventricular Beat/True/data20240102_aligned_R-003_1697647249857-1697647848857_duration=1s_pos=21736-21800_src=ishne.json
10.406028477489647,410.9420234558115,50.782383300572135,1.853927657505583,39.49076103856543,26.451612903225808,3968,128,33,85.9375,140.625,10,63.55314197051978,0.09778405216063386,0.9022159478393661,3.125,32.12888212997484,0.004368870386733053,1.0356870631794575,0.6763400622435641,Isolated Supraventricular Beat/True/data20240102_aligned_C-002_1700108923660-1700109589660_duration=1s_pos=39319-39383_src=ishne.json
34.697317598553795,426.209249465564,51.81830683831256,23.7651252010056,12.283636507961416,1.935483870967742,3968,128,48,54.6875,101.5625,0,92.55384615384615,0.18531030180534114,0.8146896981946589,12.76595744680851,12.439440068322105,0.006557726446239712,1.6787588653187384,0.2363887780642304,Isolated Supraventricular Beat/True/data20240102_aligned_R-003_1697647249857-1697647848857_duration=1s_pos=57566-57630_src=ishne.json
10.909883893138508,399.7667767591929,49.51146642010368,2.059062366269182,36.642620951080424,27.09677419354839,3968,128,37,85.9375,140.625,9,71.68265491314493,0.25695558627085646,0.7430444137291435,2.7777777777777777,12.997370924365406,0.003253166205858598,5.5461974555801605,0.8649974374866046,Isolated Supraventricular Beat/True/ReNew20230809_Patient_P001-006_P-002_04-06-2023_P-002_04-06-2023.linejson_duration=1s_pos=11475-11539_src=ishne.json
10.148547594595525,407.7557024431553,50.85834636101715,1.7851932741310694,40.178720990733616,29.677419354838708,3968,128,33,85.9375,140.625,4,64.52087161984772,0.22548030181860867,0.7745196981813913,28.125,21.971651220469393,0.001950515766879268,2.769320794686026,1.9459101490553135,Isolated Supraventricular Beat/True/data20240102_aligned_R-002_1700508616428-1700509216428_duration=1s_pos=33113-33177_src=ishne.json
10.041823702590339,414.23497298559676,51.7831971625705,1.7150737787547943,41.250966358608395,32.25806451612903,3968,128,24,136.71875,156.25,13,46.484210526315785,0.14519687656405095,0.854803123435949,8.695652173913043,23.458645913770518,0.000723877739109252,2.1369531582613055,,Isolated Supraventricular Beat/True/data20240102_aligned_C-001_1701941386670-1701941994670_duration=1s_pos=66276-66340_src=ishne.json
4.4358384489966465,404.5873662053376,22.878785851825498,2.161319789802718,91.20874884163182,26.064516129032256,3968,128,39,93.75,164.0625,16,76.45795127063138,0.05954460661682952,0.9404553933831705,2.6315789473684212,23.17870220991394,0.001000249457389727,2.662531243907726,0.7631057691668557,Isolated Supraventricular Beat/True/ReNew20230809_Patient_P001-006_P-004_04-10-2023_P-004_04-10-2023.linejson_duration=1s_pos=8899666-8899730_src=ishne.json
30.81405153414839,411.4833983520297,49.59781043480831,21.916409718675588,13.353757928984523,3.225806451612903,3968,128,45,70.3125,101.5625,0,87.07034269518165,0.2435367490242885,0.7564632509757114,25.0,4.947821397264958,0.00354923039607099,0.4966930703255947,0.1513456288996497,Isolated Supraventricular Beat/True/data20240102_aligned_R-003_1697646044857-1697646648857_duration=1s_pos=74006-74070_src=ishne.json
26.15212412957601,375.7079766337977,50.27730386707759,13.672867649781484,14.36625034379716,3.870967741935484,3968,128,5,109.375,125.0,1,210.41095890410958,0.1980387985582228,0.8019612014417772,25.0,15.582822240189351,0.002713731922377951,0.779377778819956,,Isolated Supraventricular Beat/True/data20240102_aligned_C-002_1700079263660-1700087247660_duration=1s_pos=776476-776540_src=ishne.json
11.331180797302414,417.5751639128659,51.42743119545752,3.0015166723214026,36.85186341395361,16.7741935483871,3968,128,30,89.84375,156.25,12,59.566729071944366,0.14773719054195164,0.8522628094580483,6.896551724137931,28.68331391497238,0.0037675877125593485,2.170825183124493,0.8183103235139514,Isolated Supraventricular Beat/True/data20240102_aligned_C-002_1700060962660-1700062610660_duration=1s_pos=58599-58663_src=ishne.json
11.969726760650321,391.22586430557783,48.52159629737533,3.272385974944614,32.684608382799375,18.064516129032256,3968,128,38,101.5625,140.625,8,72.36058059587471,0.0864691690542757,0.9135308309457243,5.405405405405405,12.866346757687806,0.009132510877770037,1.4251890028156835,0.7537718023763802,Isolated Supraventricular Beat/True/ReNew20230809_Public_Isolated events_new1_1686762000000-1686785011000_duration=1s_pos=56789-56853_src=ishne.json
12.46794122457263,416.9610055609622,51.747388236991306,3.5722295228093337,33.44264819732549,14.838709677419354,3968,128,31,78.125,132.8125,4,60.904044409199045,0.12070869596748074,0.8792913040325192,3.3333333333333335,23.06620932413051,0.0030968983092079364,2.9773065332558337,1.0986122886681098,Isolated Supraventricular Beat/True/data20240102_aligned_C-002_1700074166660-1700074795660_duration=1s_pos=49252-49316_src=ishne.json
10.224070287838567,412.8008072118079,51.47068310144874,1.7315993036788324,40.37538428579136,31.61290322580645,3968,128,29,132.8125,148.4375,21,57.08521369790284,0.15249216517350225,0.8475078348264977,7.142857142857143,36.31494327019397,0.0019415780425909195,2.689069193388125,0.7691330875378672,Isolated Supraventricular Beat/True/data20240102_aligned_C-002_1700040846660-1700043598660_duration=1s_pos=336105-336169_src=ishne.json
6.239734529043517,406.7881448408096,23.30512357283485,3.227526134069514,65.19317092004471,18.322580645161292,3968,128,35,125.0,132.8125,20,67.9822962770112,0.1067738285921781,0.8932261714078219,2.9411764705882355,18.198723889592653,0.0015126465002034276,3.699818455443061,0.9985288301111273,Isolated Supraventricular Beat/True/ReNew20230809_Patient_P001-006_P-006_04-10-2023_P-006_04-10-2023.linejson_duration=1s_pos=10347145-10347209_src=ishne.json
10.032018565681394,418.53377498750234,51.77917811233849,1.7493043282155174,41.71979253502131,27.741935483870968,3968,128,25,132.8125,156.25,13,48.982195057135264,0.15145507141076767,0.8485449285892324,8.333333333333334,24.18924879159813,0.0006063967213479553,2.4112983249792346,1.3862943611198906,Isolated Supraventricular Beat/True/data20240102_aligned_C-001_1701943779670-1701944383670_duration=1s_pos=20453-20517_src=ishne.json
3.800095025992746,421.2133236835506,23.5781128929118,1.7504171482412012,110.84281049806151,30.709677419354836,3968,128,33,93.75,140.625,16,64.28459325137327,0.19490368019137508,0.805096319808625,12.5,21.253669788888377,0.0012921142697741926,4.307969350440633,1.1314021114911006,Isolated Supraventricular Beat/True/ReNew20230809_Patient_P001-006_P-006_04-10-2023_P-006_04-10-2023.linejson_duration=1s_pos=10539334-10539398_src=ishne.json
25.72264574819818,406.29374644693064,53.722611350814105,9.229547750106981,15.795176539342348,9.032258064516128,3968,128,45,78.125,132.8125,8,86.93594031386674,0.16958984359983084,0.8304101564001691,0.0,10.324560980794462,0.0030341518731143067,6.390201626256402,0.28926310044909975,Isolated Supraventricular Beat/True/ReNew20230809_Patient_P001-006_P-002_04-06-2023_P-002_04-06-2023.linejson_duration=1s_pos=4678134-4678198_src=ishne.json
3.0548031081037545,393.4497713323949,22.043946834292164,1.2483675599220811,128.79705454390844,41.80645161290323,3968,128,34,85.9375,156.25,14,65.26912181303116,0.0664474641797277,0.9335525358202723,3.0303030303030303,27.43926404213642,0.0004810991431572068,2.5783103369363505,0.9985288301111273,Isolated Supraventricular Beat/True/ReNew20230809_Patient_P001-006_P-004_04-10-2023_P-004_04-10-2023.linejson_duration=1s_pos=2742200-2742264_src=ishne.json
36.77382760471385,418.4850688525349,52.31972910291634,24.062516150506585,11.379970069227207,0.6451612903225806,3968,128,43,70.3125,117.1875,0,83.47826086956522,0.36962610629760273,0.6303738937023973,11.904761904761905,12.729369196092723,0.0005854141700586176,1.3986060434811436,0.5108256237659907,Isolated Supraventricular Beat/True/data20240102_aligned_R-003_1697647249857-1697647848857_duration=1s_pos=2715-2779_src=ishne.json
10.530506385586524,408.74793974927815,50.559087927805926,2.048390179452131,38.815597841823454,29.03225806451613,3968,128,34,85.9375,148.4375,5,65.11819116135663,0.23188531485747996,0.76811468514252,30.303030303030305,22.150212535717227,0.0006883939696193597,2.93348782142366,0.8472978603872037,Isolated Supraventricular Beat/True/data20240102_aligned_R-002_1700508616428-1700509216428_duration=1s_pos=5605-5669_src=ishne.json
18.3380447490064,406.13574484876034,51.671416053683636,6.702304746790899,22.147166083428804,7.741935483870968,3968,128,43,78.125,132.8125,10,82.8351309707242,0.13404058062732724,0.8659594193726727,0.0,14.121907692621289,0.0009960885287086155,8.538736306060501,0.5906685112770079,Isolated Supraventricular Beat/True/ReNew20230809_Patient_P001-006_P-002_04-06-2023_P-002_04-06-2023.linejson_duration=1s_pos=4847368-4847432_src=ishne.json
4.115228727692286,403.13124880140293,22.73194264205967,1.7981265903694865,97.9608127557604,31.096774193548388,3968,128,32,78.125,140.625,8,61.1402157164869,0.10063165607568346,0.8993683439243165,3.225806451612903,22.7772380934625,0.014288215328224786,3.8687153786448976,1.2992829841302609,Isolated Supraventricular Beat/True/ReNew20230809_Patient_P001-006_P-006_04-10-2023_P-006_04-10-2023.linejson_duration=1s_pos=931540-931604_src=ishne.json
3.975657780222467,407.6456425106202,23.149530476892398,1.7803317543607644,102.53536961937398,30.709677419354836,3968,128,37,125.0,132.8125,20,70.81967213114754,0.1449315291632921,0.8550684708367079,8.333333333333334,15.417820048284515,0.0004803799104525489,3.641137083101013,1.0608719606852628,Isolated Supraventricular Beat/True/ReNew20230809_Patient_P001-006_P-006_04-10-2023_P-006_04-10-2023.linejson_duration=1s_pos=7689849-7689913_src=ishne.json
9.290166125909105,413.51844711155405,51.59573474865221,1.1699591790443886,44.51141099047651,36.12903225806451,3968,128,30,70.3125,117.1875,0,57.83432874578032,0.11364594794247881,0.8863540520575212,6.896551724137931,17.498840010767147,0.0002307638878037693,2.654417906024003,0.7339691750802004,Isolated Supraventricular Beat/True/data20240102_aligned_C-002_1700040846660-1700043598660_duration=1s_pos=241713-241777_src=ishne.json
16.05414724650279,398.4635336352533,50.190883032742825,5.188366196129834,24.819973474584923,12.903225806451612,3968,128,33,62.5,78.125,0,66.02901665771091,0.2787860173581191,0.7212139826418809,6.25,18.611619174434004,0.004835759333156068,1.5809323544738163,0.7621400520468967,Isolated Supraventricular Beat/True/data20240102_aligned_R-003_1697648449857-1697648978857_duration=1s_pos=52758-52822_src=ishne.json
13.061338086100886,395.9488483706973,49.1094241679142,4.339420910556058,30.31456773004561,14.838709677419354,3968,128,34,70.3125,93.75,0,68.27586206896552,0.33530510828694987,0.6646948917130502,18.181818181818183,17.456738758747658,0.004495939482927531,1.543918873954629,0.5533852381847867,Isolated Supraventricular Beat/True/data20240102_aligned_R-003_1697644849857-1697645448857_duration=1s_pos=14982-15046_src=ishne.json
5.308956200641488,403.0476965287326,22.867427930219296,2.82010102812591,75.91843017307276,18.96774193548387,3968,128,38,140.625,164.0625,24,73.9807341838063,0.06981816893036037,0.9301818310696396,2.7027027027027026,26.02192514842339,0.0027813882603687865,2.7882485971767434,0.6737290947028438,Isolated Supraventricular Beat/True/ReNew20230809_Patient_P001-006_P-004_04-10-2023_P-004_04-10-2023.linejson_duration=1s_pos=7100446-7100510_src=ishne.json
24.354660441765777,407.0184730431874,52.501976636947965,9.2404662479737,16.71213841409398,3.225806451612903,3968,128,31,70.3125,93.75,0,59.473412493546725,0.2883665571318315,0.7116334428681685,3.3333333333333335,14.244256948517748,0.0031762557011408782,1.328441907704273,0.18759861389479837,Isolated Supraventricular Beat/True/data20240102_aligned_R-003_1697648979857-1697649578857_duration=1s_pos=12714-12778_src=ishne.json
10.83053790791172,416.8159454726222,51.44717075659313,2.424505041128011,38.48524519570653,18.064516129032256,3968,128,36,93.75,171.875,12,69.22482616533608,0.18930432765157668,0.8106956723484233,11.428571428571429,15.86937363086102,0.016019663485904775,2.4652288249366103,0.5453862988314581,Isolated Supraventricular Beat/True/data20240102_aligned_C-002_1700095129660-1700097002660_duration=1s_pos=230328-230392_src=ishne.json
5.320519534588272,404.4793855396407,22.88202403479016,2.7641505714783854,76.02252127590769,21.677419354838708,3968,128,37,125.0,132.8125,20,72.26346053319394,0.192074453850551,0.807925546149449,0.0,18.288836632212266,0.00423862992666008,4.547805233833954,0.5372768098531603,Isolated Supraventricular Beat/True/ReNew20230809_Patient_P001-006_P-006_04-10-2023_P-006_04-10-2023.linejson_duration=1s_pos=9637107-9637171_src=ishne.json
36.405186806557914,405.37968776551867,54.78839189695765,19.60519767836777,11.135217593699513,3.225806451612903,3968,128,50,78.125,132.8125,3,97.21518987341773,0.23434297721251554,0.7656570227874845,2.0408163265306123,8.611603608787622,0.007522183033343057,4.1635061611918065,0.4038053566897999,Isolated Supraventricular Beat/True/ReNew20230809_Patient_P001-006_P-002_04-06-2023_P-002_04-06-2023.linejson_duration=1s_pos=5594809-5594873_src=ishne.json
3.1402480174452214,403.79051343619875,22.676283490708848,1.3149385181596696,128.5855074527517,40.516129032258064,3968,128,36,78.125,132.8125,13,68.06786528234996,0.16092756404790082,0.8390724359520991,8.571428571428571,12.559577789047736,0.001083719749503052,3.3485173494360008,1.349926716949016,Isolated Supraventricular Beat/True/ReNew20230809_Patient_P001-006_P-006_04-10-2023_P-006_04-10-2023.linejson_duration=1s_pos=8001475-8001539_src=ishne.json
38.18332450417937,415.29562773918906,63.43190170395878,15.78559399556867,10.876360878879781,3.870967741935484,3968,128,33,78.125,132.8125,4,63.53671147880041,0.4729462696213429,0.5270537303786571,25.0,16.08781899168611,0.004258631009425459,0.5623513792589583,1.0033021088637848,Isolated Supraventricular Beat/True/data20240102_aligned_C-002_1700079263660-1700087247660_duration=1s_pos=290166-290230_src=ishne.json
12.4507147426272,426.8674300018094,51.267348084624174,3.6027294449900715,34.28456956417005,12.903225806451612,3968,128,43,78.125,125.0,3,83.56476683937824,0.21163821166555202,0.788361788334448,4.761904761904762,12.964480326774853,0.004039649309977543,7.575494834986533,0.3180227895044532,Isolated Supraventricular Beat/True/ReNew20230809_Patient_P001-006_P-002_04-06-2023_P-002_04-06-2023.linejson_duration=1s_pos=2495618-2495682_src=ishne.json
8.528142900889392,424.160734284709,29.54569645821014,2.572049366019513,49.736582686002016,20.516129032258064,3968,128,36,125.0,132.8125,19,70.27450980392156,0.1651058531881756,0.8348941468118244,8.571428571428571,22.523969534760017,0.0004261183285342115,4.504401912832739,1.845826690498331,Isolated Supraventricular Beat/True/ReNew20230809_Patient_P001-006_P-006_04-10-2023_P-006_04-10-2023.linejson_duration=1s_pos=10409491-10409555_src=ishne.json
22.154540991988757,440.12385449849666,52.631839521586635,12.208183240704829,19.866077784756218,4.516129032258064,3968,128,29,93.75,164.0625,10,57.46659540352753,0.080097953509963,0.919902046490037,3.5714285714285716,10.476896193926379,0.0028796733541592936,1.3257696994136134,1.1526795099383855,Isolated Supraventricular Beat/True/data20240102_aligned_C-001_1701985306670-1701989376670_duration=1s_pos=466689-466753_src=ishne.json
12.554166579928003,406.9227077335087,48.8019752406263,3.3614217430735227,32.413356372915516,17.419354838709676,3968,128,37,85.9375,140.625,5,69.95951417004048,0.26451979421722943,0.7354802057827705,36.111111111111114,19.87515101706425,0.007157540554092739,2.9755544456841476,0.3101549283038396,Isolated Supraventricular Beat/True/data20240102_aligned_R-002_1700508616428-1700509216428_duration=1s_pos=12715-12779_src=ishne.json
43.71696890816136,502.82546207684754,54.82313332858619,33.25583845256741,11.50183700135578,3.225806451612903,3968,128,40,66.40625,78.125,0,77.3753552053733,0.23079140540144139,0.7692085945985586,10.256410256410257,16.459922325516192,0.0010378731349670511,1.6762458284677342,0.7686547330680905,Isolated Supraventricular Beat/True/data20240102_aligned_R-003_1697648449857-1697648978857_duration=1s_pos=26701-26765_src=ishne.json
13.121825970920273,400.5557975706572,49.79636190779343,3.869141464034831,30.5259167384498,15.483870967741936,3968,128,38,82.03125,132.8125,3,75.75579845374567,0.3263913842487108,0.6736086157512893,0.0,20.036426079045082,0.0011718057625157545,3.0586112836360244,0.2330236599139168,Isolated Supraventricular Beat/True/data20240102_aligned_R-002_1700508616428-1700509216428_duration=1s_pos=14759-14823_src=ishne.json
24.273828605352442,534.0345668426414,57.18575606293491,8.862058546433737,22.000424964871854,5.161290322580645,3968,128,32,54.6875,93.75,0,64.52032520325203,0.302156476500835,0.697843523499165,6.451612903225806,13.60744460049203,0.0006049757295585563,1.3964020874465193,0.14550758367123828,Isolated Supraventricular Beat/True/data20240102_aligned_R-003_1697648979857-1697649578857_duration=1s_pos=10597-10661_src=ishne.json
17.459405517365994,410.05342462102436,50.953245930842954,5.589413168953561,23.486103276945,7.741935483870968,3968,128,35,85.9375,148.4375,4,68.177545691906,0.2177132406257555,0.7822867593742445,20.58823529411765,15.192830191351298,0.0028487783822270982,1.3586808633978325,,Isolated Supraventricular Beat/True/data20240102_aligned_R-002_1700508616428-1700509216428_duration=1s_pos=8850-8914_src=ishne.json
31.77588052000836,390.5843637828683,49.944379242597805,21.28041548223114,12.291849827578458,1.2903225806451613,3968,128,43,54.6875,101.5625,0,82.60179257362356,0.22056446698428642,0.7794355330157136,16.666666666666668,7.618491124717771,0.0034085437045610015,0.7154377822118592,0.15694788444831947,Isolated Supraventricular Beat/True/data20240102_aligned_R-003_1697646044857-1697646648857_duration=1s_pos=53929-53993_src=ishne.json
11.505982724241834,419.4790755450025,51.17980566780777,2.335879884566072,36.45747165982919,24.516129032258064,3968,128,32,85.9375,148.4375,5,61.935483870967744,0.20285258827239966,0.7971474117276003,32.25806451612903,22.696929041507374,0.0040257679816042054,1.6989436782027136,1.3217558399823195,Isolated Supraventricular Beat/True/data20240102_aligned_R-002_1700507533428-1700508030428_duration=1s_pos=14252-14316_src=ishne.json
10.959535464941226,417.82081101118473,56.4609432443045,1.414557847471909,38.12394916041966,34.61538461538461,3328,128,26,74.21875,132.8125,4,59.5903165735568,0.161186185984675,0.838813814015325,8.0,25.580333992727674,8.748596055576062e-05,2.982358337383749,0.8472978603872037,Isolated Supraventricular Beat/True/data20240102_aligned_C-002_1700036283660-1700037059660_duration=1s_pos=1311-1375_src=ishne.json
52.98599406595667,410.865511878318,58.07993571503631,33.091654862110076,7.754228478051133,2.064516129032258,3968,128,29,93.75,156.25,13,94.1506129597198,0.2842069381456781,0.7157930618543219,3.5714285714285716,25.25672419531586,0.0025915755493728576,2.8272934488352224,0.33024168687057687,Isolated Supraventricular Beat/True/ReNew20230809_Patient_P001-006_P-003_04-10-2023_P-003_04-10-2023.linejson_duration=1s_pos=5697997-5698061_src=ishne.json
13.688990763725803,409.95699431471576,50.4544340549188,3.436203990579534,29.947931987296023,19.35483870967742,3968,128,43,78.125,125.0,2,83.24129032258064,0.21754777484290352,0.7824522251570964,0.0,12.258173766933938,0.00038872365216644086,8.890958156529498,0.5169606123335067,Isolated Supraventricular Beat/True/ReNew20230809_Patient_P001-006_P-002_04-06-2023_P-002_04-06-2023.linejson_duration=1s_pos=3661915-3661979_src=ishne.json
11.055331530716126,402.8166588416831,50.29465680076492,2.7080694146528472,36.43641271960818,20.64516129032258,3968,128,33,85.9375,132.8125,2,62.56619144602851,0.26426397691717607,0.7357360230828239,40.625,18.988186721948,0.0012571254515037179,2.5396628250486115,1.4816045409242156,Isolated Supraventricular Beat/True/data20240102_aligned_R-002_1700507075428-1700507414428_duration=1s_pos=35538-35602_src=ishne.json
3.145324842591952,418.32980503941775,23.568506959304113,1.2769919709647581,133.00046671625185,41.03225806451613,3968,128,32,78.125,132.8125,11,63.13444709626094,0.22795598248598098,0.7720440175140191,16.129032258064516,19.756605783777303,0.00043001149351853236,4.290902319471715,0.6931471805599453,Isolated Supraventricular Beat/True/ReNew20230809_Patient_P001-006_P-006_04-10-2023_P-006_04-10-2023.linejson_duration=1s_pos=10903118-10903182_src=ishne.json
12.76865476917142,408.2654983265683,50.17949315619786,4.189950018131716,31.97403906151833,7.741935483870968,3968,128,39,70.3125,156.25,7,76.13879467779807,0.32691506423857064,0.6730849357614294,13.157894736842104,34.92131026119917,0.009373526484786943,0.16749644355557997,0.46813621507094016,Isolated Supraventricular Beat/True/data20240102_aligned_C-002_1700094161660-1700095128660_duration=1s_pos=79595-79659_src=ishne.json
10.34967232861858,408.5795730758083,50.59657888188242,1.9503716975046714,39.47753326146221,24.516129032258064,3968,128,41,78.125,125.0,6,80.65108952480966,0.08415868908309292,0.9158413109169071,2.5,12.427286431729335,0.0012145122293692285,6.712726448566442,0.8892620594862358,Isolated Supraventricular Beat/True/ReNew20230809_Patient_P001-006_P-002_04-06-2023_P-002_04-06-2023.linejson_duration=1s_pos=5007391-5007455_src=ishne.json
14.783998727892909,408.68463606476246,52.225873278155234,3.403420878534291,27.643712363826612,14.838709677419354,3968,128,46,78.125,117.1875,0,89.81288981288982,0.16805632948526356,0.8319436705147365,0.0,11.023271060265898,0.0008437149457990941,9.168841729653671,0.525266307920785,Isolated Supraventricular Beat/True/ReNew20230809_Patient_P001-006_P-002_04-06-2023_P-002_04-06-2023.linejson_duration=1s_pos=2828329-2828393_src=ishne.json
44.61451431342106,397.7948836272306,61.129765776693695,25.997425375732796,8.916265946916269,2.5806451612903225,3968,128,41,70.3125,117.1875,0,79.56487956487956,0.33665241824215003,0.66334758175785,20.0,10.26172183540962,0.0016406266081215135,1.3401163780253775,0.3610133455373305,Isolated Supraventricular Beat/True/data20240102_aligned_R-003_1697648979857-1697649578857_duration=1s_pos=57275-57339_src=ishne.json
37.785285866666854,425.9219535080346,51.015170270392524,29.44503662591591,11.272164083628311,2.5806451612903225,3968,128,31,54.6875,93.75,0,59.65820818228897,0.3061676730418843,0.6938323269581157,3.3333333333333335,17.473253142992387,0.000647732776471969,1.61515101117383,0.20604911795490968,Isolated Supraventricular Beat/True/data20240102_aligned_R-003_1697646649857-1697647248857_duration=1s_pos=39721-39785_src=ishne.json
15.31157043437217,417.2170429812764,51.45396686879001,5.296953607900834,27.24847967235336,7.741935483870968,3968,128,6,74.21875,179.6875,2,23.630769230769232,0.8032478450585522,0.19675215494144782,20.0,25.269788769872896,0.00226824853430788,0.3892969420229246,,Isolated Supraventricular Beat/True/data20240102_aligned_C-001_1701975581670-1701976178670_duration=1s_pos=72746-72810_src=ishne.json
37.65352350368604,460.73092867454466,53.68367553916862,28.203730054299548,12.23606381467536,1.935483870967742,3968,128,36,70.3125,132.8125,1,70.05473025801408,0.39168513716654446,0.6083148628334556,17.142857142857142,10.087839064158368,0.0027720930181760173,1.093185174556114,0.3070250352949119,Isolated Supraventricular Beat/True/data20240102_aligned_R-003_1697647849857-1697648448857_duration=1s_pos=27349-27413_src=ishne.json
12.39144948144067,406.7186701048583,50.17710607813079,3.045216791268901,32.822523135126296,21.29032258064516,3968,128,37,85.9375,132.8125,4,70.81967213114754,0.345798800849414,0.654201199150586,44.44444444444444,11.214347648997734,0.01917522248613883,1.5934901296142732,0.4818380868927383,Isolated Supraventricular Beat/True/data20240102_aligned_R-002_1700507075428-1700507414428_duration=1s_pos=27257-27321_src=ishne.json
10.2531601899728,419.2631392401083,51.87080325884821,1.7770719477001595,40.89110972429963,32.25806451612903,3968,128,29,78.125,140.625,11,56.72381957267212,0.11849303065043429,0.8815069693495657,3.5714285714285716,33.31479421279174,0.004751030430709442,2.7321594831709306,0.8303483020734304,Isolated Supraventricular Beat/True/data20240102_aligned_C-002_1700120386660-1700120994660_duration=1s_pos=70491-70555_src=ishne.json
19.3349805694723,408.13838726672805,63.61432184457388,4.934426784889645,21.108806636316185,18.823529411764707,2176,128,18,85.9375,140.625,3,64.50592885375494,0.1658328292876401,0.8341671707123599,29.41176470588235,23.083507792565115,0.0030237708707294406,2.5586546201602274,0.6931471805599453,Isolated Supraventricular Beat/True/data20240102_aligned_R-002_1700509218428-1700509586428_duration=1s_pos=47083-47147_src=ishne.json
9.420824196667027,412.37581231458245,51.16030844089025,1.3550787975158407,43.772790992924484,42.58064516129032,3968,128,31,70.3125,78.125,0,60.42486231313926,0.09879990478062184,0.9012000952193782,3.3333333333333335,13.257280754474902,0.0009233742136468394,2.4407165374221833,0.8472978603872037,Isolated Supraventricular Beat/True/data20240102_aligned_C-002_1700037060660-1700038317660_duration=1s_pos=152754-152818_src=ishne.json
50.92625693921294,412.0675364213479,64.45500142108294,31.25364747016168,8.091455235395534,1.2903225806451613,3968,128,49,78.125,125.0,2,96.10010427528675,0.16210363885304396,0.8378963611469561,0.0,8.212037509896069,0.015553376039244449,4.505876681754879,0.6039160468320027,Isolated Supraventricular Beat/True/ReNew20230809_Patient_P001-006_P-002_04-06-2023_P-002_04-06-2023.linejson_duration=1s_pos=5235374-5235438_src=ishne.json
9.339349346505678,411.00862197996014,51.26455211601531,1.1935343429727574,44.00826682058664,41.935483870967744,3968,128,32,70.3125,117.1875,0,60.36511156186612,0.11181397845559816,0.8881860215444018,6.451612903225806,16.08849383283127,0.0009534546612839311,2.5392738293610155,2.0794415416798357,Isolated Supraventricular Beat/True/data20240102_aligned_C-002_1700048384660-1700048774660_duration=1s_pos=5169-5233_src=ishne.json
8.811639813193816,411.77394945414704,26.192383095865253,2.7678708337695035,46.73067799558864,19.612903225806452,3968,128,38,89.84375,171.875,12,72.8241927216812,0.061238308047227456,0.9387616919527726,2.7027027027027026,18.069566648438045,0.002432087646183509,1.6040859013582138,0.9490805546971459,Isolated Supraventricular Beat/True/ReNew20230809_Patient_P001-006_P-004_04-10-2023_P-004_04-10-2023.linejson_duration=1s_pos=5437135-5437199_src=ishne.json
30.220604360945323,415.9170746051417,49.959747041165,21.01079283892393,13.762698319162045,3.225806451612903,3968,128,46,70.3125,101.5625,0,87.40515933232169,0.23874664574538454,0.7612533542546155,24.444444444444443,4.830904923559898,0.002877788152164109,0.4979757382818194,0.16874947924841094,Isolated Supraventricular Beat/True/data20240102_aligned_R-003_1697646044857-1697646648857_duration=1s_pos=73750-73814_src=ishne.json
37.9232044925885,419.92495086298675,48.40375573988218,29.20320539436294,11.073034186022449,0.6451612903225806,3968,128,34,54.6875,85.9375,0,67.60202720725526,0.2854091932299138,0.7145908067700861,3.0303030303030303,18.32250198670538,0.001937632551686396,1.6574290061822634,0.3065251602532608,Isolated Supraventricular Beat/True/data20240102_aligned_R-003_1697646649857-1697647248857_duration=1s_pos=26136-26200_src=ishne.json
10.110016426368746,406.2254597721131,50.55949724250276,1.514192622406707,40.18049056103543,35.483870967741936,3968,128,30,85.9375,140.625,3,58.31893165750196,0.1788780881101399,0.8211219118898601,31.03448275862069,24.01578002717966,0.0002475160746520899,2.673161222772417,1.5040773967762742,Isolated Supraventricular Beat/True/data20240102_aligned_R-002_1700507533428-1700508030428_duration=1s_pos=22861-22925_src=ishne.json
34.7282628765867,437.8935884551107,52.31252977222457,23.54575794592151,12.609141361377768,1.2903225806451613,3968,128,43,62.5,93.75,0,83.93442622950819,0.2379791802386333,0.7620208197613667,23.80952380952381,10.55478645120874,0.008208468848697215,1.0323545985213531,0.3995999886557664,Isolated Supraventricular Beat/True/data20240102_aligned_R-003_1697646044857-1697646648857_duration=1s_pos=54979-55043_src=ishne.json
3.65414876877524,406.11710524416213,22.917584526927538,1.4491244743235487,111.13860431075878,36.645161290322584,3968,128,35,78.125,132.8125,13,67.09146968139774,0.11611178573803979,0.8838882142619602,2.9411764705882355,19.074126569789044,0.010074788277235822,3.968700207822733,1.9459101490553135,Isolated Supraventricular Beat/True/ReNew20230809_Patient_P001-006_P-006_04-10-2023_P-006_04-10-2023.linejson_duration=1s_pos=10297629-10297693_src=ishne.json
10.422770630203843,405.73156414476273,50.04678354956594,2.2589084161193096,38.92741571435809,20.64516129032258,3968,128,32,85.9375,140.625,9,62.80137166974413,0.21884009650680877,0.7811599034931912,29.032258064516128,23.811364085860742,0.007535160309304577,2.9991759194400047,,Isolated Supraventricular Beat/True/data20240102_aligned_R-002_1700509822428-1700509961428_duration=1s_pos=7673-7737_src=ishne.json
10.74214813559208,400.61535706571004,49.83193884657356,1.7301057478602555,37.29378097520047,33.5483870967742,3968,128,31,85.9375,132.8125,5,60.743474822040604,0.21855732591226507,0.7814426740877349,43.333333333333336,20.7950031806433,0.0021658200364275226,2.5807892489477138,1.252762968495368,Isolated Supraventricular Beat/True/data20240102_aligned_R-002_1700507075428-1700507414428_duration=1s_pos=40689-40753_src=ishne.json
3.7561880783188966,422.88491904287486,23.556840391673795,1.7561723221275471,112.58350158244413,29.29032258064516,3968,128,36,125.0,132.8125,23,70.36649214659685,0.1419442119840079,0.8580557880159921,8.571428571428571,15.270082423284745,0.007660637944272487,3.306346106008121,0.6567795363890705,Isolated Supraventricular Beat/True/ReNew20230809_Patient_P001-006_P-006_04-10-2023_P-006_04-10-2023.linejson_duration=1s_pos=8026138-8026202_src=ishne.json
33.406569013291104,398.8752821854558,48.20038872087935,24.53108368752044,11.94002503180541,3.225806451612903,3968,128,42,54.6875,78.125,0,79.83772819472617,0.17956080836499766,0.8204391916350023,4.878048780487805,17.469842201263646,0.001833067943414692,1.8940256678650411,0.337279013591153,Isolated Supraventricular Beat/True/data20240102_aligned_R-003_1697647249857-1697647848857_duration=1s_pos=17227-17291_src=ishne.json
14.730910444576914,413.0069629011541,51.35576313533041,4.636862828894195,28.036755529692623,10.967741935483872,3968,128,35,101.5625,164.0625,14,67.73540856031128,0.10026435305556601,0.899735646944434,2.9411764705882355,8.557806055740977,0.001074115646488109,1.5629273311687166,1.9459101490553135,Isolated Supraventricular Beat/True/data20240102_aligned_C-001_1701984571670-1701985035670_duration=1s_pos=29652-29716_src=ishne.json
35.593835904482,388.85741612308897,48.514339909707665,25.61169842968325,10.924852444725447,1.935483870967742,3968,128,32,54.6875,78.125,0,60.87445666070059,0.3088105993237669,0.6911894006762331,6.451612903225806,22.027243223143778,0.00019772405093085654,1.9461833511995432,0.5753641449035618,Isolated Supraventricular Beat/True/data20240102_aligned_R-003_1697647249857-1697647848857_duration=1s_pos=23422-23486_src=ishne.json
11.83320894248333,390.61920538476204,47.97971934721788,3.680583982326957,33.01041790717915,12.903225806451612,3968,128,35,62.5,78.125,0,67.22966014418125,0.30800702720234,0.6919929727976599,17.647058823529413,20.218441604091755,0.000812354797785542,1.5115107550140423,1.1786549963416462,Isolated Supraventricular Beat/True/data20240102_aligned_R-003_1697644849857-1697645448857_duration=1s_pos=40205-40269_src=ishne.json
59.818300224958875,482.40632627341216,91.2239016109003,16.50859969249341,8.064527350237265,4.516129032258064,3968,128,38,70.3125,148.4375,1,74.25137183172198,0.3368665055147979,0.6631334944852021,10.81081081081081,12.078191119200174,0.004583512748457728,1.2108859267412884,0.5555258026838976,Isolated Supraventricular Beat/True/data20240102_aligned_R-003_1697648979857-1697649578857_duration=1s_pos=31331-31395_src=ishne.json
3.8299709901005743,417.60609694502017,23.483155876653946,1.6097062446733812,109.03633186467609,31.35483870967742,3968,128,34,85.9375,132.8125,16,66.29348679047868,0.1853924266004122,0.8146075733995878,12.121212121212121,14.420472341244793,0.0003298294668418284,3.182192045489647,1.1895840668738362,Isolated Supraventricular Beat/True/ReNew20230809_Patient_P001-006_P-006_04-10-2023_P-006_04-10-2023.linejson_duration=1s_pos=8191371-8191435_src=ishne.json
22.135948227139416,399.65151988230207,50.052173145580156,10.632248904388298,18.05441075878128,3.870967741935484,3968,128,35,62.5,78.125,0,68.05316653635653,0.3100795384017116,0.6899204615982883,2.9411764705882355,14.514917399852045,0.001062058368772743,1.5926102307952232,0.3846743384390906,Isolated Supraventricular Beat/True/data20240102_aligned_R-003_1697648979857-1697649578857_duration=1s_pos=4714-4778_src=ishne.json
11.481143642180887,416.3470618176921,51.91270731050001,3.0112658405643256,36.26354991540333,18.70967741935484,3968,128,29,117.1875,148.4375,13,57.009544008483566,0.11334122449383842,0.8866587755061616,3.5714285714285716,34.064459687193335,0.0026663484613614003,2.379946727277525,0.7213180575266417,Isolated Supraventricular Beat/True/data20240102_aligned_C-002_1700107778660-1700108378660_duration=1s_pos=64762-64826_src=ishne.json
11.075583136276553,396.0562744511437,49.0537520901415,2.722170529313561,35.75940280692879,23.225806451612904,3968,128,33,70.3125,78.125,0,64.35192458758837,0.25425261355319806,0.7457473864468019,12.5,22.159910365367473,0.002490398505913345,1.501841803975408,0.505548566665147,Isolated Supraventricular Beat/True/data20240102_aligned_R-003_1697644849857-1697645448857_duration=1s_pos=43324-43388_src=ishne.json
6.712198634649434,404.7129941628911,23.284052809688554,3.240700817843556,60.295136645474415,19.870967741935484,3968,128,40,93.75,156.25,15,77.33539891556933,0.07171858730766494,0.9282814126923351,2.5641025641025643,21.22838621109895,0.002884312728597708,1.2983262368459187,0.7230001437096265,Isolated Supraventricular Beat/True/ReNew20230809_Patient_P001-006_P-004_04-10-2023_P-004_04-10-2023.linejson_duration=1s_pos=8417948-8418012_src=ishne.json
15.444924753672483,461.32205432726204,53.041030733169016,5.375086201194756,29.868842471940614,6.451612903225806,3968,128,33,78.125,156.25,2,63.27497425334707,0.10337209011258269,0.8966279098874173,3.125,18.646581182432115,0.0007767458924242834,1.8520068066280646,1.1700712526502546,Isolated Supraventricular Beat/True/data20240102_aligned_C-002_1700079263660-1700087247660_duration=1s_pos=471984-472048_src=ishne.json
18.24918173408752,395.1899041935123,51.12881152188186,5.4230571821292095,21.655211082704533,7.096774193548387,3968,128,9,85.9375,140.625,3,67.51648351648352,0.6281370973098656,0.37186290269013444,25.0,32.63568750912382,0.0007320543530979401,0.7152934912465724,,Isolated Supraventricular Beat/True/data20240102_aligned_C-002_1700075247660-1700077196660_duration=1s_pos=102779-102843_src=ishne.json
4.151629172650498,411.0712019616681,23.08800051352483,1.7186470879699822,99.01440756203739,30.58064516129032,3968,128,38,117.1875,132.8125,17,72.12182741116752,0.17691211043378866,0.8230878895662114,13.513513513513514,17.48397385028486,0.0008810023488861369,4.175965296424464,1.1786549963416462,Isolated Supraventricular Beat/True/ReNew20230809_Patient_P001-006_P-006_04-10-2023_P-006_04-10-2023.linejson_duration=1s_pos=9759818-9759882_src=ishne.json
9.331565735195786,386.5960319174189,48.242998755935886,1.7643136075560228,41.42884500405469,32.903225806451616,3968,128,29,62.5,179.6875,5,56.116910229645086,0.07129138297392089,0.9287086170260791,3.5714285714285716,12.750906666157933,0.001408132489910763,1.4489883510064208,1.2878542883066382,Isolated Supraventricular Beat/True/data20240102_aligned_C-001_1701935006670-1701936244670_duration=1s_pos=18665-18729_src=ishne.json
3.972546931999849,415.999599962682,23.534327420081585,1.7418403277342787,104.71858542264602,31.483870967741932,3968,128,34,85.9375,132.8125,14,66.44992134242266,0.13922218369727382,0.8607778163027262,6.0606060606060606,15.050221387175657,0.001016278767085351,3.2577144310520154,0.8023464725249373,Isolated Supraventricular Beat/True/ReNew20230809_Patient_P001-006_P-006_04-10-2023_P-006_04-10-2023.linejson_duration=1s_pos=8184599-8184663_src=ishne.json
16.118858944407474,415.6533583842579,51.32535830114915,4.283226768364123,25.786771509759973,14.838709677419354,3968,128,33,101.5625,148.4375,15,63.70139968895801,0.11368881424536956,0.8863111857546304,9.375,9.600627942363248,0.00048458273389063723,0.8130019831999516,1.791759469228055,Isolated Supraventricular Beat/True/data20240102_aligned_C-001_1701982778670-1701983379670_duration=1s_pos=58587-58651_src=ishne.json
13.35009783989056,418.6330129585667,51.453255150288676,4.355025272807955,31.358045957508324,10.967741935483872,3968,128,32,82.03125,164.0625,10,62.73517786561265,0.14047391039833027,0.8595260896016698,6.451612903225806,26.154407354351218,0.002306404492391158,2.3109902086873086,0.6448286032891376,Isolated Supraventricular Beat/True/data20240102_aligned_C-002_1700098963660-1700101753660_duration=1s_pos=204103-204167_src=ishne.json
9.035309938198628,393.47836965268857,49.1498294780291,1.2980508326184692,43.54895723501647,41.29032258064516,3968,128,31,78.125,78.125,0,59.366142746714765,0.11578590767309153,0.8842140923269085,3.3333333333333335,6.0606620727862275,0.00010739635634617331,1.3725020617706436,1.3217558399823195,Isolated Supraventricular Beat/True/data20240102_aligned_C-002_1700045968660-1700046419660_duration=1s_pos=17544-17608_src=ishne.json
10.277166744436764,410.67569089253175,50.67594446245357,1.9251505259674229,39.96000659956521,28.387096774193548,3968,128,34,85.9375,140.625,4,64.27593203144814,0.2270909091503605,0.7729090908496394,27.272727272727273,21.651323977416475,0.01610330111504817,2.918543931841649,1.9459101490553135,Isolated Supraventricular Beat/True/data20240102_aligned_R-002_1700508616428-1700509216428_duration=1s_pos=33319-33383_src=ishne.json
43.45604026684645,411.1336831882977,66.05942772288194,17.756052040492577,9.460909719403283,4.516129032258064,3968,128,28,70.3125,117.1875,0,52.469635627530366,0.8748776441560658,0.12512235584393416,29.62962962962963,3.5859026177942583,0.017679623866754302,0.48305564464257045,2.3513752571634776,Isolated Supraventricular Beat/True/data20240102_aligned_R-003_1697644756857-1697644848857_duration=1s_pos=7357-7421_src=ishne.json
3.0274292845852457,418.81812644665126,23.59409803728649,1.153233909743978,138.34112996066193,44.387096774193544,3968,128,32,85.9375,132.8125,12,60.84334270380782,0.11442910733822151,0.8855708926617785,3.225806451612903,21.181311328784577,0.00032055079282766963,4.452733515866561,0.7731898882334817,Isolated Supraventricular Beat/True/ReNew20230809_Patient_P001-006_P-006_04-10-2023_P-006_04-10-2023.linejson_duration=1s_pos=10868205-10868269_src=ishne.json
11.641656330436637,401.34779061310076,49.34812542993004,2.981493421031489,34.47514208855756,19.35483870967742,3968,128,7,62.5,117.1875,0,19.15211970074813,1.7037061421781705,0.0,33.333333333333336,14.363423895947527,0.002328848837083706,0.6368909670812948,,Isolated Supraventricular Beat/True/data20240102_aligned_C-002_1700114991660-1700115598660_duration=1s_pos=3679-3743_src=ishne.json
18.125806571542366,402.5051142457475,50.36945015825437,6.59077629926319,22.20618930533518,9.67741935483871,3968,128,33,70.3125,117.1875,0,65.69366479550922,0.329055316293378,0.670944683706622,6.25,134.7557101326017,0.003048546789456993,0.5851006310518626,0.8472978603872037,Isolated Supraventricular Beat/True/data20240102_aligned_R-003_1697647849857-1697648448857_duration=1s_pos=64214-64278_src=ishne.json
11.664059013770865,412.50856318765614,50.938990871503066,3.4394115996894126,35.36577852828593,11.612903225806452,3968,128,31,93.75,156.25,13,60.31413612565445,0.1504131167777979,0.8495868832222021,6.666666666666667,28.154235160202376,0.0001759586797930337,2.2491380672029475,0.7550225842780328,Isolated Supraventricular Beat/True/data20240102_aligned_C-002_1700060962660-1700062610660_duration=1s_pos=60387-60451_src=ishne.json
15.316371758426607,405.8126099767911,50.42707968971816,4.996549649759152,26.495346932159592,14.838709677419354,3968,128,33,70.3125,132.8125,1,64.77596204533474,0.31408076526616335,0.6859192347338366,15.625,14.415830143541164,0.0023893655363741023,1.1690288550168408,0.48550781578170077,Isolated Supraventricular Beat/True/data20240102_aligned_R-003_1697644849857-1697645448857_duration=1s_pos=28875-28939_src=ishne.json
10.582256557559953,405.36577572592023,49.81046723175188,2.4473969693419306,38.306171771100715,16.7741935483871,3968,128,34,85.9375,140.625,3,66.5546218487395,0.17449625865195,0.8255037413480499,9.090909090909092,17.059896797031865,0.0011830549704970662,4.925691803922554,0.7108467576593462,Isolated Supraventricular Beat/True/ReNew20230809_Patient_P001-006_P-002_04-06-2023_P-002_04-06-2023.linejson_duration=1s_pos=6650094-6650158_src=ishne.json
12.57776898387317,413.8188335356665,51.393244204606226,3.3928670177081344,32.90081103933784,16.129032258064516,3968,128,33,117.1875,148.4375,16,64.50393700787401,0.18503843934147846,0.8149615606585215,12.5,22.97704728507507,0.00047764510397834,1.688425761877179,1.11365016603265,Isolated Supraventricular Beat/True/data20240102_aligned_C-002_1700098963660-1700101753660_duration=1s_pos=244184-244248_src=ishne.json
3.746280828541447,408.3124739110596,23.100517940677108,1.39240158195153,108.99139269242573,37.93548387096774,3968,128,36,125.0,140.625,19,70.86738729238071,0.18876142011425565,0.8112385798857443,11.428571428571429,14.351237881087801,0.003257910023691124,3.2369123043850063,1.0586069540544105,Isolated Supraventricular Beat/True/ReNew20230809_Patient_P001-006_P-006_04-10-2023_P-006_04-10-2023.linejson_duration=1s_pos=10156207-10156271_src=ishne.json
3.174366930663912,406.02493643025605,22.88064475736103,1.356259055881548,127.90733314437712,41.54838709677419,3968,128,36,85.9375,132.8125,16,70.31127386868951,0.16874222924246082,0.8312577707575391,14.285714285714286,12.654836315949662,0.001203708600466624,3.520126876431625,1.466337068793427,Isolated Supraventricular Beat/True/ReNew20230809_Patient_P001-006_P-006_04-10-2023_P-006_04-10-2023.linejson_duration=1s_pos=7967318-7967382_src=ishne.json
5.183701063932202,408.01197407291244,23.025631118750667,2.9470554696471307,78.7105371876652,18.838709677419356,3968,128,37,117.1875,140.625,15,72.18798955613578,0.15489785817641,0.84510214182359,11.11111111111111,20.408901766237303,0.0014374553056416793,3.827750438591955,1.491654876777717,Isolated Supraventricular Beat/True/ReNew20230809_Patient_P001-006_P-006_04-10-2023_P-006_04-10-2023.linejson_duration=1s_pos=9996498-9996562_src=ishne.json
14.903609686287467,404.39480422274386,50.95774752289012,4.689730079824539,27.13401555737228,12.666666666666668,3840,128,34,85.9375,148.4375,9,66.34554973821989,0.23117688254010452,0.7688231174598955,30.303030303030305,21.89730687595717,0.0014183831234262083,2.8262479948116788,1.0986122886681098,Isolated Supraventricular Beat/True/data20240102_aligned_R-002_1700509218428-1700509586428_duration=1s_pos=1833-1897_src=ishne.json
9.23288227139544,409.9001800334661,51.2504792378952,1.1385354677637682,44.39568528970632,45.16129032258064,3968,128,31,70.3125,109.375,0,59.35085007727975,0.10891785426541231,0.8910821457345877,3.3333333333333335,13.77503822179974,0.0011066266868187495,2.3975624556700263,1.3437347467010947,Isolated Supraventricular Beat/True/data20240102_aligned_C-002_1700043599660-1700044175660_duration=1s_pos=48678-48742_src=ishne.json
12.07587018069412,413.7202706974518,50.6367375940372,3.699360126538709,34.26007652010008,9.67741935483871,3968,128,42,78.125,117.1875,0,81.15463917525773,0.1735043430034228,0.8264956569965772,2.4390243902439024,11.891162885689527,0.001898277619720896,6.479917695116153,0.48058573857627246,Isolated Supraventricular Beat/True/ReNew20230809_Patient_P001-006_P-002_04-06-2023_P-002_04-06-2023.linejson_duration=1s_pos=1319741-1319805_src=ishne.json
12.153212977383657,410.5710450319313,55.73701051221733,2.078497393643852,33.782919135298485,25.384615384615383,3328,128,29,85.9375,140.625,5,66.82411435674331,0.24383956780669996,0.7561604321933,39.285714285714285,21.56696208218592,0.0017046422045729364,2.901900300647677,1.0296194171811581,Isolated Supraventricular Beat/True/data20240102_aligned_R-002_1700508616428-1700509216428_duration=1s_pos=1396-1460_src=ishne.json
10.803186842550101,417.7732700051523,51.920933910826186,2.1622010914306156,38.671295555899235,23.870967741935484,3968,128,30,117.1875,140.625,13,57.87941787941788,0.09796504542273428,0.9020349545772657,3.4482758620689653,32.807346871837055,0.0007972063577660524,2.6782388200527363,1.540445040947149,Isolated Supraventricular Beat/True/data20240102_aligned_C-002_1700091563660-1700092171660_duration=1s_pos=42379-42443_src=ishne.json
9.331008451320141,388.6803763227151,48.24214169020022,1.6607834978341618,41.65469752768551,39.35483870967742,3968,128,31,93.75,156.25,3,59.704586680487175,0.10947289838283063,0.8905271016171694,10.0,14.272783734706053,0.00032948725210631575,1.5272453052577313,0.7731898882334817,Isolated Supraventricular Beat/True/data20240102_aligned_C-001_1701945598670-1701946193670_duration=1s_pos=10226-10290_src=ishne.json
9.269747318681773,409.3112509068426,51.25566696237526,1.237995348223997,44.15559482687764,39.35483870967742,3968,128,30,70.3125,78.125,0,57.81931464174455,0.12219778113916746,0.8778022188608325,3.4482758620689653,9.861490268098075,0.0023793734092514697,2.039178821928308,0.8472978603872037,Isolated Supraventricular Beat/True/data20240102_aligned_C-002_1700038318660-1700039361660_duration=1s_pos=130807-130871_src=ishne.json
3.0097920380578183,403.51237394884276,22.729821982621093,1.1970602819131315,134.06648525216346,42.45161290322581,3968,128,31,125.0,132.8125,17,62.152684111141085,0.14384073148293133,0.8561592685170687,6.666666666666667,19.77674018265863,0.004178266476594003,4.140016737397345,1.0033021088637848,Isolated Supraventricular Beat/True/ReNew20230809_Patient_P001-006_P-006_04-10-2023_P-006_04-10-2023.linejson_duration=1s_pos=11042628-11042692_src=ishne.json
14.227095729542166,401.85423820763,49.50947600237002,4.814372735929551,28.245695228401097,10.967741935483872,3968,128,38,82.03125,132.8125,4,72.37901171676006,0.31824632509964074,0.6817536749003592,43.24324324324324,20.039086947850155,0.0016282891231333319,3.123145395426063,0.5852582185487604,Isolated Supraventricular Beat/True/data20240102_aligned_R-002_1700508616428-1700509216428_duration=1s_pos=17028-17092_src=ishne.json
14.836577424212743,407.8016724626522,51.151963745804565,2.992155848098532,27.486234413531296,18.70967741935484,3968,128,5,109.375,148.4375,2,14.934370442391833,0.5095436043160125,0.49045639568398747,0.0,20.439223080231258,0.0021010278768474446,0.4246244697901831,,Isolated Supraventricular Beat/True/data20240102_aligned_C-001_1701976179670-1701976770670_duration=1s_pos=63192-63256_src=ishne.json
11.003553321861308,415.72763665553447,51.67209675557516,2.580701418408715,37.78121364199455,23.225806451612904,3968,128,32,82.03125,140.625,11,61.951600312256055,0.17997287074677581,0.8200271292532242,9.67741935483871,24.88232207423248,0.004459127215339326,2.56218534043837,0.5187937934151675,Isolated Supraventricular Beat/True/data20240102_aligned_C-002_1700072825660-1700073577660_duration=1s_pos=47132-47196_src=ishne.json
9.39930640960369,391.590294277831,48.78500352602541,1.4900343900611235,41.66161156488251,35.483870967741936,3968,128,23,78.125,164.0625,3,46.532635637565406,0.14738041858469478,0.8526195814153052,9.090909090909092,12.23825579501996,0.0008093183686642326,1.0917842262747872,,Isolated Supraventricular Beat/True/data20240102_aligned_C-001_1701943779670-1701944383670_duration=1s_pos=72043-72107_src=ishne.json
13.912461853048262,406.5690737477903,51.27235022413998,3.4946883107047633,29.223371738146984,20.64516129032258,3968,128,33,125.0,148.4375,17,63.24240864642306,0.12948274611619662,0.8705172538838034,18.75,23.189161003215997,0.0005374399158066406,2.510847653587167,2.0794415416798357,Isolated Supraventricular Beat/True/data20240102_aligned_R-002_1700509968428-1700510126428_duration=1s_pos=2016-2080_src=ishne.json
11.83370542044829,417.8446247363099,52.02153148968246,3.126650175387713,35.30970009652149,18.064516129032256,3968,128,31,78.125,148.4375,9,60.440713536201464,0.1027903202203242,0.8972096797796758,3.3333333333333335,30.09638913062875,0.00028903624049732345,2.4324298934389033,0.7731898882334817,Isolated Supraventricular Beat/True/data20240102_aligned_C-002_1700093367660-1700093993660_duration=1s_pos=59468-59532_src=ishne.json
9.15006627572692,407.83353640040997,50.98144749215147,1.1001796314571433,44.5716434765787,47.74193548387097,3968,128,31,70.3125,78.125,0,61.0654651470978,0.10144566406104814,0.8985543359389518,3.3333333333333335,12.651367418451853,0.00011595378764567589,2.2938022799061533,1.2321436812926323,Isolated Supraventricular Beat/True/data20240102_aligned_C-002_1700037060660-1700038317660_duration=1s_pos=142739-142803_src=ishne.json
11.05824694844078,407.74857783062515,50.29487343600938,2.8460208733844805,36.872801164502555,21.29032258064516,3968,128,41,78.125,125.0,2,79.52368625420658,0.08129840215855635,0.9187015978414437,2.5,14.298921674088572,0.0006687552428109152,8.325949831285275,0.7621400520468967,Isolated Supraventricular Beat/True/ReNew20230809_Patient_P001-006_P-002_04-06-2023_P-002_04-06-2023.linejson_duration=1s_pos=4427879-4427943_src=ishne.json
5.334279355657367,403.9741075637582,22.78165591181492,3.1187940697317007,75.73169774162997,18.322580645161292,3968,128,38,117.1875,140.625,16,73.35054207537429,0.1796963508861875,0.8203036491138125,10.81081081081081,19.92561185968354,0.00030794289042888044,3.8179987898991437,0.958850346292951,Isolated Supraventricular Beat/True/ReNew20230809_Patient_P001-006_P-006_04-10-2023_P-006_04-10-2023.linejson_duration=1s_pos=9988922-9988986_src=ishne.json
13.432069185036987,404.9024244640158,48.99868114754567,4.436570452859723,30.144454197020774,10.32258064516129,3968,128,37,78.125,132.8125,4,72.9113924050633,0.32093350958891936,0.6790664904110806,44.44444444444444,20.633283111966804,0.00025105293926823435,3.0879924446249394,0.50626980723013,Isolated Supraventricular Beat/True/data20240102_aligned_R-002_1700508616428-1700509216428_duration=1s_pos=16829-16893_src=ishne.json
36.94683675371585,402.2758450954227,49.96965079140997,29.118156625117297,10.88796415479332,0.6451612903225806,3968,128,47,54.6875,78.125,0,90.8641975308642,0.2204162584350988,0.7795837415649012,10.869565217391305,13.996771280952562,0.00022327732790719044,1.7726880511492595,0.5513717181603407,Isolated Supraventricular Beat/True/data20240102_aligned_R-003_1697646649857-1697647248857_duration=1s_pos=69472-69536_src=ishne.json
10.42523029856381,406.79401428848405,52.54359181629206,1.7006983631648875,39.0201428283442,33.10344827586207,3712,128,25,140.625,164.0625,15,52.96551724137931,0.11989888724619562,0.8801011127538044,20.833333333333332,13.999804626152663,0.0016706619620879097,1.7644868400765175,,Isolated Supraventricular Beat/True/data20240102_aligned_C-001_1701954575670-1701955178670_duration=1s_pos=75544-75608_src=ishne.json
14.085929055574786,409.6219502723046,50.20951218349512,4.832079467727013,29.080220379923627,12.903225806451612,3968,128,34,78.125,148.4375,2,65.52223371251293,0.29208618430649264,0.7079138156935074,30.303030303030305,13.371505343771315,0.0018257536458278992,1.9304179243759874,0.6554068525770982,Isolated Supraventricular Beat/True/data20240102_aligned_R-002_1700507075428-1700507414428_duration=1s_pos=30589-30653_src=ishne.json
14.403449724972583,407.46120271260565,49.40727993639109,5.267618482364123,28.2891378248792,7.741935483870968,3968,128,37,85.9375,132.8125,6,71.38652207591015,0.304046386230156,0.695953613769844,38.888888888888886,21.01994237910419,0.0009780270547833023,3.1436891539842367,0.6190392084062235,Isolated Supraventricular Beat/True/data20240102_aligned_R-002_1700508616428-1700509216428_duration=1s_pos=17826-17890_src=ishne.json
9.308778790847457,408.79855512323473,51.275896071982764,1.135080943450495,43.91537498020655,43.87096774193549,3968,128,30,78.125,78.125,0,58.16662313920083,0.11654564933506308,0.8834543506649369,3.4482758620689653,9.632473348939635,9.016470000541271e-05,2.0654849026201783,0.5712573629509086,Isolated Supraventricular Beat/True/data20240102_aligned_C-002_1700038318660-1700039361660_duration=1s_pos=95752-95816_src=ishne.json
19.58139880506857,416.75352383323906,38.45005323444141,7.480607125133432,21.283132359381376,12.774193548387098,3968,128,36,78.125,132.8125,14,69.3498452012384,0.1070035359188357,0.8929964640811643,2.857142857142857,6.437982049661034,0.004512159563824722,1.070810656455395,1.540445040947149,Isolated Supraventricular Beat/True/ReNew20230809_Patient_P001-006_P-006_04-10-2023_P-006_04-10-2023.linejson_duration=1s_pos=6784449-6784513_src=ishne.json
12.635067137207448,418.91507922016933,51.739410836757116,3.5707375755358317,33.1549521277656,17.419354838709676,3968,128,32,125.0,148.4375,18,63.62373062533405,0.1599375799678555,0.8400624200321445,9.67741935483871,23.347966874783154,0.0035053607322902487,1.680866027023788,1.8325814637483102,Isolated Supraventricular Beat/True/data20240102_aligned_C-002_1700098963660-1700101753660_duration=1s_pos=245247-245311_src=ishne.json
14.044424358378757,423.00012704506696,51.530541495528354,4.880983281458917,30.11872086263106,11.612903225806452,3968,128,33,70.3125,132.8125,4,62.8060311781242,0.07992361538143247,0.9200763846185676,3.125,14.44063541254981,0.0009369997535104825,2.0927108758111164,1.2237754316221157,Isolated Supraventricular Beat/True/data20240102_aligned_C-002_1700075247660-1700077196660_duration=1s_pos=221099-221163_src=ishne.json
13.910645831729163,422.7407316353212,51.72272697696161,4.3635987010752775,30.389724988997685,11.612903225806452,3968,128,32,78.125,140.625,8,63.1679490581056,0.11484199048981884,0.8851580095101812,6.451612903225806,25.879169276581887,0.0055970685228068865,2.1041324047255308,1.0986122886681098,Isolated Supraventricular Beat/True/data20240102_aligned_C-002_1700101754660-1700105384660_duration=1s_pos=98439-98503_src=ishne.json
15.595243675164218,401.14116360587093,49.37252397361151,4.277770989351559,25.72201795876261,10.967741935483872,3968,128,34,66.40625,85.9375,0,65.43764523625097,0.331274895229743,0.6687251047702569,12.121212121212121,15.378680693968509,0.007012864040145866,1.0600714688497268,0.916290731874155,Isolated Supraventricular Beat/True/data20240102_aligned_R-003_1697644849857-1697645448857_duration=1s_pos=23936-24000_src=ishne.json
3.625580286349765,417.16012458232,23.534666304139492,1.5152259216268948,115.06020459475528,34.58064516129033,3968,128,35,125.0,132.8125,19,68.177545691906,0.14809034895531195,0.8519096510446881,5.882352941176471,15.422545051384414,0.000804273316003874,3.5630727953665287,0.7081850579244858,Isolated Supraventricular Beat/True/ReNew20230809_Patient_P001-006_P-006_04-10-2023_P-006_04-10-2023.linejson_duration=1s_pos=8245347-8245411_src=ishne.json
3.7311235749902476,417.6680851715737,23.47150377816577,1.6303420054444295,111.94160816050088,32.903225806451616,3968,128,35,125.0,132.8125,18,68.62549277266754,0.15556189234254844,0.8444381076574515,8.823529411764707,15.289709425145883,0.0011487049229729743,3.305464153482203,0.995428052432879,Isolated Supraventricular Beat/True/ReNew20230809_Patient_P001-006_P-006_04-10-2023_P-006_04-10-2023.linejson_duration=1s_pos=8048071-8048135_src=ishne.json
3.9984996527486416,410.5630737036796,23.0472740329864,1.7798001490545445,102.6792563911303,29.677419354838708,3968,128,38,121.09375,132.8125,19,73.4073882717644,0.09695097275900184,0.9030490272409981,5.405405405405405,11.424671063851948,0.0005274873425603114,3.1988384855110112,0.9420432279765697,Isolated Supraventricular Beat/True/ReNew20230809_Patient_P001-006_P-006_04-10-2023_P-006_04-10-2023.linejson_duration=1s_pos=7701576-7701640_src=ishne.json
8.967079954106602,401.982793328453,50.20530379319461,1.0818646786769914,44.82872357078023,45.806451612903224,3968,128,30,78.125,85.9375,0,58.151436031331585,0.13698592110332078,0.8630140788966792,6.896551724137931,3.732828519691666,0.0021898117984708544,0.9718173243375257,1.0169342576538425,Isolated Supraventricular Beat/True/data20240102_aligned_C-002_1700115599660-1700116194660_duration=1s_pos=67910-67974_src=ishne.json
10.333801334655146,414.07301841412516,51.29610373486032,1.7613833190863737,40.06976377180176,28.387096774193548,3968,128,30,117.1875,164.0625,13,57.66960124287934,0.15938973505738627,0.8406102649426137,17.24137931034483,10.625415635214411,0.0005490213563869538,1.0067001707169838,0.6931471805599453,Isolated Supraventricular Beat/True/data20240102_aligned_C-001_1701946194670-1701946794670_duration=1s_pos=9370-9434_src=ishne.json
10.965115283568766,418.2887576215082,51.92851698032995,2.615753402956722,38.14722496361614,22.58064516129032,3968,128,31,117.1875,140.625,14,60.15665796344647,0.0983194275913517,0.9016805724086483,3.3333333333333335,30.147836616847385,0.0004425292539816727,2.320491146721623,1.0986122886681098,Isolated Supraventricular Beat/True/data20240102_aligned_C-002_1700111973660-1700112453660_duration=1s_pos=58466-58530_src=ishne.json
3.817780121142089,401.45862687672997,22.562836092687856,1.5658301321767043,105.15496151770839,33.5483870967742,3968,128,36,125.0,132.8125,19,70.12783720323506,0.16264827293610595,0.837351727063894,8.571428571428571,20.491619262978617,0.0008323919162987417,4.00747014903053,1.0986122886681098,Isolated Supraventricular Beat/True/ReNew20230809_Patient_P001-006_P-006_04-10-2023_P-006_04-10-2023.linejson_duration=1s_pos=7894026-7894090_src=ishne.json
18.49779828863441,423.30916858121225,51.35697127995345,8.704707166621084,22.884298936106727,7.741935483870968,3968,128,45,78.125,164.0625,8,86.77966101694915,0.14210318411684691,0.857896815883153,6.818181818181818,8.903115512477529,0.0049115555215711116,1.3207121597091112,1.3545456628053103,Isolated Supraventricular Beat/True/data20240102_aligned_C-002_1700087794660-1700090365660_duration=1s_pos=62568-62632_src=ishne.json
12.474903544400325,400.41787879179634,49.51394594420174,3.661013762973453,32.09787115938566,14.193548387096774,3968,128,36,85.9375,125.0,2,70.7740916271722,0.3128762067402629,0.6871237932597372,5.714285714285714,14.88014965200901,0.001351779553764212,4.081840648658945,0.8472978603872037,Isolated Supraventricular Beat/True/ReNew20230809_Patient_P001-006_P-002_04-06-2023_P-002_04-06-2023.linejson_duration=1s_pos=6213768-6213832_src=ishne.json
21.812616398102573,396.39419033374156,49.79638405204916,9.579976818681502,18.17270174867794,8.38709677419355,3968,128,33,54.6875,78.125,0,65.36170212765957,0.2992143023524495,0.7007856976475505,3.125,15.08898192595052,0.0022502858678358187,1.5546017376585997,0.4480247225269604,Isolated Supraventricular Beat/True/data20240102_aligned_R-003_1697648979857-1697649578857_duration=1s_pos=8595-8659_src=ishne.json
10.745230930931953,406.4005398695354,50.151508127110766,2.4589523660465407,37.82147677051468,21.29032258064516,3968,128,32,85.9375,132.8125,2,61.061810720697615,0.2691972105102377,0.7308027894897623,48.38709677419355,19.889168416910916,0.001183327075396624,2.526123371702899,1.0986122886681098,Isolated Supraventricular Beat/True/data20240102_aligned_R-002_1700507075428-1700507414428_duration=1s_pos=36528-36592_src=ishne.json
47.8410853508692,404.61685624937894,60.78848907016238,30.691290639238478,8.457518152533083,1.935483870967742,3968,128,5,93.75,132.8125,1,23.962558502340094,0.7077681781922861,0.2922318218077139,25.0,9.037987073718838,0.0091621474185552,0.3763651417745887,,Isolated Supraventricular Beat/True/data20240102_aligned_C-002_1700077674660-1700079262660_duration=1s_pos=65180-65244_src=ishne.json
15.404029202616464,415.51409339304536,50.68419613190701,5.645232005794254,26.97437540225466,10.967741935483872,3968,128,33,78.125,132.8125,5,64.03335070349141,0.10581249607174784,0.8941875039282522,3.125,16.90273591891494,0.0015061620008249082,2.0815264553987127,1.041453874828161,Isolated Supraventricular Beat/True/data20240102_aligned_C-002_1700079263660-1700087247660_duration=1s_pos=379364-379428_src=ishne.json
5.707523722621256,413.8200154431724,24.256381031142503,2.3434365132792845,72.50428785757761,22.70967741935484,3968,128,39,117.1875,132.8125,17,75.10036026762738,0.12088674707795503,0.879113252922045,5.2631578947368425,19.528116778294663,0.0010042351884555357,4.465726643237825,1.3862943611198906,Isolated Supraventricular Beat/True/ReNew20230809_Patient_P001-006_P-006_04-10-2023_P-006_04-10-2023.linejson_duration=1s_pos=8437338-8437402_src=ishne.json
11.224492545661253,418.7492030304827,51.66482737640418,2.2136686399392147,37.306734716093025,27.09677419354839,3968,128,33,125.0,140.625,17,64.55476753349093,0.1366952680512109,0.8633047319487891,6.25,22.686108154163616,0.004783246626294044,2.072476298171589,0.9745596399981308,Isolated Supraventricular Beat/True/data20240102_aligned_C-002_1700097063660-1700098768660_duration=1s_pos=113013-113077_src=ishne.json
11.672090142751951,401.3053350728387,49.79924079711641,3.4592601279235247,34.38161424245204,16.129032258064516,3968,128,41,78.125,125.0,2,80.62992125984252,0.1300259394296212,0.8699740605703787,2.5,11.881333152865517,0.009185106867622408,5.591338177730916,0.6143663027068309,Isolated Supraventricular Beat/True/ReNew20230809_Patient_P001-006_P-002_04-06-2023_P-002_04-06-2023.linejson_duration=1s_pos=919899-919963_src=ishne.json
9.759464317010249,418.3740937583753,31.321406818404952,2.399511512279462,42.86854660256548,24.129032258064516,3968,128,37,78.125,132.8125,11,70.35114503816794,0.21640110638298596,0.7835988936170141,19.444444444444443,9.738597451606775,0.001557763660066601,1.8595597963095858,0.7884573603642702,Isolated Supraventricular Beat/True/ReNew20230809_Patient_P001-006_P-006_04-10-2023_P-006_04-10-2023.linejson_duration=1s_pos=8062112-8062176_src=ishne.json
3.3881164649321405,407.61469241415796,22.984520304227498,1.4280986934367412,120.30713121167477,37.16129032258065,3968,128,35,117.1875,132.8125,17,68.91528107680126,0.16382322185840448,0.8361767781415955,8.823529411764707,20.827452024488107,0.002743067414492113,3.921327372284731,1.157452788691043,Isolated Supraventricular Beat/True/ReNew20230809_Patient_P001-006_P-006_04-10-2023_P-006_04-10-2023.linejson_duration=1s_pos=9807634-9807698_src=ishne.json
14.564988791408553,413.6776941095412,51.08060305093722,4.665561441191235,28.40219595303508,10.32258064516129,3968,128,7,125.0,140.625,4,13.784026323661383,1.0706678186143384,0.0,50.0,10.072852895457135,0.0028147041279645048,1.0036350822919533,,Isolated Supraventricular Beat/True/data20240102_aligned_C-002_1700063066660-1700072385660_duration=1s_pos=343873-343937_src=ishne.json
13.08995385252088,420.79612549589064,51.72437769261066,4.299129009100122,32.146491736360204,10.967741935483872,3968,128,33,78.125,140.625,2,63.65190365190365,0.11209147011238688,0.8879085298876132,3.125,15.19870478224886,0.0029977581648485342,1.9652199428524988,0.6931471805599453,Isolated Supraventricular Beat/True/data20240102_aligned_C-002_1700072386660-1700072824660_duration=1s_pos=3528-3592_src=ishne.json
10.427657499571547,407.3103399339428,50.53312050045672,1.9284166430455496,39.060575291248604,25.161290322580644,3968,128,30,101.5625,164.0625,10,56.97620874904068,0.18263247851568504,0.817367521484315,13.793103448275861,7.1665946239296705,0.0016423066811308872,0.9116580572328862,2.9444389791664407,Isolated Supraventricular Beat/True/data20240102_aligned_C-001_1701953370670-1701953967670_duration=1s_pos=58740-58804_src=ishne.json
13.826270410019035,423.91349363300424,50.832678741440354,4.438924599402316,30.660000882509845,18.064516129032256,3968,128,34,85.9375,148.4375,7,66.0,0.2129428213915461,0.7870571786084539,24.242424242424242,25.11689029010419,0.0004938672886998236,2.8868132388976266,1.9459101490553135,Isolated Supraventricular Beat/True/data20240102_aligned_R-002_1700510133428-1700510422428_duration=1s_pos=6994-7058_src=ishne.json
3.038175195837902,416.1243651622695,23.479181733861328,1.253185498636844,136.96518514374907,41.935483870967744,3968,128,33,85.9375,132.8125,13,64.0,0.22313073833244643,0.7768692616675535,15.625,19.357871711104863,0.0028931752569047635,4.424910392977947,0.6466271649250525,Isolated Supraventricular Beat/True/ReNew20230809_Patient_P001-006_P-006_04-10-2023_P-006_04-10-2023.linejson_duration=1s_pos=10902654-10902718_src=ishne.json
3.868283125921413,403.64948535989686,22.758464209977813,1.8185909993533311,104.34845844312142,30.709677419354836,3968,128,32,78.125,132.8125,12,61.887184819339744,0.18006364526875224,0.8199363547312477,0.0,19.74086435814198,0.0008479570625828557,3.8307787791472916,0.5343987914840574,Isolated Supraventricular Beat/True/ReNew20230809_Patient_P001-006_P-006_04-10-2023_P-006_04-10-2023.linejson_duration=1s_pos=1316376-1316440_src=ishne.json
11.392016313407277,399.7635237352534,49.4663775038289,3.0760182556368587,35.09154811981995,22.58064516129032,3968,128,45,78.125,125.0,1,88.0917622523462,0.16521464097427604,0.8347853590257239,0.0,11.619045640017946,0.01680553574138631,9.084309388620284,0.5836629477182569,Isolated Supraventricular Beat/True/ReNew20230809_Patient_P001-006_P-002_04-06-2023_P-002_04-06-2023.linejson_duration=1s_pos=2953901-2953965_src=ishne.json
21.29220493962973,404.4516993784252,50.64299987772262,7.979416558774433,18.99529341981644,5.161290322580645,3968,128,47,78.125,117.1875,0,90.77081192189105,0.16374225736371978,0.8362577426362803,2.1739130434782608,11.25693496678426,0.0008390771337293605,7.823683660822659,0.535961597037533,Isolated Supraventricular Beat/True/ReNew20230809_Patient_P001-006_P-002_04-06-2023_P-002_04-06-2023.linejson_duration=1s_pos=3715910-3715974_src=ishne.json
35.12432032614634,407.185686236176,48.1315846038896,27.70122273465081,11.592699043356872,1.2903225806451613,3968,128,47,70.3125,93.75,0,90.60784816619646,0.25104600699638824,0.7489539930036118,28.26086956521739,13.940609939665187,0.0004816470275403545,1.7457602873216382,0.35914103643392586,Isolated Supraventricular Beat/True/data20240102_aligned_R-003_1697647249857-1697647848857_duration=1s_pos=4778-4842_src=ishne.json
22.87713477159172,410.6088857451222,52.01209790798214,8.26287787097979,17.948439430735316,6.451612903225806,3968,128,35,70.3125,179.6875,2,70.66847090663057,0.4231200552260886,0.5768799447739115,38.23529411764706,8.221190948667816,0.0009699110028631209,0.4387567649230425,1.1451323043030026,Isolated Supraventricular Beat/True/data20240102_aligned_R-003_1697644849857-1697645448857_duration=1s_pos=18983-19047_src=ishne.json
34.3120499036284,461.6368397407049,51.211504389313646,25.22779415888565,13.454073061307104,2.5806451612903225,3968,128,39,70.3125,78.125,0,74.24065123378276,0.24787450620512302,0.7521254937948769,10.526315789473685,19.740986901882454,0.0037205903595655646,1.9247713015809638,0.3459509805757568,Isolated Supraventricular Beat/True/data20240102_aligned_R-003_1697647249857-1697647848857_duration=1s_pos=19629-19693_src=ishne.json
9.404520560984519,410.5776008673765,51.20904328642748,1.2571322966778986,43.65746818750394,39.35483870967742,3968,128,31,70.3125,109.375,0,58.65580448065173,0.1254334903625421,0.874566509637458,3.3333333333333335,14.274087618482568,0.0009427247789699457,2.794373380360507,0.6773988235918061,Isolated Supraventricular Beat/True/data20240102_aligned_C-002_1700040846660-1700043598660_duration=1s_pos=21513-21577_src=ishne.json
11.585664712968265,415.9757273524416,51.50162458386563,3.1102962387767885,35.90434401079125,20.0,3968,128,30,117.1875,140.625,14,57.969807391983345,0.10908852727078397,0.890911472729216,3.4482758620689653,32.74418150826216,0.00018001214024133063,2.496463538335462,0.7472144018302211,Isolated Supraventricular Beat/True/data20240102_aligned_C-002_1700101754660-1700105384660_duration=1s_pos=313928-313992_src=ishne.json
9.423249949952474,409.00562259617925,50.9635844576956,1.4378507187911005,43.403876726666404,35.483870967741936,3968,128,30,74.21875,78.125,0,59.51897381079636,0.10256114198288663,0.8974388580171133,3.4482758620689653,9.496373684826121,8.971080961023724e-05,2.151855979542391,1.0586069540544105,Isolated Supraventricular Beat/True/data20240102_aligned_C-002_1700039362660-1700039991660_duration=1s_pos=62754-62818_src=ishne.json
21.586552270492366,446.9632930756613,54.148068338407434,9.452094965754831,20.70563500689272,4.516129032258064,3968,128,10,54.6875,117.1875,0,38.27242524916944,0.9372274974350178,0.06277250256498224,22.22222222222222,122.17037029912063,0.005455430102624639,1.753446101695078,,Isolated Supraventricular Beat/True/data20240102_aligned_C-002_1700087794660-1700090365660_duration=1s_pos=144331-144395_src=ishne.json
12.18859002899691,418.6269006628494,51.881480294524415,3.4661251153940142,34.34579925332857,19.35483870967742,3968,128,32,117.1875,156.25,15,60.90560245587106,0.16301570056395195,0.836984299436048,9.67741935483871,28.118095119237097,0.014034958984547085,2.3254508438536874,0.4407332469456223,Isolated Supraventricular Beat/True/data20240102_aligned_C-002_1700098963660-1700101753660_duration=1s_pos=270934-270998_src=ishne.json
17.910862183439033,395.8553673491384,55.276771618893314,1.5150358288017474,22.101412047810133,29.03225806451613,3968,128,34,85.9375,140.625,9,64.57070063694268,0.2605912381862928,0.7394087618137072,18.181818181818183,13.015093455280024,0.0008574349239342692,4.974537172521315,0.7396671961948381,Isolated Supraventricular Beat/True/ReNew20230809_Patient_P001-006_P-002_04-06-2023_P-002_04-06-2023.linejson_duration=1s_pos=30847-30911_src=ishne.json
9.590793014072286,409.2494084600906,50.81265076007444,1.6611262715420239,42.67106642678502,32.903225806451616,3968,128,26,101.5625,148.4375,12,50.261780104712045,0.15256413342482933,0.8474358665751707,12.0,13.754387251046605,0.0002112072606763039,1.7977272814816736,0.916290731874155,Isolated Supraventricular Beat/True/data20240102_aligned_C-001_1701950365670-1701950965670_duration=1s_pos=25350-25414_src=ishne.json
4.225986378607748,406.96112454964407,22.832172476653604,2.110055175416514,96.29965451617545,25.032258064516128,3968,128,35,117.1875,140.625,17,67.64766839378238,0.12151225698137434,0.8784877430186256,5.882352941176471,16.172952777132494,0.0008177052247456409,3.2064835600771917,1.0986122886681098,Isolated Supraventricular Beat/True/ReNew20230809_Patient_P001-006_P-006_04-10-2023_P-006_04-10-2023.linejson_duration=1s_pos=5831689-5831753_src=ishne.json
7.106778172268253,490.9413614686029,25.192837098622867,3.6907995232275947,69.08071146833036,15.096774193548388,3968,128,38,125.0,132.8125,22,73.35054207537429,0.1284621931498893,0.8715378068501107,2.7027027027027026,20.928356331079673,0.00032256969711522707,4.715219747723752,0.45547552868282576,Isolated Supraventricular Beat/True/ReNew20230809_Patient_P001-006_P-006_04-10-2023_P-006_04-10-2023.linejson_duration=1s_pos=10406232-10406296_src=ishne.json
10.898625089229553,422.3421258279518,51.340709071091965,2.369563185460999,38.751868572253045,19.35483870967742,3968,128,31,132.8125,164.0625,17,59.48876839659179,0.09111162718642173,0.9088883728135783,3.3333333333333335,13.702250040431249,0.0016043496641850953,1.9145456927496831,1.1631508098056809,Isolated Supraventricular Beat/True/data20240102_aligned_C-001_1701974981670-1701975580670_duration=1s_pos=20769-20833_src=ishne.json
34.853749219651675,704.5123278465938,87.14166408475954,7.218266064951573,20.21338660565046,16.7741935483871,3968,128,6,117.1875,132.8125,2,94.58128078817734,0.9651087403640075,0.03489125963599249,40.0,19.486041816859846,0.008976129099485392,0.2860254715324445,,Isolated Supraventricular Beat/True/data20240102_aligned_C-001_1702007378670-1702007981670_duration=1s_pos=46415-46479_src=ishne.json
30.269929522723665,436.7778940629954,65.11504266988645,5.978258391394098,14.429431667677791,10.32258064516129,3968,128,8,89.84375,125.0,1,61.72215843857634,0.6222838404284581,0.3777161595715419,42.857142857142854,12.222539937724397,0.007674013206103655,1.0819978359214304,,Isolated Supraventricular Beat/True/data20240102_aligned_C-002_1700077674660-1700079262660_duration=1s_pos=196236-196300_src=ishne.json
14.846178519432462,406.7373069583975,50.58224405607461,4.559400737288666,27.39676604516407,11.612903225806452,3968,128,29,85.9375,132.8125,5,61.84641932700604,0.6983824347692217,0.3016175652307783,3.5714285714285716,15.944626794284968,0.0015625002864882514,4.402194941640177,0.20613220548767316,Isolated Supraventricular Beat/True/ReNew20230809_Patient_P001-006_P-002_04-06-2023_P-002_04-06-2023.linejson_duration=1s_pos=6119954-6120018_src=ishne.json
2.8773127919209833,410.1869609629656,23.019833633177942,1.0933549573171053,142.55899447418702,46.32258064516129,3968,128,37,117.1875,132.8125,16,71.38652207591015,0.12269666063718933,0.8773033393628107,5.555555555555555,12.591829889550585,0.0014775039180955154,3.508461795331453,0.9444616088408514,Isolated Supraventricular Beat/True/ReNew20230809_Patient_P001-006_P-006_04-10-2023_P-006_04-10-2023.linejson_duration=1s_pos=7935761-7935825_src=ishne.json
9.231314143317602,398.13247483300694,49.68920433894042,1.5051057015363911,43.128467466654364,35.483870967741936,3968,128,33,78.125,85.9375,0,64.06673618352451,0.13440999521620323,0.8655900047837968,6.25,4.2571628679310685,0.00029130076193999274,1.1989274269549313,0.6773988235918061,Isolated Supraventricular Beat/True/data20240102_aligned_C-002_1700118001660-1700118588660_duration=1s_pos=54530-54594_src=ishne.json
15.642048101136554,414.1151862459813,51.31873837300612,5.571356531369087,26.47448448527704,9.032258064516128,3968,128,34,70.3125,140.625,8,65.96564289432587,0.10585412006615744,0.8941458799338425,3.0303030303030303,18.284921966137077,0.001168708945923332,1.574671720023128,0.916290731874155,Isolated Supraventricular Beat/True/data20240102_aligned_C-002_1700063066660-1700072385660_duration=1s_pos=199452-199516_src=ishne.json
15.602037851651312,406.0158573974925,50.54231386998871,4.452083995884815,26.0232563998852,11.612903225806452,3968,128,43,78.125,132.8125,4,82.58064516129032,0.2282799208140185,0.7717200791859815,0.0,14.217855252753907,0.0009714708433982136,8.197933157908539,0.4185031024462943,Isolated Supraventricular Beat/True/ReNew20230809_Patient_P001-006_P-002_04-06-2023_P-002_04-06-2023.linejson_duration=1s_pos=968808-968872_src=ishne.json
9.190530281329828,407.24951021686206,50.80515962695308,1.1718106876872358,44.311857252928576,43.225806451612904,3968,128,31,78.125,117.1875,0,59.16795069337442,0.13050765594969996,0.8694923440503001,6.666666666666667,18.3179325749544,0.0008512198071408223,2.921892090295489,0.9420432279765697,Isolated Supraventricular Beat/True/data20240102_aligned_C-002_1700048796660-1700051993660_duration=1s_pos=156032-156096_src=ishne.json
21.935249936071237,384.886661161571,47.47017558212989,10.705438521039667,17.546489998372774,7.741935483870968,3968,128,55,78.125,117.1875,0,106.33846153846154,0.19149984164218636,0.8085001583578136,0.0,8.366397222826697,0.002814107320984773,9.322100424928424,0.19133642789017014,Isolated Supraventricular Beat/True/ReNew20230809_Patient_P001-006_P-002_04-06-2023_P-002_04-06-2023.linejson_duration=1s_pos=5953308-5953372_src=ishne.json
12.254715792387124,408.1624356727942,50.65993317463612,3.3243922766899026,33.30655800437207,14.838709677419354,3968,128,32,85.9375,148.4375,5,62.83452098178939,0.18564873556266726,0.8143512644373327,35.483870967741936,19.15031037597625,0.0034142873961938098,2.5654221683232903,2.3025850929940455,Isolated Supraventricular Beat/True/data20240102_aligned_R-002_1700510598428-1700510776428_duration=1s_pos=18754-18818_src=ishne.json
3.8147566309147454,417.7719532456523,23.551756275270396,1.7405460500796721,109.51467790772182,29.806451612903224,3968,128,35,125.0,132.8125,20,68.35602094240838,0.1260182343090871,0.8739817656909129,5.882352941176471,16.02994226222758,0.0002598579446059601,3.5082747149404163,1.2685113254635072,Isolated Supraventricular Beat/True/ReNew20230809_Patient_P001-006_P-006_04-10-2023_P-006_04-10-2023.linejson_duration=1s_pos=8054251-8054315_src=ishne.json
16.289140629726948,493.96643263276576,56.01550722984195,4.570297874478602,30.324890277293637,11.612903225806452,3968,128,46,78.125,132.8125,3,88.70636550308008,0.20420051537105863,0.7957994846289413,0.0,12.418063133919302,0.0018457280580591931,8.026217042925692,0.32909212932359044,Isolated Supraventricular Beat/True/ReNew20230809_Patient_P001-006_P-002_04-06-2023_P-002_04-06-2023.linejson_duration=1s_pos=2567859-2567923_src=ishne.json
11.375461941884746,397.6637463071441,49.351958178052726,2.701512318180277,34.95802749644026,19.35483870967742,3968,128,32,70.3125,70.3125,0,61.66278166278166,0.2667667463548942,0.7332332536451058,9.67741935483871,20.657572473256774,0.0005451697443782555,1.3943420458966407,0.47608267532211773,Isolated Supraventricular Beat/True/data20240102_aligned_R-003_1697644849857-1697645448857_duration=1s_pos=45432-45496_src=ishne.json
12.925563435675413,413.12663538329565,51.460747591749275,4.083048496860142,31.961980263162733,17.419354838709676,3968,128,30,125.0,148.4375,16,59.10828025477707,0.07959748501439418,0.9204025149856059,3.4482758620689653,30.054452826296163,0.0017075443887761127,2.4431429212264666,0.48285177172358457,Isolated Supraventricular Beat/True/data20240102_aligned_C-002_1700098963660-1700101753660_duration=1s_pos=257459-257523_src=ishne.json
18.024279062034093,437.2428022982009,28.057360792380223,12.625397518589265,24.258544629430084,4.258064516129032,3968,128,50,93.75,164.0625,17,96.86486486486486,0.05669237017126802,0.943307629828732,2.0408163265306123,21.170213573573754,0.0009685860013184077,2.853046153091645,1.1755733298042381,Isolated Supraventricular Beat/True/ReNew20230809_Patient_P001-006_P-003_04-10-2023_P-003_04-10-2023.linejson_duration=1s_pos=5501017-5501081_src=ishne.json
13.857449349455976,400.40972215761116,50.27473167782866,3.6973185930133656,28.894905777045103,16.129032258064516,3968,128,35,85.9375,132.8125,11,67.24697398918362,0.3255855752782891,0.674414424721711,8.823529411764707,16.01474646657189,0.000821298147897843,3.9745610226791652,0.7646061445420903,Isolated Supraventricular Beat/True/ReNew20230809_Patient_P001-006_P-002_04-06-2023_P-002_04-06-2023.linejson_duration=1s_pos=6125795-6125859_src=ishne.json
12.913638466781103,408.1370561123289,50.12173498846185,3.5279095873854693,31.605114666722418,15.483870967741936,3968,128,33,85.9375,132.8125,7,63.2261384100849,0.1525940843707055,0.8474059156292945,28.125,18.89706904202498,0.029440366137053295,2.4894059339599663,,Isolated Supraventricular Beat/True/data20240102_aligned_R-002_1700510598428-1700510776428_duration=1s_pos=15960-16024_src=ishne.json
30.019191213136242,404.9238296649201,65.69574254537872,7.484472880323612,13.488831637772302,5.161290322580645,3968,128,32,78.125,148.4375,3,63.760042849491164,0.37413124918371177,0.6258687508162882,16.129032258064516,28.11796853075244,0.0015705378154711848,0.46324663839178937,0.2818511521409877,Isolated Supraventricular Beat/True/data20240102_aligned_R-003_1697644849857-1697645448857_duration=1s_pos=12499-12563_src=ishne.json
10.229314139220968,416.23720271486206,51.775732362294725,1.4821628782770713,40.69062269075439,32.25806451612903,3968,128,23,101.5625,164.0625,10,45.23694779116466,0.16418778796125216,0.8358122120387479,13.636363636363637,25.146738864730406,0.0014232450003231541,2.178411052905866,1.3862943611198906,Isolated Supraventricular Beat/True/data20240102_aligned_C-001_1701941995670-1701942582670_duration=1s_pos=32022-32086_src=ishne.json
3.8657369795241467,419.6218146008509,23.581857634720343,1.821538386135746,108.54895412557275,27.35483870967742,3968,128,34,85.9375,132.8125,12,67.04761904761905,0.1783861472643886,0.8216138527356114,12.121212121212121,18.432707458457443,0.0014938472917410239,4.094179291736539,0.6931471805599453,Isolated Supraventricular Beat/True/ReNew20230809_Patient_P001-006_P-006_04-10-2023_P-006_04-10-2023.linejson_duration=1s_pos=10462786-10462850_src=ishne.json
9.64658518363151,406.99036525022603,50.70988750933825,1.4571633065485479,42.19009269214991,36.12903225806451,3968,128,32,85.9375,140.625,7,63.08426073131955,0.27102075836686534,0.7289792416331347,22.580645161290324,22.995833895913954,0.0004467904610314234,2.7824924728972733,0.916290731874155,Isolated Supraventricular Beat/True/data20240102_aligned_R-002_1700507533428-1700508030428_duration=1s_pos=31129-31193_src=ishne.json
7.429567289085244,412.09683203406524,25.023672443497897,2.8056114648240538,55.46713025566713,21.935483870967744,3968,128,36,78.125,132.8125,14,69.38564790913784,0.17583524287883204,0.824164757121168,20.0,22.88866148982553,0.010549884534188892,4.6307589659861526,1.6094379124341003,Isolated Supraventricular Beat/True/ReNew20230809_Patient_P001-006_P-006_04-10-2023_P-006_04-10-2023.linejson_duration=1s_pos=6292342-6292406_src=ishne.json
10.207193145048825,405.72044837278776,50.40898760160814,1.8004266089193255,39.748479612253625,25.806451612903224,3968,128,32,70.3125,140.625,4,62.86770530763137,0.2379422025886495,0.7620577974113505,16.129032258064516,37.47553319239221,0.0028341343053438933,1.2870138553018182,0.9315582040049435,Isolated Supraventricular Beat/True/data20240102_aligned_C-002_1700063066660-1700072385660_duration=1s_pos=487807-487871_src=ishne.json
5.7073441626836825,406.5257273705081,23.98693961182615,1.8273075123145244,71.22851619847596,30.58064516129032,3968,128,34,97.65625,148.4375,14,66.25882352941176,0.07796199417787232,0.9220380058221277,3.0303030303030303,21.88615867136561,0.0034267129266750637,3.7768444749144043,1.791759469228055,Isolated Supraventricular Beat/True/ReNew20230809_Patient_P001-006_P-006_04-10-2023_P-006_04-10-2023.linejson_duration=1s_pos=3861964-3862028_src=ishne.json
9.634034311922282,406.51314822435427,50.68124274815683,1.5557284952174566,42.19552192436822,32.25806451612903,3968,128,25,85.9375,156.25,9,47.64021711036443,0.13530103476921168,0.8646989652307884,4.166666666666667,22.680954442026,0.00028868045245228737,2.1380649115305217,0.3528213746227423,Isolated Supraventricular Beat/True/data20240102_aligned_C-001_1702009178670-1702009765670_duration=1s_pos=15002-15066_src=ishne.json
27.50755183068344,403.3000034336055,51.585298922330054,14.139863277417453,14.661427932758253,3.225806451612903,3968,128,39,62.5,109.375,0,75.88143525741029,0.3251548312476907,0.6748451687523094,18.42105263157895,15.289320922519067,0.00028966353583189595,1.4223012850473864,0.3689075123743667,Isolated Supraventricular Beat/True/data20240102_aligned_R-003_1697647849857-1697648448857_duration=1s_pos=52644-52708_src=ishne.json
22.449060646650683,375.1859416642219,54.54954328601631,7.666625298692997,16.712767222508752,5.806451612903226,3968,128,35,54.6875,101.5625,0,66.6802860061287,0.3037024905934487,0.6962975094065513,2.9411764705882355,16.050279614046087,0.004800498961297462,1.5729370035190813,0.2369097470783577,Isolated Supraventricular Beat/True/data20240102_aligned_R-003_1697648979857-1697649578857_duration=1s_pos=32602-32666_src=ishne.json
34.78647514015881,408.07998770599306,52.396515735267926,22.29697816966147,11.730995288565326,0.8333333333333334,3072,128,35,70.3125,101.5625,0,87.18530884808013,0.21457168686522807,0.7854283131347719,23.529411764705884,7.161319516215242,0.005704418207772357,0.6384926863008893,0.146092618497496,Isolated Supraventricular Beat/True/data20240102_aligned_R-003_1697646044857-1697646648857_duration=1s_pos=76315-76379_src=ishne.json
5.102565865057323,412.59947913030936,24.416267542434042,1.3779559971471844,80.86116067499572,38.70967741935484,3968,128,34,125.0,140.625,18,66.29348679047868,0.20869955098695905,0.791300449013041,33.333333333333336,20.448982174519408,0.0006670434440746629,3.017240505048395,0.7339691750802004,Isolated Supraventricular Beat/True/ReNew20230809_Patient_P001-006_P-006_04-10-2023_P-006_04-10-2023.linejson_duration=1s_pos=10996539-10996603_src=ishne.json
10.891425217669411,409.3145926858979,52.530881001777914,2.261575781959735,37.58135844705603,24.137931034482758,3712,128,30,113.28125,140.625,10,63.597944031981726,0.10254903443242439,0.8974509655675756,3.4482758620689653,21.621848499711867,0.0012619552451494413,1.8983260680200151,0.8850381883700507,Isolated Supraventricular Beat/True/data20240102_aligned_C-002_1700094161660-1700095128660_duration=1s_pos=122184-122248_src=ishne.json
5.647334483973621,407.7589287705092,23.19846897397022,2.8193402339509177,72.2037728992149,20.516129032258064,3968,128,36,85.9375,132.8125,15,69.70954356846474,0.18483115060650362,0.8151688493934963,25.714285714285715,17.188526741245237,0.0009154457168779413,3.759847401013619,0.46134556650262093,Isolated Supraventricular Beat/True/ReNew20230809_Patient_P001-006_P-006_04-10-2023_P-006_04-10-2023.linejson_duration=1s_pos=10371235-10371299_src=ishne.json
8.751986226650342,395.5888281192518,49.199359421854155,1.0767459802546453,45.199886365768386,48.38709677419355,3968,128,31,78.125,78.125,0,59.56566701137539,0.15342839579785522,0.8465716042021447,6.666666666666667,6.248502641866601,0.0012408072764261164,1.3521821402662668,1.0021520224805474,Isolated Supraventricular Beat/True/data20240102_aligned_C-002_1700045968660-1700046419660_duration=1s_pos=20479-20543_src=ishne.json
9.333870216634535,407.72884703853117,50.769050843747955,1.2444383512149049,43.68271616088826,36.12903225806451,3968,128,30,70.3125,78.125,0,58.65683434290229,0.10579047797713786,0.8942095220228621,3.4482758620689653,10.722478825637241,0.0009581117980502457,2.3331146510206664,0.8023464725249373,Isolated Supraventricular Beat/True/data20240102_aligned_C-002_1700037060660-1700038317660_duration=1s_pos=106461-106525_src=ishne.json
9.118160094043898,408.9650538091654,50.93279765868586,1.0854045344594887,44.85170305625624,47.74193548387097,3968,128,33,70.3125,125.0,1,63.883545619963606,0.14080720899691362,0.8591927910030863,6.25,17.007047895652928,0.0003812390808691585,2.881096682110143,0.6177977433181585,Isolated Supraventricular Beat/True/data20240102_aligned_C-002_1700048796660-1700051993660_duration=1s_pos=16531-16595_src=ishne.json
15.814882631436713,420.6194853308027,49.22067046730056,6.090973916093478,26.596432520989172,5.806451612903226,3968,128,40,97.65625,156.25,8,77.51552795031056,0.10392518915861482,0.8960748108413852,2.5641025641025643,15.077598970533284,0.0010028144170477736,1.814990958124435,0.6669448081659212,Isolated Supraventricular Beat/True/data20240102_aligned_C-002_1700098963660-1700101753660_duration=1s_pos=29113-29177_src=ishne.json
2.892282252726498,407.8429597097416,22.994048800741652,1.1252394632901286,141.0107254624097,45.03225806451613,3968,128,33,78.125,132.8125,10,63.37287261474987,0.17864732897822283,0.8213526710217771,9.375,17.044985350954228,0.00023664677509285418,4.583417947593658,0.7184649885442352,Isolated Supraventricular Beat/True/ReNew20230809_Patient_P001-006_P-006_04-10-2023_P-006_04-10-2023.linejson_duration=1s_pos=10739234-10739298_src=ishne.json
13.461664184219044,406.3065316970834,50.654661383279205,3.431460194223801,30.182486797650554,10.32258064516129,3968,128,34,85.9375,140.625,4,65.93132154006244,0.1542100066649579,0.8457899933350421,15.151515151515152,21.091661536494232,0.0003374553350244238,2.770555145412119,,Isolated Supraventricular Beat/True/data20240102_aligned_R-002_1700510783428-1700511026428_duration=1s_pos=14745-14809_src=ishne.json
11.679626830658519,405.79771095224106,50.56309358304354,3.234568062025156,34.74406178311946,18.70967741935484,3968,128,32,85.9375,125.0,2,62.01615003907268,0.24340349753420484,0.7565965024657951,38.70967741935484,16.643230283191578,0.003049552887185282,2.2009696361665387,1.3862943611198906,Isolated Supraventricular Beat/True/data20240102_aligned_R-002_1700507075428-1700507414428_duration=1s_pos=33161-33225_src=ishne.json
34.030648970180174,410.04685777733783,48.23858492447094,25.528069412305342,12.049339584658156,1.935483870967742,3968,128,39,62.5,78.125,0,75.74357643394757,0.2749272194632683,0.7250727805367316,5.2631578947368425,16.34974452757421,0.0006476462371504629,1.8217090478407165,0.23721727852587166,Isolated Supraventricular Beat/True/data20240102_aligned_R-003_1697647849857-1697648448857_duration=1s_pos=18498-18562_src=ishne.json
13.912863394456203,412.7432979485054,51.2584501739241,4.432671144841693,29.666306394315857,11.612903225806452,3968,128,34,85.9375,140.625,8,66.62460567823344,0.25093987861033384,0.7490601213896662,33.333333333333336,22.85116246263266,0.007641022586338547,3.0683479274876393,1.252762968495368,Isolated Supraventricular Beat/True/data20240102_aligned_R-002_1700510423428-1700510476428_duration=1s_pos=3047-3111_src=ishne.json
3.672753585043039,416.9397876966696,23.517384721746982,1.5912836573175326,113.5223653098465,31.096774193548388,3968,128,35,125.0,132.8125,18,67.47286821705427,0.1577294508939816,0.8422705491060184,8.823529411764707,15.373571221601097,0.0005070530031054947,3.50931765055616,0.9614111671546247,Isolated Supraventricular Beat/True/ReNew20230809_Patient_P001-006_P-006_04-10-2023_P-006_04-10-2023.linejson_duration=1s_pos=8262464-8262528_src=ishne.json
10.885279597850204,413.20890630595886,51.22542409996053,2.5674762502767567,37.960335757221166,23.225806451612904,3968,128,31,70.3125,148.4375,8,60.20381499869349,0.11557701526600239,0.8844229847339976,3.3333333333333335,28.25505353330555,0.0020937611522574722,2.433312072905596,1.9459101490553135,Isolated Supraventricular Beat/True/data20240102_aligned_C-002_1700101754660-1700105384660_duration=1s_pos=460106-460170_src=ishne.json
39.16085003778233,363.0588726372256,47.112648542241764,31.723558619053183,9.270964828801779,1.2903225806451613,3968,128,42,70.3125,78.125,0,82.49410531831282,0.3023723086787736,0.6976276913212264,24.390243902439025,14.970171469607667,0.0014833908617399374,1.759407964197098,0.41729956575516725,Isolated Supraventricular Beat/True/data20240102_aligned_R-003_1697647849857-1697648448857_duration=1s_pos=15319-15383_src=ishne.json
3.757267596558968,419.7269588408966,23.620586579342596,1.7628166923213673,111.71066109707901,29.29032258064516,3968,128,36,125.0,132.8125,23,68.9584402257568,0.1404542429935235,0.8595457570064765,5.714285714285714,15.808808440161254,0.0005758578177931182,3.485165743272931,0.7731898882334817,Isolated Supraventricular Beat/True/ReNew20230809_Patient_P001-006_P-006_04-10-2023_P-006_04-10-2023.linejson_duration=1s_pos=8028494-8028558_src=ishne.json
2.8955907627705413,407.6937029878439,23.012241560486444,1.1185809468834407,140.79806008211497,46.19354838709677,3968,128,33,85.9375,140.625,15,64.96431403647898,0.17992228830632942,0.8200777116936706,12.5,16.97637275847796,0.00048082585476971133,4.484535608560787,0.4367176516122688,Isolated Supraventricular Beat/True/ReNew20230809_Patient_P001-006_P-006_04-10-2023_P-006_04-10-2023.linejson_duration=1s_pos=10838934-10838998_src=ishne.json
6.213649444304336,412.46753548511083,24.510750350747333,2.2314202570730135,66.38087211088515,26.193548387096776,3968,128,36,125.0,132.8125,23,70.09126466753585,0.21674471362355888,0.7832552863764412,28.571428571428573,19.979182583301146,0.0004519004168070422,3.948347186537861,0.587786664902119,Isolated Supraventricular Beat/True/ReNew20230809_Patient_P001-006_P-006_04-10-2023_P-006_04-10-2023.linejson_duration=1s_pos=7113605-7113669_src=ishne.json
11.281578577553752,418.5316892261052,52.052253076334566,2.976370315186605,37.0986781016757,20.64516129032258,3968,128,29,117.1875,140.625,13,57.009544008483566,0.11449864119719562,0.8855013588028043,3.5714285714285716,32.70642105950786,0.002400042667490855,2.414259334025436,0.39429180751003917,Isolated Supraventricular Beat/True/data20240102_aligned_C-002_1700107778660-1700108378660_duration=1s_pos=18195-18259_src=ishne.json
12.20316565458983,418.00282484122476,51.86549743675723,2.8123880242840738,34.253635689225504,23.225806451612904,3968,128,34,85.9375,140.625,9,67.3326248671626,0.18661873404504334,0.8133812659549566,12.121212121212121,15.010385599828485,0.003539298054421014,1.5135128169563272,0.48550781578170077,Isolated Supraventricular Beat/True/data20240102_aligned_C-002_1700095129660-1700097002660_duration=1s_pos=137818-137882_src=ishne.json
87.6922870185845,498.43816888767424,106.16765098760656,41.00530955753956,5.683945306365379,3.870967741935484,3968,128,46,78.125,132.8125,10,88.93463715903242,0.20756888069169396,0.792431119308306,0.0,11.362766232050474,0.000826851426470574,7.919845174851324,0.36624439495488303,Isolated Supraventricular Beat/True/ReNew20230809_Patient_P001-006_P-002_04-06-2023_P-002_04-06-2023.linejson_duration=1s_pos=5026959-5027023_src=ishne.json
9.735032458856008,416.30348634873735,51.803788365930586,1.305141019749989,42.76343662383862,40.0,3968,128,25,140.625,164.0625,15,49.89713048186248,0.1841833857271725,0.8158166142728275,4.166666666666667,19.42467014508932,0.0025706338033916246,2.2987328443565707,0.2441969605120421,Isolated Supraventricular Beat/True/data20240102_aligned_C-001_1701932383670-1701932970670_duration=1s_pos=15472-15536_src=ishne.json
12.707930649724192,403.90824948699253,49.9081738306026,3.9827029491588117,31.78394884550381,13.548387096774196,3968,128,42,78.125,132.8125,3,81.30131680867545,0.15633870218388496,0.8436612978161151,0.0,12.567671084024779,0.0017927312670818595,9.529881341308611,0.5277546858664387,Isolated Supraventricular Beat/True/ReNew20230809_Patient_P001-006_P-002_04-06-2023_P-002_04-06-2023.linejson_duration=1s_pos=4702085-4702149_src=ishne.json
3.853239911146749,419.22542123536124,23.51988533670167,1.7978625996175612,108.79813406491552,28.387096774193548,3968,128,36,85.9375,132.8125,17,69.331957699252,0.15224420793237112,0.8477557920676289,8.571428571428571,17.43396394027995,0.00026837836414512394,4.301442762439433,1.024504316514388,Isolated Supraventricular Beat/True/ReNew20230809_Patient_P001-006_P-006_04-10-2023_P-006_04-10-2023.linejson_duration=1s_pos=10456240-10456304_src=ishne.json
33.67077265974522,405.6832916546109,49.900122688817504,23.180698638746165,12.048528963254023,3.870967741935484,3968,128,31,70.3125,93.75,0,60.93626024861148,0.3045303126198675,0.6954696873801325,3.3333333333333335,16.061595123715495,0.0030041346741644616,1.4894274375027086,0.21233263520999412,Isolated Supraventricular Beat/True/data20240102_aligned_R-003_1697647849857-1697648448857_duration=1s_pos=24664-24728_src=ishne.json
3.1240115842006637,401.34454940294273,22.622477048021157,1.3188764922817953,128.47084913572272,39.225806451612904,3968,128,37,78.125,148.4375,14,70.19040365575019,0.17144789313750589,0.8285521068624941,11.11111111111111,12.25572147390788,0.0006435050117656905,3.383640829088514,0.8700778887190235,Isolated Supraventricular Beat/True/ReNew20230809_Patient_P001-006_P-006_04-10-2023_P-006_04-10-2023.linejson_duration=1s_pos=7989724-7989788_src=ishne.json
3.1006625880784138,417.2997686041728,23.556435612375974,1.2790224715895082,134.58401943655795,39.483870967741936,3968,128,33,93.75,132.8125,16,64.06673618352451,0.148814388641338,0.851185611358662,6.25,19.37942411231064,0.001290345186622428,4.290476856674894,1.0498221244986778,Isolated Supraventricular Beat/True/ReNew20230809_Patient_P001-006_P-006_04-10-2023_P-006_04-10-2023.linejson_duration=1s_pos=10873250-10873314_src=ishne.json
9.361159168278494,413.3679002462485,51.69409811215057,1.3957911633435405,44.157763868521265,39.35483870967742,3968,128,31,70.3125,132.8125,4,60.93626024861148,0.09299369426464386,0.9070063057353561,3.3333333333333335,26.502514790693148,0.0012737053659284331,3.075144566475737,1.55814461804655,Isolated Supraventricular Beat/True/data20240102_aligned_C-002_1700036283660-1700037059660_duration=1s_pos=88325-88389_src=ishne.json
16.189292828830368,431.75483256139637,52.299844469237506,6.126038456070626,26.669157847547044,10.32258064516129,3968,128,38,93.75,171.875,12,73.54037267080746,0.07290974856993639,0.9270902514300636,2.7027027027027026,11.950186410667305,0.003125880968552014,1.296944611561016,1.6817585740137264,Isolated Supraventricular Beat/True/data20240102_aligned_C-002_1700098963660-1700101753660_duration=1s_pos=112841-112905_src=ishne.json
13.529773178978546,413.7681763445344,50.83545089038643,4.012133344299285,30.58204600246865,11.612903225806452,3968,128,32,85.9375,140.625,7,62.86770530763137,0.1848179846670904,0.8151820153329096,45.16129032258065,19.416505374556905,0.001779374981519586,2.542270741415481,1.8718021769015913,Isolated Supraventricular Beat/True/data20240102_aligned_R-002_1700510598428-1700510776428_duration=1s_pos=20971-21035_src=ishne.json
22.926744685435157,406.8451559216336,52.1242877847424,8.159052968726655,17.74543851551043,5.161290322580645,3968,128,31,62.5,93.75,0,59.75103734439834,0.28544694607331467,0.7145530539266853,3.3333333333333335,13.979914484531154,0.004432870872298889,1.333341986657234,0.17969343438768512,Isolated Supraventricular Beat/True/data20240102_aligned_R-003_1697648979857-1697649578857_duration=1s_pos=11920-11984_src=ishne.json
12.872963011500307,422.485975576696,51.750044375538025,4.476071822954175,32.81963463886484,7.741935483870968,3968,128,35,78.125,140.625,14,67.17777206071521,0.13999742994556452,0.8600025700544355,5.882352941176471,25.31029757279195,0.017839473667503287,2.4356878472830696,0.9534302788236118,Isolated Supraventricular Beat/True/data20240102_aligned_C-002_1700087794660-1700090365660_duration=1s_pos=13164-13228_src=ishne.json
11.99028243302589,412.12714004229235,50.505741703408674,2.656783854352307,34.37175962889538,25.806451612903224,3968,128,34,85.9375,140.625,5,65.38699690402477,0.25965771575955215,0.7403422842404479,33.333333333333336,22.789878451103483,0.0022402136202201274,2.8410706808122277,0.7731898882334817,Isolated Supraventricular Beat/True/data20240102_aligned_R-002_1700509822428-1700509961428_duration=1s_pos=14221-14285_src=ishne.json
9.832437185756739,408.9224278552627,50.80276765547153,1.7682950228594674,41.58911758505916,27.741935483870968,3968,128,29,125.0,156.25,15,55.92717815344603,0.09016083991739254,0.9098391600826075,7.142857142857143,18.28528465093218,0.00019074205359762028,2.088477266991014,1.6094379124341003,Isolated Supraventricular Beat/True/data20240102_aligned_C-001_1701983380670-1701983964670_duration=1s_pos=69932-69996_src=ishne.json
11.320952713957311,416.63921137538296,51.6130669359871,2.1827477067175582,36.802483421667844,27.741935483870968,3968,128,30,101.5625,140.625,14,57.849350649350654,0.13444914569396352,0.8655508543060365,13.793103448275861,17.782136728571917,0.0029523992870748206,1.0288044794880944,0.6257058997644128,Isolated Supraventricular Beat/True/data20240102_aligned_C-002_1700039992660-1700040598660_duration=1s_pos=35264-35328_src=ishne.json
12.150693079945851,417.5631544386529,51.93793517026622,3.219178897932551,34.365374660186795,20.64516129032258,3968,128,31,125.0,148.4375,20,59.10723447922012,0.10548705008726444,0.8945129499127356,3.3333333333333335,30.29829102406167,0.0001895619725672449,2.27034487509055,0.7884573603642702,Isolated Supraventricular Beat/True/data20240102_aligned_C-002_1700109590660-1700110194660_duration=1s_pos=44906-44970_src=ishne.json
4.903230690188872,404.73804942763303,22.75931539722789,2.635316190207293,82.54516102869341,21.29032258064516,3968,128,37,125.0,140.625,19,71.0745501285347,0.13576672470870815,0.8642332752912918,5.555555555555555,20.463804550432727,0.0002765073574555732,3.8376244575628395,1.0185695809945732,Isolated Supraventricular Beat/True/ReNew20230809_Patient_P001-006_P-006_04-10-2023_P-006_04-10-2023.linejson_duration=1s_pos=10001897-10001961_src=ishne.json
4.740556874349493,398.7468561923997,22.51953533172656,2.4802485288565324,84.11390953582998,22.451612903225808,3968,128,40,93.75,156.25,11,76.89858793324775,0.09673796498858711,0.9032620350114129,2.5641025641025643,25.2034047374088,0.0006301797109221309,2.506491251854408,0.6061358035703156,Isolated Supraventricular Beat/True/ReNew20230809_Patient_P001-006_P-003_04-10-2023_P-003_04-10-2023.linejson_duration=1s_pos=5429691-5429755_src=ishne.json
8.159604887185592,437.30843362651206,25.302879193314986,3.5835398675485575,53.59430831252419,14.709677419354838,3968,128,43,125.0,132.8125,23,83.11259984540067,0.11008592896033173,0.8899140710396682,14.285714285714286,19.360056443192587,0.0010259571303444716,4.96830944550041,0.8873031950009028,Isolated Supraventricular Beat/True/ReNew20230809_Patient_P001-006_P-006_04-10-2023_P-006_04-10-2023.linejson_duration=1s_pos=6938564-6938628_src=ishne.json
12.8979177719177,427.98275380856677,51.78728404287266,3.4371373408506045,33.18231114467882,16.7741935483871,3968,128,34,85.9375,132.8125,8,64.71910112359551,0.19603002239466766,0.8039699776053324,0.0,17.641120078724587,0.00023606632061507648,6.66954415379852,0.4122447950935431,Isolated Supraventricular Beat/True/ReNew20230809_Patient_P001-006_P-002_04-06-2023_P-002_04-06-2023.linejson_duration=1s_pos=605620-605684_src=ishne.json
18.190522475971402,424.11163845432696,51.946676041671864,5.611241130887734,23.314977109622664,10.967741935483872,3968,128,6,117.1875,132.8125,2,10.054988216810683,1.755625478109467,0.0,20.0,15.33222341357246,0.010247778809525541,0.30366144230942627,1.0986122886681098,Isolated Supraventricular Beat/True/data20240102_aligned_C-002_1700060962660-1700062610660_duration=1s_pos=146088-146152_src=ishne.json
9.323052588890333,402.4057961104479,50.12732098798787,1.202387317198239,43.16244589540581,40.64516129032258,3968,128,32,78.125,85.9375,0,63.03415409054806,0.13454309323251779,0.8654569067674822,3.225806451612903,5.0213874218814905,0.00027878625489023646,1.3363741827174063,0.4670230011075977,Isolated Supraventricular Beat/True/data20240102_aligned_C-002_1700118589660-1700119196660_duration=1s_pos=12645-12709_src=ishne.json
9.927648279651375,409.858932195739,50.96647809730692,1.9299683071316576,41.28459020362692,27.09677419354839,3968,128,24,117.1875,156.25,12,47.6889848812095,0.12311192734868999,0.87688807265131,8.695652173913043,22.18675132435461,0.0003634128024110342,2.077228466071634,0.6286086594223742,Isolated Supraventricular Beat/True/data20240102_aligned_C-001_1702008569670-1702009177670_duration=1s_pos=58413-58477_src=ishne.json
21.84155715029142,384.74157335280535,48.02879962543524,9.619380118402132,17.615115675603572,3.225806451612903,3968,128,35,70.3125,140.625,1,71.03373231773668,0.39335595393564143,0.6066440460643585,14.705882352941176,10.184505995976714,0.0002898169597734414,0.8773639225615236,0.4618180446592962,Isolated Supraventricular Beat/True/data20240102_aligned_R-003_1697648979857-1697649578857_duration=1s_pos=35562-35626_src=ishne.json
8.715859945790786,490.4582923406242,32.38946663519433,2.3727844143819343,56.27192716715895,24.64516129032258,3968,128,38,125.0,132.8125,22,74.25137183172198,0.16144359567950858,0.8385564043204914,27.027027027027028,17.960871162206633,0.0020220245931363992,3.170340550057279,0.6090640633494039,Isolated Supraventricular Beat/True/ReNew20230809_Patient_P001-006_P-006_04-10-2023_P-006_04-10-2023.linejson_duration=1s_pos=7111630-7111694_src=ishne.json
10.619744070561532,421.74680240597786,52.05838325554358,1.9650167796596563,39.71345824252234,24.516129032258064,3968,128,30,82.03125,148.4375,9,57.69948186528498,0.11624534491414248,0.8837546550858575,3.4482758620689653,32.44784557199801,0.0005522557981732129,2.6344554998435585,0.8266785731844679,Isolated Supraventricular Beat/True/data20240102_aligned_C-002_1700090975660-1700091562660_duration=1s_pos=65340-65404_src=ishne.json
3.3512232301131735,417.6416637939202,23.523502158049105,1.347077742070546,124.62361069161167,40.64516129032258,3968,128,35,109.375,132.8125,15,67.52521334367727,0.19602730747640992,0.80397269252359,11.764705882352942,17.344563941659747,0.022773507097737167,3.087495809032517,1.3083328196501787,Isolated Supraventricular Beat/True/ReNew20230809_Patient_P001-006_P-006_04-10-2023_P-006_04-10-2023.linejson_duration=1s_pos=10133499-10133563_src=ishne.json
11.105816614947388,416.5287471138981,51.56294548812421,2.683252179620288,37.50545538883058,23.870967741935484,3968,128,29,117.1875,140.625,14,57.6824034334764,0.11253058061518627,0.8874694193848137,3.5714285714285716,32.66606345332625,0.004246980177969736,2.535921108326255,0.7166776779701395,Isolated Supraventricular Beat/True/data20240102_aligned_C-002_1700106876660-1700107777660_duration=1s_pos=78821-78885_src=ishne.json
12.295634979689007,410.8137453745424,50.6343515562784,3.27308322536779,33.41134578586745,18.064516129032256,3968,128,34,85.9375,140.625,12,67.01216287678477,0.2688272025832816,0.7311727974167184,42.42424242424242,23.920969218455816,0.004569431159887685,2.6298347590680216,0.6359887667199967,Isolated Supraventricular Beat/True/data20240102_aligned_R-002_1700510133428-1700510422428_duration=1s_pos=3117-3181_src=ishne.json
11.318802469047037,420.8674516325749,51.83747899234355,2.7334967285661538,37.18303377061895,16.7741935483871,3968,128,29,117.1875,140.625,13,56.79873217115689,0.12199421859773951,0.8780057814022605,3.5714285714285716,31.200526725093475,0.003084699678250956,2.483468383435224,0.528844129268669,Isolated Supraventricular Beat/True/data20240102_aligned_C-002_1700106582660-1700106875660_duration=1s_pos=16387-16451_src=ishne.json
11.40546303775563,416.9023978512554,51.31599752518127,2.898593700620511,36.55286593085375,16.7741935483871,3968,128,32,82.03125,164.0625,6,62.11322723715106,0.11695890129024178,0.8830410987097582,3.225806451612903,13.206926553554194,0.0042702273539472905,1.610091319197965,1.455287232606842,Isolated Supraventricular Beat/True/data20240102_aligned_C-002_1700063066660-1700072385660_duration=1s_pos=922673-922737_src=ishne.json
12.002381542529378,405.4830329869805,50.06369308066598,3.6299189553822275,33.78354518781478,16.7741935483871,3968,128,35,85.9375,125.0,2,66.91952844695028,0.2947473969992611,0.7052526030007389,2.9411764705882355,17.159104146103864,0.0004115196855720909,6.444410912148296,0.6431367599852839,Isolated Supraventricular Beat/True/ReNew20230809_Patient_P001-006_P-002_04-06-2023_P-002_04-06-2023.linejson_duration=1s_pos=6205273-6205337_src=ishne.json
9.897687485396773,408.3390203958187,50.486670766034116,1.581784247428386,41.25599840794034,32.903225806451616,3968,128,34,85.9375,140.625,11,65.94847775175644,0.1694762339831322,0.8305237660168678,36.36363636363637,19.12546488588854,0.001445305534496411,2.4587075344255,1.3862943611198906,Isolated Supraventricular Beat/True/data20240102_aligned_R-002_1700512231428-1700512816428_duration=1s_pos=70859-70923_src=ishne.json
15.518279984970112,406.8936446824737,50.21955196371799,5.681898797973206,26.220278204561545,10.32258064516129,3968,128,41,78.125,140.625,6,78.52760736196319,0.13190184049062492,0.8680981595093751,10.0,12.030685639924487,0.034918196643924156,0.4379495384555163,0.5325656104023967,Isolated Supraventricular Beat/True/data20240102_aligned_C-002_1700094161660-1700095128660_duration=1s_pos=92785-92849_src=ishne.json
13.297398188013927,405.5119611006097,50.42690120543977,3.8672789500246996,30.495584540030357,12.903225806451612,3968,128,32,97.65625,156.25,7,60.75019137535085,0.11756367089462703,0.882436329105373,3.225806451612903,12.860021307083237,0.0003206525104498305,1.6674413503035537,1.2321436812926323,Isolated Supraventricular Beat/True/data20240102_aligned_C-002_1700063066660-1700072385660_duration=1s_pos=390160-390224_src=ishne.json
12.167266785985133,434.0035614818792,52.01109199251973,3.6493202199676666,35.66976326285727,14.193548387096774,3968,128,44,78.125,117.1875,0,88.04052252732605,0.1759308614780302,0.8240691385219698,2.3255813953488373,13.418099163653551,0.0009463764301969847,9.5763518257769,0.7646061445420903,Isolated Supraventricular Beat/True/ReNew20230809_Patient_P001-006_P-002_04-06-2023_P-002_04-06-2023.linejson_duration=1s_pos=3151568-3151632_src=ishne.json
9.205917850914126,410.6448977184768,51.13142295290708,1.2877683968404163,44.606617152366134,41.935483870967744,3968,128,31,70.3125,125.0,1,61.53846153846154,0.10944468640350233,0.8905553135964976,3.3333333333333335,19.078455010380253,0.000553043890454611,2.839868518841809,0.8873031950009028,Isolated Supraventricular Beat/True/data20240102_aligned_C-002_1700048796660-1700051993660_duration=1s_pos=163042-163106_src=ishne.json
4.018573142716382,408.99812284622783,23.038232823044485,1.8023947683643016,101.77692592471688,29.548387096774192,3968,128,37,125.0,125.0,23,71.31287077637349,0.1801305003646332,0.8198694996353668,11.11111111111111,14.943745397612652,0.0004805199080343066,3.5716052951336863,1.4469189829363254,Isolated Supraventricular Beat/True/ReNew20230809_Patient_P001-006_P-006_04-10-2023_P-006_04-10-2023.linejson_duration=1s_pos=7691779-7691843_src=ishne.json
3.4395020174855815,406.91204271091254,22.977680675540146,1.5225447018958338,118.30547629767221,33.29032258064516,3968,128,36,125.0,132.8125,22,69.70954356846474,0.14368811422238517,0.8563118857776149,5.714285714285714,17.2070451729156,0.0014456120749478715,3.5150303558938347,0.6418538861723948,Isolated Supraventricular Beat/True/ReNew20230809_Patient_P001-006_P-006_04-10-2023_P-006_04-10-2023.linejson_duration=1s_pos=9849475-9849539_src=ishne.json
12.612478435088944,413.72699801556143,50.29413045341737,3.7004180344837323,32.80298692615025,14.193548387096774,3968,128,37,70.3125,132.8125,9,71.49728471683476,0.13416323079579673,0.8658367692042033,5.555555555555555,17.304789748201888,0.0023849981235914116,2.676165701244535,1.0761394328160512,Isolated Supraventricular Beat/True/data20240102_aligned_C-002_1700079263660-1700087247660_duration=1s_pos=347823-347887_src=ishne.json
60.39585438968739,482.40632627341216,88.3686553296116,19.300258942129723,7.987407797452657,5.161290322580645,3968,128,37,70.3125,148.4375,1,72.4338485721771,0.38288629620978293,0.617113703790217,11.11111111111111,11.819288545804513,0.006880240916456974,1.2007372844478117,0.7086513670959105,Isolated Supraventricular Beat/True/data20240102_aligned_R-003_1697648979857-1697649578857_duration=1s_pos=31088-31152_src=ishne.json
11.650849012933428,415.71001807242305,51.287003570675175,3.0024503428556226,35.680660004287226,12.903225806451612,3968,128,29,85.9375,132.8125,7,56.828752642706135,0.1285561774991032,0.8714438225008968,3.5714285714285716,31.450848144254266,0.0010829053403476688,2.458780688440593,0.9444616088408514,Isolated Supraventricular Beat/True/data20240102_aligned_C-002_1700105973660-1700106581660_duration=1s_pos=42750-42814_src=ishne.json
11.902246278071402,429.4316654375736,52.08238153168529,3.3274459847774107,36.07988100102363,12.903225806451612,3968,128,32,78.125,140.625,10,61.83896103896104,0.09976325492487702,0.900236745075123,3.225806451612903,28.535479056521265,0.0010006975522061717,2.4598592581520595,1.4087672169719492,Isolated Supraventricular Beat/True/data20240102_aligned_C-002_1700087794660-1700090365660_duration=1s_pos=228807-228871_src=ishne.json
33.018469263025054,414.28101720411456,49.66447481600084,23.29221504958978,12.546947629734298,3.870967741935484,3968,128,31,70.3125,78.125,0,59.27450475945459,0.30198255777236277,0.6980174422276373,3.3333333333333335,17.17451740967101,0.0023742043353372623,1.5430806468682385,0.08004270767353637,Isolated Supraventricular Beat/True/data20240102_aligned_R-003_1697647849857-1697648448857_duration=1s_pos=23578-23642_src=ishne.json
3.2798673362839197,408.38272268718123,23.08677404945612,1.2275553454030863,124.51192572866432,43.096774193548384,3968,128,36,78.125,132.8125,11,68.3447749809306,0.1282044553713513,0.8717955446286487,5.714285714285714,15.286493045111705,0.007646613004505281,3.385365487874679,1.4350845252893227,Isolated Supraventricular Beat/True/ReNew20230809_Patient_P001-006_P-006_04-10-2023_P-006_04-10-2023.linejson_duration=1s_pos=10149333-10149397_src=ishne.json
11.764198668262296,410.49472851902544,49.644343896860185,2.596367699804203,34.89355333082851,23.870967741935484,3968,128,35,85.9375,140.625,8,67.17777206071521,0.27287869801592324,0.7271213019840768,44.11764705882353,25.400839424426167,0.004490388827314982,3.2010981050784726,0.7282385003712154,Isolated Supraventricular Beat/True/data20240102_aligned_R-002_1700510133428-1700510422428_duration=1s_pos=4443-4507_src=ishne.json
9.215987477772888,416.3394360407079,51.67516864004702,1.1851822826931535,45.17577653713814,45.16129032258064,3968,128,31,78.125,132.8125,7,59.92197659297789,0.08200710026222009,0.9179928997377799,3.3333333333333335,26.891382903561873,0.0012946846078043135,3.1402195571614753,1.3581234841531944,Isolated Supraventricular Beat/True/data20240102_aligned_C-002_1700036283660-1700037059660_duration=1s_pos=85677-85741_src=ishne.json
11.949905099541926,415.77104573867695,51.66626644208961,3.2701643056334273,34.79282952312192,12.903225806451612,3968,128,32,78.125,132.8125,4,61.014864172219376,0.10498614895158967,0.8950138510484104,3.225806451612903,22.780205193605966,0.000824261144347278,2.964265512680718,1.0608719606852628,Isolated Supraventricular Beat/True/data20240102_aligned_C-002_1700074166660-1700074795660_duration=1s_pos=47032-47096_src=ishne.json
5.372190404025603,412.3135992856657,23.173738836495506,2.5461819073417935,76.74961077833196,22.193548387096772,3968,128,36,85.9375,148.4375,12,69.78193146417446,0.15338395699576432,0.8466160430042357,8.571428571428571,20.818237076120223,0.0005458017522823237,3.773782097993658,0.8043728156701697,Isolated Supraventricular Beat/True/ReNew20230809_Patient_P001-006_P-006_04-10-2023_P-006_04-10-2023.linejson_duration=1s_pos=9948570-9948634_src=ishne.json
52.8644965286895,454.85073431474467,58.3726125909095,38.6141556342472,8.604086969102426,0.0,3968,128,18,78.125,132.8125,1,45.53889082664807,1.635639863922222,0.0,47.05882352941177,6.743880550511202,0.007240396792442384,0.8348264813284879,0.6931471805599453,Isolated Supraventricular Beat/True/data20240102_aligned_C-002_1700079263660-1700087247660_duration=1s_pos=105551-105615_src=ishne.json
10.290086947990813,412.64518388681915,50.99291586466116,2.047468228546734,40.1012300353944,22.58064516129032,3968,128,32,78.125,140.625,8,63.48800000000001,0.1080595720474887,0.8919404279525113,3.225806451612903,23.018198720124406,0.0006250709472437573,2.120778439163479,1.0593915755148284,Isolated Supraventricular Beat/True/data20240102_aligned_C-002_1700095129660-1700097002660_duration=1s_pos=11559-11623_src=ishne.json
19.55192150104347,415.9935025530126,34.51349643393626,9.198690498199324,21.276347762262834,10.32258064516129,3968,128,36,121.09375,132.8125,18,68.46663270504331,0.21098164802372624,0.7890183519762738,5.714285714285714,9.026963601655044,0.007980512172094424,1.2170183458661281,0.5491078103370076,Isolated Supraventricular Beat/True/ReNew20230809_Patient_P001-006_P-006_04-10-2023_P-006_04-10-2023.linejson_duration=1s_pos=8067570-8067634_src=ishne.json
4.189315028303173,419.68413361571334,23.437057091760416,1.9400381870999794,100.17963094221393,28.774193548387096,3968,128,37,117.1875,132.8125,18,72.0187548840844,0.0816954314758572,0.9183045685241428,2.7777777777777777,19.819052519680582,0.001123400025454121,4.838143110356817,1.1221427860783038,Isolated Supraventricular Beat/True/ReNew20230809_Patient_P001-006_P-006_04-10-2023_P-006_04-10-2023.linejson_duration=1s_pos=9734748-9734812_src=ishne.json
13.092734841250524,415.52913098893686,50.33578594614027,4.287098507679499,31.737379874399767,9.67741935483871,3968,128,43,93.75,171.875,8,83.39193381592554,0.16456908441383072,0.8354309155861692,14.285714285714286,30.632966224371224,0.004398979979445387,0.7071442488730387,0.45137480941224234,Isolated Supraventricular Beat/True/data20240102_aligned_C-002_1700094161660-1700095128660_duration=1s_pos=84820-84884_src=ishne.json
19.414785902642823,442.73622027032667,54.75182298082548,6.954278837604688,22.804073126862882,8.38709677419355,3968,128,50,78.125,125.0,1,96.19631901840492,0.14142438724098394,0.8585756127590161,2.0408163265306123,11.225050276557623,0.0004072553461345728,7.754641518329713,0.7353475350503217,Isolated Supraventricular Beat/True/ReNew20230809_Patient_P001-006_P-002_04-06-2023_P-002_04-06-2023.linejson_duration=1s_pos=2603844-2603908_src=ishne.json
4.3532900871118345,413.4695532839665,23.486265453036236,1.8458216969461372,94.97861388319899,29.548387096774192,3968,128,36,125.0,125.0,21,70.25614218504967,0.13322774175213078,0.8667722582478692,8.571428571428571,18.284649167756427,0.005455234435263869,3.5017587343893473,1.262241712449912,Isolated Supraventricular Beat/True/ReNew20230809_Patient_P001-006_P-006_04-10-2023_P-006_04-10-2023.linejson_duration=1s_pos=8709570-8709634_src=ishne.json
12.228037404114763,411.6422322777294,50.063220404978026,3.624183172255213,33.66379943157611,18.70967741935484,3968,128,38,78.125,132.8125,8,74.89720611491829,0.2976763054404843,0.7023236945595157,0.0,13.8002698586747,0.022580505470247727,7.2249171361106095,0.3269403449958533,Isolated Supraventricular Beat/True/ReNew20230809_Patient_P001-006_P-002_04-06-2023_P-002_04-06-2023.linejson_duration=1s_pos=2015757-2015821_src=ishne.json
12.424504428630849,417.8241340545892,51.40030708320661,3.672898300043359,33.62903549398123,16.129032258064516,3968,128,32,74.21875,140.625,6,61.75875486381323,0.10174962944430523,0.8982503705556948,3.225806451612903,28.44412821297708,0.0019808033201335214,2.79918452931716,0.4834266495778762,Isolated Supraventricular Beat/True/data20240102_aligned_C-002_1700101754660-1700105384660_duration=1s_pos=108019-108083_src=ishne.json
21.880372581550482,443.79146309614373,53.58333993328354,8.280203105227368,20.282627325446967,6.451612903225806,3968,128,42,89.84375,156.25,17,80.59380598925007,0.19400197042009357,0.8059980295799064,14.634146341463415,16.756570113687278,0.002654212918412886,1.251586538782738,0.4940185054496094,Isolated Supraventricular Beat/True/data20240102_aligned_C-002_1700108379660-1700108922660_duration=1s_pos=44217-44281_src=ishne.json
11.294101933285189,412.25316942232416,51.050628535775914,3.066472112319918,36.501630262936644,21.29032258064516,3968,128,31,117.1875,140.625,15,59.55027138795554,0.0999924475212281,0.9000075524787718,3.3333333333333335,31.407524532627697,0.0016748948668203307,2.6894694955940963,1.410986973710262,Isolated Supraventricular Beat/True/data20240102_aligned_C-002_1700090366660-1700090974660_duration=1s_pos=33672-33736_src=ishne.json
39.080899949254686,380.0601902207482,46.724528555796304,31.601488985008807,9.72495978826702,0.6451612903225806,3968,128,48,62.5,78.125,0,92.43533930857875,0.19701707429253476,0.8029829257074652,14.893617021276595,14.177111461530512,0.002477867349899603,1.7902549617414758,0.5697029894688236,Isolated Supraventricular Beat/True/data20240102_aligned_R-003_1697646649857-1697647248857_duration=1s_pos=68177-68241_src=ishne.json
5.016460398536819,419.77431394285134,28.028723384739415,1.2544946538171065,83.67936690697738,40.38709677419355,3968,128,40,93.75,132.8125,17,77.67634854771784,0.13875668890873114,0.8612433110912688,15.384615384615385,11.974738752818492,0.002038260321705357,2.6154680045491387,1.4759065198095778,Isolated Supraventricular Beat/True/ReNew20230809_Patient_P001-006_P-006_04-10-2023_P-006_04-10-2023.linejson_duration=1s_pos=7927252-7927316_src=ishne.json
11.381401484041268,443.8503161083056,52.85860158157309,2.5363291819147094,38.99785784139187,20.0,3968,128,33,78.125,148.4375,12,63.817190340171386,0.16234992595829356,0.8376500740417064,9.375,26.679745099223794,0.0022991292601448605,2.3339729556367272,0.7308875085427924,Isolated Supraventricular Beat/True/data20240102_aligned_C-002_1700087794660-1700090365660_duration=1s_pos=289176-289240_src=ishne.json
12.092455397572884,419.49053386924516,52.44346095062601,2.997424160056994,34.69026640058363,15.483870967741936,3968,128,30,78.125,132.8125,2,57.28395061728394,0.11838821622970694,0.881611783770293,3.4482758620689653,21.605417633368546,0.008881580939667481,2.461145254189068,0.9295359586241757,Isolated Supraventricular Beat/True/data20240102_aligned_C-002_1700073578660-1700074165660_duration=1s_pos=7855-7919_src=ishne.json
24.466108316435303,403.7119129583016,50.16326486019675,12.754307245137486,16.500862795013546,3.870967741935484,3968,128,35,54.6875,70.3125,0,67.77056838826888,0.28808404821436634,0.7119159517856337,0.0,18.948410082330284,0.002477797578490952,1.7407030762936655,0.4605248852911918,Isolated Supraventricular Beat/True/data20240102_aligned_R-003_1697647849857-1697648448857_duration=1s_pos=70512-70576_src=ishne.json
3.9502735591879103,397.76846505437544,22.49033430589494,1.7996388860795909,100.69387813290322,30.58064516129032,3968,128,36,105.46875,132.8125,18,70.55118110236221,0.15228526500323297,0.8477147349967671,8.571428571428571,20.480453500833583,0.0009405736707734829,3.996832276169999,1.4759065198095778,Isolated Supraventricular Beat/True/ReNew20230809_Patient_P001-006_P-006_04-10-2023_P-006_04-10-2023.linejson_duration=1s_pos=7891580-7891644_src=ishne.json
9.41201740285997,408.48020311668375,51.05506720042239,1.3133297837928382,43.39985172495641,39.35483870967742,3968,128,30,70.3125,78.125,0,58.303664921465966,0.1161448437776633,0.8838551562223367,3.4482758620689653,11.862833639574545,0.0004979149868437201,2.210709902688663,0.7453329337305155,Isolated Supraventricular Beat/True/data20240102_aligned_C-002_1700038318660-1700039361660_duration=1s_pos=10254-10318_src=ishne.json
7.828195666634976,414.8368663394728,24.10052648895421,3.708465793478277,52.992647477492966,15.483870967741936,3968,128,23,125.0,132.8125,14,73.74945438673069,0.22539700856876466,0.7746029914312353,4.545454545454546,21.857396792437235,0.0004267399313842964,4.020989100835187,0.4769240720903093,Isolated Supraventricular Beat/True/ReNew20230809_Patient_P001-006_P-006_04-10-2023_P-006_04-10-2023.linejson_duration=1s_pos=7722300-7722364_src=ishne.json
9.467619236633372,398.119431397028,49.63881361218825,1.4794257749095596,42.050633786151614,38.064516129032256,3968,128,33,78.125,85.9375,0,62.42316484632969,0.07395167102483442,0.9260483289751655,3.125,4.204421047909837,0.0012089157047871979,1.2223036586795866,0.7114963192281418,Isolated Supraventricular Beat/True/data20240102_aligned_C-002_1700114991660-1700115598660_duration=1s_pos=52885-52949_src=ishne.json
12.435565999608524,411.64261842133385,51.36326990112382,3.2962263455851293,33.102038566821484,17.419354838709676,3968,128,33,125.0,148.4375,17,64.16710182767623,0.18604667611104564,0.8139533238889544,12.5,22.98286574402226,0.001435757086245527,1.7130109663363104,1.1664348850068706,Isolated Supraventricular Beat/True/data20240102_aligned_C-002_1700098963660-1700101753660_duration=1s_pos=244796-244860_src=ishne.json
10.91480245051348,408.8365276433599,50.915451035944166,2.550959144649312,37.45706732118263,22.58064516129032,3968,128,33,85.9375,148.4375,10,64.67368421052632,0.2805218721872746,0.7194781278127254,40.625,23.15528126328016,0.045494758302470045,2.6638263144696737,0.3677247801253174,Isolated Supraventricular Beat/True/data20240102_aligned_R-002_1700509218428-1700509586428_duration=1s_pos=26491-26555_src=ishne.json
11.035162561440883,405.9469560768685,49.90385785676387,2.659346834425813,36.78667323929209,17.419354838709676,3968,128,37,85.9375,148.4375,5,72.03751954142783,0.3245846783138051,0.6754153216861949,8.333333333333334,15.384982792402436,0.0013013414195750287,5.055266802957304,0.5465437063680699,Isolated Supraventricular Beat/True/ReNew20230809_Patient_P001-006_P-002_04-06-2023_P-002_04-06-2023.linejson_duration=1s_pos=6535827-6535891_src=ishne.json
19.531660136651084,415.7252675367302,52.74109190077215,5.576395921144672,21.284685651064436,11.612903225806452,3968,128,47,78.125,125.0,1,90.6310928681375,0.20887293760188952,0.7911270623981105,2.1739130434782608,9.627196852317562,0.005301311970968898,4.417871026505944,0.7207987118904553,Isolated Supraventricular Beat/True/ReNew20230809_Patient_P001-006_P-002_04-06-2023_P-002_04-06-2023.linejson_duration=1s_pos=5611561-5611625_src=ishne.json
37.449042533025626,397.6924146235451,51.731159406514934,25.926752683859355,10.619561331995769,1.2903225806451613,3968,128,45,70.3125,78.125,0,87.0030895983522,0.27943268375002717,0.7205673162499728,22.727272727272727,14.883041236919539,0.0039046337984101577,1.768577325996618,0.4430030274272296,Isolated Supraventricular Beat/True/data20240102_aligned_R-003_1697647849857-1697648448857_duration=1s_pos=13831-13895_src=ishne.json
41.7881413454008,402.08723934712845,72.96414059674736,10.039363757806118,9.622041487838048,5.161290322580645,3968,128,28,70.3125,93.75,0,55.25179856115108,0.8668614197884481,0.1331385802115519,7.407407407407407,15.475562513105682,0.011364639868175591,1.3395873752239114,0.5596157879354228,Isolated Supraventricular Beat/True/data20240102_aligned_R-003_1697648979857-1697649578857_duration=1s_pos=64047-64111_src=ishne.json
12.68072927467097,423.1452256505162,52.470534467388745,3.0621092690252816,33.36915276052551,14.838709677419354,3968,128,33,109.375,140.625,10,64.40251572327044,0.15159711689535868,0.8484028831046413,9.375,26.04982093733872,0.002646480679552003,2.3310293842029433,0.7985076962177716,Isolated Supraventricular Beat/True/data20240102_aligned_C-002_1700101754660-1700105384660_duration=1s_pos=6233-6297_src=ishne.json
23.336403710567193,400.7147226203346,50.730753022326375,10.526368370092909,17.171227855800893,5.161290322580645,3968,128,34,46.875,70.3125,0,65.70910033704952,0.2944977013879783,0.7055022986120216,0.0,18.456763220771833,0.000114147040985367,1.6645968523580947,0.6200249157309827,Isolated Supraventricular Beat/True/data20240102_aligned_R-003_1697647849857-1697648448857_duration=1s_pos=71349-71413_src=ishne.json
3.1522051070952357,402.35429137592405,22.68593058537299,1.337364553640752,127.64212672206715,37.806451612903224,3968,128,37,125.0,132.8125,21,70.49464558898522,0.1506234808725748,0.8493765191274252,11.11111111111111,12.267177293513466,0.0006110123791111101,3.437855771478662,0.728738125662648,Isolated Supraventricular Beat/True/ReNew20230809_Patient_P001-006_P-006_04-10-2023_P-006_04-10-2023.linejson_duration=1s_pos=7974237-7974301_src=ishne.json
36.49427336335012,405.8084340965993,52.82988506770132,27.345382741502778,11.119783614717877,3.870967741935484,3968,128,32,50.78125,85.9375,0,61.45585957666495,0.3155557788786865,0.6844442211213135,6.451612903225806,17.40642044511688,0.004308793156282088,1.4484824203189393,0.40546510810816444,Isolated Supraventricular Beat/True/data20240102_aligned_R-003_1697646649857-1697647248857_duration=1s_pos=33235-33299_src=ishne.json
13.750499839173365,406.5722276058451,50.02920865262442,4.822275920352448,29.567812282704235,10.967741935483872,3968,128,7,125.0,140.625,4,14.927113702623906,1.7059527692271799,0.0,50.0,43.982114309948145,0.008300063235564615,0.824256822800068,1.0986122886681098,Isolated Supraventricular Beat/True/data20240102_aligned_C-002_1700079263660-1700087247660_duration=1s_pos=256531-256595_src=ishne.json
17.52470635011851,406.1371719066266,50.39540489371677,5.138501152689656,23.175118636367987,9.67741935483871,3968,128,33,70.3125,164.0625,1,64.16710182767623,0.32199934076847714,0.6780006592315229,9.375,10.640519293773417,0.0006164218621046414,0.7477071521687098,0.8823891801984737,Isolated Supraventricular Beat/True/data20240102_aligned_R-003_1697644849857-1697645448857_duration=1s_pos=23657-23721_src=ishne.json
7.781705455807553,406.0422690707358,23.417167583214052,4.371606690790619,52.179078120802544,12.645161290322582,3968,128,45,93.75,156.25,20,87.13769984528108,0.14383498606390246,0.8561650139360976,0.0,24.708477794972136,0.0006945499785660712,2.809711071539008,0.16511622474531518,Isolated Supraventricular Beat/True/ReNew20230809_Patient_P001-006_P-003_04-10-2023_P-003_04-10-2023.linejson_duration=1s_pos=7896726-7896790_src=ishne.json
9.294206829826388,411.54682093948713,51.43612030565966,1.1329877814558742,44.27992449434765,41.935483870967744,3968,128,31,70.3125,101.5625,0,60.871862615587844,0.10687077183704285,0.8931292281629571,3.3333333333333335,14.062638325367722,9.771867289898497e-05,2.732882020840214,0.7777045685880083,Isolated Supraventricular Beat/True/data20240102_aligned_C-002_1700040846660-1700043598660_duration=1s_pos=126488-126552_src=ishne.json
13.167842757173014,417.010999328307,51.909342219162454,3.9828271658084446,31.668890292015014,12.903225806451612,3968,128,31,125.0,140.625,17,61.32552568538728,0.09098998723396275,0.9090100127660372,3.3333333333333335,24.357883118222638,0.04929199127218378,1.5490939656617593,2.1400661634962708,Isolated Supraventricular Beat/True/data20240102_aligned_C-002_1700108923660-1700109589660_duration=1s_pos=71924-71988_src=ishne.json
11.98639935623276,413.52088023832533,51.393149416209305,3.516555289426071,34.499171389957816,17.419354838709676,3968,128,30,78.125,125.0,3,57.505809450038726,0.11974866740321753,0.8802513325967825,6.896551724137931,23.123122702104467,0.0022142629545105685,2.5595553040889834,1.2163953243244932,Isolated Supraventricular Beat/True/data20240102_aligned_C-002_1700074166660-1700074795660_duration=1s_pos=60757-60821_src=ishne.json
9.966192607854873,414.6530429593558,51.707468239760715,1.6271093688986493,41.60595903259859,29.03225806451613,3968,128,33,140.625,164.0625,17,63.2261384100849,0.14800011712884215,0.8519998828711579,9.375,13.52530923029347,0.0007652404802990855,1.8095138845690224,0.21772348384487053,Isolated Supraventricular Beat/True/data20240102_aligned_C-001_1701932971670-1701933579670_duration=1s_pos=73761-73825_src=ishne.json
33.040551661415,399.81858536904247,49.634848950253165,22.840159730329155,12.100844361358202,3.870967741935484,3968,128,31,70.3125,93.75,0,60.9846479618846,0.3043128301474374,0.6956871698525626,3.3333333333333335,15.84300853016121,0.010846232497767503,1.4690475889675603,0.26687894482201774,Isolated Supraventricular Beat/True/data20240102_aligned_R-003_1697647849857-1697648448857_duration=1s_pos=24932-24996_src=ishne.json
3.9559948025313028,401.107909267443,22.417572953571387,1.9191250824147632,101.39240011599308,26.451612903225808,3968,128,37,85.9375,132.8125,14,72.54788769351876,0.1773570029006822,0.8226429970993178,11.11111111111111,20.07861287190856,0.0013352944357464217,4.366383545026441,1.6739764335716716,Isolated Supraventricular Beat/True/ReNew20230809_Patient_P001-006_P-006_04-10-2023_P-006_04-10-2023.linejson_duration=1s_pos=7843550-7843614_src=ishne.json
16.031283482481363,401.50454251230207,47.611655355659366,4.452022009272527,25.045063790805873,10.967741935483872,3968,128,35,70.3125,93.75,0,71.07240065323897,0.3272702643971151,0.672729735602885,20.58823529411765,10.793781161971433,0.009303772537608225,0.9016379683661752,0.4462871026284195,Isolated Supraventricular Beat/True/data20240102_aligned_R-003_1697644849857-1697645448857_duration=1s_pos=13611-13675_src=ishne.json
4.8075954712191775,415.2273090630811,24.137821785036675,1.6501999802878142,86.36900196363236,33.67741935483871,3968,128,16,125.0,132.8125,11,72.31638418079096,0.07343827921189243,0.9265617207881076,0.0,19.841382594030993,0.0005625765377424446,3.307604362884962,1.6094379124341003,Isolated Supraventricular Beat/True/ReNew20230809_Patient_P001-006_P-006_04-10-2023_P-006_04-10-2023.linejson_duration=1s_pos=8006797-8006861_src=ishne.json
10.345729092865417,408.6950865900567,50.61793900214974,2.0173025072973694,39.50374530569858,23.225806451612904,3968,128,34,85.9375,140.625,3,65.37013154500903,0.26586658876129693,0.734133411238703,39.39393939393939,20.93696606869572,0.0017869352532521505,2.928426944061079,1.2237754316221157,Isolated Supraventricular Beat/True/data20240102_aligned_R-002_1700508616428-1700509216428_duration=1s_pos=27843-27907_src=ishne.json
38.73836701980614,363.4502654402014,56.42664809504395,26.620058935784897,9.38217803223865,3.0,2560,128,29,70.3125,78.125,0,86.36144578313252,0.24164428695876303,0.758355713041237,7.142857142857143,15.25969417662849,0.0008736435726624087,1.830961123034654,0.29316153821640645,Isolated Supraventricular Beat/True/data20240102_aligned_R-003_1697646649857-1697647248857_duration=1s_pos=76283-76347_src=ishne.json
3.797178239983649,417.5523559605183,23.499317436210855,1.8446886921379413,109.96382566399902,28.903225806451616,3968,128,33,85.9375,132.8125,14,64.25098039215686,0.13465422863153803,0.865345771368462,6.25,20.26835079618367,0.001005269893630484,4.179538341772689,0.7958013346200287,Isolated Supraventricular Beat/True/ReNew20230809_Patient_P001-006_P-006_04-10-2023_P-006_04-10-2023.linejson_duration=1s_pos=10476274-10476338_src=ishne.json
23.739738191818805,450.72870806890467,53.76699925656252,9.868488639493522,18.986253573680155,12.258064516129032,3968,128,47,78.125,132.8125,5,90.44546850998465,0.25959808961023423,0.7404019103897658,4.3478260869565215,9.553056774137776,0.001658460974286876,3.1921583623473926,0.5275274733839221,Isolated Supraventricular Beat/True/ReNew20230809_Patient_P001-006_P-002_04-06-2023_P-002_04-06-2023.linejson_duration=1s_pos=5809726-5809790_src=ishne.json
11.435785687605309,415.258851151984,51.429553357557225,2.868421881044414,36.312224291667036,23.225806451612904,3968,128,31,117.1875,148.4375,11,60.172368764690525,0.17204180073777256,0.8279581992622275,10.0,27.6935699425023,0.0002488337206535603,2.296002099621454,0.8850381883700507,Isolated Supraventricular Beat/True/data20240102_aligned_C-002_1700098963660-1700101753660_duration=1s_pos=250764-250828_src=ishne.json
15.388639327730315,410.9201248115244,51.38323454019355,4.744205523823597,26.7028220856554,14.838709677419354,3968,128,33,85.9375,132.8125,4,63.66839378238342,0.6787422377172688,0.3212577622827312,3.125,16.132647068598487,0.005316626510118782,4.44932641162253,0.49469624183610705,Isolated Supraventricular Beat/True/ReNew20230809_Patient_P001-006_P-002_04-06-2023_P-002_04-06-2023.linejson_duration=1s_pos=6137311-6137375_src=ishne.json
4.116985712624939,409.22275637409535,23.04931262833185,1.9068526261500907,99.39860993944768,25.41935483870968,3968,128,37,125.0,132.8125,22,70.0658895083629,0.15266391770716115,0.8473360822928389,8.333333333333334,22.015230296380285,0.0004061299227676314,4.914351017673776,0.9490805546971459,Isolated Supraventricular Beat/True/ReNew20230809_Patient_P001-006_P-006_04-10-2023_P-006_04-10-2023.linejson_duration=1s_pos=6261790-6261854_src=ishne.json
10.128169769777092,411.5882355890148,51.32774031733039,1.7576788910882435,40.63796365057472,28.387096774193548,3968,128,26,117.1875,164.0625,13,50.02605523710266,0.12497173861736052,0.8750282613826394,16.0,20.634430246245277,0.00019893292396969597,1.8265405567530697,,Isolated Supraventricular Beat/True/data20240102_aligned_C-001_1701946795670-1701947379670_duration=1s_pos=53524-53588_src=ishne.json
14.64084366235805,415.88086242467506,50.89579231395484,4.3116420567401725,28.405523862562,19.35483870967742,3968,128,40,78.125,132.8125,2,76.83940482298614,0.2117074714978154,0.7882925285021846,0.0,11.977973036370553,0.0013610212981734746,6.814574425736334,0.6021754023542185,Isolated Supraventricular Beat/True/ReNew20230809_Patient_P001-006_P-002_04-06-2023_P-002_04-06-2023.linejson_duration=1s_pos=5064894-5064958_src=ishne.json
10.58373071138476,410.726126761243,51.60666477772003,2.159574723523683,38.80730709749862,25.806451612903224,3968,128,30,85.9375,140.625,10,57.83432874578032,0.10433419642720348,0.8956658035727965,3.4482758620689653,32.44104289023868,0.0015517258191824507,2.681307787346536,1.791759469228055,Isolated Supraventricular Beat/True/data20240102_aligned_C-002_1700091563660-1700092171660_duration=1s_pos=9494-9558_src=ishne.json
3.6838232134615687,408.51782788091265,23.115848888184647,1.398524999610018,110.89503847335914,38.70967741935484,3968,128,37,125.0,140.625,20,70.60265577119509,0.19536425020951553,0.8046357497904845,11.11111111111111,13.859412390810881,0.005668758094494505,3.327195698249178,0.8994836135577737,Isolated Supraventricular Beat/True/ReNew20230809_Patient_P001-006_P-006_04-10-2023_P-006_04-10-2023.linejson_duration=1s_pos=10155764-10155828_src=ishne.json
11.177167301824248,418.2495879030353,51.928520808755266,2.1322982616958086,37.41999553095859,29.03225806451613,3968,128,29,78.125,85.9375,0,57.790916420317124,0.1520524220418752,0.8479475779581248,7.142857142857143,7.695155455089667,0.0003138439532011372,1.4762659832337253,0.916290731874155,Isolated Supraventricular Beat/True/data20240102_aligned_C-002_1700119197660-1700119784660_duration=1s_pos=46421-46485_src=ishne.json
9.917530185816442,417.0097588111712,51.77325935372224,1.3166879649899599,42.04773859522194,39.35483870967742,3968,128,29,117.1875,164.0625,14,56.44094488188976,0.07550848563606663,0.9244915143639334,3.5714285714285716,17.693195254435334,0.000970829574256233,1.834982687620253,0.6805683983530851,Isolated Supraventricular Beat/True/data20240102_aligned_C-001_1701937796670-1701938383670_duration=1s_pos=61663-61727_src=ishne.json
12.412385168495927,412.081363120549,51.17584159527182,3.549523227565743,33.199205819623884,14.838709677419354,3968,128,36,85.9375,140.625,12,69.01155327342747,0.1631032956519605,0.8368967043480395,0.0,15.127472973658449,0.01706369708531908,6.1966130420266365,0.9614111671546247,Isolated Supraventricular Beat/True/ReNew20230809_Patient_P001-006_P-002_04-06-2023_P-002_04-06-2023.linejson_duration=1s_pos=6786008-6786072_src=ishne.json
13.29837653861586,413.70407704306444,49.435414755604555,4.038644663374669,31.109364720752556,10.32258064516129,3968,128,40,66.40625,85.9375,0,76.68202764976958,0.2250711666745167,0.7749288333254833,10.256410256410257,14.357125900520366,0.0003635861506281765,1.2877419278720017,0.5636891133230585,Isolated Supraventricular Beat/True/data20240102_aligned_R-003_1697648449857-1697648978857_duration=1s_pos=58113-58177_src=ishne.json
11.372574697748483,411.0031281360556,50.65251633941427,3.1344652361064984,36.13984545448443,16.129032258064516,3968,128,41,78.125,125.0,1,80.25078369905957,0.16973634311129837,0.8302636568887016,2.5,12.902855472553123,0.0010832755860557435,7.572891625663243,0.3784364357202451,Isolated Supraventricular Beat/True/ReNew20230809_Patient_P001-006_P-002_04-06-2023_P-002_04-06-2023.linejson_duration=1s_pos=4420570-4420634_src=ishne.json
5.664639258304686,405.5531433248042,23.086470179781326,2.646585481078212,71.59380381309124,21.935483870967744,3968,128,34,85.9375,132.8125,14,65.82857142857142,0.2614161518585648,0.7385838481414352,3.0303030303030303,18.195770319923582,0.0018420623697274472,3.825550222399125,0.5894687510851038,Isolated Supraventricular Beat/True/ReNew20230809_Patient_P001-006_P-006_04-10-2023_P-006_04-10-2023.linejson_duration=1s_pos=10278281-10278345_src=ishne.json
3.015275900049474,416.7051919247342,23.536364632186196,1.1475352421168594,138.1979850400794,44.387096774193544,3968,128,32,78.125,132.8125,11,61.56710628394104,0.14515687992451967,0.8548431200754804,6.451612903225806,20.05906674546288,0.0020362435097042095,4.222028931633035,1.1631508098056809,Isolated Supraventricular Beat/True/ReNew20230809_Patient_P001-006_P-006_04-10-2023_P-006_04-10-2023.linejson_duration=1s_pos=10933326-10933390_src=ishne.json
20.921999471344712,404.31667274588557,53.2350557841525,7.056857086247037,19.32495285523235,9.032258064516128,3968,128,46,78.125,125.0,4,89.07216494845362,0.47320528144570806,0.5267947185542919,0.0,11.724290081182664,0.0005531873900638782,6.228368968581651,0.18457127652797004,Isolated Supraventricular Beat/True/ReNew20230809_Patient_P001-006_P-002_04-06-2023_P-002_04-06-2023.linejson_duration=1s_pos=3434051-3434115_src=ishne.json
19.66896553171346,397.2784107755564,48.43240679633045,8.045202429817099,20.19823513019865,9.032258064516128,3968,128,35,70.3125,78.125,0,67.6126359399275,0.279282228330748,0.720717771669252,0.0,18.91430374978962,0.0027169341807045284,1.5967510910613563,0.5540343780972276,Isolated Supraventricular Beat/True/data20240102_aligned_R-003_1697647849857-1697648448857_duration=1s_pos=65468-65532_src=ishne.json
41.69683476863359,430.7851926946394,57.7212519366265,24.478658264647237,10.331364113214011,2.5806451612903225,3968,128,37,132.8125,164.0625,19,72.89216978644872,0.08158948059347079,0.9184105194065292,5.555555555555555,14.637794510077761,0.00022229184371769348,1.7175309963552834,0.8232003088081431,Isolated Supraventricular Beat/True/data20240102_aligned_C-001_1701945598670-1701946193670_duration=1s_pos=29192-29256_src=ishne.json
15.387480974176452,398.76455858283487,49.884802534327854,4.091432437376197,25.914867634096908,14.193548387096774,3968,128,41,85.9375,132.8125,12,78.60798362333675,0.16877885108418397,0.831221148915816,2.5,16.75563790001822,0.00724925564735079,6.35020189514844,0.42159449003804794,Isolated Supraventricular Beat/True/ReNew20230809_Patient_P001-006_P-002_04-06-2023_P-002_04-06-2023.linejson_duration=1s_pos=9242948-9243012_src=ishne.json
17.441688560892175,407.1202452843448,50.735773279808996,5.589413168953561,23.34178944436618,9.032258064516128,3968,128,35,85.9375,148.4375,4,68.15974941268598,0.22266338980309275,0.7773366101969073,17.647058823529413,15.338472120224768,0.0012476383797503647,1.4079004292695065,1.9459101490553135,Isolated Supraventricular Beat/True/data20240102_aligned_R-002_1700508616428-1700509216428_duration=1s_pos=8632-8696_src=ishne.json
12.493468307662061,398.325674881011,48.328941742738955,4.145955356655628,31.882711284744882,11.612903225806452,3968,128,33,62.5,78.125,0,63.76751427088739,0.32124733637909925,0.6787526636209007,15.625,19.632212271524157,0.00033989691703098664,1.535433638154824,0.2696635669491026,Isolated Supraventricular Beat/True/data20240102_aligned_R-003_1697644849857-1697645448857_duration=1s_pos=37577-37641_src=ishne.json
21.43408920369225,405.4781663405661,51.57519851490058,8.359798355664694,18.917442377410456,5.806451612903226,3968,128,42,97.65625,171.875,12,81.19649303764827,0.24354160387214124,0.7564583961278588,4.878048780487805,8.575140469097308,0.006110274985356608,1.0655764474859144,0.4326160971741152,Isolated Supraventricular Beat/True/data20240102_aligned_C-002_1700108379660-1700108922660_duration=1s_pos=38213-38277_src=ishne.json
4.423251477726475,406.8525613615644,23.23222349250254,1.641038043098897,91.98040659227397,33.935483870967744,3968,128,36,70.3125,132.8125,11,69.65535112723504,0.16457876117840572,0.8354212388215942,8.571428571428571,17.267581520428013,0.0109580887022611,3.605729072126534,1.3350010667323402,Isolated Supraventricular Beat/True/ReNew20230809_Patient_P001-006_P-006_04-10-2023_P-006_04-10-2023.linejson_duration=1s_pos=10119247-10119311_src=ishne.json
10.475643266040835,414.349194115638,51.698639819915,1.7714732048628168,39.55357623767776,21.29032258064516,3968,128,23,140.625,156.25,13,45.140261822067856,0.12826303326249897,0.871736966737501,4.545454545454546,26.839420874890074,0.0011732703567952551,2.103598886291164,,Isolated Supraventricular Beat/True/data20240102_aligned_C-001_1701939580670-1701940188670_duration=1s_pos=37814-37878_src=ishne.json
3.4864044571957864,409.43403131812073,23.03883957885479,1.4479734675134637,117.43729647768507,37.41935483870968,3968,128,33,125.0,132.8125,21,63.161141094834235,0.19916797217706034,0.8008320278229397,3.125,19.290878701058265,0.00028331083009384956,3.738580806223066,0.6539264674066639,Isolated Supraventricular Beat/True/ReNew20230809_Patient_P001-006_P-006_04-10-2023_P-006_04-10-2023.linejson_duration=1s_pos=10321056-10321120_src=ishne.json
3.0266459054798283,419.5028852131197,23.59969295613915,1.2012928249571786,138.60317979398195,43.74193548387097,3968,128,34,125.0,140.625,18,65.03464203233257,0.1944622118706519,0.8055377881293481,12.121212121212121,18.323887260675587,0.0008578066660362681,4.212256193583076,1.0360919316867756,Isolated Supraventricular Beat/True/ReNew20230809_Patient_P001-006_P-006_04-10-2023_P-006_04-10-2023.linejson_duration=1s_pos=10922708-10922772_src=ishne.json
12.545213008847332,412.3895392995537,50.53227294881169,4.509064884568925,32.872260210843905,12.258064516129032,3968,128,33,78.125,140.625,7,64.16710182767623,0.14958351923394114,0.8504164807660588,6.25,20.058959907871316,0.003581794578389504,2.291785841526589,0.8198988861990892,Isolated Supraventricular Beat/True/data20240102_aligned_C-002_1700079263660-1700087247660_duration=1s_pos=375585-375649_src=ishne.json
29.38154611924406,405.51702805905296,48.58605399047639,18.914935888851403,13.801758852700138,3.225806451612903,3968,128,4,85.9375,132.8125,1,22.63261296660118,1.0790747205715185,0.0,33.333333333333336,32.101113209262515,0.0015294768466618369,1.3007616137900628,,Isolated Supraventricular Beat/True/data20240102_aligned_R-003_1697647849857-1697648448857_duration=1s_pos=55339-55403_src=ishne.json
4.082634361239844,405.686429210792,22.930299791445485,1.874782588431767,99.36876387794531,26.451612903225808,3968,128,36,125.0,132.8125,20,69.52922917744439,0.14224803537251224,0.8577519646274878,5.714285714285714,18.093601206901816,0.0012447254597692512,3.6449824311167336,0.35976295462730895,Isolated Supraventricular Beat/True/ReNew20230809_Patient_P001-006_P-006_04-10-2023_P-006_04-10-2023.linejson_duration=1s_pos=10061413-10061477_src=ishne.json
9.227082171287162,399.6249628457683,49.882388547670544,1.1694301823735875,43.30999899180722,43.87096774193549,3968,128,31,78.125,85.9375,0,58.97107755310981,0.15625605943046314,0.8437439405695368,6.666666666666667,4.827089814600541,0.0007976775124835433,1.1010486983061532,0.7472144018302211,Isolated Supraventricular Beat/True/data20240102_aligned_C-002_1700047789660-1700048383660_duration=1s_pos=55359-55423_src=ishne.json
6.58791668518951,400.243817246704,22.678590483028174,4.163901703109096,60.75422255904984,13.290322580645162,3968,128,47,148.4375,156.25,26,90.98120010301314,0.057378986148867356,0.9426210138511326,2.1739130434782608,22.500937877894966,0.0026072004499781342,2.90784130066779,0.995428052432879,Isolated Supraventricular Beat/True/ReNew20230809_Patient_P001-006_P-003_04-10-2023_P-003_04-10-2023.linejson_duration=1s_pos=5546178-5546242_src=ishne.json
11.62903150177255,421.31739824809887,50.850241713073515,2.6319857982006756,36.22978938135049,23.870967741935484,3968,128,35,85.9375,140.625,10,68.23099033185262,0.26600585848483543,0.7339941415151645,38.23529411764706,25.263226767141166,0.001114540261571487,3.2037214467448134,0.7884573603642702,Isolated Supraventricular Beat/True/data20240102_aligned_R-002_1700510133428-1700510422428_duration=1s_pos=3999-4063_src=ishne.json
13.85819449976854,402.65766951678717,27.835615148364095,6.711640952831388,29.055562791238756,9.419354838709678,3968,128,38,78.125,132.8125,14,75.51421737975019,0.21318812133142284,0.7868118786685772,2.7027027027027026,17.42093162714324,0.002305141814638106,3.647054456364485,0.43650972979012465,Isolated Supraventricular Beat/True/ReNew20230809_Patient_P001-006_P-006_04-10-2023_P-006_04-10-2023.linejson_duration=1s_pos=7725166-7725230_src=ishne.json
9.883214601730975,404.0797554976325,50.4429414179815,1.830384395120177,40.885453862491964,30.967741935483872,3968,128,33,85.9375,140.625,3,64.3182412980895,0.1887677305534874,0.8112322694465126,40.625,18.060184494675116,0.0008258088340135765,2.3797388882914223,0.916290731874155,Isolated Supraventricular Beat/True/data20240102_aligned_R-002_1700512231428-1700512816428_duration=1s_pos=63816-63880_src=ishne.json
3.0812406971958093,402.3661371004882,22.658569936466158,1.2951647573210545,130.5857107758458,39.74193548387097,3968,128,36,85.9375,140.625,16,68.85245901639344,0.09302917592461592,0.9069708240753841,2.857142857142857,12.883169731962468,0.00026863198850643157,3.334893465887836,0.9028677115420143,Isolated Supraventricular Beat/True/ReNew20230809_Patient_P001-006_P-006_04-10-2023_P-006_04-10-2023.linejson_duration=1s_pos=7512388-7512452_src=ishne.json
5.104287819593769,410.03924902459056,23.111213776607208,2.5584730521008847,80.33229770434973,22.58064516129032,3968,128,36,125.0,132.8125,20,70.47718930256949,0.12458503905200985,0.8754149609479902,8.571428571428571,23.73308816354389,0.0013860399430621294,4.871647087662169,1.6863989535702288,Isolated Supraventricular Beat/True/ReNew20230809_Patient_P001-006_P-006_04-10-2023_P-006_04-10-2023.linejson_duration=1s_pos=6300741-6300805_src=ishne.json
4.747229747821251,409.2474649816842,23.142970904132863,1.9795935822812805,86.20762013085395,24.774193548387096,3968,128,37,78.125,132.8125,10,72.0,0.12875227546517465,0.8712477245348254,5.555555555555555,16.29714604398356,0.00035302581566885595,3.5341939061297922,1.1451323043030026,Isolated Supraventricular Beat/True/ReNew20230809_Patient_P001-006_P-006_04-10-2023_P-006_04-10-2023.linejson_duration=1s_pos=9831893-9831957_src=ishne.json
3.982941641116226,408.3148465066477,22.99240989724319,1.896612634670669,102.51587414078773,30.838709677419356,3968,128,35,125.0,132.8125,18,69.33616569304301,0.10693593917147624,0.8930640608285237,5.882352941176471,23.95166744170122,0.0011409708414913014,4.554631801803114,1.5260563034950494,Isolated Supraventricular Beat/True/ReNew20230809_Patient_P001-006_P-006_04-10-2023_P-006_04-10-2023.linejson_duration=1s_pos=6173305-6173369_src=ishne.json
11.968283628924244,416.26025779915767,51.14162557820454,3.2301458634746982,34.78027726656538,15.483870967741936,3968,128,36,85.9375,140.625,10,69.36774193548388,0.2271041054532491,0.7728958945467509,0.0,13.836116638028432,0.0005580316243354401,6.02073373072319,0.7382676158404149,Isolated Supraventricular Beat/True/ReNew20230809_Patient_P001-006_P-002_04-06-2023_P-002_04-06-2023.linejson_duration=1s_pos=6881228-6881292_src=ishne.json
3.169767188331419,407.06775425925866,22.949171617907894,1.260443144295742,128.4219318490735,40.64516129032258,3968,128,36,117.1875,132.8125,17,69.51124903025601,0.1938480903955719,0.8061519096044281,14.285714285714286,16.648419174347932,0.0005560092403209927,3.5627311405450555,0.9753796482441617,Isolated Supraventricular Beat/True/ReNew20230809_Patient_P001-006_P-006_04-10-2023_P-006_04-10-2023.linejson_duration=1s_pos=10083611-10083675_src=ishne.json
14.852300240029622,401.97463668808564,50.32607266159293,3.5402938107502724,27.064804988245978,12.258064516129032,3968,128,41,78.125,132.8125,6,79.79220779220779,0.15549311112269484,0.8445068888773052,0.0,14.387645633891761,0.000734552767246534,10.323938192315074,0.44757659345829137,Isolated Supraventricular Beat/True/ReNew20230809_Patient_P001-006_P-002_04-06-2023_P-002_04-06-2023.linejson_duration=1s_pos=2028715-2028779_src=ishne.json
9.782759804639957,406.60192933552753,50.72291409968459,1.7799988711246773,41.563106515154345,30.967741935483872,3968,128,32,85.9375,140.625,9,62.24313725490196,0.2556242489957626,0.7443757510042375,16.129032258064516,22.997508113633824,0.0001923134593093443,2.7704959151449366,1.6739764335716716,Isolated Supraventricular Beat/True/data20240102_aligned_R-002_1700507533428-1700508030428_duration=1s_pos=28536-28600_src=ishne.json
47.333598644645626,447.37841895322316,58.92167075869735,35.25758562194525,9.4516035609354,1.2903225806451613,3968,128,35,70.3125,148.4375,6,67.49030757301628,0.16423577205489018,0.8357642279451098,8.823529411764707,5.724201234411121,0.0026673387251715595,1.756120239739007,0.6337237600891445,Isolated Supraventricular Beat/True/data20240102_aligned_C-002_1700079263660-1700087247660_duration=1s_pos=100180-100244_src=ishne.json
3.0927899213649535,411.3340200108606,22.99728796649624,1.2725780045574897,132.9976808873084,41.677419354838705,3968,128,35,85.9375,132.8125,10,67.78816199376946,0.11100066326633799,0.888999336733662,5.882352941176471,11.225191940999931,0.0014095894713022211,2.7319179089060315,1.0116009116784799,Isolated Supraventricular Beat/True/ReNew20230809_Patient_P001-006_P-006_04-10-2023_P-006_04-10-2023.linejson_duration=1s_pos=9066697-9066761_src=ishne.json
3.4801624395077013,404.78450158717726,22.942067838281197,1.3066641320595984,116.31192288039135,38.70967741935484,3968,128,36,78.125,132.8125,12,71.26193001060446,0.13472143773572376,0.8652785622642762,8.571428571428571,12.95452623324644,0.0006006791519867851,3.4560312588661546,0.9279867716373464,Isolated Supraventricular Beat/True/ReNew20230809_Patient_P001-006_P-006_04-10-2023_P-006_04-10-2023.linejson_duration=1s_pos=7953505-7953569_src=ishne.json
14.954245292275397,418.55484427546827,51.326977724921115,4.517188290042551,27.98902974412508,11.612903225806452,3968,128,37,85.9375,140.625,7,70.51262433052793,0.292735685535157,0.707264314464843,41.666666666666664,19.331463830672522,0.008724315628157862,2.7068344043596335,0.9409833444645266,Isolated Supraventricular Beat/True/data20240102_aligned_R-002_1700508616428-1700509216428_duration=1s_pos=20004-20068_src=ishne.json
3.759262291563722,418.29953471599725,23.43450918352555,1.7438045651814171,111.27167805849514,31.225806451612904,3968,128,33,85.9375,140.625,14,63.98333767248113,0.19511076353591708,0.804889236464083,12.5,21.207161204199352,0.0003419076695428213,4.3030998978177974,1.5686159179138452,Isolated Supraventricular Beat/True/ReNew20230809_Patient_P001-006_P-006_04-10-2023_P-006_04-10-2023.linejson_duration=1s_pos=10539796-10539860_src=ishne.json
26.58295400989083,412.2941764712358,54.62201565402961,7.842616939231606,15.5097195295945,5.806451612903226,3968,128,3,78.125,132.8125,1,,,,,24.04935702632245,0.0014731849264500363,1.51208252623315,,Isolated Supraventricular Beat/True/data20240102_aligned_C-002_1700075247660-1700077196660_duration=1s_pos=103878-103942_src=ishne.json
11.731043061331539,415.70588552750445,51.52739270693572,2.262411929802033,35.43639281841718,27.741935483870968,3968,128,29,140.625,171.875,19,56.058394160583944,0.09376082174199363,0.9062391782580064,7.142857142857143,11.564355758787913,0.0004936484971610216,1.2076321524089682,0.7731898882334817,Isolated Supraventricular Beat/True/data20240102_aligned_C-001_1701984571670-1701985035670_duration=1s_pos=6306-6370_src=ishne.json
10.713114056428772,421.0749697453933,51.84549136082419,2.4868983201775663,39.30462498792196,26.451612903225808,3968,128,31,117.1875,148.4375,10,59.016393442622956,0.1118646489927805,0.8881353510072195,3.3333333333333335,30.813192594839222,0.0009096569321337109,2.386537475358761,1.1451323043030026,Isolated Supraventricular Beat/True/data20240102_aligned_C-002_1700112454660-1700113166660_duration=1s_pos=31597-31661_src=ishne.json
15.592859679948313,406.1472576172955,50.98525543363414,5.97203739109009,26.047000993190547,10.967741935483872,3968,128,34,85.9375,140.625,8,67.3326248671626,0.11518282462305263,0.8848171753769474,3.0303030303030303,22.305962228798137,0.002898048547180431,2.2382003814188667,1.024504316514388,Isolated Supraventricular Beat/True/data20240102_aligned_C-002_1700063066660-1700072385660_duration=1s_pos=190200-190264_src=ishne.json
15.200549777268456,411.0359580453997,50.9722642344635,5.098979818604299,27.04085951017513,10.967741935483872,3968,128,39,125.0,156.25,20,76.01979682208909,0.16393417779004069,0.8360658222099593,2.6315789473684212,16.220290386723974,0.0013670382506558176,1.3753366860944845,0.6505875661411494,Isolated Supraventricular Beat/True/data20240102_aligned_C-002_1700108379660-1700108922660_duration=1s_pos=49054-49118_src=ishne.json
3.9660518544418113,414.1314224000669,23.463363528924994,1.8522760576471509,104.41903766770461,27.35483870967742,3968,128,35,85.9375,132.8125,15,67.73540856031128,0.1808391311688231,0.8191608688311769,11.764705882352942,15.173529750475485,0.0007802069616328333,3.335074257198111,0.968250470804866,Isolated Supraventricular Beat/True/ReNew20230809_Patient_P001-006_P-006_04-10-2023_P-006_04-10-2023.linejson_duration=1s_pos=8089067-8089131_src=ishne.json
23.42933101274138,407.1580979342482,50.89129024426452,12.309857079135123,17.37813513901407,4.516129032258064,3968,128,33,85.9375,140.625,5,64.11687972867206,0.24693351685145049,0.7530664831485495,15.625,19.527562424105295,0.0007699824466514619,2.4615776438677264,1.9459101490553135,Isolated Supraventricular Beat/True/data20240102_aligned_R-002_1700507533428-1700508030428_duration=1s_pos=7842-7906_src=ishne.json
4.161210297759521,408.04115054611003,22.961435261784267,1.923988033188051,98.05826269043524,26.064516129032256,3968,128,32,85.9375,132.8125,14,60.67278287461774,0.23196110069602235,0.7680388993039776,0.0,19.081702196357835,0.00048666688686285547,3.581471043440802,0.6828906803927562,Isolated Supraventricular Beat/True/ReNew20230809_Patient_P001-006_P-006_04-10-2023_P-006_04-10-2023.linejson_duration=1s_pos=10337781-10337845_src=ishne.json
13.691697546968662,406.1684766498663,30.48657085624057,3.67379296048731,29.665309622215712,18.96774193548387,3968,128,31,117.1875,140.625,15,59.98437906795105,0.5780500641324979,0.42194993586750207,6.666666666666667,22.31432766060373,0.0015456440151363187,4.938845173628615,0.5520685823000397,Isolated Supraventricular Beat/True/ReNew20230809_Patient_P001-006_P-006_04-10-2023_P-006_04-10-2023.linejson_duration=1s_pos=6061616-6061680_src=ishne.json
34.95660055230015,406.60811119321716,51.399725092403784,23.435609898432965,11.631797518556613,1.935483870967742,3968,128,48,62.5,101.5625,0,92.62509622786759,0.18550869444294454,0.8144913055570555,12.76595744680851,12.718446123427114,0.006817373722259406,1.702948295706999,0.22638154658798512,Isolated Supraventricular Beat/True/data20240102_aligned_R-003_1697647249857-1697647848857_duration=1s_pos=56824-56888_src=ishne.json
30.573028075365684,436.2512156251316,54.73792855543608,12.87230160771835,14.26915254454268,0.6451612903225806,3968,128,36,70.3125,109.375,0,69.26049987116723,0.672068318898699,0.327931681101301,8.571428571428571,11.41520411192719,0.0017798613441323452,1.537133489316576,0.41243377742425763,Isolated Supraventricular Beat/True/data20240102_aligned_R-003_1697648449857-1697648978857_duration=1s_pos=7710-7774_src=ishne.json
9.288145256039476,412.3602437694507,51.34389770685002,1.2497340333175178,44.39639863566099,40.64516129032258,3968,128,29,70.3125,78.125,0,56.828752642706135,0.09465168460114641,0.9053483153988536,3.5714285714285716,15.34107920638046,0.0004846638797207852,2.8145583426491387,0.9808292530117262,Isolated Supraventricular Beat/True/data20240102_aligned_C-002_1700040846660-1700043598660_duration=1s_pos=60449-60513_src=ishne.json
11.342401891571168,407.7496276264554,49.726303788278024,2.47631591840336,35.949139836098105,17.419354838709676,3968,128,33,70.3125,78.125,0,63.50387596899225,0.313803198787151,0.686196801212849,25.0,19.53593254754073,0.00024049261793091884,1.3331702623001236,0.9718605830289657,Isolated Supraventricular Beat/True/data20240102_aligned_R-003_1697644849857-1697645448857_duration=1s_pos=47939-48003_src=ishne.json
20.5017551753336,395.70684007850286,49.745293426632436,7.486405865380741,19.301119216049987,5.161290322580645,3968,128,46,78.125,140.625,3,89.02627511591962,0.3381234259162808,0.6618765740837191,8.88888888888889,9.147941974716952,0.02553385760957511,3.0715896393323137,0.6216882165778003,Isolated Supraventricular Beat/True/ReNew20230809_Patient_P001-006_P-002_04-06-2023_P-002_04-06-2023.linejson_duration=1s_pos=5700501-5700565_src=ishne.json
15.09182185896232,403.6702923134743,49.943846771420745,5.421665603334791,26.747616645510362,12.903225806451612,3968,128,44,78.125,125.0,2,84.5468509984639,0.07626796432882546,0.9237320356711746,2.3255813953488373,13.439226908916492,0.0003694230373362373,10.517313468489997,0.8266785731844679,Isolated Supraventricular Beat/True/ReNew20230809_Patient_P001-006_P-002_04-06-2023_P-002_04-06-2023.linejson_duration=1s_pos=3909251-3909315_src=ishne.json
10.736072830913121,420.35952092933894,51.92222795109685,2.449732049624842,39.15393350956368,20.64516129032258,3968,128,31,117.1875,148.4375,12,59.381443298969074,0.12379722104959355,0.8762027789504064,6.666666666666667,30.028951537856777,0.0005003931666266678,2.3138587739812255,1.0296194171811581,Isolated Supraventricular Beat/True/data20240102_aligned_C-002_1700111973660-1700112453660_duration=1s_pos=49138-49202_src=ishne.json
11.702520520564603,413.37049108921485,51.05224648611325,2.5052503899745115,35.3231985399734,21.29032258064516,3968,128,31,140.625,156.25,17,60.93626024861148,0.09936472283238656,0.9006352771676134,3.3333333333333335,14.473475501057088,0.0027006309060243648,1.2494758745569685,1.2237754316221157,Isolated Supraventricular Beat/True/data20240102_aligned_C-001_1701984571670-1701985035670_duration=1s_pos=10805-10869_src=ishne.json
16.761064560353578,409.6516008180266,50.05785211926513,8.254525426902637,24.440665740668155,7.096774193548387,3968,128,36,85.9375,148.4375,4,69.61926961926962,0.1378319466568907,0.8621680533431093,8.571428571428571,19.455295570918757,0.001506568049238945,2.373282268164925,1.1631508098056809,Isolated Supraventricular Beat/True/data20240102_aligned_R-002_1700510783428-1700511026428_duration=1s_pos=23945-24009_src=ishne.json
11.122319785121075,415.40703759875265,51.64159513030553,2.7688360862625494,37.34895312086889,21.29032258064516,3968,128,30,70.3125,148.4375,10,57.07842132239877,0.09263336530963927,0.9073666346903607,3.4482758620689653,32.23891059063155,0.00010826812600935753,2.325238613373702,0.8979415932059586,Isolated Supraventricular Beat/True/data20240102_aligned_C-002_1700110783660-1700111386660_duration=1s_pos=17307-17371_src=ishne.json
25.44752695334714,388.6658869524827,49.0323421778046,13.748100155872024,15.27322762607914,5.161290322580645,3968,128,37,70.3125,93.75,0,70.98331193838254,0.3066654180975654,0.6933345819024346,5.555555555555555,15.825728002290926,0.0016879101625236618,1.5815114733358269,0.4122447950935431,Isolated Supraventricular Beat/True/data20240102_aligned_R-003_1697648979857-1697649578857_duration=1s_pos=43876-43940_src=ishne.json
3.2030881500584756,419.16540409226053,23.57061800311816,1.3344051488397568,130.8628590885796,39.225806451612904,3968,128,32,125.0,132.8125,17,62.586750788643535,0.14348641309407412,0.8565135869059259,6.451612903225806,19.42250793836188,0.0007503294717706297,4.026140567270133,0.7969439742415888,Isolated Supraventricular Beat/True/ReNew20230809_Patient_P001-006_P-006_04-10-2023_P-006_04-10-2023.linejson_duration=1s_pos=10972305-10972369_src=ishne.json
9.178045434821946,408.59579830371916,51.02393888015564,1.2356084111855292,44.51882012205639,40.0,3968,128,32,70.3125,125.0,2,61.598965071151355,0.10643363960401928,0.8935663603959807,3.225806451612903,19.167685740941657,0.00041899664992674256,3.1932578398852067,0.916290731874155,Isolated Supraventricular Beat/True/data20240102_aligned_C-002_1700048796660-1700051993660_duration=1s_pos=160205-160269_src=ishne.json
49.102207053284,451.5075737305394,69.68456663907395,24.52964066401475,9.195260083631661,1.2903225806451613,3968,128,36,54.6875,132.8125,1,69.1891891891892,0.37309543559892006,0.62690456440108,0.0,11.464731683724155,0.015070126373868026,1.7299248585685831,0.20509548144250678,Isolated Supraventricular Beat/True/data20240102_aligned_R-003_1697648979857-1697649578857_duration=1s_pos=53196-53260_src=ishne.json
32.73589292072247,427.12647351481445,59.419319728869716,15.048888527913196,13.047649608994943,4.516129032258064,3968,128,20,78.125,125.0,2,37.84232365145228,1.059442213321716,0.0,26.31578947368421,17.904421647323385,0.0063084838284631255,0.6929722348769642,0.6241543090729939,Isolated Supraventricular Beat/True/data20240102_aligned_C-002_1700079263660-1700087247660_duration=1s_pos=289280-289344_src=ishne.json
63.20537970090301,578.1081372762693,86.89166350051886,28.949976341340665,9.14650194121859,1.935483870967742,3968,128,36,70.3125,148.4375,2,69.20700308959836,0.7913728739020135,0.2086271260979865,17.142857142857142,8.989283610339356,0.0019484209862510276,1.114637044547863,0.9650808960435872,Isolated Supraventricular Beat/True/data20240102_aligned_R-003_1697648979857-1697649578857_duration=1s_pos=27608-27672_src=ishne.json
4.5970044644818175,408.25958701095766,23.087623777142255,2.2120105404812573,88.80989813158236,22.322580645161292,3968,128,36,113.28125,132.8125,14,69.78193146417446,0.1501825651949972,0.8498174348050028,8.571428571428571,17.010786306638366,0.005115840158725035,3.577366020586289,0.8690378470236094,Isolated Supraventricular Beat/True/ReNew20230809_Patient_P001-006_P-006_04-10-2023_P-006_04-10-2023.linejson_duration=1s_pos=10053520-10053584_src=ishne.json
30.417629692621684,396.76955632309773,49.923528088741186,8.814604216455969,13.044065145394146,12.258064516129032,3968,128,40,93.75,156.25,10,76.25254582484725,0.4122629869949708,0.5877370130050292,20.512820512820515,23.90689687828128,0.00221706491416824,2.472518318682723,0.18485641239714273,Isolated Supraventricular Beat/True/ReNew20230809_Patient_P001-006_P-003_04-10-2023_P-003_04-10-2023.linejson_duration=1s_pos=5442697-5442761_src=ishne.json
6.328001450805053,409.57934531214954,23.22351585971439,3.373840389898186,64.72490307901865,16.0,3968,128,37,117.1875,132.8125,15,71.81298701298702,0.1379188983905589,0.8620811016094411,5.555555555555555,15.35678127777783,0.0006508129775955674,3.396808635174573,0.7949298748698876,Isolated Supraventricular Beat/True/ReNew20230809_Patient_P001-006_P-006_04-10-2023_P-006_04-10-2023.linejson_duration=1s_pos=6973687-6973751_src=ishne.json
10.254213973962305,407.76218163347477,50.805120998710294,1.767983478879298,39.765324080767975,28.387096774193548,3968,128,34,85.9375,140.625,8,66.05160281469898,0.19351226625663792,0.806487733743362,36.36363636363637,18.841845715643768,0.00053570950398076,2.4350265281334353,1.466337068793427,Isolated Supraventricular Beat/True/data20240102_aligned_R-002_1700512231428-1700512816428_duration=1s_pos=72757-72821_src=ishne.json
35.68633882864132,406.0662945327741,48.336083244734475,27.872164562271486,11.378759953601952,1.2903225806451613,3968,128,43,70.3125,93.75,0,82.43291592128801,0.35288431913399726,0.6471156808660028,16.666666666666668,13.994464568117323,0.014118084785623129,1.7379981773354545,0.4934338810541215,Isolated Supraventricular Beat/True/data20240102_aligned_R-003_1697647249857-1697647848857_duration=1s_pos=3791-3855_src=ishne.json
12.563868725636915,422.10500391865315,52.11569647556584,3.2100367792633477,33.59673517286927,20.0,3968,128,31,109.375,140.625,12,60.96851018788039,0.14643068152023495,0.853569318479765,6.666666666666667,31.64058441007265,0.0001867123777625077,2.523781082559916,0.6109090823229733,Isolated Supraventricular Beat/True/data20240102_aligned_C-002_1700093994660-1700094160660_duration=1s_pos=1974-2038_src=ishne.json
12.842339745256291,409.1412519198582,49.88709482856973,3.5171130921411997,31.858775595172318,18.70967741935484,3968,128,27,70.3125,148.4375,9,53.79310344827586,0.3737931276787183,0.6262068723212817,19.23076923076923,23.51872235653471,0.0014078733859531319,0.34666993286009684,1.0560526742493137,Isolated Supraventricular Beat/True/data20240102_aligned_C-001_1701965362670-1701965800670_duration=1s_pos=23459-23523_src=ishne.json
36.31756393213451,443.2123482699478,51.941379715047596,28.258452026043713,12.20380135887868,1.2903225806451613,3968,128,46,70.3125,93.75,0,88.61538461538461,0.2685706192318509,0.7314293807681491,24.444444444444443,14.127101363494141,0.004429728485868696,1.7272234607589378,0.5328045304847658,Isolated Supraventricular Beat/True/data20240102_aligned_R-003_1697647249857-1697647848857_duration=1s_pos=4286-4350_src=ishne.json
18.155923167222983,421.4851328881055,62.23554538869945,5.416020711710434,23.214744069542633,6.666666666666667,2688,128,22,101.5625,140.625,7,64.48620551779288,0.12370123667483614,0.8762987633251639,4.761904761904762,23.32093285743548,0.0017941350956962073,2.26811343323667,0.8602012652231115,Isolated Supraventricular Beat/True/data20240102_aligned_C-002_1700087248660-1700087793660_duration=1s_pos=69234-69298_src=ishne.json
94.1174804550405,446.1934316053698,95.85074858460156,58.049565549251,4.740813552459056,2.5806451612903225,3968,128,37,70.3125,109.375,0,71.18434603501545,0.33939050003806903,0.660609499961931,11.11111111111111,12.681413434531436,0.014668916279496914,1.6714544780924079,0.24362208265775043,Isolated Supraventricular Beat/True/data20240102_aligned_R-003_1697648979857-1697649578857_duration=1s_pos=67609-67673_src=ishne.json
37.449556963161115,430.7456309020551,52.57956800235833,27.515014679687756,11.502021768208234,2.5806451612903225,3968,128,47,62.5,93.75,0,89.50595388902964,0.2233937727453635,0.7766062272546365,13.043478260869565,13.681945832285209,0.006473039152495324,1.7409514805005148,0.5366573183795148,Isolated Supraventricular Beat/True/data20240102_aligned_R-003_1697646649857-1697647248857_duration=1s_pos=65802-65866_src=ishne.json
12.380606271373113,419.60759592342146,51.353722438274346,3.9278135716336315,33.89232747037,16.129032258064516,3968,128,39,93.75,164.0625,8,75.84199584199584,0.19665466827263003,0.80334533172737,15.789473684210526,8.192567894644432,0.00043377563072667565,1.854327871436666,0.42488319396526597,Isolated Supraventricular Beat/True/data20240102_aligned_C-002_1700087248660-1700087793660_duration=1s_pos=4859-4923_src=ishne.json
11.255465400971634,411.3381462850552,50.349227334110296,3.1385132930721316,36.545633173365985,20.0,3968,128,31,78.125,132.8125,4,59.596482152095184,0.11196472688354443,0.8880352731164556,3.3333333333333335,22.44699971780761,0.000440115350533947,2.365683171975717,1.413693335308005,Isolated Supraventricular Beat/True/data20240102_aligned_C-002_1700072825660-1700073577660_duration=1s_pos=7682-7746_src=ishne.json
33.27365357621577,416.0862551015756,50.34084873822337,23.73392377782846,12.504976095983062,2.5806451612903225,3968,128,37,70.3125,93.75,0,71.36809499225606,0.3401995948572855,0.6598004051427144,16.666666666666668,15.568207899968307,0.0021216181306832364,1.6523565668193503,0.21197025071608455,Isolated Supraventricular Beat/True/data20240102_aligned_R-003_1697647249857-1697647848857_duration=1s_pos=9477-9541_src=ishne.json
4.409279882654972,414.9948846321052,23.601693253693522,1.905439438199652,94.11849589001987,30.709677419354836,3968,128,37,78.125,132.8125,11,71.57131762878592,0.20426541787885785,0.7957345821211421,13.88888888888889,11.66951455003552,0.00024214053528326195,3.1773931520735004,0.8919980393051105,Isolated Supraventricular Beat/True/ReNew20230809_Patient_P001-006_P-006_04-10-2023_P-006_04-10-2023.linejson_duration=1s_pos=8294171-8294235_src=ishne.json
34.07354934503032,429.4837310870303,51.00886930034086,23.871229812647556,12.604607583831404,0.6451612903225806,3968,128,31,70.3125,85.9375,0,61.83574879227053,0.30083285218422845,0.6991671478157715,3.3333333333333335,18.972515299390906,0.0023259778039839076,1.603946768864849,0.27510329024492075,Isolated Supraventricular Beat/True/data20240102_aligned_R-003_1697646649857-1697647248857_duration=1s_pos=23638-23702_src=ishne.json
12.615763789495867,397.2068143021816,48.770895509461,4.145955356655628,31.48495718887402,10.32258064516129,3968,128,32,58.59375,78.125,0,62.27569971226785,0.31241019395773634,0.6875898060422636,12.903225806451612,19.714933933588277,0.00165067389748981,1.5279232327197068,0.40546510810816444,Isolated Supraventricular Beat/True/data20240102_aligned_R-003_1697644849857-1697645448857_duration=1s_pos=38718-38782_src=ishne.json
12.44374976118585,420.35991349001,50.27495334524074,3.5335965564138316,33.78080464301674,19.35483870967742,3968,128,38,85.9375,132.8125,9,73.92299687825182,0.3002633417010805,0.6997366582989195,8.108108108108109,16.985525974664007,0.001779078155481134,4.905729278765632,0.3846743384390906,Isolated Supraventricular Beat/True/ReNew20230809_Patient_P001-006_P-002_04-06-2023_P-002_04-06-2023.linejson_duration=1s_pos=9231943-9232007_src=ishne.json
8.374591908605012,390.45482828953493,24.5521776718388,2.5647145506895175,46.623738317875386,22.967741935483872,3968,128,8,89.84375,125.0,1,26.62704309063893,1.1146791823606106,0.0,14.285714285714286,17.60252356655963,0.0016391593572675964,0.14190857961391934,1.0986122886681098,Isolated Supraventricular Beat/True/ReNew20230809_Patient_P001-006_P-004_04-10-2023_P-004_04-10-2023.linejson_duration=1s_pos=2491667-2491731_src=ishne.json
11.180900636966431,402.3943046310885,50.37435942097779,2.368087105008243,35.98943248911945,22.58064516129032,3968,128,41,78.125,125.0,6,79.25696594427245,0.2210462718741821,0.7789537281258179,0.0,11.34212477859023,0.011830517359313711,5.425992801833023,0.353983152273021,Isolated Supraventricular Beat/True/ReNew20230809_Patient_P001-006_P-002_04-06-2023_P-002_04-06-2023.linejson_duration=1s_pos=5019144-5019208_src=ishne.json
20.21144800801227,411.0851218780316,50.04619026747296,11.718767806451202,20.33922069194882,3.870967741935484,3968,128,37,93.75,148.4375,2,72.6813880126183,0.09405710735556792,0.9059428926444321,11.11111111111111,18.148625519317164,0.006367932382845822,2.6044385041855924,2.4849066497880004,Isolated Supraventricular Beat/True/data20240102_aligned_R-002_1700511629428-1700512226428_duration=1s_pos=24050-24114_src=ishne.json
12.04527514039691,417.8654395350487,51.056457978387265,2.4839996492280747,34.69122954629743,20.64516129032258,3968,128,32,82.03125,156.25,13,62.064650677789366,0.17500627341358277,0.8249937265864172,12.903225806451612,16.26883864805045,0.0004930564186268641,1.1045672817420118,1.1631508098056809,Isolated Supraventricular Beat/True/data20240102_aligned_C-001_1701996577670-1701997174670_duration=1s_pos=34616-34680_src=ishne.json
11.947551856600894,409.36675836328465,50.65022117110442,3.5438138727432733,34.263649073300726,12.258064516129032,3968,128,38,89.84375,148.4375,9,71.99391943248037,0.18529317769151124,0.8147068223084888,13.513513513513514,9.709339257045093,0.0027026024466629568,1.6993913747886975,0.8373967894044921,Isolated Supraventricular Beat/True/data20240102_aligned_C-002_1700075247660-1700077196660_duration=1s_pos=187064-187128_src=ishne.json
39.531910983195914,439.8340950889248,52.84701236032281,28.267060662700683,11.126051663675867,0.0,3968,128,37,70.3125,78.125,0,71.25773195876289,0.26979206141632595,0.730207938583674,8.333333333333334,20.10434499794438,0.0005425966935227912,1.7964101455064931,0.2604552597515669,Isolated Supraventricular Beat/True/data20240102_aligned_R-003_1697647249857-1697647848857_duration=1s_pos=26896-26960_src=ishne.json
67.6773283869619,519.5402156661166,102.08978582079634,17.24098000228902,7.6767245453129025,5.161290322580645,3968,128,54,78.125,132.8125,4,105.09682416731216,0.05587819921561533,0.9441218007843847,1.8867924528301887,10.587416746491032,0.0012049481242025774,9.186440397746617,1.137833001821391,Isolated Supraventricular Beat/True/ReNew20230809_Patient_P001-006_P-002_04-06-2023_P-002_04-06-2023.linejson_duration=1s_pos=3222645-3222709_src=ishne.json
12.488839812711086,401.8923565161305,49.380193411728584,4.048981976820354,32.18011683735181,11.612903225806452,3968,128,33,54.6875,78.125,0,63.76751427088739,0.2964926850364806,0.7035073149635194,12.5,19.64441642824722,0.0009815556109737539,1.5318728214135358,0.4274440148269396,Isolated Supraventricular Beat/True/data20240102_aligned_R-003_1697644849857-1697645448857_duration=1s_pos=38997-39061_src=ishne.json
9.197402560075897,400.97579091261747,49.8817245269758,1.3417128214373575,43.59662901529882,41.29032258064516,3968,128,30,78.125,85.9375,0,58.41070023603462,0.12232036378397458,0.8776796362160254,3.4482758620689653,3.907799774356981,0.001161340503307643,1.006557955819227,0.9886113934537812,Isolated Supraventricular Beat/True/data20240102_aligned_C-002_1700117392660-1700118000660_duration=1s_pos=17062-17126_src=ishne.json
37.02619552459716,438.21209661238447,51.62307913701112,26.765615548245414,11.835190695897495,1.935483870967742,3968,128,46,70.3125,93.75,0,90.25855314703578,0.2734813185363302,0.7265186814636698,28.88888888888889,14.41375747446266,0.0029595946930598333,1.7673490703073158,0.551176919289558,Isolated Supraventricular Beat/True/data20240102_aligned_R-003_1697646649857-1697647248857_duration=1s_pos=55707-55771_src=ishne.json
9.623232141099288,415.9665613829704,51.765098750347285,1.3510149153967976,43.225239925492794,38.70967741935484,3968,128,31,70.3125,125.0,2,59.5810705973623,0.11851059782798304,0.881489402172017,3.3333333333333335,25.12734543427473,0.0008333672477825415,3.1948571219354305,1.3862943611198906,Isolated Supraventricular Beat/True/data20240102_aligned_C-002_1700035717660-1700035925660_duration=1s_pos=10144-10208_src=ishne.json
13.103713676913905,419.51129073287416,52.145014313799365,2.905470551712419,32.014684467448625,17.333333333333336,3840,128,35,78.125,132.8125,4,69.29936305732484,0.22429003260289285,0.7757099673971072,17.647058823529413,30.597226994935788,0.0008210999123789786,0.4370488926008002,0.6567795363890705,Isolated Supraventricular Beat/True/data20240102_aligned_C-002_1700077197660-1700077673660_duration=1s_pos=59225-59289_src=ishne.json
11.145773257434332,416.7339351887942,51.645438875869004,2.542946100436927,37.389411050634635,19.35483870967742,3968,128,30,78.125,140.625,10,58.68774703557312,0.11116834526395393,0.8888316547360461,3.4482758620689653,32.17592385684199,0.002345290701858381,2.654529542101128,1.0986122886681098,Isolated Supraventricular Beat/True/data20240102_aligned_C-002_1700090366660-1700090974660_duration=1s_pos=46523-46587_src=ishne.json
12.694343765836466,413.0907620203644,26.02729478042675,6.7535517834957925,32.54132211156664,10.32258064516129,3968,128,43,140.625,164.0625,24,83.58642135268204,0.15303970540802742,0.8469602945919725,0.0,24.576984194292244,0.000534708159749025,2.8271177696420713,0.25571972174882246,Isolated Supraventricular Beat/True/ReNew20230809_Patient_P001-006_P-003_04-10-2023_P-003_04-10-2023.linejson_duration=1s_pos=7182741-7182805_src=ishne.json
4.069710330729223,417.74704573024746,23.398544015634048,1.9323417864933745,102.6478321879882,28.258064516129032,3968,128,36,109.375,140.625,18,71.37546468401487,0.15665454478505117,0.8433454552149489,20.0,22.568132620885887,0.0011483930756648985,4.689239016731484,1.024504316514388,Isolated Supraventricular Beat/True/ReNew20230809_Patient_P001-006_P-006_04-10-2023_P-006_04-10-2023.linejson_duration=1s_pos=6239948-6240012_src=ishne.json
16.755213125882168,402.22991765393033,49.00787660530638,7.987349414340872,24.006253494104644,7.741935483870968,3968,128,34,70.3125,78.125,0,67.65616657768285,0.3035912520789022,0.6964087479210979,3.0303030303030303,16.430685901350145,0.00021543403052083957,1.7669189474455866,0.2582348711254799,Isolated Supraventricular Beat/True/data20240102_aligned_R-003_1697648979857-1697649578857_duration=1s_pos=6195-6259_src=ishne.json
32.574734481889124,427.4576070123144,51.14331637679948,21.85994416210624,13.122366173931695,3.225806451612903,3968,128,36,70.3125,93.75,0,69.10025706940874,0.3368256771669779,0.663174322833022,14.285714285714286,15.561725248757224,0.006349668400723438,1.6514128795307568,0.26991961611194054,Isolated Supraventricular Beat/True/data20240102_aligned_R-003_1697647249857-1697647848857_duration=1s_pos=9739-9803_src=ishne.json
14.648426376237582,411.83585876135567,50.34338095217171,4.981290083231116,28.11468072193391,15.483870967741936,3968,128,32,78.125,132.8125,5,62.471792180530045,0.14834349713910813,0.8516565028608919,6.451612903225806,17.848389734592683,0.0022271431969328862,1.8131482286423648,0.8043728156701697,Isolated Supraventricular Beat/True/data20240102_aligned_C-002_1700079263660-1700087247660_duration=1s_pos=571939-572003_src=ishne.json
10.788095036245021,405.8963030809167,50.260699104447944,2.7761507354664428,37.62446141721554,22.58064516129032,3968,128,36,82.03125,148.4375,7,68.31003811944092,0.1346287416628267,0.8653712583371733,20.0,17.74461147873831,0.027348713700645445,2.437246699468344,2.4849066497880004,Isolated Supraventricular Beat/True/data20240102_aligned_R-002_1700512817428-1700513169428_duration=1s_pos=2851-2915_src=ishne.json
12.395293880200693,408.69422454965866,50.130096528568025,3.2171929024277235,32.971722617303435,14.838709677419354,3968,128,37,85.9375,140.625,7,71.11111111111111,0.26088920319727305,0.739110796802727,0.0,17.028212491883345,0.0005159174849079257,7.670879105167746,0.3656005095442367,Isolated Supraventricular Beat/True/ReNew20230809_Patient_P001-006_P-002_04-06-2023_P-002_04-06-2023.linejson_duration=1s_pos=6265005-6265069_src=ishne.json
12.517011893205744,410.78577247863257,50.58603855591276,2.3902570041640647,32.81819520227608,19.35483870967742,3968,128,12,132.8125,179.6875,8,37.73112996873604,1.3538139953003676,0.0,0.0,49.104158589837596,0.0004735003932555055,0.3952279941316638,0.2876820724517809,Isolated Supraventricular Beat/True/data20240102_aligned_C-001_1701977971670-1701978569670_duration=1s_pos=47662-47726_src=ishne.json
9.639465642873464,407.71656403436094,50.79882788538666,1.5752609264831907,42.296589545832305,34.193548387096776,3968,128,25,101.5625,164.0625,12,47.900207900207896,0.09283623102598038,0.9071637689740196,4.166666666666667,21.967648997170453,0.00037407140160735796,2.0588775573410865,1.6094379124341003,Isolated Supraventricular Beat/True/data20240102_aligned_C-001_1702009178670-1702009765670_duration=1s_pos=54626-54690_src=ishne.json
12.401392680216988,414.5704574926972,51.13410562309113,3.65573159245125,33.429344167505164,14.838709677419354,3968,128,36,85.9375,140.625,5,69.27835051546391,0.17054379026469924,0.8294562097353008,0.0,15.21060712954483,0.0011421896628410876,6.3452916774183175,0.5543107357057294,Isolated Supraventricular Beat/True/ReNew20230809_Patient_P001-006_P-002_04-06-2023_P-002_04-06-2023.linejson_duration=1s_pos=6796536-6796600_src=ishne.json
3.0675956079930313,420.27768288874734,23.561351083569743,1.2328650624628956,137.0055247139268,41.80645161290323,3968,128,32,105.46875,132.8125,16,62.35725510738606,0.15701015224348486,0.8429898477565152,6.451612903225806,20.155917123766795,0.000314928851919273,4.185534496705968,1.0986122886681098,Isolated Supraventricular Beat/True/ReNew20230809_Patient_P001-006_P-006_04-10-2023_P-006_04-10-2023.linejson_duration=1s_pos=10918960-10919024_src=ishne.json
13.003214000254264,396.52582011303497,47.970064920136956,3.9188352427640405,30.494444651209825,10.967741935483872,3968,128,34,70.3125,101.5625,0,66.43250327653998,0.28808066897789164,0.7119193310221084,12.121212121212121,17.383667603846902,0.0007902782143171679,1.346172107864874,1.0116009116784799,Isolated Supraventricular Beat/True/data20240102_aligned_R-003_1697644849857-1697645448857_duration=1s_pos=32211-32275_src=ishne.json
68.20269030184515,440.31436297954895,92.00978855767794,21.684028776886464,6.455967566306826,4.516129032258064,3968,128,54,78.125,125.0,1,104.42278091328888,0.24652400488651624,0.7534759951134837,1.8867924528301887,8.231430908843457,0.0037328081652837344,6.379683959449258,0.25770979891598916,Isolated Supraventricular Beat/True/ReNew20230809_Patient_P001-006_P-002_04-06-2023_P-002_04-06-2023.linejson_duration=1s_pos=5590808-5590872_src=ishne.json
3.8341585074934748,408.0610670668451,22.867508724270838,1.6963053095191416,106.42777544057081,31.74193548387097,3968,128,35,85.9375,132.8125,15,66.22368754755263,0.1119116136369843,0.8880883863630157,2.9411764705882355,18.50502963809648,0.004031564873482048,3.821413516163334,0.9444616088408514,Isolated Supraventricular Beat/True/ReNew20230809_Patient_P001-006_P-006_04-10-2023_P-006_04-10-2023.linejson_duration=1s_pos=10269039-10269103_src=ishne.json
13.324575720906353,422.75656986259133,52.2633861084789,3.2550563886148964,31.727579698594358,12.258064516129032,3968,128,33,70.3125,140.625,4,63.8006230529595,0.10558761508227366,0.8944123849177263,3.125,14.879443048117064,0.0064895856485614415,1.658063661437235,0.7178397931503169,Isolated Supraventricular Beat/True/data20240102_aligned_C-002_1700077197660-1700077673660_duration=1s_pos=17586-17650_src=ishne.json
9.920955439422972,396.7210522462583,49.39324972635248,1.8150654352462325,39.98818608554768,34.193548387096776,3968,128,30,62.5,78.125,0,58.28840617639362,0.25389342994911296,0.7461065700508871,17.24137931034483,24.716109742233826,0.0007894273974580757,1.4727085727550544,0.8362480242006186,Isolated Supraventricular Beat/True/data20240102_aligned_R-003_1697645449857-1697646043857_duration=1s_pos=11399-11463_src=ishne.json
5.280330192109612,405.63363547203903,22.759264872877367,3.018786503701909,76.81973359515338,19.483870967741936,3968,128,37,117.1875,140.625,18,72.7770465912082,0.17838394399407065,0.8216160560059294,11.11111111111111,20.089379315676172,0.0016592658422802165,3.7469674412278713,0.8109302162163288,Isolated Supraventricular Beat/True/ReNew20230809_Patient_P001-006_P-006_04-10-2023_P-006_04-10-2023.linejson_duration=1s_pos=9990391-9990455_src=ishne.json
3.875544499762499,417.31358148208886,23.511194343825938,1.8054907865534542,107.67866910804237,28.516129032258064,3968,128,33,125.0,132.8125,17,64.03335070349141,0.16082393275135595,0.839176067248644,9.375,20.54860797633414,0.00028456523502994675,4.1960252866925964,0.8415671856782186,Isolated Supraventricular Beat/True/ReNew20230809_Patient_P001-006_P-006_04-10-2023_P-006_04-10-2023.linejson_duration=1s_pos=10508165-10508229_src=ishne.json
40.991499541556735,417.34476374002185,53.72694041071396,29.04453916530936,10.18125119174211,0.6451612903225806,3968,128,35,70.3125,117.1875,0,67.42060418280403,0.12699052974369054,0.8730094702563095,5.882352941176471,3.6833421415443075,0.0057116295762872325,0.9154541915491512,0.6599949732430448,Isolated Supraventricular Beat/True/data20240102_aligned_C-002_1700079263660-1700087247660_duration=1s_pos=2093-2157_src=ishne.json
36.117531308454495,420.38519890120915,50.962278252890776,26.86246479786114,11.639366591022727,1.2903225806451613,3968,128,45,70.3125,93.75,0,88.11473272490221,0.20799045737509483,0.7920095426249052,9.090909090909092,15.820985200402681,0.0021900947176504513,1.9055207381428751,0.1890105449447513,Isolated Supraventricular Beat/True/data20240102_aligned_R-003_1697646649857-1697647248857_duration=1s_pos=48873-48937_src=ishne.json
3.4871969273874415,408.13806212113303,22.89731772403883,1.5143032751652186,117.03897244137909,34.193548387096776,3968,128,35,117.1875,132.8125,17,68.69771112865035,0.10766371068480146,0.8923362893151985,2.9411764705882355,13.986025322180556,0.0017352989485631876,3.0139350813254207,0.9932517730102834,Isolated Supraventricular Beat/True/ReNew20230809_Patient_P001-006_P-006_04-10-2023_P-006_04-10-2023.linejson_duration=1s_pos=7088483-7088547_src=ishne.json
12.555087042492254,408.4026083095591,50.798573062098995,2.6350874846641226,32.528852599626134,25.806451612903224,3968,128,34,85.9375,140.625,6,67.71039273310178,0.29585257231592443,0.7041474276840756,42.42424242424242,23.67479447562504,0.0052504925282648735,2.621406680687695,1.0986122886681098,Isolated Supraventricular Beat/True/data20240102_aligned_R-002_1700509822428-1700509961428_duration=1s_pos=13137-13201_src=ishne.json
10.208470911014022,423.6752479039732,23.83279805303564,7.483903389487567,41.50231803516702,8.0,3968,128,53,93.75,164.0625,22,102.19037871033777,0.0533126576994196,0.9466873423005804,1.9230769230769231,17.81357099156307,0.0006425596216273247,3.204888911157579,0.9870598027623624,Isolated Supraventricular Beat/True/ReNew20230809_Patient_P001-006_P-003_04-10-2023_P-003_04-10-2023.linejson_duration=1s_pos=5328799-5328863_src=ishne.json
13.853086858723465,414.7332079450269,51.194334944030764,4.81544255587707,29.93796128159717,11.612903225806452,3968,128,34,78.125,140.625,6,65.1014641664526,0.13852676893038154,0.8614732310696185,6.0606060606060606,17.44850639641266,0.0021880852829006415,2.1277912479962042,0.9287132518727123,Isolated Supraventricular Beat/True/data20240102_aligned_C-002_1700079263660-1700087247660_duration=1s_pos=377227-377291_src=ishne.json
13.10023017486086,406.42372281163944,50.23177869485228,4.486131329320298,31.024164183572598,15.483870967741936,3968,128,50,78.125,179.6875,3,95.70701932858597,0.18922010191699423,0.8107798980830058,10.204081632653061,12.80217314280373,0.00068542569378869,1.7772481443499957,0.40546510810816444,Isolated Supraventricular Beat/True/ReNew20230809_Patient_P001-006_P-002_04-06-2023_P-002_04-06-2023.linejson_duration=1s_pos=6001750-6001814_src=ishne.json
6.359755906521194,406.38622942728284,23.97107905420676,2.9879585244869666,63.89964827281069,18.322580645161292,3968,128,37,117.1875,132.8125,14,71.25773195876289,0.15870095190366657,0.8412990480963334,5.555555555555555,19.621188231557404,0.0008083550066642102,3.86984558759856,1.2909841813155656,Isolated Supraventricular Beat/True/ReNew20230809_Patient_P001-006_P-006_04-10-2023_P-006_04-10-2023.linejson_duration=1s_pos=9962178-9962242_src=ishne.json
5.857142692613659,403.3069094646703,23.082908429046665,2.9744866147041193,68.85726740378139,18.451612903225804,3968,128,36,117.1875,132.8125,11,69.85446985446985,0.10546774165773763,0.8945322583422624,2.857142857142857,20.456596450776182,0.0010789221155298957,3.687506275632146,0.8056251639866356,Isolated Supraventricular Beat/True/ReNew20230809_Patient_P001-006_P-006_04-10-2023_P-006_04-10-2023.linejson_duration=1s_pos=9945601-9945665_src=ishne.json
11.86649125289243,418.55394281282497,51.96700666456383,2.9272558118171865,35.27191809448183,19.35483870967742,3968,128,31,117.1875,140.625,13,59.75103734439834,0.18923078313419694,0.810769216865803,10.0,31.099524571642,0.00012501217345759578,2.6580047236345306,1.213022639845854,Isolated Supraventricular Beat/True/data20240102_aligned_C-002_1700090366660-1700090974660_duration=1s_pos=29057-29121_src=ishne.json
10.322859072904867,399.01895592593263,24.790105675342748,4.00794222743972,38.653915010750325,14.709677419354838,3968,128,37,117.1875,132.8125,15,71.16602316602317,0.15190781009233106,0.848092189907669,8.333333333333334,20.290129335676667,0.001024297928476779,2.91261413123203,0.9249487946172696,Isolated Supraventricular Beat/True/ReNew20230809_Patient_P001-006_P-006_04-10-2023_P-006_04-10-2023.linejson_duration=1s_pos=6975949-6976013_src=ishne.json
10.648388235078244,414.73340551691996,51.70630582542498,2.1990264120301806,38.947994514578106,24.516129032258064,3968,128,30,93.75,132.8125,11,58.99867549668874,0.09550467951605357,0.9044953204839464,3.4482758620689653,32.21253884017102,0.00015973872263168315,2.5264856128036572,0.6021754023542185,Isolated Supraventricular Beat/True/data20240102_aligned_C-002_1700092781660-1700093366660_duration=1s_pos=12455-12519_src=ishne.json
13.970112092741047,421.1595493601846,24.79707404547394,9.472221378610035,30.14718252918236,6.838709677419355,3968,128,47,101.5625,164.0625,19,91.3104161281985,0.111978478814082,0.888021521185918,2.1739130434782608,12.137583557007389,0.0017482042631518748,1.5484184654821989,0.5363047090669756,Isolated Supraventricular Beat/True/ReNew20230809_Patient_P001-006_P-004_04-10-2023_P-004_04-10-2023.linejson_duration=1s_pos=7526128-7526192_src=ishne.json
41.23469456772367,550.0690405930504,65.97762746187064,19.573892064009392,13.339956389143692,4.516129032258064,3968,128,34,70.3125,140.625,1,65.67504534853589,0.10755049176382261,0.8924495082361774,3.0303030303030303,7.062853557044123,0.005221596316434617,1.430350663334564,0.562307579601134,Isolated Supraventricular Beat/True/data20240102_aligned_C-002_1700079263660-1700087247660_duration=1s_pos=117299-117363_src=ishne.json
21.163757913025254,416.9998032919581,49.47737764539938,7.863538588860797,19.70348485851042,6.451612903225806,3968,128,35,70.3125,101.5625,0,67.42060418280403,0.29005265581236556,0.7099473441876345,0.0,17.960080511751695,0.0004922622933216325,1.5772436718462215,0.5959834321062977,Isolated Supraventricular Beat/True/data20240102_aligned_R-003_1697647849857-1697648448857_duration=1s_pos=36453-36517_src=ishne.json
16.372933159895723,413.6700933826204,50.697980797941575,6.4408804793059105,25.265483226328136,10.967741935483872,3968,128,38,101.5625,171.875,16,72.69378357636224,0.3089711408742221,0.6910288591257778,13.513513513513514,14.750690601167758,0.0013225070194169694,1.05233393542408,0.7091475219063865,Isolated Supraventricular Beat/True/data20240102_aligned_C-002_1700098963660-1700101753660_duration=1s_pos=126116-126180_src=ishne.json
11.45274890539501,420.32195417574127,52.38555187011212,2.866118009041907,36.70052674229284,18.70967741935484,3968,128,32,117.1875,140.625,14,62.471792180530045,0.12773166456308968,0.8722683354369103,6.451612903225806,29.97840126340475,0.003750209269014875,2.50834860138232,0.5500463369192721,Isolated Supraventricular Beat/True/data20240102_aligned_C-002_1700093994660-1700094160660_duration=1s_pos=15373-15437_src=ishne.json
11.517774855917086,409.1726870822202,51.01105591195067,2.939836910203386,35.52532122527926,20.64516129032258,3968,128,32,117.1875,156.25,16,63.4034620505992,0.14326474201116968,0.8567352579888303,9.67741935483871,17.24598511065239,0.0015306858010056042,2.427530964462723,,Isolated Supraventricular Beat/True/data20240102_aligned_C-001_1701945598670-1701946193670_duration=1s_pos=55242-55306_src=ishne.json
10.079062391881017,413.97482226591063,51.79334737500091,1.4858306580061154,41.07274715618711,36.774193548387096,3968,128,24,101.5625,171.875,11,46.04796663190824,0.1304061374824199,0.8695938625175801,13.043478260869565,25.310718431813594,0.000196167276854918,2.2155442749687424,0.6931471805599453,Isolated Supraventricular Beat/True/data20240102_aligned_C-001_1701941995670-1701942582670_duration=1s_pos=55636-55700_src=ishne.json
33.33167062568437,388.8660004564427,47.760600188617545,23.28484998271041,11.666561606133023,1.935483870967742,3968,128,46,70.3125,93.75,0,89.07216494845362,0.2348134759268011,0.7651865240731989,8.88888888888889,12.327480056937212,0.0017465540545225956,1.690314941413585,0.3272129112084162,Isolated Supraventricular Beat/True/data20240102_aligned_R-003_1697646649857-1697647248857_duration=1s_pos=62278-62342_src=ishne.json
11.997875848684684,419.84501925322024,51.807815236433804,3.276478443559938,34.993276272813844,15.483870967741936,3968,128,39,117.1875,148.4375,19,74.50599948940516,0.10690867207163124,0.8930913279283688,5.2631578947368425,20.473840053693632,0.0003269536989633045,2.264505736832394,0.6276692511804383,Isolated Supraventricular Beat/True/data20240102_aligned_C-002_1700108379660-1700108922660_duration=1s_pos=61685-61749_src=ishne.json
10.458620005393833,447.5509284442238,29.238354181055968,2.531289826561256,42.79253720097593,25.41935483870968,3968,128,45,93.75,164.0625,17,86.11620795107034,0.1420418977887291,0.8579581022112709,6.818181818181818,14.894258313135492,0.001916180717299235,0.5004564859836989,0.703958096664161,Isolated Supraventricular Beat/True/ReNew20230809_Patient_P001-006_P-004_04-10-2023_P-004_04-10-2023.linejson_duration=1s_pos=10350033-10350097_src=ishne.json
3.330074873796475,406.5597458344847,22.971936646586922,1.3582722255525148,122.08723201582299,38.32258064516129,3968,128,34,78.125,132.8125,9,66.0343929129755,0.2088447123930961,0.7911552876069039,6.0606060606060606,13.062635586689993,0.001052237625278343,3.10948020101777,0.7213180575266417,Isolated Supraventricular Beat/True/ReNew20230809_Patient_P001-006_P-006_04-10-2023_P-006_04-10-2023.linejson_duration=1s_pos=9035884-9035948_src=ishne.json
12.92204596531721,395.2087039536133,50.28797100087548,2.6102964117870053,30.584063423879666,19.35483870967742,3968,128,42,85.9375,132.8125,12,82.34309623430963,0.1840231389721238,0.8159768610278761,0.0,12.548070239930887,0.018749890609007978,9.269830806238353,0.27068449608320977,Isolated Supraventricular Beat/True/ReNew20230809_Patient_P001-006_P-002_04-06-2023_P-002_04-06-2023.linejson_duration=1s_pos=8345049-8345113_src=ishne.json
10.869147110956675,413.51992874361497,51.516093224016345,2.714901515877166,38.04529338658704,25.161290322580644,3968,128,30,121.09375,140.625,15,57.639751552795026,0.1198019355494784,0.8801980644505216,3.4482758620689653,32.154561806766175,0.0006506882088960959,2.629495426625249,1.0445450673978338,Isolated Supraventricular Beat/True/data20240102_aligned_C-002_1700090975660-1700091562660_duration=1s_pos=33162-33226_src=ishne.json
21.46421561205682,400.25209007105457,50.42571416458143,7.840277037855614,18.647411983637273,7.096774193548387,3968,128,32,54.6875,78.125,0,63.28548644338118,0.29341782307545083,0.7065821769245492,3.225806451612903,14.7068029553939,0.0022546950411769444,1.4753069687880724,0.3429447511268303,Isolated Supraventricular Beat/True/data20240102_aligned_R-003_1697648979857-1697649578857_duration=1s_pos=9827-9891_src=ishne.json
10.653421686050889,418.2717368124718,51.62346875235916,2.2570619348671883,39.26172359237543,22.58064516129032,3968,128,32,78.125,140.625,12,60.796731358529115,0.16192768730014814,0.8380723126998518,9.67741935483871,29.66972139030014,0.0006873824072242702,2.5706653532960577,0.531879032963823,Isolated Supraventricular Beat/True/data20240102_aligned_C-002_1700092172660-1700092780660_duration=1s_pos=54808-54872_src=ishne.json
12.560019047188081,419.36653605328934,52.110536810153846,4.122947954071865,33.389002125611775,14.193548387096774,3968,128,32,78.125,148.4375,11,62.9674689235652,0.18739768138975374,0.8126023186102462,9.67741935483871,29.343862510383538,0.0015974345624961733,2.3819478483859795,0.7166776779701395,Isolated Supraventricular Beat/True/data20240102_aligned_C-002_1700098963660-1700101753660_duration=1s_pos=216199-216263_src=ishne.json
3.2038115315874296,409.6503065482018,23.152011541451937,1.4190970028935546,127.86338230134447,37.29032258064516,3968,128,37,85.9375,132.8125,11,70.96509240246407,0.17726014666298334,0.8227398533370167,8.333333333333334,11.239013269583833,0.0005182191874427708,3.247873868970682,1.9459101490553135,Isolated Supraventricular Beat/True/ReNew20230809_Patient_P001-006_P-006_04-10-2023_P-006_04-10-2023.linejson_duration=1s_pos=6340847-6340911_src=ishne.json
20.9847419944925,390.91183663115027,50.053853638702336,8.172228951735638,18.628383332297474,7.096774193548387,3968,128,37,70.3125,70.3125,0,71.36809499225606,0.3634555984450268,0.6365444015549733,5.555555555555555,15.497964072292909,0.003542965782377147,1.395072636904191,0.41670118137509027,Isolated Supraventricular Beat/True/data20240102_aligned_R-003_1697648449857-1697648978857_duration=1s_pos=61176-61240_src=ishne.json
10.92912608007165,405.88970435960346,49.360230404348115,2.4403896370284173,37.13834612644494,21.29032258064516,3968,128,35,85.9375,140.625,6,67.64766839378238,0.2845503208055784,0.7154496791944216,44.11764705882353,21.29387943157766,0.0016167481450613933,3.0410877372295255,1.0296194171811581,Isolated Supraventricular Beat/True/data20240102_aligned_R-002_1700508616428-1700509216428_duration=1s_pos=26185-26249_src=ishne.json
35.928196960491675,634.3235511632246,53.66138860995568,19.43058472042636,17.65531218294768,2.7096774193548385,3968,128,45,93.75,164.0625,3,87.95419052576783,0.20263916152798198,0.797360838472018,2.272727272727273,14.030326697467217,0.011010339811634294,1.8024829071029966,0.4101820979863032,Isolated Supraventricular Beat/True/ReNew20230809_Patient_P001-006_P-003_04-10-2023_P-003_04-10-2023.linejson_duration=1s_pos=8374561-8374625_src=ishne.json
14.464349426134703,412.99806278470305,50.1339626239882,4.521466466813617,28.552824746176192,9.67741935483871,3968,128,36,78.125,125.0,2,70.99841521394612,0.2886535039872947,0.7113464960127053,37.142857142857146,6.512080838958905,0.0031203161509887945,1.1160334567724668,0.7731898882334817,Isolated Supraventricular Beat/True/data20240102_aligned_R-002_1700507075428-1700507414428_duration=1s_pos=10843-10907_src=ishne.json
14.498730561890444,433.6552089931052,51.77612763286053,5.294100888111775,29.909872263099015,11.612903225806452,3968,128,37,70.3125,117.1875,0,71.25773195876289,0.19468711186714724,0.8053128881328527,13.88888888888889,8.747461522741336,0.006686761841688702,1.6731397379195507,0.5898613544429794,Isolated Supraventricular Beat/True/data20240102_aligned_C-002_1700079263660-1700087247660_duration=1s_pos=61701-61765_src=ishne.json
34.88734589569586,418.4937710933532,54.24583430353333,23.199329346626275,11.995574565888926,3.225806451612903,3968,128,43,78.125,132.8125,7,83.37037994313776,0.2369365975834064,0.7630634024165937,2.380952380952381,11.600023302155265,0.0008282463551787224,6.514471221323146,0.48307571081308825,Isolated Supraventricular Beat/True/ReNew20230809_Patient_P001-006_P-002_04-06-2023_P-002_04-06-2023.linejson_duration=1s_pos=5260517-5260581_src=ishne.json
2.9372478050950472,409.3079058958892,22.979019953315508,1.1768534588658675,139.35077790682573,43.483870967741936,3968,128,33,78.125,132.8125,9,64.65666929755328,0.16382609285840194,0.8361739071415981,9.375,16.644525432822782,0.004059535194124605,4.307664733652068,0.6539264674066639,Isolated Supraventricular Beat/True/ReNew20230809_Patient_P001-006_P-006_04-10-2023_P-006_04-10-2023.linejson_duration=1s_pos=10831802-10831866_src=ishne.json
19.3600943223062,417.20677528084957,51.04214522994708,7.420110721116924,21.549830635397477,10.32258064516129,3968,128,45,78.125,125.0,2,88.06880375293197,0.1696401782354149,0.8303598217645851,0.0,12.459917967389927,0.0012317084312003582,7.310869210442612,0.6440144919823008,Isolated Supraventricular Beat/True/ReNew20230809_Patient_P001-006_P-002_04-06-2023_P-002_04-06-2023.linejson_duration=1s_pos=5110530-5110594_src=ishne.json
34.001446614476755,407.4376112390423,48.38365269244982,26.103572455662416,11.982948957313457,1.935483870967742,3968,128,46,54.6875,93.75,0,90.68485961689845,0.1706565733736436,0.8293434266263564,8.88888888888889,5.924775732091094,0.0018659210140256183,0.7093215270207717,0.43739815521117353,Isolated Supraventricular Beat/True/data20240102_aligned_R-003_1697646044857-1697646648857_duration=1s_pos=71600-71664_src=ishne.json
21.793455627353865,398.7346863535214,49.82120811498578,9.26865278975253,18.29607359545952,4.516129032258064,3968,128,34,62.5,109.375,0,66.2415054887611,0.4143247807468978,0.5856752192531022,9.090909090909092,12.9759480324378,0.0025184542200491415,1.0944154001962947,0.5306282510621704,Isolated Supraventricular Beat/True/data20240102_aligned_R-003_1697648979857-1697649578857_duration=1s_pos=33596-33660_src=ishne.json
13.365295558175701,411.96419674929797,50.98907183153406,4.153897097931569,30.823423554885125,12.903225806451612,3968,128,34,85.9375,140.625,9,66.71229270860752,0.1747372425994034,0.8252627574005966,0.0,16.299154998210824,0.003684969714032585,6.746210597206299,0.9650808960435872,Isolated Supraventricular Beat/True/ReNew20230809_Patient_P001-006_P-002_04-06-2023_P-002_04-06-2023.linejson_duration=1s_pos=651764-651828_src=ishne.json
11.967646973982175,420.6735300277991,52.06647437897999,3.5030445730697135,35.15089438980399,21.29032258064516,3968,128,31,85.9375,140.625,12,59.968766267568974,0.10641518992868373,0.8935848100713163,3.3333333333333335,26.926085860509417,0.0008877326119154694,2.3343937847812524,0.6757554378480761,Isolated Supraventricular Beat/True/data20240102_aligned_C-002_1700101754660-1700105384660_duration=1s_pos=191363-191427_src=ishne.json
13.794694401984954,417.4104556703241,51.17200126230623,3.50472017615977,30.258765670915928,16.129032258064516,3968,128,45,78.125,132.8125,3,86.62394257882593,0.2618163755321368,0.7381836244678632,2.272727272727273,11.25344326544987,0.03655532524169074,5.315677960766461,0.4776275543563949,Isolated Supraventricular Beat/True/ReNew20230809_Patient_P001-006_P-002_04-06-2023_P-002_04-06-2023.linejson_duration=1s_pos=5834436-5834500_src=ishne.json
5.139581421084207,403.39373322375627,22.75582998422034,2.7782076548383827,78.48764747285819,20.258064516129032,3968,128,35,125.0,156.25,18,67.36842105263158,0.06632905661177863,0.9336709433882213,2.9411764705882355,24.349728449477478,0.0005293174046418927,2.42296335452444,1.0459685551826876,Isolated Supraventricular Beat/True/ReNew20230809_Patient_P001-006_P-004_04-10-2023_P-004_04-10-2023.linejson_duration=1s_pos=1507256-1507320_src=ishne.json
18.38258680003159,409.189744933152,50.523355626276484,8.240513200332366,22.259637728070516,7.096774193548387,3968,128,34,70.3125,78.125,0,65.40387096774194,0.2901551918881155,0.7098448081118844,0.0,16.337895207425145,0.0011485979404379273,1.7664122170427314,0.15984870094189602,Isolated Supraventricular Beat/True/data20240102_aligned_R-003_1697648979857-1697649578857_duration=1s_pos=5711-5775_src=ishne.json
4.391122350714683,406.63887278756107,23.05288650722209,1.9500012112552145,92.60474833196794,29.29032258064516,3968,128,35,78.125,140.625,16,69.20752716671085,0.16880703463705135,0.8311929653629486,29.41176470588235,17.475514675416896,0.00022639247530278168,3.707281520669699,0.5389965007326869,Isolated Supraventricular Beat/True/ReNew20230809_Patient_P001-006_P-006_04-10-2023_P-006_04-10-2023.linejson_duration=1s_pos=10366550-10366614_src=ishne.json
47.14877404826377,393.65928266074246,69.42358674727004,17.83699712643072,8.349300321329107,1.935483870967742,3968,128,37,70.3125,140.625,1,70.96509240246407,0.339285490387918,0.660714509612082,13.88888888888889,9.139180988783453,0.0016017529380342962,1.0451418186823986,0.4485486942444762,Isolated Supraventricular Beat/True/data20240102_aligned_R-003_1697648979857-1697649578857_duration=1s_pos=37173-37237_src=ishne.json
18.836699606619757,387.27291405344886,46.44329598784935,6.66613162175822,20.55948767998946,7.096774193548387,3968,128,23,70.3125,164.0625,1,47.621195039458854,0.8696860551249548,0.13031394487504522,22.727272727272727,9.120488851191787,0.0003927325143601784,0.6640767165719953,0.6539264674066639,Isolated Supraventricular Beat/True/data20240102_aligned_R-003_1697644849857-1697645448857_duration=1s_pos=22715-22779_src=ishne.json
4.861146881835047,403.9922627441761,23.087719144028863,1.8867779593290113,83.1063511262019,28.774193548387096,3968,128,36,97.65625,132.8125,16,70.64388961892247,0.16777006551797147,0.8322299344820285,8.571428571428571,18.356303408121608,0.00028585047982278365,3.588118185788506,1.0169342576538425,Isolated Supraventricular Beat/True/ReNew20230809_Patient_P001-006_P-006_04-10-2023_P-006_04-10-2023.linejson_duration=1s_pos=10026811-10026875_src=ishne.json
19.18478897645095,410.1816420119484,62.02966301588575,1.5982584034199832,21.38056463038899,30.967741935483872,3968,128,3,125.0,171.875,2,,,,,61.13885450311166,0.0030830600134442595,0.4300100768661798,,Isolated Supraventricular Beat/True/data20240102_aligned_C-002_1700038318660-1700039361660_duration=1s_pos=35280-35344_src=ishne.json
21.051136223898833,403.7897509384025,51.07032356500499,7.840615562542785,19.181374699319807,9.032258064516128,3968,128,36,66.40625,70.3125,0,69.08249807247495,0.4323781620025741,0.5676218379974258,8.571428571428571,15.491726344647567,0.00038291340783286034,1.3847801749240096,0.6120216357475767,Isolated Supraventricular Beat/True/data20240102_aligned_R-003_1697648449857-1697648978857_duration=1s_pos=61933-61997_src=ishne.json
4.579551415504784,411.9356435544821,23.452380606692635,1.880134554075985,89.95107079893009,29.935483870967744,3968,128,39,125.0,132.8125,22,75.08103936197583,0.10280062665077006,0.89719937334923,5.2631578947368425,19.020571802175112,0.00045943697269876585,4.78416459983771,0.9985288301111273,Isolated Supraventricular Beat/True/ReNew20230809_Patient_P001-006_P-006_04-10-2023_P-006_04-10-2023.linejson_duration=1s_pos=8424291-8424355_src=ishne.json
3.373705821984645,407.66844236654,22.98608133880052,1.4663987189678096,120.83694994182142,36.0,3968,128,36,125.0,132.8125,19,69.08249807247495,0.13501215003907818,0.8649878499609218,5.714285714285714,20.345136485901754,0.0005302685597481378,3.958079590836477,0.9501922835498364,Isolated Supraventricular Beat/True/ReNew20230809_Patient_P001-006_P-006_04-10-2023_P-006_04-10-2023.linejson_duration=1s_pos=9814509-9814573_src=ishne.json
3.683313745748175,418.82860650446116,23.48982435223665,1.5047766859856981,113.7096977628466,32.774193548387096,3968,128,34,89.84375,132.8125,15,65.47145440454663,0.17814777440687712,0.8218522255931229,9.090909090909092,14.580464249025763,0.0015068130900975877,3.2238530287364355,0.706570200892086,Isolated Supraventricular Beat/True/ReNew20230809_Patient_P001-006_P-006_04-10-2023_P-006_04-10-2023.linejson_duration=1s_pos=8180346-8180410_src=ishne.json
15.476996675103685,413.09527190566064,58.68592531221857,3.1964729262985436,26.69091774628655,14.782608695652174,2944,128,26,85.9375,140.625,9,66.89895470383276,0.2464895148693138,0.7535104851306862,40.0,21.34817192630672,0.00044238855823794816,2.489683579021837,2.3978952727983707,Isolated Supraventricular Beat/True/data20240102_aligned_R-002_1700510133428-1700510422428_duration=1s_pos=900-964_src=ishne.json
12.526586353278903,417.4200611956285,52.206920572102725,3.7280633413396824,33.32272784465647,16.7741935483871,3968,128,32,70.3125,140.625,11,62.291993720565145,0.13170970107844784,0.8682902989215522,6.451612903225806,28.179437894756514,0.0005799769783157098,2.6476475667001744,0.4274440148269396,Isolated Supraventricular Beat/True/data20240102_aligned_C-002_1700101754660-1700105384660_duration=1s_pos=168967-169031_src=ishne.json
3.8078056202650163,402.3089180215417,22.697853829056523,1.6198742674993216,105.65371567990543,33.806451612903224,3968,128,35,78.125,132.8125,14,68.24882383690539,0.09766272798557252,0.9023372720144275,2.9411764705882355,19.44702580317998,0.001504287292001878,4.126923338680277,1.3668762752627892,Isolated Supraventricular Beat/True/ReNew20230809_Patient_P001-006_P-006_04-10-2023_P-006_04-10-2023.linejson_duration=1s_pos=898987-899051_src=ishne.json
41.645741666624424,421.05538956024293,50.48356000126249,32.10594490375129,10.11040655297723,1.935483870967742,3968,128,48,54.6875,93.75,0,92.43533930857875,0.16911958837945446,0.8308804116205455,6.382978723404255,11.965066417521442,0.000924467810336743,1.6484899232737682,0.2735744049411017,Isolated Supraventricular Beat/True/data20240102_aligned_R-003_1697647849857-1697648448857_duration=1s_pos=8934-8998_src=ishne.json
3.8217994800210326,415.31707101763817,23.484893700323283,1.831162492359928,108.6705266768276,29.161290322580648,3968,128,33,85.9375,132.8125,12,64.7418335089568,0.16347252340356908,0.8365274765964309,9.375,21.297851624635882,0.0014655477825245252,4.257323385974568,0.5041366356151941,Isolated Supraventricular Beat/True/ReNew20230809_Patient_P001-006_P-006_04-10-2023_P-006_04-10-2023.linejson_duration=1s_pos=10523568-10523632_src=ishne.json
4.034729126048548,409.8728497777423,23.128596280039446,1.8786694416315086,101.58618717310722,25.41935483870968,3968,128,34,78.125,132.8125,13,66.67719021310182,0.10186526595639843,0.8981347340436016,3.0303030303030303,25.201680066720854,0.0015300510867254022,4.28316639994462,0.7827593392496325,Isolated Supraventricular Beat/True/ReNew20230809_Patient_P001-006_P-006_04-10-2023_P-006_04-10-2023.linejson_duration=1s_pos=9871182-9871246_src=ishne.json
10.525202992549325,407.236212596083,50.408345438273415,2.2886016577166046,38.69152682307735,20.0,3968,128,34,85.9375,140.625,5,64.39024390243902,0.22597425099054344,0.7740257490094565,33.333333333333336,22.04710039659774,0.002034559951234658,3.00651958076908,1.6094379124341003,Isolated Supraventricular Beat/True/data20240102_aligned_R-002_1700508031428-1700508611428_duration=1s_pos=13073-13137_src=ishne.json
68.2417037335081,420.72700078409076,81.11740894956581,31.000077866778053,6.165247518758203,1.935483870967742,3968,128,40,70.3125,117.1875,0,77.0766855378281,0.4055406165835747,0.5944593834164253,12.820512820512821,11.159435843818452,0.0022050022514053386,1.595111356275754,0.6273958029971649,Isolated Supraventricular Beat/True/data20240102_aligned_R-003_1697648979857-1697649578857_duration=1s_pos=42349-42413_src=ishne.json
24.410098799479226,391.8767766036221,48.39329197081801,8.648232509202213,16.0538785102379,9.032258064516128,3968,128,4,70.3125,109.375,0,61.60427807486631,0.3484358368273535,0.6515641631726465,0.0,72.83060578932484,0.0008754537012871467,0.9879338499581563,,Isolated Supraventricular Beat/True/data20240102_aligned_R-003_1697648449857-1697648978857_duration=1s_pos=64070-64134_src=ishne.json
11.475259706493988,424.43568086107786,52.38325683180929,2.7442404389885766,36.9870185712543,18.70967741935484,3968,128,32,113.28125,140.625,12,62.900924702774105,0.10018750449584496,0.8998124955041551,3.225806451612903,28.926521804606967,0.000564010442206275,2.56650800661324,0.6190392084062235,Isolated Supraventricular Beat/True/data20240102_aligned_C-002_1700101754660-1700105384660_duration=1s_pos=129409-129473_src=ishne.json
36.86879342665999,409.9847087585396,48.75902032994013,25.794563314122886,11.120100755507153,0.0,3968,128,45,70.3125,117.1875,0,87.68033212247016,0.34639131676345114,0.6536086832365489,18.181818181818183,12.68796630174203,0.003651228426683669,1.4191229759876047,0.4835666957933562,Isolated Supraventricular Beat/True/data20240102_aligned_R-003_1697647249857-1697647848857_duration=1s_pos=2146-2210_src=ishne.json
11.089642860825634,420.88327706921325,51.92670678132352,2.754007805389813,37.95282178140914,16.7741935483871,3968,128,29,117.1875,140.625,12,56.29319371727749,0.10886779612929755,0.8911322038707025,3.5714285714285716,31.724085906882095,0.00041598703394981674,2.379855571591188,0.49469624183610705,Isolated Supraventricular Beat/True/data20240102_aligned_C-002_1700107778660-1700108378660_duration=1s_pos=2888-2952_src=ishne.json
4.856713000659178,408.2968185193104,22.954708806082053,2.761323968007545,84.06853244063667,19.741935483870968,3968,128,39,78.125,132.8125,14,75.17774343122102,0.11585549774444125,0.8841445022555587,7.894736842105263,16.181075599532264,0.001465925058285914,3.797441740641431,0.5688494638823682,Isolated Supraventricular Beat/True/ReNew20230809_Patient_P001-006_P-006_04-10-2023_P-006_04-10-2023.linejson_duration=1s_pos=4808965-4809029_src=ishne.json
10.243642731527908,399.360802968144,49.47552938907244,1.971880027534012,38.986205830156955,29.677419354838708,3968,128,32,62.5,78.125,0,60.641874681609785,0.28864385588789404,0.7113561441121059,9.67741935483871,21.841110156789263,0.00158115235859099,1.4537375956566896,0.7156200364120039,Isolated Supraventricular Beat/True/data20240102_aligned_R-003_1697644849857-1697645448857_duration=1s_pos=54654-54718_src=ishne.json
