mean_motion,max_motion,std_motion,median_motion,peak_ratio,zero_motion_pct,n_samples_ecg,fs,n_peaks,qrs_width_ms,qrs_width_max_ms,n_wide_qrs,mean_hr_bpm,rr_cv,hr_regularity,premature_pct,kurt,baseline_drift,snr_proxy,samp_en,json_path
4.000525746933114,391.3736189284953,22.00183865427695,1.8052368951302356,97.8305217502996,30.32258064516129,3968,128,28,93.75,179.6875,11,53.60910031023784,0.10996924072692225,0.8900307592730777,3.7037037037037037,23.00671114463139,0.0002637444872828426,2.125656674580329,0.30010459245033816,Isolated Ventricular Beat/True/ReNew20230809_Patient_P001-006_P-005_04-10-2023_P-005_04-10-2023.linejson_duration=1s_pos=1505865-1505929_src=ishne.json
4.45278706824201,410.81471544212144,23.023554974202813,2.0059562679970444,92.26010965402038,28.774193548387096,3968,128,36,121.09375,132.8125,18,68.18873668188736,0.1831578666160989,0.8168421333839011,28.571428571428573,17.433482843485177,0.009887002036814104,3.8582264247484015,0.5349231753450512,Isolated Ventricular Beat/True/ReNew20230809_Patient_P001-006_P-006_04-10-2023_P-006_04-10-2023.linejson_duration=1s_pos=10367012-10367076_src=ishne.json
11.412855628618983,405.3649023554534,50.43702582427735,2.6219128379167955,35.51826817301435,20.64516129032258,3968,128,41,78.125,125.0,4,78.78943318799692,0.278453003581652,0.7215469964183481,0.0,11.576881143078907,0.014637762022623162,7.6304698236628825,0.3041126138478769,Isolated Ventricular Beat/True/ReNew20230809_Patient_P001-006_P-002_04-06-2023_P-002_04-06-2023.linejson_duration=1s_pos=4256130-4256194_src=ishne.json
3.6819772689277905,418.99928420052987,23.57894575168397,1.555668561250112,113.7973267622094,34.83870967741935,3968,128,33,85.9375,132.8125,15,65.62349799732978,0.12899573263320274,0.8710042673667973,6.25,15.491093364428345,0.0036179048094437624,3.210181062547345,0.6811709895132297,Isolated Ventricular Beat/True/ReNew20230809_Patient_P001-006_P-006_04-10-2023_P-006_04-10-2023.linejson_duration=1s_pos=8174596-8174660_src=ishne.json
12.286915990820377,400.41458134156227,50.05884922045726,3.569248290776761,32.58869427055739,16.129032258064516,3968,128,45,78.125,117.1875,0,88.50707176532215,0.1061317590668086,0.8938682409331914,4.545454545454546,11.952319963597176,0.000415625944771036,10.097141275637167,0.6931471805599453,Isolated Ventricular Beat/True/ReNew20230809_Patient_P001-006_P-002_04-06-2023_P-002_04-06-2023.linejson_duration=1s_pos=1348139-1348203_src=ishne.json
3.8603866962039244,417.0791415659708,23.405745324728837,1.766597525966196,108.04073952885655,30.709677419354836,3968,128,35,125.0,132.8125,20,68.21316614420063,0.2147831136671809,0.785216886332819,17.647058823529413,13.896238556315787,0.0002206782187572472,3.148164687546367,1.3156767939059373,Isolated Ventricular Beat/True/ReNew20230809_Patient_P001-006_P-006_04-10-2023_P-006_04-10-2023.linejson_duration=1s_pos=8189831-8189895_src=ishne.json
4.000752137395078,428.5453750171027,23.59929836657593,1.9122386840166872,107.11617545493746,28.258064516129032,3968,128,37,93.75,148.4375,16,70.83781706379708,0.15308667187492517,0.8469133281250748,0.0,24.729594545434697,0.003201308514127431,2.571920421676979,0.21551962620355042,Isolated Ventricular Beat/True/ReNew20230809_Patient_P001-006_P-004_04-10-2023_P-004_04-10-2023.linejson_duration=1s_pos=5669241-5669305_src=ishne.json
30.681900080430722,411.93733302388915,49.82121840014439,20.960719592139743,13.42606939328892,2.5806451612903225,3968,128,30,93.75,179.6875,9,58.364779874213845,0.5520056125458137,0.4479943874541863,10.344827586206897,0.8667607540438071,0.004953178657824792,0.2204585026879184,1.2685113254635072,Isolated Ventricular Beat/True/ReNew20230809_Patient_ECG-Data2_C880654_ECGRec_202308_C880654_2023-_duration=1s_pos=444743-444807_src=ishne.json
11.421895959497874,397.21427316933244,49.149261386760955,3.1834553645962993,34.77655897070837,13.548387096774196,3968,128,28,85.9375,132.8125,3,55.207667731629385,0.5081918831388653,0.4918081168611347,7.407407407407407,18.262695423839336,0.0445007260039575,2.7441581706328053,0.7519876805828788,Isolated Ventricular Beat/True/ReNew20230809_Patient_P001-006_P-002_04-06-2023_P-002_04-06-2023.linejson_duration=1s_pos=525575-525639_src=ishne.json
4.140048463580846,401.71851860418474,22.528215100617373,2.1415091365790673,97.03229928483198,24.0,3968,128,37,132.8125,156.25,19,71.79433913269281,0.06357424743848035,0.9364257525615196,2.7777777777777777,24.678945341690195,0.0016471474654438662,2.556085488601176,0.8086600676817897,Isolated Ventricular Beat/True/ReNew20230809_Patient_P001-006_P-004_04-10-2023_P-004_04-10-2023.linejson_duration=1s_pos=4656284-4656348_src=ishne.json
19.100354761480535,584.9993885304809,40.47577936078554,8.137768355894304,30.627669758394887,6.709677419354838,3968,128,40,105.46875,148.4375,13,78.67612293144208,0.057513015378201506,0.9424869846217985,2.5641025641025643,17.51481483177223,0.008353327750576114,1.701261625610484,0.5513169851207277,Isolated Ventricular Beat/True/ReNew20230809_Patient_P001-006_P-005_04-10-2023_P-005_04-10-2023.linejson_duration=1s_pos=7486271-7486335_src=ishne.json
24.4489976575602,407.7691534499599,50.593966848945634,11.648460347459144,16.67835804489556,5.161290322580645,3968,128,51,78.125,125.0,3,97.46192893401015,0.08196830082197418,0.9180316991780259,6.0,10.604822137710814,0.018004622892799863,4.037994741708011,0.8221393007510487,Isolated Ventricular Beat/True/ReNew20230809_Patient_P001-006_P-002_04-06-2023_P-002_04-06-2023.linejson_duration=1s_pos=5658336-5658400_src=ishne.json
3.7657288007727017,406.1099859729037,22.86674382090604,1.713505013311023,107.84363389257847,32.12903225806451,3968,128,36,125.0,164.0625,18,69.89079563182527,0.05296431641218601,0.947035683587814,2.857142857142857,24.06566434374242,0.0010385242038039452,2.532483925268243,1.221214610760442,Isolated Ventricular Beat/True/ReNew20230809_Patient_P001-006_P-004_04-10-2023_P-004_04-10-2023.linejson_duration=1s_pos=4421954-4422018_src=ishne.json
13.056985592418755,411.16454487721796,51.00107317869921,4.885241822868869,31.490002840008383,13.548387096774196,3968,128,40,85.9375,140.625,15,77.01722807919774,0.16554575073859773,0.8344542492614022,0.0,12.31281098085985,0.0014636894748630983,7.804384698432734,0.5444019192995949,Isolated Ventricular Beat/True/ReNew20230809_Patient_P001-006_P-002_04-06-2023_P-002_04-06-2023.linejson_duration=1s_pos=9561022-9561086_src=ishne.json
34.83701768738074,432.0390136361788,54.572093396826936,22.97135461434663,12.401721786620032,3.225806451612903,3968,128,43,78.125,132.8125,6,83.2842757552285,0.2365420022144543,0.7634579977855457,2.380952380952381,11.54818977516555,0.009388800128677492,6.440308574120754,0.5201933737695908,Isolated Ventricular Beat/True/ReNew20230809_Patient_P001-006_P-002_04-06-2023_P-002_04-06-2023.linejson_duration=1s_pos=5260321-5260385_src=ishne.json
76.40616117275907,363.78021746746816,86.0731690925538,41.087546617847195,4.761137153374339,2.5806451612903225,3968,128,35,70.3125,85.9375,0,71.63786008230453,0.34411878171499355,0.6558812182850065,11.764705882352942,13.56132986917667,0.00028019600369732643,1.6359964605351105,0.3760512229018711,Isolated Ventricular Beat/True/data20240102_aligned_R-003_1697648979857-1697649578857_duration=1s_pos=68802-68866_src=ishne.json
5.243533827994127,404.6697867756195,22.732259153201603,2.8280450379944977,77.17499741113053,18.96774193548387,3968,128,39,93.75,164.0625,12,75.02313624678663,0.20864219455260685,0.7913578054473931,0.0,21.07470373807098,0.0005400673475937041,2.2900436568056097,0.37059628245734044,Isolated Ventricular Beat/True/ReNew20230809_Patient_P001-006_P-004_04-10-2023_P-004_04-10-2023.linejson_duration=1s_pos=5183453-5183517_src=ishne.json
42.17036146185703,565.9893626451249,57.80431797570696,19.95969911587059,13.421496273764795,4.0,3968,128,41,85.9375,156.25,18,78.44739530132789,0.45532407403363495,0.544675925966365,2.5,20.959826640945806,0.00040721330420991346,2.186672893668567,0.5997731097824868,Isolated Ventricular Beat/True/ReNew20230809_Patient_P001-006_P-003_04-10-2023_P-003_04-10-2023.linejson_duration=1s_pos=6039562-6039626_src=ishne.json
4.217298832914358,403.301971728001,22.749681800667656,2.1076529967225532,95.63037671175013,26.193548387096776,3968,128,37,93.75,179.6875,17,71.90637191157347,0.1608996186518959,0.8391003813481042,2.7777777777777777,22.457856669003277,0.0016516830523096628,2.2943670147887745,0.508718141426426,Isolated Ventricular Beat/True/ReNew20230809_Patient_P001-006_P-004_04-10-2023_P-004_04-10-2023.linejson_duration=1s_pos=4950165-4950229_src=ishne.json
35.50098092622912,441.4263900335312,50.74741057940908,25.460994558771933,12.434202269413655,1.935483870967742,3968,128,48,70.3125,78.125,0,92.24635829286993,0.27297201737690935,0.7270279826230907,29.78723404255319,13.640780608867093,0.0011615622062255628,1.8268255597685639,0.20802991350416158,Isolated Ventricular Beat/True/data20240102_aligned_R-003_1697646649857-1697647248857_duration=1s_pos=57848-57912_src=ishne.json
9.592081638578545,393.17355474735194,49.11599056817678,1.9301674597466123,40.98938359497042,29.03225806451613,3968,128,25,78.125,164.0625,3,48.08765979650404,0.084962396698805,0.915037603301195,12.5,13.02208218054524,0.0003205945154953606,1.2569383356643697,,Isolated Ventricular Beat/True/data20240102_aligned_C-001_1701943779670-1701944383670_duration=1s_pos=68341-68405_src=ishne.json
5.740741726248199,402.67491811092583,23.128022930278426,2.6118562704653403,70.14334857226561,19.483870967741936,3968,128,38,132.8125,164.0625,21,75.33404029692471,0.06730382966474106,0.932696170335259,2.7027027027027026,18.290432832706195,0.004352563792572046,1.631651208156363,1.1526795099383855,Isolated Ventricular Beat/True/ReNew20230809_Patient_P001-006_P-004_04-10-2023_P-004_04-10-2023.linejson_duration=1s_pos=4887329-4887393_src=ishne.json
4.096050794424214,400.85147264641205,22.680692318102246,2.011565812971128,97.86289157575462,26.193548387096776,3968,128,38,140.625,156.25,23,74.6218487394958,0.1582983541788963,0.8417016458211037,0.0,24.16591019934458,0.0009689795028225785,2.5484338425242496,0.24541035208996123,Isolated Ventricular Beat/True/ReNew20230809_Patient_P001-006_P-004_04-10-2023_P-004_04-10-2023.linejson_duration=1s_pos=6560626-6560690_src=ishne.json
24.15431745702452,409.4926742454794,54.73033833077063,7.36154094598418,16.95318685865845,9.032258064516128,3968,128,36,82.03125,140.625,4,70.3849175176748,0.2251051802591462,0.7748948197408538,22.857142857142858,12.634144213015935,0.01460833298892958,1.487282684525788,,Isolated Ventricular Beat/True/data20240102_aligned_R-002_1700507415428-1700507526428_duration=1s_pos=3202-3266_src=ishne.json
4.617886786054536,406.02577352771806,22.911958528055415,2.349833627245612,87.92456472282997,24.387096774193548,3968,128,35,93.75,156.25,15,67.8057647364321,0.16008844670774067,0.8399115532922593,2.9411764705882355,22.419116823782634,0.0005845658299171489,2.200316474032059,0.6359887667199967,Isolated Ventricular Beat/True/ReNew20230809_Patient_P001-006_P-004_04-10-2023_P-004_04-10-2023.linejson_duration=1s_pos=4491327-4491391_src=ishne.json
27.190736543356678,401.8398121209359,39.499834733217114,13.984833129644603,14.778555067886144,3.483870967741935,3968,128,49,101.5625,156.25,23,94.40204865556977,0.042542757383997744,0.9574572426160023,0.0,10.362701453800305,0.005614430375420171,1.1859326692764456,0.9444616088408514,Isolated Ventricular Beat/True/ReNew20230809_Patient_P001-006_P-004_04-10-2023_P-004_04-10-2023.linejson_duration=1s_pos=5801646-5801710_src=ishne.json
3.4932218245484283,406.3548152226812,22.938405331904754,1.4735603383233542,116.32662318791846,36.516129032258064,3968,128,32,125.0,132.8125,18,62.52100840336135,0.19988987969170705,0.800110120308293,3.225806451612903,20.022980896704286,0.0015497628038899647,3.7387145193685387,1.041453874828161,Isolated Ventricular Beat/True/ReNew20230809_Patient_P001-006_P-006_04-10-2023_P-006_04-10-2023.linejson_duration=1s_pos=10321991-10322055_src=ishne.json
79.69787973920616,465.31137234070985,93.94575701213222,44.80384550435734,5.838440972644421,3.225806451612903,3968,128,53,78.125,125.0,2,103.1138652207591,0.29642668176387804,0.7035733182361219,0.0,7.823096069056858,0.001911600276685539,6.002423032416094,0.14293560900711821,Isolated Ventricular Beat/True/ReNew20230809_Patient_P001-006_P-002_04-06-2023_P-002_04-06-2023.linejson_duration=1s_pos=2277803-2277867_src=ishne.json
14.719020819454798,400.46241646871783,50.500187596038366,3.952090154175858,27.207135187435387,9.67741935483871,3968,128,43,78.125,132.8125,10,84.32941176470588,0.17523459678736344,0.8247654032126366,2.380952380952381,13.788112502048847,0.0014171971823317103,7.911038175034518,0.4013917827205285,Isolated Ventricular Beat/True/ReNew20230809_Patient_P001-006_P-002_04-06-2023_P-002_04-06-2023.linejson_duration=1s_pos=2079000-2079064_src=ishne.json
10.947130499124194,395.33706003374635,24.950586756441353,5.553681400337518,36.11330146763786,11.483870967741936,3968,128,43,93.75,171.875,15,82.09722575719012,0.06268838364566356,0.9373116163543365,2.380952380952381,19.1004094435245,0.0014282596895291127,2.1998911246707036,1.0140549006400468,Isolated Ventricular Beat/True/ReNew20230809_Patient_P001-006_P-004_04-10-2023_P-004_04-10-2023.linejson_duration=1s_pos=6027486-6027550_src=ishne.json
54.25141653281172,421.88617436410505,70.73712751108451,25.326377246167155,7.776500477779124,2.5806451612903225,3968,128,49,78.125,132.8125,4,94.66872110939907,0.36505798387417426,0.6349420161258257,0.0,9.653212318279765,0.004767489063603028,6.757677297887118,0.25166377326262485,Isolated Ventricular Beat/True/ReNew20230809_Patient_P001-006_P-002_04-06-2023_P-002_04-06-2023.linejson_duration=1s_pos=5601242-5601306_src=ishne.json
3.7008991614608524,420.08637591126654,23.585379938049357,1.6250160454021056,113.509243044656,34.193548387096776,3968,128,35,85.9375,132.8125,15,67.28162844627673,0.23551491089742363,0.7644850891025764,17.647058823529413,14.10590489986955,0.0018372244592517277,3.2391230239036704,0.9921288082656595,Isolated Ventricular Beat/True/ReNew20230809_Patient_P001-006_P-006_04-10-2023_P-006_04-10-2023.linejson_duration=1s_pos=8202524-8202588_src=ishne.json
15.805511393489372,409.1637417389149,52.95254244196933,3.3178870539569694,25.88740760517566,18.064516129032256,3968,128,42,78.125,125.0,5,81.25935483870967,0.1605335536645453,0.8394664463354546,0.0,12.440904384450269,0.0003350477627629562,5.180588892497104,0.5578058326901832,Isolated Ventricular Beat/True/ReNew20230809_Patient_P001-006_P-002_04-06-2023_P-002_04-06-2023.linejson_duration=1s_pos=4551910-4551974_src=ishne.json
4.19247373218893,401.0202240125592,22.67805218864846,2.063003961246146,95.65238901348914,24.903225806451612,3968,128,38,93.75,156.25,18,73.3694810224632,0.14260186458496116,0.8573981354150388,0.0,23.461250779191417,0.002241534944900618,2.4926740576550084,0.8505393543113746,Isolated Ventricular Beat/True/ReNew20230809_Patient_P001-006_P-004_04-10-2023_P-004_04-10-2023.linejson_duration=1s_pos=5082518-5082582_src=ishne.json
49.141875939543624,430.45854733651004,64.92120530168104,27.802971907520345,8.759505622182035,1.935483870967742,3968,128,47,78.125,132.8125,4,91.59450350012963,0.14642632184540988,0.8535736781545902,0.0,9.172374312265411,0.02221265080159089,4.540974784331746,0.6061358035703156,Isolated Ventricular Beat/True/ReNew20230809_Patient_P001-006_P-002_04-06-2023_P-002_04-06-2023.linejson_duration=1s_pos=1117703-1117767_src=ishne.json
14.232131441051662,414.5651376808147,27.926203885049485,7.2079285931143655,29.128813928475573,7.354838709677419,3968,128,32,85.9375,179.6875,5,62.19435736677116,0.3332569610130403,0.6667430389869597,3.225806451612903,13.346227552637739,0.007531286969246553,1.5703177137873732,0.2732933349996813,Isolated Ventricular Beat/True/ReNew20230809_Patient_P001-006_P-005_04-10-2023_P-005_04-10-2023.linejson_duration=1s_pos=2822632-2822696_src=ishne.json
3.156080314922374,409.87854853059804,23.15367313787645,1.213013493625681,129.86945126940725,44.25806451612903,3968,128,33,85.9375,140.625,14,63.24240864642306,0.21012516358705682,0.7898748364129432,21.875,16.582259085154902,0.0005057663497266974,4.25487106493348,0.43286408229627876,Isolated Ventricular Beat/True/ReNew20230809_Patient_P001-006_P-006_04-10-2023_P-006_04-10-2023.linejson_duration=1s_pos=10719175-10719239_src=ishne.json
3.145097770210612,410.5423967913232,23.08415795981113,1.3220273150207351,130.53402350344348,39.61290322580645,3968,128,36,85.9375,132.8125,12,70.03647733194373,0.18089466420948253,0.8191053357905175,8.571428571428571,11.550823572263774,0.0029653300220741003,3.2124357769490537,1.2039728043259361,Isolated Ventricular Beat/True/ReNew20230809_Patient_P001-006_P-006_04-10-2023_P-006_04-10-2023.linejson_duration=1s_pos=6341806-6341870_src=ishne.json
3.6984061181235055,400.58894911555353,22.593524321555403,1.5431782696635477,108.3139136177101,34.32258064516129,3968,128,31,125.0,132.8125,16,60.2510460251046,0.3449548310349087,0.6550451689650914,0.0,16.234583067670002,0.003455835737248086,3.1305212194422647,0.4557269428890527,Isolated Ventricular Beat/True/ReNew20230809_Patient_P001-006_P-006_04-10-2023_P-006_04-10-2023.linejson_duration=1s_pos=9084224-9084288_src=ishne.json
3.179874664524426,411.90178238241424,23.217738580695308,1.284151215413587,129.53392705812516,40.774193548387096,3968,128,35,78.125,132.8125,6,67.91157347204161,0.11720057657204787,0.8827994234279521,2.9411764705882355,10.864966387125875,0.00048253463863126334,3.116357119077463,1.3545456628053103,Isolated Ventricular Beat/True/ReNew20230809_Patient_P001-006_P-006_04-10-2023_P-006_04-10-2023.linejson_duration=1s_pos=6622712-6622776_src=ishne.json
3.9251686169697155,418.19710827237856,23.393237377813353,1.7121187573738705,106.54242977536151,29.806451612903224,3968,128,36,125.0,140.625,21,70.86738729238071,0.195659400504729,0.804340599495271,14.285714285714286,14.187064284536714,0.001120994255509299,3.3519083599117376,1.6341305250244718,Isolated Ventricular Beat/True/ReNew20230809_Patient_P001-006_P-006_04-10-2023_P-006_04-10-2023.linejson_duration=1s_pos=8257956-8258020_src=ishne.json
13.039129645256933,403.4562806955556,49.60680304643217,3.3038308203181543,30.941961674593347,11.612903225806452,3968,128,44,78.125,132.8125,6,84.15902140672783,0.161452009767793,0.838547990232207,11.627906976744185,14.465571140220135,0.01637410925717592,2.3518275683418604,0.8109302162163288,Isolated Ventricular Beat/True/ReNew20230809_Patient_P001-006_P-002_04-06-2023_P-002_04-06-2023.linejson_duration=1s_pos=4823639-4823703_src=ishne.json
11.381409237770077,413.66921119895284,50.556033320084026,3.1311676076717365,36.346041708096955,14.838709677419354,3968,128,36,85.9375,132.8125,13,68.76438986953185,0.2087440245383324,0.7912559754616676,0.0,13.579198054413194,0.0009003982452959282,6.039082322438852,0.4657573383642845,Isolated Ventricular Beat/True/ReNew20230809_Patient_P001-006_P-002_04-06-2023_P-002_04-06-2023.linejson_duration=1s_pos=6730570-6730634_src=ishne.json
4.0941872966706985,397.8305571234273,22.503820197465714,2.0118631554288946,97.1695799743588,28.64516129032258,3968,128,34,85.9375,148.4375,7,65.00128238009746,0.09063443042228617,0.9093655695777139,3.0303030303030303,26.265568250809224,0.0003003181895177399,2.0128476604656247,0.4906229164484712,Isolated Ventricular Beat/True/ReNew20230809_Patient_P001-006_P-005_04-10-2023_P-005_04-10-2023.linejson_duration=1s_pos=9558740-9558804_src=ishne.json
26.27482044408619,405.0896006366773,50.917593289879626,12.784019143317282,15.417406413159581,5.806451612903226,3968,128,46,78.125,132.8125,4,90.14084507042253,0.28178358735151154,0.7182164126484885,0.0,9.698958027647441,0.0034460430040359298,3.866644045261877,0.29647482439975936,Isolated Ventricular Beat/True/ReNew20230809_Patient_P001-006_P-002_04-06-2023_P-002_04-06-2023.linejson_duration=1s_pos=8749342-8749406_src=ishne.json
15.60998392118049,437.88917386284896,51.61445586710972,6.136040382684893,28.05186398794638,8.38709677419355,3968,128,45,78.125,125.0,2,85.89730554143365,0.17659089272791237,0.8234091072720876,0.0,11.921836250066216,0.005375939691803146,9.052392080880747,0.551176919289558,Isolated Ventricular Beat/True/ReNew20230809_Patient_P001-006_P-002_04-06-2023_P-002_04-06-2023.linejson_duration=1s_pos=2971661-2971725_src=ishne.json
11.45396197483277,399.50677127506384,49.719093274628705,2.8043375342013954,34.87934893389131,14.838709677419354,3968,128,36,85.9375,132.8125,11,68.53646098929119,0.2803979790095188,0.7196020209904812,11.428571428571429,16.244926618984152,0.0013367243608824173,5.714027388120673,0.5901992113075029,Isolated Ventricular Beat/True/ReNew20230809_Patient_P001-006_P-002_04-06-2023_P-002_04-06-2023.linejson_duration=1s_pos=6406374-6406438_src=ishne.json
11.628758245726496,405.11000878368685,49.859785908904264,3.4310071608572024,34.83690737965553,18.064516129032256,3968,128,36,85.9375,132.8125,8,70.44025157232704,0.20383798298251984,0.7961620170174801,0.0,18.70666190888718,0.0012266981412215063,7.603662840383189,0.34747785045781504,Isolated Ventricular Beat/True/ReNew20230809_Patient_P001-006_P-002_04-06-2023_P-002_04-06-2023.linejson_duration=1s_pos=6195729-6195793_src=ishne.json
3.043635034247478,399.85398001611503,22.56788720013422,1.2549511110135914,131.37378304005284,40.64516129032258,3968,128,35,125.0,132.8125,19,69.29936305732484,0.09061677082765565,0.9093832291723444,2.9411764705882355,10.789273408978776,0.005042029352940825,2.5964529996448293,1.0198314108149953,Isolated Ventricular Beat/True/ReNew20230809_Patient_P001-006_P-006_04-10-2023_P-006_04-10-2023.linejson_duration=1s_pos=7362043-7362107_src=ishne.json
19.912401996928068,408.2126328986754,35.54688421603968,5.866704315153903,20.500420414434725,13.032258064516128,3968,128,31,85.9375,140.625,6,61.29289704708699,0.1405497748155847,0.8594502251844153,6.666666666666667,18.276637619790158,0.0024817456551283505,1.30216048593652,0.5415972824327444,Isolated Ventricular Beat/True/ReNew20230809_Patient_P001-006_P-005_04-10-2023_P-005_04-10-2023.linejson_duration=1s_pos=4561531-4561595_src=ishne.json
11.90734570427521,406.17193247392436,50.53077743598791,3.7009119212818575,34.11103603190563,18.70967741935484,3968,128,49,78.125,125.0,1,96.25065274151436,0.060373756069184006,0.939626243930816,2.0833333333333335,14.997564589548535,0.001766873514702485,2.1695207706195982,1.4307461236907244,Isolated Ventricular Beat/True/ReNew20230809_Patient_P001-006_P-002_04-06-2023_P-002_04-06-2023.linejson_duration=1s_pos=6025180-6025244_src=ishne.json
31.26883317686572,385.32007131612653,50.655387729135825,18.61112877506543,12.322815399405137,3.870967741935484,3968,128,42,78.125,132.8125,1,82.3861852433281,0.21764524564881857,0.7823547543511814,0.0,11.33552652432711,0.0011322743816650541,6.432487112937286,0.2358570045871949,Isolated Ventricular Beat/True/ReNew20230809_Patient_P001-006_P-002_04-06-2023_P-002_04-06-2023.linejson_duration=1s_pos=5405965-5406029_src=ishne.json
84.11772384833269,391.46624164265376,71.72008428457646,67.91692829328278,4.653790177379163,1.935483870967742,3968,128,45,78.125,109.375,0,88.29892866475046,0.32436352134547314,0.6756364786545268,2.272727272727273,10.270213495810243,0.0030626503271939543,4.8121920862801675,0.3629054936893685,Isolated Ventricular Beat/True/ReNew20230809_Patient_P001-006_P-002_04-06-2023_P-002_04-06-2023.linejson_duration=1s_pos=5345594-5345658_src=ishne.json
11.960595553392169,408.9223045307685,50.64049843995401,2.7181050911195825,34.18912281718868,20.64516129032258,3968,128,46,78.125,179.6875,3,89.83623602807383,0.09508223432713978,0.9049177656728602,4.444444444444445,15.548443931912818,0.0005201061641673607,2.6941007903876635,1.120591195386885,Isolated Ventricular Beat/True/ReNew20230809_Patient_P001-006_P-002_04-06-2023_P-002_04-06-2023.linejson_duration=1s_pos=1518091-1518155_src=ishne.json
15.805551702809545,444.66299857336014,52.51394912669081,5.596104915062572,28.133340664152687,10.967741935483872,3968,128,32,109.375,171.875,12,60.59557139221176,0.30579026656706443,0.6942097334329356,19.35483870967742,3.8442456362574635,0.002282580257444542,0.5232105104658819,2.3025850929940455,Isolated Ventricular Beat/True/data20240102_aligned_C-001_1701970162670-1701970771670_duration=1s_pos=2788-2852_src=ishne.json
5.206934624986503,403.51188076011067,22.90868006995976,2.4142797566111263,77.49507768518967,21.935483870967744,3968,128,40,93.75,156.25,13,78.51114023591087,0.2469353563830499,0.7530646436169501,0.0,14.796019691231113,0.019444991541128956,1.7890500261020257,0.2130205436827613,Isolated Ventricular Beat/True/ReNew20230809_Patient_P001-006_P-004_04-10-2023_P-004_04-10-2023.linejson_duration=1s_pos=10479269-10479333_src=ishne.json
3.075654505330003,406.1448808653012,22.9079045271146,1.2318044418431207,132.05148631290677,42.58064516129032,3968,128,33,85.9375,140.625,11,64.48701128312779,0.21937613829323516,0.7806238617067649,6.25,16.160164414529735,0.000420407903919308,3.359641810119122,0.7096764825111559,Isolated Ventricular Beat/True/ReNew20230809_Patient_P001-006_P-006_04-10-2023_P-006_04-10-2023.linejson_duration=1s_pos=9318417-9318481_src=ishne.json
33.29827325849077,422.7969864076765,50.83297859781732,22.129396692228575,12.697264222330292,1.935483870967742,3968,128,42,70.3125,109.375,0,80.04067107269954,0.2961847919345461,0.7038152080654538,14.634146341463415,11.52019911793072,0.0008585336530537406,1.6605722617818002,0.24014112768278081,Isolated Ventricular Beat/True/data20240102_aligned_R-003_1697646649857-1697647248857_duration=1s_pos=2482-2546_src=ishne.json
18.39734101691783,401.0736024251952,29.538747363022644,10.448703708579865,21.80062761546618,5.419354838709677,3968,128,51,101.5625,164.0625,20,97.66022380467955,0.23197537744472552,0.7680246225552745,4.0,10.332614106043678,0.011514146616575703,0.6834216366540284,0.2241792841877418,Isolated Ventricular Beat/True/ReNew20230809_Patient_P001-006_P-004_04-10-2023_P-004_04-10-2023.linejson_duration=1s_pos=9827958-9828022_src=ishne.json
2.9460588281578652,409.0861705258254,23.01659059506481,1.2133947470711615,138.85874503153656,41.677419354838705,3968,128,33,78.125,140.625,11,64.6396633350868,0.23502993049288323,0.7649700695071168,15.625,17.614179621394772,0.00037251991567599534,4.766907578495798,0.3317773923170052,Isolated Ventricular Beat/True/ReNew20230809_Patient_P001-006_P-006_04-10-2023_P-006_04-10-2023.linejson_duration=1s_pos=10775267-10775331_src=ishne.json
68.62522430034157,567.6276494927262,72.8498351961829,55.21804103930694,8.271414002773422,0.0,3968,128,46,78.125,132.8125,1,89.88296488946685,0.16738804238137012,0.8326119576186299,0.0,10.887025496443224,0.010104523105735952,7.512002040848659,0.3112125698619751,Isolated Ventricular Beat/True/ReNew20230809_Patient_P001-006_P-002_04-06-2023_P-002_04-06-2023.linejson_duration=1s_pos=5342360-5342424_src=ishne.json
2.8717636572197525,406.8476064180465,23.01919612646321,1.1017583098327233,141.67163921152533,46.19354838709677,3968,128,33,78.125,132.8125,11,63.569580962234866,0.17853152320926213,0.8214684767907379,9.375,16.82656567940565,0.00017235225626850765,4.422741784397986,0.8023464725249373,Isolated Ventricular Beat/True/ReNew20230809_Patient_P001-006_P-006_04-10-2023_P-006_04-10-2023.linejson_duration=1s_pos=10739947-10740011_src=ishne.json
9.939218572257214,400.46643126396685,25.267183198947336,3.0078384995311236,40.29153681057277,19.612903225806452,3968,128,37,101.5625,156.25,17,71.79433913269281,0.169882986799259,0.8301170132007409,0.0,15.959354507433247,0.0025604188937307856,1.4016064983926,0.19722926254873943,Isolated Ventricular Beat/True/ReNew20230809_Patient_P001-006_P-004_04-10-2023_P-004_04-10-2023.linejson_duration=1s_pos=5466965-5467029_src=ishne.json
36.0641362054833,434.83583461991947,50.52512011736291,28.107088158724423,12.057292044513565,1.2903225806451613,3968,128,30,54.6875,78.125,0,58.44135397533455,0.297907505637477,0.7020924943625231,3.4482758620689653,19.52288247554081,0.0014977136108884881,1.7189806650940034,0.19153821189887857,Isolated Ventricular Beat/True/data20240102_aligned_R-003_1697646649857-1697647248857_duration=1s_pos=18894-18958_src=ishne.json
14.982230109574513,413.91986237031773,51.39756393966066,3.785280215214515,27.62738468944048,15.483870967741936,3968,128,7,109.375,148.4375,3,29.86390149060272,0.882765753830571,0.11723424616942901,33.333333333333336,14.729402673287197,0.01510256803899727,0.4819594578633555,,Isolated Ventricular Beat/True/data20240102_aligned_C-001_1701974981670-1701975580670_duration=1s_pos=12446-12510_src=ishne.json
51.64066483074075,395.50844676645016,63.37104886547941,27.65608302294853,7.658856453609303,0.6451612903225806,3968,128,54,78.125,117.1875,0,105.06969540526588,0.172074943618987,0.827925056381013,0.0,8.499860868933752,0.002095643752576784,5.902998205029424,0.24251310408386942,Isolated Ventricular Beat/True/ReNew20230809_Patient_P001-006_P-002_04-06-2023_P-002_04-06-2023.linejson_duration=1s_pos=5735792-5735856_src=ishne.json
4.821327294971891,393.29963123925614,22.40920440193811,2.210979173942529,81.57495345202356,24.387096774193548,3968,128,43,93.75,156.25,14,82.32771822358346,0.08070507064397982,0.9192949293560202,2.380952380952381,22.941037437058718,0.0006923386834355511,2.5897775499155937,0.40546510810816444,Isolated Ventricular Beat/True/ReNew20230809_Patient_P001-006_P-003_04-10-2023_P-003_04-10-2023.linejson_duration=1s_pos=9275970-9276034_src=ishne.json
31.764271979020744,405.91717722884965,50.709582467387534,21.67088214946078,12.779048256415141,2.5806451612903225,3968,128,45,70.3125,78.125,0,85.85365853658537,0.26364166575048426,0.7363583342495157,22.727272727272727,15.438984782387791,0.003928938947739364,1.8386429440023517,0.22652764929845035,Isolated Ventricular Beat/True/data20240102_aligned_R-003_1697646649857-1697647248857_duration=1s_pos=72441-72505_src=ishne.json
41.84589507010376,444.0664302938965,51.82259416518537,31.061514271442768,10.611946976830396,2.5806451612903225,3968,128,48,78.125,125.0,1,93.82895762932155,0.06219318528719007,0.9378068147128099,2.127659574468085,10.622477161464122,0.0021890048762021608,5.071730632223374,0.7687845947655654,Isolated Ventricular Beat/True/ReNew20230809_Patient_P001-006_P-002_04-06-2023_P-002_04-06-2023.linejson_duration=1s_pos=5495638-5495702_src=ishne.json
3.248498998434499,396.32393006581924,22.366284696154953,1.2807759911558358,122.00213337134483,41.16129032258065,3968,128,36,78.125,132.8125,12,69.42148760330578,0.10390002128734939,0.8960999787126506,2.857142857142857,11.045824635264951,0.0003636764773611355,2.8493794499494847,0.9614111671546247,Isolated Ventricular Beat/True/ReNew20230809_Patient_P001-006_P-006_04-10-2023_P-006_04-10-2023.linejson_duration=1s_pos=7449186-7449250_src=ishne.json
9.148567306924932,388.8974758772502,48.41392310133973,1.3620630971152847,42.50910774562153,36.774193548387096,3968,128,24,78.125,156.25,3,46.47198105761642,0.1852656078356421,0.814734392164358,30.434782608695652,14.453246599893461,0.001033496505255261,1.2093151023311683,1.9459101490553135,Isolated Ventricular Beat/True/data20240102_aligned_C-001_1701944989670-1701945597670_duration=1s_pos=28015-28079_src=ishne.json
12.982964179202689,400.9020362894196,50.42976034412831,4.196196714131628,30.879081223418936,11.612903225806452,3968,128,46,78.125,125.0,2,87.71573604060913,0.07213660558785376,0.9278633944121463,2.2222222222222223,11.787384847209625,0.00036759498632727024,9.036675487166015,0.4478443310770259,Isolated Ventricular Beat/True/ReNew20230809_Patient_P001-006_P-002_04-06-2023_P-002_04-06-2023.linejson_duration=1s_pos=1511872-1511936_src=ishne.json
12.444583621016434,403.4037401189443,49.92465337589519,3.9206448474338185,32.41600683382195,10.967741935483872,3968,128,40,78.125,125.0,3,78.49056603773585,0.23629064181114973,0.7637093581888503,2.5641025641025643,12.955128175032545,0.0009894563387189623,7.744833643237205,0.476476143751353,Isolated Ventricular Beat/True/ReNew20230809_Patient_P001-006_P-002_04-06-2023_P-002_04-06-2023.linejson_duration=1s_pos=3854907-3854971_src=ishne.json
9.871847470642379,408.2051904596278,23.144552421450232,6.732348761221196,41.35043114504625,8.38709677419355,3968,128,50,136.71875,179.6875,29,97.3913043478261,0.13834697892757822,0.8616530210724218,0.0,18.860485422270614,0.001775324835432255,2.702001843209608,0.146428633733348,Isolated Ventricular Beat/True/ReNew20230809_Patient_P001-006_P-004_04-10-2023_P-004_04-10-2023.linejson_duration=1s_pos=9777141-9777205_src=ishne.json
13.342641503257344,410.8276535751002,50.469649648269524,4.193881327375859,30.79057641503958,7.096774193548387,3968,128,42,85.9375,125.0,11,81.68093385214007,0.21273006144455459,0.7872699385554454,0.0,13.048362227466182,0.0008686335593088265,9.80126305442346,0.3425978300478957,Isolated Ventricular Beat/True/ReNew20230809_Patient_P001-006_P-002_04-06-2023_P-002_04-06-2023.linejson_duration=1s_pos=7641521-7641585_src=ishne.json
4.6512584480306005,413.5828371145589,23.103222648745664,2.171390180242705,88.9184621360296,23.870967741935484,3968,128,39,132.8125,164.0625,23,75.96043727225404,0.05473087170550362,0.9452691282944964,2.6315789473684212,23.27462172972763,0.0028196281659455397,2.587511216228307,0.5225216635291818,Isolated Ventricular Beat/True/ReNew20230809_Patient_P001-006_P-004_04-10-2023_P-004_04-10-2023.linejson_duration=1s_pos=7434037-7434101_src=ishne.json
9.418216905474585,400.96285652403327,49.95724791230406,1.4657214329756307,42.57311314606165,33.5483870967742,3968,128,31,78.125,85.9375,0,60.2510460251046,0.03536044507085439,0.9646395549291457,0.0,3.7744747647033696,0.000823804465758298,1.0339633752528485,,Isolated Ventricular Beat/True/data20240102_aligned_C-002_1700115599660-1700116194660_duration=1s_pos=44622-44686_src=ishne.json
13.186271540216392,434.1668249462549,51.849703195227036,3.486127641538772,32.925667478971285,16.129032258064516,3968,128,41,78.125,125.0,1,79.81293842556508,0.3669860461755782,0.6330139538244218,5.0,9.974228193279812,0.0013197970617329082,3.2664407855014588,0.42845462633286313,Isolated Ventricular Beat/True/ReNew20230809_Patient_P001-006_P-002_04-06-2023_P-002_04-06-2023.linejson_duration=1s_pos=2927540-2927604_src=ishne.json
35.166760381957765,384.3729562091506,48.454465809944715,24.25569425654306,10.930007231383904,2.5806451612903225,3968,128,46,70.3125,85.9375,0,88.77472386334446,0.2757422257229104,0.7242577742770896,26.666666666666668,14.661256515192552,0.0025773929778949017,1.8188917243244473,0.12014431184206321,Isolated Ventricular Beat/True/data20240102_aligned_R-003_1697646649857-1697647248857_duration=1s_pos=52335-52399_src=ishne.json
12.044762177399102,406.7107252607918,50.44360377397872,3.0582444130060615,33.766602071840424,20.0,3968,128,43,78.125,140.625,3,83.73831775700936,0.23116545295381807,0.7688345470461819,2.380952380952381,11.593807066460496,0.0011860382483368252,4.253949096778645,0.2211613901102185,Isolated Ventricular Beat/True/ReNew20230809_Patient_P001-006_P-002_04-06-2023_P-002_04-06-2023.linejson_duration=1s_pos=9086333-9086397_src=ishne.json
3.0246145740024755,406.855565694775,22.89553424539505,1.2187158189693736,134.51480220885816,41.16129032258065,3968,128,35,85.9375,132.8125,7,66.56130512362988,0.16752973273878896,0.832470267261211,8.823529411764707,10.12353662439475,0.004853062456346887,2.6392300143379885,1.2192402764567243,Isolated Ventricular Beat/True/ReNew20230809_Patient_P001-006_P-006_04-10-2023_P-006_04-10-2023.linejson_duration=1s_pos=9155259-9155323_src=ishne.json
4.592989205990566,404.22488181911774,22.69366549532902,2.333231817120085,88.00908856541724,27.483870967741936,3968,128,40,132.8125,164.0625,21,78.42890809112333,0.07266760068373107,0.927332399316269,2.5641025641025643,25.1753536170308,0.0021498082305313436,2.8540992842335458,0.4949702519761966,Isolated Ventricular Beat/True/ReNew20230809_Patient_P001-006_P-004_04-10-2023_P-004_04-10-2023.linejson_duration=1s_pos=7064532-7064596_src=ishne.json
7.625531306850164,403.57017309084375,23.12011397222622,4.19833533234959,52.923541183913,12.258064516129032,3968,128,38,89.84375,164.0625,16,72.01216421692853,0.14867640224028214,0.8513235977597179,0.0,21.349410537300912,0.011513691079951729,1.9980093092308409,0.38299225225610584,Isolated Ventricular Beat/True/ReNew20230809_Patient_P001-006_P-004_04-10-2023_P-004_04-10-2023.linejson_duration=1s_pos=1427312-1427376_src=ishne.json
10.136791015037433,406.9280189417437,24.263811012390235,5.500525446693105,40.14366856280429,10.70967741935484,3968,128,40,125.0,179.6875,20,77.65620948924035,0.27361722863358195,0.726382771366418,0.0,39.16551349430332,0.0030889995141211803,1.0198213749155811,0.2056689207909458,Isolated Ventricular Beat/True/ReNew20230809_Patient_P001-006_P-004_04-10-2023_P-004_04-10-2023.linejson_duration=1s_pos=10341031-10341095_src=ishne.json
73.5113341882624,374.8953002147235,76.70072569946466,42.50039859664256,5.099829832428119,1.2903225806451613,3968,128,49,78.125,125.0,3,94.86361296963459,0.38041419252420683,0.6195858074757932,0.0,9.628709510866745,0.0018441236643088786,6.234272977682476,0.22720415348897977,Isolated Ventricular Beat/True/ReNew20230809_Patient_P001-006_P-002_04-06-2023_P-002_04-06-2023.linejson_duration=1s_pos=7949687-7949751_src=ishne.json
39.245056190870905,378.29140423577337,48.75481183269724,32.66917802990932,9.639211439950982,1.2903225806451613,3968,128,34,54.6875,93.75,0,66.5546218487395,0.3012568599391819,0.6987431400608182,3.0303030303030303,19.33261980875575,0.004946893752878888,1.6978065986319313,0.621173680934856,Isolated Ventricular Beat/True/data20240102_aligned_R-003_1697646649857-1697647248857_duration=1s_pos=27848-27912_src=ishne.json
11.9426323808008,406.5583648745856,50.73943524706812,3.1102860343943384,34.042606174964426,20.0,3968,128,44,78.125,132.8125,2,84.93827160493827,0.18529767673834355,0.8147023232616565,2.3255813953488373,12.729348390859922,0.00018714389402571004,7.7708429990061445,0.5306282510621704,Isolated Ventricular Beat/True/ReNew20230809_Patient_P001-006_P-002_04-06-2023_P-002_04-06-2023.linejson_duration=1s_pos=1738247-1738311_src=ishne.json
3.9393650369868882,406.41110000658944,22.611741594140778,1.8288076329699976,103.16662533787847,28.774193548387096,3968,128,37,93.75,156.25,14,72.71962125197264,0.15729443552870429,0.8427055644712957,0.0,24.53299421160312,0.002213521540285387,2.594124378092673,0.18119859204933086,Isolated Ventricular Beat/True/ReNew20230809_Patient_P001-006_P-004_04-10-2023_P-004_04-10-2023.linejson_duration=1s_pos=5274831-5274895_src=ishne.json
20.80835251750348,437.09892928298365,54.845112657947936,4.727011506434398,21.005935376641244,10.32258064516129,3968,128,44,78.125,132.8125,7,85.66536964980544,0.2269813599888948,0.7730186400111052,20.930232558139537,12.999862931922669,0.0007908447773491094,8.22240951331615,0.25054252550232414,Isolated Ventricular Beat/True/ReNew20230809_Patient_P001-006_P-002_04-06-2023_P-002_04-06-2023.linejson_duration=1s_pos=4244084-4244148_src=ishne.json
11.774289511782964,408.86965235240734,50.17675972103751,2.7849960447363653,34.72562970509659,20.64516129032258,3968,128,40,78.125,125.0,4,76.74096848578017,0.1904582614623634,0.8095417385376367,2.5641025641025643,14.798543998470102,0.008449337505689358,8.283032666104369,0.5168679382219533,Isolated Ventricular Beat/True/ReNew20230809_Patient_P001-006_P-002_04-06-2023_P-002_04-06-2023.linejson_duration=1s_pos=943618-943682_src=ishne.json
4.401217635609516,403.1773916487089,22.824099147175207,2.0254996511794854,91.60585397568501,27.09677419354839,3968,128,40,140.625,156.25,25,76.33027522935781,0.0676191439614274,0.9323808560385726,2.5641025641025643,24.96167581111462,0.0005322418975783703,2.913076443293081,0.4556392081986998,Isolated Ventricular Beat/True/ReNew20230809_Patient_P001-006_P-004_04-10-2023_P-004_04-10-2023.linejson_duration=1s_pos=6521281-6521345_src=ishne.json
11.045655252355047,403.5037213204283,50.11380407234991,2.7424263405601,36.53053400375349,18.70967741935484,3968,128,35,85.9375,140.625,8,69.09764487959778,0.3067026555336286,0.6932973444663715,2.9411764705882355,17.411818190483395,0.0014955778281393144,6.280932896134601,0.6286086594223742,Isolated Ventricular Beat/True/ReNew20230809_Patient_P001-006_P-002_04-06-2023_P-002_04-06-2023.linejson_duration=1s_pos=6184641-6184705_src=ishne.json
15.62642755150769,417.002327698095,50.9951151931539,5.976125201425653,26.68570917043365,12.258064516129032,3968,128,13,93.75,156.25,1,24.714400643604183,0.5686118284423086,0.4313881715576914,41.666666666666664,7.50499315797356,0.0017371076839899234,0.19458441453659145,,Isolated Ventricular Beat/True/data20240102_aligned_C-001_1702006169670-1702006771670_duration=1s_pos=64290-64354_src=ishne.json
7.025819008080003,403.75058100364026,23.24184623237697,3.4388300638662495,57.466684392613146,16.387096774193548,3968,128,39,125.0,171.875,22,76.5381589299764,0.27388618242947516,0.7261138175705248,2.6315789473684212,10.205224082852887,0.0031722346877076572,0.8454893404514109,0.563613128368043,Isolated Ventricular Beat/True/ReNew20230809_Patient_P001-006_P-004_04-10-2023_P-004_04-10-2023.linejson_duration=1s_pos=6875345-6875409_src=ishne.json
3.843197875873891,416.46386116178513,23.40906024757606,1.6736893449789125,108.36385901759687,28.516129032258064,3968,128,34,125.0,132.8125,18,66.0,0.159317544790488,0.840682455209512,9.090909090909092,15.258776261148906,0.0006612677089211429,3.336551875914733,0.5465437063680699,Isolated Ventricular Beat/True/ReNew20230809_Patient_P001-006_P-006_04-10-2023_P-006_04-10-2023.linejson_duration=1s_pos=8214144-8214208_src=ishne.json
3.107653478601719,409.5467947302819,23.116418535324744,1.3301646824155355,131.78646389110682,38.96774193548387,3968,128,33,78.125,132.8125,5,64.7588932806324,0.14578807876823097,0.854211921231769,6.25,12.445304134760496,0.00030076837170655733,3.0536377176784084,0.995428052432879,Isolated Ventricular Beat/True/ReNew20230809_Patient_P001-006_P-006_04-10-2023_P-006_04-10-2023.linejson_duration=1s_pos=6395300-6395364_src=ishne.json
3.10930339698567,402.845474082999,22.62234220940532,1.2975225875533347,129.56128530662338,40.38709677419355,3968,128,38,105.46875,140.625,18,72.26856561546288,0.19113489673750064,0.8088651032624994,13.513513513513514,10.873044005157789,0.0006220750639353999,3.1336057552947603,0.9019019944220554,Isolated Ventricular Beat/True/ReNew20230809_Patient_P001-006_P-006_04-10-2023_P-006_04-10-2023.linejson_duration=1s_pos=7616796-7616860_src=ishne.json
3.032612157661598,402.77123207940315,22.744118633937592,1.2451450227044525,132.81325745812364,40.0,3968,128,34,85.9375,132.8125,10,66.71229270860752,0.1693817208356343,0.8306182791643657,9.090909090909092,10.564288428991574,0.0036464617118582426,2.6969737432833734,0.8754687373538999,Isolated Ventricular Beat/True/ReNew20230809_Patient_P001-006_P-006_04-10-2023_P-006_04-10-2023.linejson_duration=1s_pos=9154250-9154314_src=ishne.json
14.211386536916255,409.05361782942884,50.88013946120073,4.417568154380103,28.783510179203084,14.193548387096774,3968,128,48,78.125,125.0,2,91.94090677534386,0.24627071611637713,0.7537292838836229,0.0,9.870996127770917,0.0009379617016251893,2.8468479057697778,0.23225226751245004,Isolated Ventricular Beat/True/ReNew20230809_Patient_P001-006_P-002_04-06-2023_P-002_04-06-2023.linejson_duration=1s_pos=8821167-8821231_src=ishne.json
25.45043721843953,452.99771797936205,53.175580993008786,11.10971499561364,17.79921092483009,5.806451612903226,3968,128,7,70.3125,179.6875,2,23.2258064516129,0.9595429307359863,0.04045706926401371,33.333333333333336,13.006083577277217,0.005273600184830931,0.5511692705494105,,Isolated Ventricular Beat/True/data20240102_aligned_C-002_1700077674660-1700079262660_duration=1s_pos=41560-41624_src=ishne.json
4.4850142953451195,406.2136447917909,22.615059657563542,2.2309289719826264,90.57129531161007,23.612903225806452,3968,128,39,132.8125,171.875,20,76.901185770751,0.06717714023194452,0.9328228597680555,2.6315789473684212,25.04637252067078,0.0027306964905615865,2.777425481581008,0.7866732385707688,Isolated Ventricular Beat/True/ReNew20230809_Patient_P001-006_P-004_04-10-2023_P-004_04-10-2023.linejson_duration=1s_pos=7178404-7178468_src=ishne.json
22.442669390414828,414.7353764745747,69.96238396991397,2.692782116293646,18.479769530978206,22.58064516129032,3968,128,6,85.9375,132.8125,2,26.175869120654397,1.1538700647718145,0.0,40.0,26.318357342646173,0.0005157394440318101,0.7255940118647842,,Isolated Ventricular Beat/True/data20240102_aligned_C-001_1701977971670-1701978569670_duration=1s_pos=4867-4931_src=ishne.json
12.898262861004513,411.2621967127521,50.13362155220449,4.3125521021114555,31.885081678017645,12.903225806451612,3968,128,36,85.9375,140.625,9,70.56970333420846,0.1635420787517359,0.8364579212482641,0.0,14.570606154219764,0.0009565895595932515,6.279160632875839,1.4816045409242156,Isolated Ventricular Beat/True/ReNew20230809_Patient_P001-006_P-002_04-06-2023_P-002_04-06-2023.linejson_duration=1s_pos=6906935-6906999_src=ishne.json
3.195565814057088,404.66643404606526,22.77096708211207,1.3979076945138669,126.63369523865508,36.90322580645161,3968,128,36,125.0,132.8125,20,68.69409660107334,0.19617265670354417,0.8038273432964558,11.428571428571429,12.492790606930424,0.00027578107909350785,3.495642706619718,0.8003927109135429,Isolated Ventricular Beat/True/ReNew20230809_Patient_P001-006_P-006_04-10-2023_P-006_04-10-2023.linejson_duration=1s_pos=7977308-7977372_src=ishne.json
14.055088349541867,406.34933659052297,51.93028713504371,2.168341754342329,28.911188430386474,28.387096774193548,3968,128,41,78.125,125.0,4,80.04168837936425,0.2592772341064577,0.7407227658935422,0.0,11.031940559556242,0.012700783015050423,4.354117727520513,0.4450742462032102,Isolated Ventricular Beat/True/ReNew20230809_Patient_P001-006_P-002_04-06-2023_P-002_04-06-2023.linejson_duration=1s_pos=8962269-8962333_src=ishne.json
18.853810500875454,413.83392725969446,54.43084160569364,3.7356141234072826,21.949616248177644,20.0,3968,128,1,,,0,,,,,101.57062307961242,0.0012837313937703063,0.8187482344525067,,Isolated Ventricular Beat/True/data20240102_aligned_C-002_1700093367660-1700093993660_duration=1s_pos=14142-14206_src=ishne.json
18.628899648854183,403.89134423272486,49.76336014224552,7.727007329191959,21.680900652479842,3.870967741935484,3968,128,49,78.125,117.1875,0,94.71736896197328,0.13160408137780805,0.8683959186221919,0.0,9.96560609105619,0.0006184214259613202,7.631721301394301,0.4018353400575857,Isolated Ventricular Beat/True/ReNew20230809_Patient_P001-006_P-002_04-06-2023_P-002_04-06-2023.linejson_duration=1s_pos=3610454-3610518_src=ishne.json
17.18363080720505,405.716608019729,50.148737214649074,6.245507461104083,23.610643696963592,9.032258064516128,3968,128,49,78.125,125.0,1,94.91246138002059,0.13194751444269742,0.8680524855573026,0.0,11.102093891406716,0.0026244352955150808,9.11864232896674,0.27350926331232084,Isolated Ventricular Beat/True/ReNew20230809_Patient_P001-006_P-002_04-06-2023_P-002_04-06-2023.linejson_duration=1s_pos=7163171-7163235_src=ishne.json
12.314817760854659,415.41920991885974,50.988066799906775,3.6801871118936624,33.733278417329245,14.838709677419354,3968,128,43,78.125,132.8125,5,83.09119010819165,0.17440814919925107,0.8255918508007489,4.761904761904762,12.3506036928383,0.001170673543627531,2.8885859854563702,0.3464315765239714,Isolated Ventricular Beat/True/ReNew20230809_Patient_P001-006_P-002_04-06-2023_P-002_04-06-2023.linejson_duration=1s_pos=8432834-8432898_src=ishne.json
28.630283579905647,416.7356045485474,63.421558350585215,8.088402578529053,14.555761867663586,7.096774193548387,3968,128,53,78.125,132.8125,3,102.79536679536679,0.19979748877605127,0.8002025112239487,1.9230769230769231,8.827719359553164,0.0018014668369615743,2.1327320512199566,0.41193762261378186,Isolated Ventricular Beat/True/ReNew20230809_Patient_P001-006_P-002_04-06-2023_P-002_04-06-2023.linejson_duration=1s_pos=5981310-5981374_src=ishne.json
3.718032101715065,398.8915538525959,22.659141380993983,1.564901269440755,107.28563811564617,33.03225806451613,3968,128,37,78.125,132.8125,14,71.70124481327801,0.16496385398612087,0.8350361460138791,11.11111111111111,10.110306154045269,0.00021846892511914913,2.731942280844842,1.2181574393178924,Isolated Ventricular Beat/True/ReNew20230809_Patient_P001-006_P-006_04-10-2023_P-006_04-10-2023.linejson_duration=1s_pos=7397571-7397635_src=ishne.json
34.23466397050236,399.88746494953074,48.56857259738723,24.308835408118902,11.68077635034799,0.6451612903225806,3968,128,30,70.3125,85.9375,0,58.76517150395778,0.305389110177566,0.694610889822434,6.896551724137931,19.380890737107926,0.0023868576236911717,1.6052386925874935,0.22024079165624838,Isolated Ventricular Beat/True/data20240102_aligned_R-003_1697646649857-1697647248857_duration=1s_pos=22795-22859_src=ishne.json
22.422955014675924,419.5231375399769,40.475907965905016,9.230416376644012,18.709537550062407,8.0,3968,128,38,78.125,148.4375,9,73.76947040498443,0.2837036890489092,0.7162963109510908,0.0,15.56472683109627,0.002871927584984252,1.8328309481824232,0.18586138349907863,Isolated Ventricular Beat/True/ReNew20230809_Patient_P001-006_P-005_04-10-2023_P-005_04-10-2023.linejson_duration=1s_pos=6803599-6803663_src=ishne.json
15.931688686847789,407.3568047082807,50.69269722887191,5.480824829753761,25.568964291626216,12.258064516129032,3968,128,47,85.9375,125.0,4,90.49180327868852,0.07389490306138634,0.9261050969386136,4.3478260869565215,12.797412411948313,0.0004830847518649517,3.653756272091406,0.44313061099463913,Isolated Ventricular Beat/True/ReNew20230809_Patient_P001-006_P-002_04-06-2023_P-002_04-06-2023.linejson_duration=1s_pos=7382208-7382272_src=ishne.json
4.015961501792841,403.01694771337895,22.581389912133297,1.8689948518906263,100.35376264929282,26.064516129032256,3968,128,32,93.75,140.625,14,63.43725019984013,0.08182248712764333,0.9181775128723567,3.225806451612903,24.122246553165493,0.003253404754873222,1.9789286312506496,0.8250747236024933,Isolated Ventricular Beat/True/ReNew20230809_Patient_P001-006_P-005_04-10-2023_P-005_04-10-2023.linejson_duration=1s_pos=3204402-3204466_src=ishne.json
4.2388500159197715,402.0567253321188,22.680545058032134,2.0592658836329214,94.8504025789352,24.516129032258064,3968,128,36,93.75,164.0625,15,70.69963177275118,0.2517243298875285,0.7482756701124715,0.0,21.509335752143382,0.0013570356234224247,2.0421149724363588,0.24817962947553462,Isolated Ventricular Beat/True/ReNew20230809_Patient_P001-006_P-004_04-10-2023_P-004_04-10-2023.linejson_duration=1s_pos=5346438-5346502_src=ishne.json
11.191875706706222,405.2212773853292,49.902543749396806,3.0864791792384327,36.20673172199251,18.70967741935484,3968,128,35,85.9375,132.8125,1,69.28097638630936,0.17131629148772004,0.82868370851228,0.0,18.40081676868499,0.012214120429889036,7.433318540946938,0.551176919289558,Isolated Ventricular Beat/True/ReNew20230809_Patient_P001-006_P-002_04-06-2023_P-002_04-06-2023.linejson_duration=1s_pos=6402393-6402457_src=ishne.json
3.0444979994530863,403.92299645412857,22.76191570455183,1.2351969760877601,132.67305935284895,41.29032258064516,3968,128,36,78.125,132.8125,11,69.72762645914396,0.17200614918871507,0.827993850811285,11.428571428571429,11.63073084427725,0.00016766452122096373,3.098839263972558,1.160170181667543,Isolated Ventricular Beat/True/ReNew20230809_Patient_P001-006_P-006_04-10-2023_P-006_04-10-2023.linejson_duration=1s_pos=7632645-7632709_src=ishne.json
3.2600311782838465,407.0555391750182,22.908531786404115,1.3680670543909645,124.86242985162843,36.774193548387096,3968,128,35,78.125,132.8125,13,67.17777206071521,0.09833992851770644,0.9016600714822935,2.9411764705882355,11.952864949074161,0.0006214475277878032,2.9464545466267094,0.8472978603872037,Isolated Ventricular Beat/True/ReNew20230809_Patient_P001-006_P-006_04-10-2023_P-006_04-10-2023.linejson_duration=1s_pos=9100880-9100944_src=ishne.json
6.311948009652354,404.6591149418879,23.371291761428406,2.691792025316886,64.11001012889606,22.58064516129032,3968,128,39,93.75,156.25,16,75.02313624678663,0.14979097169479502,0.850209028305205,0.0,17.230447840928235,0.00211663674996635,0.7391196859824398,0.37182674895933454,Isolated Ventricular Beat/True/ReNew20230809_Patient_P001-006_P-004_04-10-2023_P-004_04-10-2023.linejson_duration=1s_pos=8268095-8268159_src=ishne.json
9.480746973728328,394.62767904795095,48.94438442447279,1.6194031194823877,41.62410815491414,30.32258064516129,3968,128,24,97.65625,156.25,2,47.26786192132727,0.09785174850424944,0.9021482514957506,17.391304347826086,15.673720851568774,0.00018058079851035743,1.5356417433549692,,Isolated Ventricular Beat/True/data20240102_aligned_C-001_1701944384670-1701944988670_duration=1s_pos=25604-25668_src=ishne.json
3.7437814511178154,405.45618722728614,22.823031799117963,1.762091675582944,108.30121475307021,28.516129032258064,3968,128,36,93.75,156.25,13,68.9584402257568,0.055019697445925095,0.944980302554075,2.857142857142857,24.763315551725114,0.001644239678578467,2.633641694984998,0.9675840262617056,Isolated Ventricular Beat/True/ReNew20230809_Patient_P001-006_P-004_04-10-2023_P-004_04-10-2023.linejson_duration=1s_pos=4107140-4107204_src=ishne.json
24.321044528246755,426.199866072416,52.09168805597762,13.031125485894801,17.523912184507953,1.935483870967742,3968,128,49,78.125,125.0,1,94.74171164225135,0.13905353334843645,0.8609464666515636,0.0,11.17369745047082,0.001983530677998341,9.572971488451765,0.21766953913818177,Isolated Ventricular Beat/True/ReNew20230809_Patient_P001-006_P-002_04-06-2023_P-002_04-06-2023.linejson_duration=1s_pos=7147503-7147567_src=ishne.json
35.47510550003629,408.9774875555785,50.39888640207083,27.18499805402841,11.528576737469699,3.225806451612903,3968,128,33,54.6875,85.9375,0,63.833766233766234,0.32613076378704525,0.6738692362129548,9.375,17.727231286845125,0.014817311507322933,1.489179761121282,0.2613647641344075,Isolated Ventricular Beat/True/data20240102_aligned_R-003_1697646649857-1697647248857_duration=1s_pos=34049-34113_src=ishne.json
4.5465818769080935,400.8101148983354,22.78591748597096,2.253283665317296,88.15634197146905,23.096774193548384,3968,128,39,93.75,164.0625,18,74.83076923076922,0.07098443681221209,0.9290155631877879,2.6315789473684212,23.770953292496312,0.0030446245421139346,2.5317603150146177,0.6664789334777841,Isolated Ventricular Beat/True/ReNew20230809_Patient_P001-006_P-004_04-10-2023_P-004_04-10-2023.linejson_duration=1s_pos=6102557-6102621_src=ishne.json
4.619339462221963,401.6594861606259,22.748641060533025,2.097810356397778,86.951695690216,24.516129032258064,3968,128,37,93.75,156.25,18,72.60504201680672,0.18599260486440825,0.8140073951355917,0.0,20.66362943676514,0.0025594974902576786,1.9645246248051789,0.41892426148216916,Isolated Ventricular Beat/True/ReNew20230809_Patient_P001-006_P-004_04-10-2023_P-004_04-10-2023.linejson_duration=1s_pos=5316399-5316463_src=ishne.json
3.6620486596273727,411.3851546375683,22.44032489037846,1.560526039353527,112.33740469795494,32.0,3968,128,29,117.1875,148.4375,13,58.08752025931929,0.3350834521241486,0.6649165478758514,0.0,76.03890979332203,0.0045772645983974646,0.15560234199634337,0.6678293725756556,Isolated Ventricular Beat/True/ReNew20230809_Patient_P001-006_P-004_04-10-2023_P-004_04-10-2023.linejson_duration=1s_pos=2427986-2428050_src=ishne.json
3.9740772542817577,434.29720211235724,23.653768004876277,1.5055345728354208,109.28249881452034,34.32258064516129,3968,128,34,82.03125,132.8125,13,66.50223038572554,0.1093461375373085,0.8906538624626915,3.0303030303030303,13.839767761890876,0.0005555017285120838,3.2119906148222226,0.9985288301111273,Isolated Ventricular Beat/True/ReNew20230809_Patient_P001-006_P-006_04-10-2023_P-006_04-10-2023.linejson_duration=1s_pos=6792546-6792610_src=ishne.json
9.619413105737857,384.1204068457911,47.94902786853001,1.852735625908819,39.931788217399664,25.161290322580644,3968,128,36,85.9375,132.8125,2,68.88774987186058,0.25447545925612897,0.7455245407438711,8.571428571428571,17.845283062076238,0.00033450804247990264,2.6913867306836363,1.0986122886681098,Isolated Ventricular Beat/True/ReNew20230809_Patient_P001-006_P-002_04-06-2023_P-002_04-06-2023.linejson_duration=1s_pos=110362-110426_src=ishne.json
12.111131908047197,404.5066426388744,50.4707096448107,3.6951059459078284,33.39957093279865,18.70967741935484,3968,128,48,78.125,125.0,4,93.9021852237253,0.10985173146965152,0.8901482685303485,8.51063829787234,17.514989029878162,0.016307072895393,1.7291319404867869,0.6803538291000357,Isolated Ventricular Beat/True/ReNew20230809_Patient_P001-006_P-002_04-06-2023_P-002_04-06-2023.linejson_duration=1s_pos=6018648-6018712_src=ishne.json
4.718041008551891,395.70152395104174,22.854066315851316,2.0617399474129883,83.86986025851313,25.161290322580644,3968,128,39,93.75,171.875,5,75.06172839506172,0.07835326375644876,0.9216467362435512,2.6315789473684212,24.064265494465523,0.0012238460283572666,2.4355062663347065,0.832909122935104,Isolated Ventricular Beat/True/ReNew20230809_Patient_P001-006_P-003_04-10-2023_P-003_04-10-2023.linejson_duration=1s_pos=8640366-8640430_src=ishne.json
6.231838140980078,412.43736852482425,23.209140327899032,3.236343039327627,66.18228731429683,19.35483870967742,3968,128,42,132.8125,171.875,25,81.8082618862042,0.1798852972713955,0.8201147027286045,2.4390243902439024,16.418097174020662,0.0010157883638190707,1.6938671049721492,0.2039121893863222,Isolated Ventricular Beat/True/ReNew20230809_Patient_P001-006_P-004_04-10-2023_P-004_04-10-2023.linejson_duration=1s_pos=5037444-5037508_src=ishne.json
19.89373008803158,418.3694330079252,53.6105721391693,4.805853186991449,21.030214551337913,12.258064516129032,3968,128,10,101.5625,171.875,1,42.90502793296089,1.0795381703173064,0.0,44.44444444444444,10.794004519612173,0.010140414056729748,0.2133082155341131,,Isolated Ventricular Beat/True/data20240102_aligned_C-001_1701956368670-1701956899670_duration=1s_pos=63158-63222_src=ishne.json
41.298885153081535,426.38883167778874,54.717357055041425,27.625968522053903,10.324463233640348,0.6451612903225806,3968,128,41,54.6875,78.125,0,77.96954314720813,0.3150154180307744,0.6849845819692256,15.0,16.702531904213004,0.009771575571314882,1.8474487285930563,0.394993808240869,Isolated Ventricular Beat/True/data20240102_aligned_R-003_1697646649857-1697647248857_duration=1s_pos=45437-45501_src=ishne.json
12.140116931584783,412.5021847269924,50.6927852592272,3.078735709701297,33.97843308043911,23.225806451612904,3968,128,41,78.125,125.0,6,80.08342022940563,0.26383708245432197,0.7361629175456781,5.0,11.770213615381312,0.0005190913196684,6.25483384136789,0.5136189216716035,Isolated Ventricular Beat/True/ReNew20230809_Patient_P001-006_P-002_04-06-2023_P-002_04-06-2023.linejson_duration=1s_pos=3930797-3930861_src=ishne.json
11.8998927355452,409.1290438014423,50.35232982109265,3.3080609812718986,34.38089893016157,20.0,3968,128,43,85.9375,125.0,4,82.81386392811297,0.18593694807010638,0.8140630519298936,7.142857142857143,12.82616636335004,0.000494698628502274,3.8334708310342287,0.8445468270153137,Isolated Ventricular Beat/True/ReNew20230809_Patient_P001-006_P-002_04-06-2023_P-002_04-06-2023.linejson_duration=1s_pos=6080818-6080882_src=ishne.json
19.209985902208338,399.35624236799015,51.94020441271221,5.775710074172102,20.788990872350933,12.258064516129032,3968,128,46,78.125,125.0,5,88.77472386334446,0.1565242313821236,0.8434757686178764,2.2222222222222223,11.5459246908406,0.0018407032835199022,5.02880398252644,0.9111493323737364,Isolated Ventricular Beat/True/ReNew20230809_Patient_P001-006_P-002_04-06-2023_P-002_04-06-2023.linejson_duration=1s_pos=8955049-8955113_src=ishne.json
3.1880196198712514,405.86988143171453,22.889472761833815,1.3324837481343277,127.31093359368097,37.93548387096774,3968,128,36,85.9375,132.8125,14,68.85245901639344,0.1266115297189409,0.873388470281059,5.714285714285714,12.345585961251107,0.0009155516788916573,3.070224965811604,0.6435502394205731,Isolated Ventricular Beat/True/ReNew20230809_Patient_P001-006_P-006_04-10-2023_P-006_04-10-2023.linejson_duration=1s_pos=9013497-9013561_src=ishne.json
9.025557489116201,400.68298619643303,22.705314278692725,6.004987743798873,44.39425955519664,7.741935483870968,3968,128,46,140.625,156.25,31,88.45661632966471,0.1386667953431332,0.8613332046568668,0.0,19.94747434539311,0.0028312413232760864,3.0163722095974252,0.3246026610658291,Isolated Ventricular Beat/True/ReNew20230809_Patient_P001-006_P-004_04-10-2023_P-004_04-10-2023.linejson_duration=1s_pos=10430301-10430365_src=ishne.json
3.2825025313246323,401.3597830669922,22.664510358828753,1.4084252260990748,122.2724604061663,35.612903225806456,3968,128,35,78.125,140.625,12,68.93347412882788,0.09031289518563076,0.9096871048143692,2.9411764705882355,11.696087728296128,0.0012420013509547951,3.018911657276329,0.9745596399981308,Isolated Ventricular Beat/True/ReNew20230809_Patient_P001-006_P-006_04-10-2023_P-006_04-10-2023.linejson_duration=1s_pos=7625410-7625474_src=ishne.json
3.0944609725763357,412.0822389232843,23.17921631705639,1.2665309579198425,133.16765323834298,40.516129032258064,3968,128,36,78.125,140.625,6,68.51899056844252,0.09859859165700408,0.901401408342996,2.857142857142857,10.394760829998148,0.006593060064051401,2.892877232481451,1.1962507582320256,Isolated Ventricular Beat/True/ReNew20230809_Patient_P001-006_P-006_04-10-2023_P-006_04-10-2023.linejson_duration=1s_pos=6629810-6629874_src=ishne.json
3.356135757661344,399.13418680399025,22.475520738082743,1.4231778223666725,118.92667540822109,36.645161290322584,3968,128,36,78.125,132.8125,12,71.31865216237729,0.1024446730726131,0.8975553269273869,5.714285714285714,10.93722908238157,0.005213369437432816,2.774820470458136,1.1727202608218315,Isolated Ventricular Beat/True/ReNew20230809_Patient_P001-006_P-006_04-10-2023_P-006_04-10-2023.linejson_duration=1s_pos=7454145-7454209_src=ishne.json
12.160163314806331,409.77691926914093,50.26729075662173,3.389761691592552,33.69830445220158,15.483870967741936,3968,128,49,78.125,117.1875,0,94.91246138002059,0.0688009149129255,0.9311990850870745,2.0833333333333335,16.88954250967042,0.008864691258950477,3.381566572854158,0.5583279577509941,Isolated Ventricular Beat/True/ReNew20230809_Patient_P001-006_P-002_04-06-2023_P-002_04-06-2023.linejson_duration=1s_pos=6042687-6042751_src=ishne.json
13.64491466426474,414.2744925610923,50.36596235535777,4.355098525585577,30.36108853688658,17.419354838709676,3968,128,47,78.125,125.0,4,92.21613155833985,0.09897247535896285,0.9010275246410372,4.3478260869565215,12.12863229774102,0.001821294886290883,6.740882622279179,0.9628107475090478,Isolated Ventricular Beat/True/ReNew20230809_Patient_P001-006_P-002_04-06-2023_P-002_04-06-2023.linejson_duration=1s_pos=2388954-2389018_src=ishne.json
10.0003556207002,447.18788673490064,30.573332021596837,2.354107349433976,44.717193965787764,22.967741935483872,3968,128,38,121.09375,156.25,19,75.17460317460318,0.1728147140551148,0.8271852859448852,5.405405405405405,14.581318500360386,0.03415507421769668,0.9562423494604335,0.30818059400012193,Isolated Ventricular Beat/True/ReNew20230809_Patient_P001-006_P-004_04-10-2023_P-004_04-10-2023.linejson_duration=1s_pos=6689060-6689124_src=ishne.json
4.473869452637671,401.0402920255578,22.45632884168955,2.2587663637048117,89.64056878068864,24.387096774193548,3968,128,41,101.5625,164.0625,20,78.32738398776135,0.16630661691371407,0.8336933830862859,0.0,18.941323978013042,0.0026543717469750573,2.0617497140783545,0.365355110769999,Isolated Ventricular Beat/True/ReNew20230809_Patient_P001-006_P-004_04-10-2023_P-004_04-10-2023.linejson_duration=1s_pos=8143776-8143840_src=ishne.json
4.444381200641469,399.1132856490778,22.56593505480567,1.89448426988148,89.80174693154716,29.161290322580648,3968,128,13,125.0,132.8125,9,77.70657672849916,0.030024441508839456,0.9699755584911606,0.0,22.18941169693631,0.00034463380427460607,3.3907493594645697,,Isolated Ventricular Beat/True/ReNew20230809_Patient_P001-006_P-006_04-10-2023_P-006_04-10-2023.linejson_duration=1s_pos=7794772-7794836_src=ishne.json
3.8754195338086532,410.8744504548302,22.797876361609184,1.9749225877261356,106.02061037516216,28.903225806451616,3968,128,36,140.625,164.0625,21,71.0547184773989,0.21077170468209563,0.7892282953179044,0.0,23.010851971015363,0.0010024306537108237,2.3323522345021765,0.2537062017243764,Isolated Ventricular Beat/True/ReNew20230809_Patient_P001-006_P-004_04-10-2023_P-004_04-10-2023.linejson_duration=1s_pos=9050942-9051006_src=ishne.json
25.328677053199584,400.3251425017875,49.50296732750278,7.991780153199124,15.805212639244605,9.161290322580646,3968,128,35,85.9375,156.25,8,69.2442322991249,0.09153992181865522,0.9084600781813448,2.9411764705882355,19.05320967679878,0.00110499398629761,1.6464971592039022,0.6077873316087885,Isolated Ventricular Beat/True/ReNew20230809_Patient_P001-006_P-005_04-10-2023_P-005_04-10-2023.linejson_duration=1s_pos=8851505-8851569_src=ishne.json
9.134149758786464,389.7817054672461,48.35597585990089,1.3927065099686997,42.67300986819178,39.35483870967742,3968,128,24,54.6875,156.25,3,46.87898089171975,0.13459784170346567,0.8654021582965343,4.3478260869565215,13.793353303083492,0.0004093402799192057,1.3599051050746298,,Isolated Ventricular Beat/True/data20240102_aligned_C-001_1701944384670-1701944988670_duration=1s_pos=61291-61355_src=ishne.json
9.845241526220464,397.78757697724075,49.52591026872155,1.693245565046353,40.404040420317536,35.483870967741936,3968,128,33,85.9375,140.625,6,63.7344398340249,0.19970967719661575,0.8002903228033842,12.5,16.663802603746007,0.0009262379090822016,3.3300351907613464,1.0266387890430204,Isolated Ventricular Beat/True/ReNew20230809_Patient_P001-006_P-002_04-06-2023_P-002_04-06-2023.linejson_duration=1s_pos=262403-262467_src=ishne.json
17.928481217630353,419.2969430180336,52.833546537643464,4.785984708907343,23.387196859626467,8.38709677419355,3968,128,44,85.9375,132.8125,5,86.38242218153283,0.10689286966160451,0.8931071303383955,6.976744186046512,13.42997327052705,0.0004832886361329867,2.677060596245857,0.6394944670676254,Isolated Ventricular Beat/True/ReNew20230809_Patient_P001-006_P-002_04-06-2023_P-002_04-06-2023.linejson_duration=1s_pos=7650354-7650418_src=ishne.json
4.375717856422646,405.99167539724925,22.853378026183044,2.2090323160033343,92.78285207957038,26.451612903225808,3968,128,37,101.5625,156.25,16,70.47667601325516,0.07320535549710688,0.9267946445028932,2.7777777777777777,23.801320327058676,0.005716110941283781,2.530705266929384,1.006804739414987,Isolated Ventricular Beat/True/ReNew20230809_Patient_P001-006_P-004_04-10-2023_P-004_04-10-2023.linejson_duration=1s_pos=4687866-4687930_src=ishne.json
9.885238084549353,399.047121271213,49.51870366010287,1.8307981218349534,40.36797874670774,30.32258064516129,3968,128,34,85.9375,132.8125,7,65.91417425227569,0.31073849706411555,0.6892615029358844,9.090909090909092,16.302754326583234,0.0014659660746816903,4.763266885017643,0.6418538861723948,Isolated Ventricular Beat/True/ReNew20230809_Patient_P001-006_P-002_04-06-2023_P-002_04-06-2023.linejson_duration=1s_pos=6519434-6519498_src=ishne.json
11.371590238763488,407.1255947609561,50.47955891501436,3.0957489356526757,35.80198990737076,21.935483870967744,3968,128,44,78.125,125.0,2,84.93827160493827,0.18942722257668937,0.8105727774233107,4.651162790697675,11.632710031615062,0.003594770339237615,5.490783552730896,0.2660455728584192,Isolated Ventricular Beat/True/ReNew20230809_Patient_P001-006_P-002_04-06-2023_P-002_04-06-2023.linejson_duration=1s_pos=4769679-4769743_src=ishne.json
14.121076543693526,405.8027439219255,50.78062474915657,5.062194980336221,28.73737805534232,10.967741935483872,3968,128,42,78.125,125.0,1,81.51177841056175,0.21906686011708537,0.7809331398829147,0.0,11.68210455782663,0.0017207578473795399,7.026665362634663,0.3757893399620478,Isolated Ventricular Beat/True/ReNew20230809_Patient_P001-006_P-002_04-06-2023_P-002_04-06-2023.linejson_duration=1s_pos=4017671-4017735_src=ishne.json
3.7212426604206637,392.73167367020653,22.093772175122407,1.6908835433087077,105.53774745989372,30.58064516129032,3968,128,27,93.75,156.25,7,51.517027863777095,0.11631787660345325,0.8836821233965467,3.8461538461538463,24.85027793491453,0.00042042697393816027,2.0917347023434223,0.33451337213587995,Isolated Ventricular Beat/True/ReNew20230809_Patient_P001-006_P-005_04-10-2023_P-005_04-10-2023.linejson_duration=1s_pos=6143275-6143339_src=ishne.json
3.857595827816658,406.83959996853866,22.99291374648438,1.72508490466039,105.46452056235326,30.451612903225804,3968,128,34,78.125,140.625,7,65.05133470225873,0.10352759908664547,0.8964724009133546,3.0303030303030303,12.048479247297399,0.00035534049010447545,3.0990417471546126,0.9315582040049435,Isolated Ventricular Beat/True/ReNew20230809_Patient_P001-006_P-006_04-10-2023_P-006_04-10-2023.linejson_duration=1s_pos=6509972-6510036_src=ishne.json
5.345911953221881,415.786389629604,23.474758483521335,2.041588842093933,77.77649828342554,25.93548387096774,3968,128,18,85.9375,125.0,6,52.8582995951417,0.3443866627057586,0.6556133372942414,5.882352941176471,15.910987493772481,0.0013128658532711027,3.083514401945651,0.9808292530117262,Isolated Ventricular Beat/True/ReNew20230809_Patient_P001-006_P-006_04-10-2023_P-006_04-10-2023.linejson_duration=1s_pos=6740441-6740505_src=ishne.json
3.7273557592799524,417.61724692062097,23.487173897108228,1.535054734751018,112.04112562632612,31.74193548387097,3968,128,35,93.75,132.8125,16,66.44274809160305,0.1949713895859387,0.8050286104140613,11.764705882352942,14.32836861889891,0.0006697617201717136,3.2764647958265924,1.0033021088637848,Isolated Ventricular Beat/True/ReNew20230809_Patient_P001-006_P-006_04-10-2023_P-006_04-10-2023.linejson_duration=1s_pos=8179430-8179494_src=ishne.json
4.232022953614007,401.2990370741083,22.192428520046334,1.9348330565867045,94.82437752541838,27.741935483870968,3968,128,30,93.75,148.4375,9,59.061256961018294,0.0976408772059469,0.9023591227940531,3.4482758620689653,24.552219978785107,0.0009180043964760851,1.9750432565783027,0.28402576124867046,Isolated Ventricular Beat/True/ReNew20230809_Patient_P001-006_P-005_04-10-2023_P-005_04-10-2023.linejson_duration=1s_pos=10245335-10245399_src=ishne.json
11.659865455783578,412.24530509459225,50.44170534694888,3.377326824787641,35.35591995482149,11.612903225806452,3968,128,42,78.125,171.875,5,81.112828438949,0.18723048122227967,0.8127695187777203,2.4390243902439024,13.810438678872536,0.00031069948046676354,9.477244481136255,0.3184537311185346,Isolated Ventricular Beat/True/ReNew20230809_Patient_P001-006_P-002_04-06-2023_P-002_04-06-2023.linejson_duration=1s_pos=1846093-1846157_src=ishne.json
2.982799199563546,401.3703241646388,22.52038229133354,1.2411577800442997,134.56158552737415,39.225806451612904,3968,128,35,85.9375,132.8125,14,66.57827638959715,0.08875368227359604,0.911246317726404,2.9411764705882355,12.845808027660004,0.0008803024435428173,3.0447513228614005,0.8602012652231115,Isolated Ventricular Beat/True/ReNew20230809_Patient_P001-006_P-006_04-10-2023_P-006_04-10-2023.linejson_duration=1s_pos=7780836-7780900_src=ishne.json
14.621762759731569,408.0273337302304,28.90267945715803,7.403852788354315,27.90547983369423,7.483870967741936,3968,128,47,85.9375,164.0625,20,90.79414032382421,0.20068275017747184,0.7993172498225282,0.0,16.147085654943144,0.004231158569946945,2.0268696923172067,0.21977086683557048,Isolated Ventricular Beat/True/ReNew20230809_Patient_P001-006_P-004_04-10-2023_P-004_04-10-2023.linejson_duration=1s_pos=9733583-9733647_src=ishne.json
3.0575413724241516,407.5392756350218,22.99659518266361,1.2619296143032699,133.28982103751093,41.935483870967744,3968,128,35,78.125,132.8125,10,66.57827638959715,0.214799002900521,0.785200997099479,5.882352941176471,15.635594209018365,0.00041277489134865225,3.503725625994239,0.7009293210020002,Isolated Ventricular Beat/True/ReNew20230809_Patient_P001-006_P-006_04-10-2023_P-006_04-10-2023.linejson_duration=1s_pos=9437494-9437558_src=ishne.json
11.953341929003297,403.82551634694283,50.00659309312423,3.4250268052566923,33.78347954588591,16.129032258064516,3968,128,40,85.9375,132.8125,9,77.31543624161074,0.36273385179973094,0.6372661482002691,15.384615384615385,16.546298326931925,0.0011186518471055951,7.931340727163337,0.3598196006182041,Isolated Ventricular Beat/True/ReNew20230809_Patient_P001-006_P-002_04-06-2023_P-002_04-06-2023.linejson_duration=1s_pos=6604915-6604979_src=ishne.json
4.005525133787688,406.9708047379822,22.89201066762206,2.020749069031824,101.60233416156599,26.580645161290324,3968,128,37,140.625,156.25,21,72.41487689889995,0.15231337303582246,0.8476866269641775,0.0,24.711134297282292,0.006849033821798165,2.6575958383097484,0.23237235775183138,Isolated Ventricular Beat/True/ReNew20230809_Patient_P001-006_P-004_04-10-2023_P-004_04-10-2023.linejson_duration=1s_pos=7316937-7317001_src=ishne.json
12.861171853329722,409.2912676221707,24.352350083939392,8.534415148330643,31.823790278676363,5.935483870967742,3968,128,38,132.8125,164.0625,22,74.25137183172198,0.2138900620305276,0.7861099379694724,0.0,21.6954487852904,0.002371696331681752,2.3838133261857077,0.27967134870570204,Isolated Ventricular Beat/True/ReNew20230809_Patient_P001-006_P-004_04-10-2023_P-004_04-10-2023.linejson_duration=1s_pos=6254079-6254143_src=ishne.json
4.679288587095102,397.66692745684895,22.671536444029346,2.313375118941252,84.98446613639062,21.41935483870968,3968,128,37,93.75,156.25,17,72.09387222946545,0.15457256741862882,0.8454274325813712,0.0,22.531495729642252,0.003097180232106018,2.446936287533461,0.25704510298989114,Isolated Ventricular Beat/True/ReNew20230809_Patient_P001-006_P-004_04-10-2023_P-004_04-10-2023.linejson_duration=1s_pos=8551890-8551954_src=ishne.json
10.94895301073593,406.5186440125754,50.15302866119633,2.5429634168079307,37.12853699211505,21.29032258064516,3968,128,43,78.125,125.0,5,84.70588235294117,0.18365538528355674,0.8163446147164433,2.380952380952381,11.91440224864619,0.001803105378688076,4.521411392202338,0.5175824062288705,Isolated Ventricular Beat/True/ReNew20230809_Patient_P001-006_P-002_04-06-2023_P-002_04-06-2023.linejson_duration=1s_pos=8951992-8952056_src=ishne.json
4.2157436519195235,403.2194973405363,22.750897231335088,2.191698126023933,95.64609117322638,25.161290322580644,3968,128,37,101.5625,156.25,18,72.11267605633803,0.21365371367078084,0.7863462863292192,0.0,21.474377318297805,0.002290801101302633,2.219101738253937,0.325422400434628,Isolated Ventricular Beat/True/ReNew20230809_Patient_P001-006_P-004_04-10-2023_P-004_04-10-2023.linejson_duration=1s_pos=4944473-4944537_src=ishne.json
5.063984346750639,408.0457716343074,22.973243693991115,2.6074990496436357,80.57799217293042,22.064516129032256,3968,128,37,93.75,164.0625,18,70.87413483722122,0.20704181131017996,0.79295818868982,0.0,20.97679070598849,0.0009762074709972428,1.9977596826672432,0.27861582721402783,Isolated Ventricular Beat/True/ReNew20230809_Patient_P001-006_P-004_04-10-2023_P-004_04-10-2023.linejson_duration=1s_pos=7092546-7092610_src=ishne.json
4.458794974237711,403.4478368462381,22.688145963820553,2.3663677945160444,90.48358327613605,22.70967741935484,3968,128,38,89.84375,156.25,17,73.14285714285714,0.2541269345544775,0.7458730654455226,0.0,19.950426002766537,0.0049400917128104875,2.0049382454766196,0.3785576551882401,Isolated Ventricular Beat/True/ReNew20230809_Patient_P001-006_P-004_04-10-2023_P-004_04-10-2023.linejson_duration=1s_pos=5960651-5960715_src=ishne.json
17.361194291205567,411.89024266564644,51.08352658383129,5.778212291338791,23.724762941540796,14.193548387096774,3968,128,3,70.3125,179.6875,1,,,,,74.21321057903187,0.009328252958005939,0.17586196826214218,,Isolated Ventricular Beat/True/data20240102_aligned_C-001_1701955763670-1701956367670_duration=1s_pos=20531-20595_src=ishne.json
12.15000182953951,408.2002518965233,49.99203463528372,3.064405932759806,33.596720727018486,12.258064516129032,3968,128,31,85.9375,132.8125,3,66.24496837262795,0.2527568038961317,0.7472431961038684,23.333333333333332,19.249356557874155,0.0013935178913719653,5.836568293382416,0.40546510810816444,Isolated Ventricular Beat/True/ReNew20230809_Patient_P001-006_P-002_04-06-2023_P-002_04-06-2023.linejson_duration=1s_pos=6652554-6652618_src=ishne.json
34.07255505276002,493.7808769138978,54.48417216620376,25.59795909763163,14.492040930222478,3.870967741935484,3968,128,40,70.3125,78.125,0,80.60279870828849,0.29518721094792855,0.7048127890520715,10.256410256410257,16.09077190032233,0.0026136310487420715,1.6891911822159547,0.5379542911542434,Isolated Ventricular Beat/True/data20240102_aligned_R-003_1697646649857-1697647248857_duration=1s_pos=15401-15465_src=ishne.json
7.138508853189601,402.98682285701017,26.372981170277168,2.0228024849593407,56.452513359906504,28.516129032258064,3968,128,37,93.75,156.25,16,71.53428201811126,0.22268217389810951,0.7773178261018905,0.0,15.75188929873319,0.0007996651547864825,1.5309306110507876,0.5130957723005298,Isolated Ventricular Beat/True/ReNew20230809_Patient_P001-006_P-004_04-10-2023_P-004_04-10-2023.linejson_duration=1s_pos=5271133-5271197_src=ishne.json
8.16052796634226,410.3446745584611,23.38788173631319,5.105511308020505,50.28407793795103,10.967741935483872,3968,128,42,132.8125,156.25,23,81.34332213898217,0.16551147899927876,0.8344885210007212,2.4390243902439024,21.479366086829458,0.00301821618544513,2.5186721738653546,0.2702903297399117,Isolated Ventricular Beat/True/ReNew20230809_Patient_P001-006_P-004_04-10-2023_P-004_04-10-2023.linejson_duration=1s_pos=7780949-7781013_src=ishne.json
4.277627387106931,402.04396131650356,22.67769250256471,2.1021324554819643,93.98758492633253,24.516129032258064,3968,128,38,97.65625,156.25,18,74.54354669464848,0.15461691883627268,0.8453830811637273,0.0,24.475305067002903,0.0024400436534035125,2.527342508399086,0.19105523676270922,Isolated Ventricular Beat/True/ReNew20230809_Patient_P001-006_P-004_04-10-2023_P-004_04-10-2023.linejson_duration=1s_pos=5698201-5698265_src=ishne.json
35.81727226111119,442.3944044027003,60.81195184314493,15.417979463834053,12.351426117158743,5.161290322580645,3968,128,51,78.125,132.8125,5,98.61325115562404,0.2772860357820806,0.7227139642179194,0.0,9.54595465237234,0.0019205988658745664,5.484133619354513,0.1839758168899812,Isolated Ventricular Beat/True/ReNew20230809_Patient_P001-006_P-002_04-06-2023_P-002_04-06-2023.linejson_duration=1s_pos=8746099-8746163_src=ishne.json
3.8112935119733553,396.2844208343366,22.343616509668465,1.7561435009708637,103.97633129357781,30.58064516129032,3968,128,42,93.75,156.25,7,79.83772819472617,0.14673190563122798,0.853268094368772,0.0,23.245385395352486,0.0005202854253053894,2.5014871782883903,0.20964806983932516,Isolated Ventricular Beat/True/ReNew20230809_Patient_P001-006_P-003_04-10-2023_P-003_04-10-2023.linejson_duration=1s_pos=9196018-9196082_src=ishne.json
3.1449769368841483,399.87136038156757,22.513528730447195,1.3099314739977164,127.14599860682509,41.16129032258065,3968,128,36,82.03125,132.8125,12,69.92715920915713,0.11928296514926313,0.8807170348507368,5.714285714285714,12.169460246656776,0.0006493372626700902,2.952325309934176,0.8109302162163288,Isolated Ventricular Beat/True/ReNew20230809_Patient_P001-006_P-006_04-10-2023_P-006_04-10-2023.linejson_duration=1s_pos=7773814-7773878_src=ishne.json
3.3219404678279125,412.3056489841789,23.173990192139737,1.4321057788664326,124.11586807812402,34.58064516129033,3968,128,35,78.125,132.8125,6,66.73140812675696,0.14181280520653877,0.8581871947934612,5.882352941176471,12.384757381093673,0.0005098787574814908,3.308680014125607,0.8209805520698302,Isolated Ventricular Beat/True/ReNew20230809_Patient_P001-006_P-006_04-10-2023_P-006_04-10-2023.linejson_duration=1s_pos=6543446-6543510_src=ishne.json
12.092531318976176,411.73943221469546,50.5788184843057,3.904394524202326,34.0490660974769,14.193548387096774,3968,128,46,78.125,125.0,1,89.88296488946685,0.06994116541564185,0.9300588345843581,2.2222222222222223,11.913387830365153,0.004700506390291543,6.297604598661785,0.8284885284297074,Isolated Ventricular Beat/True/ReNew20230809_Patient_P001-006_P-002_04-06-2023_P-002_04-06-2023.linejson_duration=1s_pos=3086206-3086270_src=ishne.json
11.44649324693289,408.07215030344133,50.288510736903326,2.763592452136976,35.650404525628886,20.0,3968,128,41,78.125,125.0,3,78.78943318799692,0.27844355407830423,0.7215564459216958,0.0,11.869357212606321,0.0006270218739744134,7.611817598191763,0.23102203888628967,Isolated Ventricular Beat/True/ReNew20230809_Patient_P001-006_P-002_04-06-2023_P-002_04-06-2023.linejson_duration=1s_pos=4257139-4257203_src=ishne.json
7.467919364594847,402.6165608585871,23.99589657014655,3.1021488342548587,53.91280854672451,19.483870967741936,3968,128,38,140.625,164.0625,23,73.9807341838063,0.14939760832218124,0.8506023916778187,0.0,14.117312599884784,0.0028448255803591367,0.8982201851786394,0.31424909983650273,Isolated Ventricular Beat/True/ReNew20230809_Patient_P001-006_P-004_04-10-2023_P-004_04-10-2023.linejson_duration=1s_pos=8011958-8012022_src=ishne.json
5.280702676579661,405.1377724006572,23.580344867348742,2.377120538386235,76.72041402313015,25.677419354838708,3968,128,35,93.75,164.0625,13,66.73140812675696,0.14690429299581595,0.853095707004184,2.9411764705882355,19.58932711974199,0.0008148278352938579,2.042274521348379,0.5441116013994574,Isolated Ventricular Beat/True/ReNew20230809_Patient_P001-006_P-004_04-10-2023_P-004_04-10-2023.linejson_duration=1s_pos=4141708-4141772_src=ishne.json
27.576949948018687,425.10664516399197,46.46744586158698,13.738959474567935,15.415288150067745,3.741935483870968,3968,128,37,78.125,164.0625,12,73.12351229833378,0.5945090557431533,0.40549094425684673,5.555555555555555,13.43656308631397,0.006586224540300252,1.7000280687643807,0.29849298855599654,Isolated Ventricular Beat/True/ReNew20230809_Patient_P001-006_P-004_04-10-2023_P-004_04-10-2023.linejson_duration=1s_pos=6239874-6239938_src=ishne.json
11.123390779337292,401.05975488148135,49.705991596377594,2.6082575080160764,36.05552720227711,16.129032258064516,3968,128,46,78.125,125.0,2,87.67123287671232,0.2199562332373935,0.7800437667626066,2.2222222222222223,9.561140956976097,0.0046087450458123114,5.123747737531738,0.35303931076831463,Isolated Ventricular Beat/True/ReNew20230809_Patient_P001-006_P-002_04-06-2023_P-002_04-06-2023.linejson_duration=1s_pos=3010317-3010381_src=ishne.json
4.970745848926423,409.6296332627961,22.961612535835926,2.528484629109151,82.40806577210172,19.483870967741936,3968,128,38,132.8125,164.0625,23,74.7396107311941,0.15569774767770114,0.8443022523222988,0.0,23.088916625380392,0.0025442176765811805,2.4133899094322144,0.2839013496118749,Isolated Ventricular Beat/True/ReNew20230809_Patient_P001-006_P-004_04-10-2023_P-004_04-10-2023.linejson_duration=1s_pos=7203928-7203992_src=ishne.json
16.515018107706773,415.4634359161532,51.19014458481596,4.786636371774344,25.156703313911162,9.67741935483871,3968,128,8,70.3125,117.1875,0,14.256165473349245,1.1494575045144386,0.0,42.857142857142854,18.590607956253752,0.0032985692085905323,0.1215142015430054,,Isolated Ventricular Beat/True/data20240102_aligned_C-001_1701961775670-1701962167670_duration=1s_pos=9244-9308_src=ishne.json
17.567534128754147,403.4616175263547,50.84285151046195,6.606517086892749,22.966319097662016,10.32258064516129,3968,128,51,78.125,125.0,1,97.90922998470168,0.1475131194509196,0.8524868805490804,2.0,10.750690862486389,0.0005231764346356922,7.363365819060019,0.20951729960244458,Isolated Ventricular Beat/True/ReNew20230809_Patient_P001-006_P-002_04-06-2023_P-002_04-06-2023.linejson_duration=1s_pos=2368280-2368344_src=ishne.json
41.90991233993085,424.2125553007461,60.629023366640226,19.91038439634396,10.12200984191885,3.870967741935484,3968,128,51,78.125,132.8125,3,98.51205746536685,0.15747488762011164,0.8425251123798884,2.0,9.34780688673974,0.0029923443703947267,6.0511748966709575,0.45374310837395526,Isolated Ventricular Beat/True/ReNew20230809_Patient_P001-006_P-002_04-06-2023_P-002_04-06-2023.linejson_duration=1s_pos=2348882-2348946_src=ishne.json
9.741795346224265,397.971451844679,49.60507262756184,1.9236080968939584,40.85195765757567,26.451612903225808,3968,128,35,85.9375,140.625,6,66.64624808575803,0.3143060685188149,0.6856939314811852,0.0,10.54598374196733,0.0004364250020668926,4.228703136586107,0.7118393135720978,Isolated Ventricular Beat/True/ReNew20230809_Patient_P001-006_P-002_04-06-2023_P-002_04-06-2023.linejson_duration=1s_pos=6689073-6689137_src=ishne.json
18.595789277867063,428.85328499453357,51.22943901069638,6.7181610962163685,23.061847793850415,6.451612903225806,3968,128,47,85.9375,125.0,3,90.0535304613816,0.19684248113728384,0.8031575188627161,0.0,11.387208047541856,0.0023909978375993906,5.853972211356977,0.2850608389719067,Isolated Ventricular Beat/True/ReNew20230809_Patient_P001-006_P-002_04-06-2023_P-002_04-06-2023.linejson_duration=1s_pos=7466369-7466433_src=ishne.json
27.267695422835214,405.7932286530989,53.08019669694907,10.520675490712783,14.881830219925329,10.32258064516129,3968,128,4,117.1875,156.25,2,15.748462064251537,0.8733811536869104,0.12661884631308962,0.0,13.186385025349665,0.05126365897803044,0.15352611613677544,,Isolated Ventricular Beat/True/data20240102_aligned_C-001_1701957575670-1701958173670_duration=1s_pos=14306-14370_src=ishne.json
10.812047429526524,405.6565038087565,50.74378887428327,2.4450523692982618,37.5189314451231,23.225806451612904,3968,128,30,101.5625,156.25,11,58.56429134893505,0.11964787763381662,0.8803521223661834,3.4482758620689653,9.208576370444682,0.000428692893282551,1.5891830516343677,2.1972245773362196,Isolated Ventricular Beat/True/data20240102_aligned_C-001_1701977369670-1701977970670_duration=1s_pos=51238-51302_src=ishne.json
5.089827309898943,404.16781702568284,23.043838585935116,2.504011589037569,79.40696471816895,22.838709677419356,3968,128,40,93.75,164.0625,14,77.97969278833638,0.16417138000601514,0.8358286199939848,0.0,17.35279453861445,0.001297484137169044,1.9228789253869853,0.23275241042084654,Isolated Ventricular Beat/True/ReNew20230809_Patient_P001-006_P-004_04-10-2023_P-004_04-10-2023.linejson_duration=1s_pos=8974699-8974763_src=ishne.json
3.142295964908537,400.9516701300221,22.59132658931178,1.3614360588618535,127.5982743221383,37.29032258064516,3968,128,37,85.9375,132.8125,15,71.58984981874676,0.1221253687104212,0.8778746312895788,8.333333333333334,11.831014025644135,0.0035706891177144555,3.0703025492230682,0.9808292530117262,Isolated Ventricular Beat/True/ReNew20230809_Patient_P001-006_P-006_04-10-2023_P-006_04-10-2023.linejson_duration=1s_pos=7494845-7494909_src=ishne.json
4.022126873708322,410.9030810235784,22.953412193493918,2.035623156942057,102.16062092643861,25.548387096774196,3968,128,38,93.75,156.25,14,72.54531529231555,0.1602462686215593,0.8397537313784407,0.0,23.148396936493537,0.00041841143067190687,2.54133077835691,0.24832712210117075,Isolated Ventricular Beat/True/ReNew20230809_Patient_P001-006_P-004_04-10-2023_P-004_04-10-2023.linejson_duration=1s_pos=8691475-8691539_src=ishne.json
11.38777421885219,410.2345769011837,50.79643768989516,3.099717733816787,36.02411963857964,14.838709677419354,3968,128,49,78.125,179.6875,3,93.96890135100688,0.08993809664785664,0.9100619033521433,4.166666666666667,16.17197505469572,0.0006299383624773589,1.8044153568750358,0.4563047848875737,Isolated Ventricular Beat/True/ReNew20230809_Patient_P001-006_P-002_04-06-2023_P-002_04-06-2023.linejson_duration=1s_pos=6044637-6044701_src=ishne.json
13.120060317876025,402.99781421917993,49.60717343124896,4.019667307527008,30.7161532599011,12.903225806451612,3968,128,45,78.125,125.0,1,86.44666155026862,0.20183963365544158,0.7981603663445584,0.0,11.19209725138552,0.0004348390791840406,9.032895306774533,0.39099307549963,Isolated Ventricular Beat/True/ReNew20230809_Patient_P001-006_P-002_04-06-2023_P-002_04-06-2023.linejson_duration=1s_pos=2895521-2895585_src=ishne.json
14.305600800525292,430.6871266419473,51.48771456699709,3.1469576139734334,30.10618725778686,18.064516129032256,3968,128,2,58.59375,78.125,0,,,,,126.39631276755244,0.18166168464497878,0.3399020980745367,,Isolated Ventricular Beat/True/data20240102_aligned_C-001_1701944384670-1701944988670_duration=1s_pos=40451-40515_src=ishne.json
7.283610307888811,409.34836181599763,24.22774109726382,3.2067882193060893,56.20129143528517,15.225806451612902,3968,128,31,85.9375,156.25,9,59.44272445820433,0.10419539792326957,0.8958046020767304,3.3333333333333335,16.493387801245497,0.000500027997536879,2.071423983900686,0.6533012720127456,Isolated Ventricular Beat/True/ReNew20230809_Patient_P001-006_P-005_04-10-2023_P-005_04-10-2023.linejson_duration=1s_pos=8452632-8452696_src=ishne.json
3.026022822181788,402.66749699702973,22.71919737125279,1.1607172021124157,133.06818473976955,43.096774193548384,3968,128,32,89.84375,132.8125,14,62.161879895561356,0.1505126254036982,0.8494873745963019,6.451612903225806,18.1020694225454,0.00040948343162688645,4.169194720875054,1.2321436812926323,Isolated Ventricular Beat/True/ReNew20230809_Patient_P001-006_P-006_04-10-2023_P-006_04-10-2023.linejson_duration=1s_pos=11051798-11051862_src=ishne.json
33.54589407291029,571.1458401272738,72.19919337850257,8.466967146826043,17.025804167273446,7.741935483870968,3968,128,50,78.125,132.8125,2,96.59137577002053,0.24554091611431378,0.7544590838856862,0.0,9.875618678545568,0.005348942351710579,7.559044996162103,0.3762354697932261,Isolated Ventricular Beat/True/ReNew20230809_Patient_P001-006_P-002_04-06-2023_P-002_04-06-2023.linejson_duration=1s_pos=3227120-3227184_src=ishne.json
14.020133887013197,444.61866658765,52.47299494300599,4.891899812631495,31.7128665430672,12.903225806451612,3968,128,42,78.125,125.0,3,81.13372842051017,0.18242175038427205,0.817578249615728,0.0,13.025577334294127,0.0032857169625537894,7.298517576530274,0.7976598792954321,Isolated Ventricular Beat/True/ReNew20230809_Patient_P001-006_P-002_04-06-2023_P-002_04-06-2023.linejson_duration=1s_pos=5121940-5122004_src=ishne.json
33.29672314239425,425.67233857905575,57.84879649957777,16.510355513650097,12.784210745737559,6.451612903225806,3968,128,49,78.125,132.8125,2,94.62012320328542,0.16256169169335632,0.8374383083066437,4.166666666666667,9.35830814233818,0.0015575749244531273,4.057710552393426,0.2354568115475667,Isolated Ventricular Beat/True/ReNew20230809_Patient_P001-006_P-002_04-06-2023_P-002_04-06-2023.linejson_duration=1s_pos=7837477-7837541_src=ishne.json
23.562282848603218,743.2046727356656,43.361886912676766,14.330117655999231,31.54213222754818,3.612903225806452,3968,128,47,132.8125,164.0625,29,90.09946442234124,0.2077881614382939,0.7922118385617061,0.0,13.802376248860735,0.0019559452851515002,2.027996967443697,0.2774064098735767,Isolated Ventricular Beat/True/ReNew20230809_Patient_P001-006_P-004_04-10-2023_P-004_04-10-2023.linejson_duration=1s_pos=6424099-6424163_src=ishne.json
12.596508509550386,401.58624228338414,50.14467815933411,3.6367412861739723,31.880755694973328,16.7741935483871,3968,128,37,85.9375,140.625,8,71.86898882245906,0.26440809952259015,0.7355919004774099,0.0,16.71345066046599,0.0012731198760128782,6.594680904374694,0.27625337662815824,Isolated Ventricular Beat/True/ReNew20230809_Patient_P001-006_P-002_04-06-2023_P-002_04-06-2023.linejson_duration=1s_pos=6264106-6264170_src=ishne.json
11.754610491279015,494.9804826873378,31.684554821006802,6.162409651359169,42.10947193402129,10.70967741935484,3968,128,4,58.59375,85.9375,0,112.39024390243904,0.4517399766934066,0.5482600233065934,33.333333333333336,32.76867715541822,0.0479772452230396,0.5216243891288077,,Isolated Ventricular Beat/True/ReNew20230809_Patient_P001-006_P-004_04-10-2023_P-004_04-10-2023.linejson_duration=1s_pos=10082483-10082547_src=ishne.json
3.2743252940756205,407.96095753013384,22.932013113299963,1.43983051367913,124.59386172608245,36.38709677419355,3968,128,36,85.9375,132.8125,14,69.331957699252,0.10027395874999248,0.8997260412500075,2.857142857142857,15.341763836908186,0.00019893380424131063,3.7809934134724,1.2992829841302609,Isolated Ventricular Beat/True/ReNew20230809_Patient_P001-006_P-006_04-10-2023_P-006_04-10-2023.linejson_duration=1s_pos=9619560-9619624_src=ishne.json
6.80792980272275,399.6134205026367,26.069765539311607,2.369894803168626,58.69822007339089,22.838709677419356,3968,128,43,93.75,164.0625,9,83.89076723016905,0.04920975860796875,0.9507902413920313,0.0,21.170553374810538,0.0005492939458295065,2.4253088946422845,2.3978952727983707,Isolated Ventricular Beat/True/ReNew20230809_Patient_P001-006_P-003_04-10-2023_P-003_04-10-2023.linejson_duration=1s_pos=10064426-10064490_src=ishne.json
15.377983472465106,401.7862383048898,53.84153559941714,3.634324709639092,26.127366627551492,10.967741935483872,3968,128,44,78.125,132.8125,3,85.4437257438551,0.2621727262839236,0.7378272737160765,32.55813953488372,10.968770412503474,0.03137231493360903,5.3280055102838775,0.4353180712578455,Isolated Ventricular Beat/True/ReNew20230809_Patient_P001-006_P-002_04-06-2023_P-002_04-06-2023.linejson_duration=1s_pos=917207-917271_src=ishne.json
4.560546806024667,405.52336920352593,22.84741592903646,2.29274338935892,88.9198812186144,23.483870967741936,3968,128,41,93.75,156.25,17,78.91086565630619,0.04620185907730255,0.9537981409226974,2.5,23.4017703078329,0.001421038515659352,2.80936497371246,1.1895840668738362,Isolated Ventricular Beat/True/ReNew20230809_Patient_P001-006_P-004_04-10-2023_P-004_04-10-2023.linejson_duration=1s_pos=5140844-5140908_src=ishne.json
11.787638934007335,405.2565062813441,50.11208412973089,3.279315284475004,34.379783277242744,18.70967741935484,3968,128,40,78.125,125.0,3,76.8788501026694,0.18713488175281867,0.8128651182471813,2.5641025641025643,13.065856799650025,0.001716074022919032,8.704133324119358,0.4723593429381946,Isolated Ventricular Beat/True/ReNew20230809_Patient_P001-006_P-002_04-06-2023_P-002_04-06-2023.linejson_duration=1s_pos=4198553-4198617_src=ishne.json
19.389949412606345,405.6829914367467,48.52280354101937,7.378333341819809,20.922332590030376,9.032258064516128,3968,128,46,78.125,117.1875,0,87.42727042752341,0.16250323291745125,0.8374967670825487,0.0,11.727216721032937,0.006055731306383032,7.504157792675786,0.7141123090249902,Isolated Ventricular Beat/True/ReNew20230809_Patient_P001-006_P-002_04-06-2023_P-002_04-06-2023.linejson_duration=1s_pos=5107698-5107762_src=ishne.json
14.644449397426348,415.2282114871141,51.03496738957129,3.9383379678465946,28.353963461823557,16.7741935483871,3968,128,46,78.125,109.375,0,88.36614676553312,0.1775693944250673,0.8224306055749326,2.2222222222222223,11.662385278889023,0.0020325944253070673,7.246931641238683,0.32112395967441343,Isolated Ventricular Beat/True/ReNew20230809_Patient_P001-006_P-002_04-06-2023_P-002_04-06-2023.linejson_duration=1s_pos=3211329-3211393_src=ishne.json
3.9750266551893865,416.3897309732769,23.337941904020738,1.788308650236381,104.75140479329279,32.516129032258064,3968,128,38,78.125,132.8125,15,74.40691280439906,0.11092620963445071,0.8890737903655492,5.405405405405405,13.722715264854362,0.00040207295574331474,3.6230776601715347,0.7245633767933243,Isolated Ventricular Beat/True/ReNew20230809_Patient_P001-006_P-006_04-10-2023_P-006_04-10-2023.linejson_duration=1s_pos=8267823-8267887_src=ishne.json
4.583517999936039,406.03491577596884,22.801651106256507,2.4772250466598145,88.58584763838327,21.677419354838708,3968,128,37,140.625,156.25,21,71.38652207591015,0.25670144778983395,0.743298552210166,0.0,20.656298064086318,0.003909423944782548,2.069153015247124,0.2987131558840546,Isolated Ventricular Beat/True/ReNew20230809_Patient_P001-006_P-004_04-10-2023_P-004_04-10-2023.linejson_duration=1s_pos=6912977-6913041_src=ishne.json
10.539411782244704,407.2377384060314,49.81910990587731,2.485017848710691,38.63950931802266,18.064516129032256,3968,128,35,85.9375,140.625,5,68.1419624217119,0.19297377082177758,0.8070262291782224,11.764705882352942,15.808292268040368,0.0006342227527406297,4.6179616148147655,0.8873031950009028,Isolated Ventricular Beat/True/ReNew20230809_Patient_P001-006_P-002_04-06-2023_P-002_04-06-2023.linejson_duration=1s_pos=6649292-6649356_src=ishne.json
3.112524637423006,397.3121027647548,22.500052766805116,1.309579126518301,127.64942334537896,39.87096774193548,3968,128,38,121.09375,140.625,19,72.71238485158649,0.17303451879960885,0.8269654812003912,10.81081081081081,10.86661548760641,0.0005532737726380492,3.1218857807895994,0.5465437063680699,Isolated Ventricular Beat/True/ReNew20230809_Patient_P001-006_P-006_04-10-2023_P-006_04-10-2023.linejson_duration=1s_pos=7615557-7615621_src=ishne.json
2.970424794587244,398.60574426826514,22.457686361599382,1.1859164288862134,134.19144992432086,43.096774193548384,3968,128,36,85.9375,132.8125,13,70.66246056782335,0.1600413182867421,0.8399586817132579,8.571428571428571,12.302392226185864,0.0009183794482157826,2.910344227550245,0.7472144018302211,Isolated Ventricular Beat/True/ReNew20230809_Patient_P001-006_P-006_04-10-2023_P-006_04-10-2023.linejson_duration=1s_pos=7768572-7768636_src=ishne.json
2.925014533759379,408.3471414751766,22.976350894702545,1.1358863424655308,139.60511893430802,45.03225806451613,3968,128,35,78.125,132.8125,6,67.36842105263158,0.18308912191540577,0.8169108780845942,11.764705882352942,15.204507168319122,0.0002582791558631843,4.3166601466675205,0.7221347174331976,Isolated Ventricular Beat/True/ReNew20230809_Patient_P001-006_P-006_04-10-2023_P-006_04-10-2023.linejson_duration=1s_pos=10853946-10854010_src=ishne.json
41.07058712762644,427.02490742026,53.17611835867642,27.06213289990922,10.39734094124205,2.5806451612903225,3968,128,46,78.125,132.8125,4,89.60331864143117,0.18839339708781103,0.811606602912189,0.0,11.834725133101688,0.0007826582663655021,8.476574728844815,0.302517138855722,Isolated Ventricular Beat/True/ReNew20230809_Patient_P001-006_P-002_04-06-2023_P-002_04-06-2023.linejson_duration=1s_pos=1248544-1248608_src=ishne.json
3.6809955418856335,406.49698749457997,22.79635807059717,1.724620542333799,110.43123319163651,29.806451612903224,3968,128,35,140.625,164.0625,19,67.5776397515528,0.15395048925886462,0.8460495107411354,0.0,23.926761835687927,0.008837644596543048,2.3532496257486786,0.2616098321420057,Isolated Ventricular Beat/True/ReNew20230809_Patient_P001-006_P-004_04-10-2023_P-004_04-10-2023.linejson_duration=1s_pos=4445457-4445521_src=ishne.json
4.627735775407338,390.19008534222667,22.13706925099221,2.2225407548011056,84.31553138799295,24.258064516129032,3968,128,28,85.9375,179.6875,5,52.91145700433784,0.10647962786063037,0.8935203721393696,3.7037037037037037,22.63800086374142,0.00035330240476401397,2.2232682501886654,0.36662527479190055,Isolated Ventricular Beat/True/ReNew20230809_Patient_P001-006_P-005_04-10-2023_P-005_04-10-2023.linejson_duration=1s_pos=1501554-1501618_src=ishne.json
10.162981744330171,416.968558672968,51.884062748657605,1.7101218401933682,41.02816753335439,30.967741935483872,3968,128,26,121.09375,156.25,13,50.4334121355398,0.1913424745505544,0.8086575254494456,8.0,19.900452576873512,0.009994400753967653,1.9310909638784126,0.25951119548508456,Isolated Ventricular Beat/True/data20240102_aligned_C-001_1701938993670-1701939579670_duration=1s_pos=40056-40120_src=ishne.json
11.900332899191348,405.6209643742017,49.47383407337376,3.754641855186369,34.08483894739832,14.838709677419354,3968,128,44,78.125,125.0,1,85.73208722741434,0.14501419138324048,0.8549858086167595,0.0,13.220828096783656,0.0010945274622721761,9.637594787681738,0.37869486704355965,Isolated Ventricular Beat/True/ReNew20230809_Patient_P001-006_P-002_04-06-2023_P-002_04-06-2023.linejson_duration=1s_pos=3163258-3163322_src=ishne.json
10.528360134157898,396.76994620760496,49.78398478556926,2.1351117969832245,37.68582224258403,24.516129032258064,3968,128,41,85.9375,132.8125,13,78.68852459016394,0.10043597016860592,0.899564029831394,2.5,10.697830361052226,0.0008232500534398346,7.060060801794497,0.9555114450274363,Isolated Ventricular Beat/True/ReNew20230809_Patient_P001-006_P-002_04-06-2023_P-002_04-06-2023.linejson_duration=1s_pos=9483313-9483377_src=ishne.json
4.825747979238307,399.29059580485915,21.952708967560817,2.6054849658211365,82.741683730902,22.193548387096772,3968,128,44,93.75,156.25,19,84.00915797506995,0.21010863485231962,0.7898913651476804,0.0,15.056511027544442,0.0012038467535646993,2.051101827785045,0.20959932620645252,Isolated Ventricular Beat/True/ReNew20230809_Patient_P001-006_P-004_04-10-2023_P-004_04-10-2023.linejson_duration=1s_pos=10542968-10543032_src=ishne.json
4.217313831502888,403.61888996349927,22.721723164687155,2.0255966546345316,95.70518353254293,25.548387096774196,3968,128,37,125.0,164.0625,20,72.9883843717001,0.21782742680588546,0.7821725731941145,0.0,21.576370004674946,0.002721499933143618,2.1615531878246714,0.25907556054027314,Isolated Ventricular Beat/True/ReNew20230809_Patient_P001-006_P-004_04-10-2023_P-004_04-10-2023.linejson_duration=1s_pos=7429380-7429444_src=ishne.json
2.8851405277116093,407.64680598804335,22.983051959945186,1.13136959763116,141.2917883135439,46.19354838709677,3968,128,32,82.03125,132.8125,11,62.178114390180205,0.17445456432738105,0.825545435672619,9.67741935483871,17.606839492528305,0.00039670830681777037,4.42241782196723,0.45198512374305727,Isolated Ventricular Beat/True/ReNew20230809_Patient_P001-006_P-006_04-10-2023_P-006_04-10-2023.linejson_duration=1s_pos=10845574-10845638_src=ishne.json
21.413760655120196,408.50286239482034,51.539246468217335,7.9615056022528385,19.076651219620917,7.096774193548387,3968,128,23,85.9375,179.6875,5,43.35642802155504,0.9378918224554375,0.06210817754456255,31.818181818181817,27.442932827956245,0.002089211045500809,0.11708053749410641,,Isolated Ventricular Beat/True/data20240102_aligned_C-001_1701952460670-1701953369670_duration=1s_pos=11768-11832_src=ishne.json
4.9894158826708965,404.3929723203622,22.802274401821272,2.538954449676334,81.05014710734807,20.903225806451616,3968,128,38,136.71875,156.25,21,74.19321148825065,0.15272433011257314,0.8472756698874269,0.0,23.986305862869973,0.0012516812118714,2.7476078487615494,0.19724720701063034,Isolated Ventricular Beat/True/ReNew20230809_Patient_P001-006_P-004_04-10-2023_P-004_04-10-2023.linejson_duration=1s_pos=6771461-6771525_src=ishne.json
3.8998942294735857,418.2269274653361,23.364182199379595,1.8244624162278011,107.24055464479466,28.387096774193548,3968,128,35,85.9375,140.625,13,67.14322447930059,0.14004257121205327,0.8599574287879468,11.764705882352942,14.008607575494779,0.00027502908446282924,3.262214546080018,1.1370785694959058,Isolated Ventricular Beat/True/ReNew20230809_Patient_P001-006_P-006_04-10-2023_P-006_04-10-2023.linejson_duration=1s_pos=8149945-8150009_src=ishne.json
70.68227771765793,495.6328245703494,89.29779202766278,41.601532793558164,7.012122890805017,3.225806451612903,3968,128,47,78.125,125.0,2,89.59675374080649,0.06089535665186908,0.9391046433481309,4.3478260869565215,11.822364751148562,0.020670666535277833,6.681021098274189,0.7308875085427924,Isolated Ventricular Beat/True/ReNew20230809_Patient_P001-006_P-002_04-06-2023_P-002_04-06-2023.linejson_duration=1s_pos=1193352-1193416_src=ishne.json
4.020012711845857,402.3482654317152,22.73362787049554,1.9401851947100646,100.08629180694267,26.451612903225808,3968,128,38,97.65625,164.0625,18,74.6218487394958,0.1640762522985124,0.8359237477014876,2.7027027027027026,21.07181151302823,0.0011530738259996007,2.2510170586160956,0.3158529494184773,Isolated Ventricular Beat/True/ReNew20230809_Patient_P001-006_P-004_04-10-2023_P-004_04-10-2023.linejson_duration=1s_pos=7406295-7406359_src=ishne.json
11.33418433212903,401.7104160645846,49.73589859595635,2.865152413796812,35.44237228288967,17.419354838709676,3968,128,37,85.9375,132.8125,8,70.53061224489795,0.16812753484070367,0.8318724651592964,0.0,17.050541884468913,0.0004098531081751557,8.026732307317097,1.0986122886681098,Isolated Ventricular Beat/True/ReNew20230809_Patient_P001-006_P-002_04-06-2023_P-002_04-06-2023.linejson_duration=1s_pos=6443605-6443669_src=ishne.json
3.3796161861508534,396.2568046289381,22.310599625943325,1.6492768279862124,117.24902046679634,29.677419354838708,3968,128,39,93.75,179.6875,16,74.37308868501529,0.08467659881611721,0.9153234011838828,2.6315789473684212,24.22106617016353,0.0006905768398661963,2.4627667902157224,0.6031989438970057,Isolated Ventricular Beat/True/ReNew20230809_Patient_P001-006_P-003_04-10-2023_P-003_04-10-2023.linejson_duration=1s_pos=7988110-7988174_src=ishne.json
13.122930214239483,404.1515144233353,49.83680920888567,4.131695024210513,30.797350670008615,12.258064516129032,3968,128,46,78.125,132.8125,5,89.5800933125972,0.08249212417017757,0.9175078758298224,2.2222222222222223,12.228835759658647,0.006587177276481091,7.072093032073287,0.8574502318512216,Isolated Ventricular Beat/True/ReNew20230809_Patient_P001-006_P-002_04-06-2023_P-002_04-06-2023.linejson_duration=1s_pos=4632171-4632235_src=ishne.json
12.393691205836054,406.1669505628234,51.008443155322944,2.7959466154272583,32.772070164173016,14.838709677419354,3968,128,45,78.125,125.0,1,86.93594031386674,0.0846387654571963,0.9153612345428037,2.272727272727273,12.602233266098269,0.000491247119317822,5.176741556180687,0.7717903078790584,Isolated Ventricular Beat/True/ReNew20230809_Patient_P001-006_P-002_04-06-2023_P-002_04-06-2023.linejson_duration=1s_pos=8912642-8912706_src=ishne.json
11.616740832190104,406.1161740939348,50.37482996661791,2.0169145172435066,34.95955922585651,29.03225806451613,3968,128,1,,,0,,,,,238.13519990765437,0.0015083453539484128,0.18201434301462693,,Isolated Ventricular Beat/True/data20240102_aligned_C-002_1700048796660-1700051993660_duration=1s_pos=322636-322700_src=ishne.json
12.448833553822922,410.64296956574265,50.23406774931349,3.4619784636995554,32.98645891631984,20.0,3968,128,44,85.9375,132.8125,9,85.39953452288596,0.11353618228259074,0.8864638177174092,6.976744186046512,12.668849444761994,0.0012254905184429959,4.352259845595674,0.6237186741281824,Isolated Ventricular Beat/True/ReNew20230809_Patient_P001-006_P-002_04-06-2023_P-002_04-06-2023.linejson_duration=1s_pos=6072244-6072308_src=ishne.json
12.171952398710333,409.9657682480973,50.676465302413725,3.9099067790737685,33.681181222032514,15.483870967741936,3968,128,49,78.125,125.0,1,95.52733868877948,0.06570733024940742,0.9342926697505926,4.166666666666667,15.310185653893711,0.0004032974266488238,3.042904707850487,0.4090049348132885,Isolated Ventricular Beat/True/ReNew20230809_Patient_P001-006_P-002_04-06-2023_P-002_04-06-2023.linejson_duration=1s_pos=6038472-6038536_src=ishne.json
12.132085818371957,399.3074156058396,49.550046424536106,3.705740746202446,32.91333317868755,13.548387096774196,3968,128,43,78.125,132.8125,5,83.09119010819165,0.17440814919925107,0.8255918508007489,4.761904761904762,12.367275347754465,0.0005367517812659437,2.889744802843989,0.3667505959274739,Isolated Ventricular Beat/True/ReNew20230809_Patient_P001-006_P-002_04-06-2023_P-002_04-06-2023.linejson_duration=1s_pos=8433012-8433076_src=ishne.json
36.66195096774014,394.45806660286854,51.07277475773325,26.756323700576456,10.759330734761834,1.2903225806451613,3968,128,47,70.3125,93.75,0,90.5381855458739,0.2742595426932527,0.7257404573067473,30.434782608695652,14.349954535617638,0.001044562426923006,1.795960926059004,0.41925843024050025,Isolated Ventricular Beat/True/data20240102_aligned_R-003_1697646649857-1697647248857_duration=1s_pos=55472-55536_src=ishne.json
17.30975145804727,420.9841555027281,51.49219467286297,7.436621640414698,24.3206340774107,9.032258064516128,3968,128,43,78.125,132.8125,8,83.97813069513148,0.1777664278682593,0.8222335721317406,0.0,12.601492470535648,0.00238956393382579,7.123736222694488,0.5406785869156717,Isolated Ventricular Beat/True/ReNew20230809_Patient_P001-006_P-002_04-06-2023_P-002_04-06-2023.linejson_duration=1s_pos=4832011-4832075_src=ishne.json
35.819516159208234,397.1539484773784,51.26824585373458,25.13559312826652,11.087641039719621,2.5806451612903225,3968,128,47,62.5,85.9375,0,90.3529411764706,0.24671758189721296,0.7532824181027871,26.08695652173913,14.64166900333694,0.0027558806551429933,1.837360962483204,0.12233885219224414,Isolated Ventricular Beat/True/data20240102_aligned_R-003_1697646649857-1697647248857_duration=1s_pos=52094-52158_src=ishne.json
23.405155772698713,409.8149596098536,51.3917618477971,9.963480004196779,17.509601135758604,5.806451612903226,3968,128,49,78.125,125.0,2,94.64441591784339,0.17183041419835124,0.8281695858016488,4.166666666666667,9.698891805009854,0.0015139363901311377,3.847839771979362,0.5399430223367179,Isolated Ventricular Beat/True/ReNew20230809_Patient_P001-006_P-002_04-06-2023_P-002_04-06-2023.linejson_duration=1s_pos=5768150-5768214_src=ishne.json
8.483358598161159,415.9202004453465,23.416389553652074,5.305981815675098,49.02776967458751,9.67741935483871,3968,128,38,132.8125,164.0625,21,74.77894736842104,0.21099093467522362,0.7890090653247763,0.0,20.214143625393906,0.0016140704431726494,1.9602514471211656,0.2722408879634031,Isolated Ventricular Beat/True/ReNew20230809_Patient_P001-006_P-004_04-10-2023_P-004_04-10-2023.linejson_duration=1s_pos=7807409-7807473_src=ishne.json
4.419783055980176,402.194109671039,22.66342291523556,2.4036139680854163,90.99858829683124,23.612903225806452,3968,128,38,113.28125,164.0625,19,73.10522253666066,0.15318348817060623,0.8468165118293938,0.0,24.075948596182,0.0035973098714209488,2.669308870362196,0.2081955898783366,Isolated Ventricular Beat/True/ReNew20230809_Patient_P001-006_P-004_04-10-2023_P-004_04-10-2023.linejson_duration=1s_pos=6926900-6926964_src=ishne.json
11.53515231946612,406.552846857517,50.40006427487915,2.774736323885918,35.24468514618179,18.064516129032256,3968,128,42,78.125,125.0,1,80.26510323731837,0.36568906489580594,0.634310935104194,4.878048780487805,9.806966515312146,0.001528165485207419,3.3765570256662327,0.45035069134434175,Isolated Ventricular Beat/True/ReNew20230809_Patient_P001-006_P-002_04-06-2023_P-002_04-06-2023.linejson_duration=1s_pos=2926470-2926534_src=ishne.json
5.705046574718156,407.6353995723131,22.947418066471354,3.088594720876525,71.45170907579177,19.612903225806452,3968,128,44,125.0,164.0625,24,85.003861003861,0.20265722355500454,0.7973427764449954,0.0,17.809450106952543,0.010312215652850997,2.549785910856987,0.3889358061569538,Isolated Ventricular Beat/True/ReNew20230809_Patient_P001-006_P-004_04-10-2023_P-004_04-10-2023.linejson_duration=1s_pos=7053122-7053186_src=ishne.json
22.461435026190706,411.1251361185629,34.07465552213855,13.070818378230431,18.303599807206393,2.967741935483871,3968,128,42,78.125,156.25,11,82.64566929133858,0.20439134357723016,0.7956086564227698,0.0,13.151836733808864,0.0022426914476389235,1.2804968623260193,0.24151042818428528,Isolated Ventricular Beat/True/ReNew20230809_Patient_P001-006_P-004_04-10-2023_P-004_04-10-2023.linejson_duration=1s_pos=6283244-6283308_src=ishne.json
5.61996300529263,399.5998213164045,22.919362640567346,2.4735326347276043,71.10362645384905,21.29032258064516,3968,128,33,85.9375,156.25,6,65.05029115934357,0.09415090592072134,0.9058490940792787,3.125,24.60899590581591,0.01801633684752183,1.4998685719663563,0.4078603188341192,Isolated Ventricular Beat/True/ReNew20230809_Patient_P001-006_P-005_04-10-2023_P-005_04-10-2023.linejson_duration=1s_pos=9584781-9584845_src=ishne.json
4.213133340432397,402.9378437242381,22.775696737608293,2.141555100267256,95.63849883858303,27.09677419354839,3968,128,38,93.75,156.25,18,72.99255073208323,0.15245479810640505,0.847545201893595,0.0,23.787496411931144,0.0050858240221030495,2.394192337577007,0.16785713630238805,Isolated Ventricular Beat/True/ReNew20230809_Patient_P001-006_P-004_04-10-2023_P-004_04-10-2023.linejson_duration=1s_pos=5284388-5284452_src=ishne.json
4.8630035459172145,417.6437397663164,24.72908443431983,1.425918615045152,85.88183206963141,38.32258064516129,3968,128,17,125.0,132.8125,10,84.2798353909465,0.15239925226517784,0.8476007477348222,12.5,20.298526905499582,0.0005839132856574344,3.8724252776462946,0.587786664902119,Isolated Ventricular Beat/True/ReNew20230809_Patient_P001-006_P-006_04-10-2023_P-006_04-10-2023.linejson_duration=1s_pos=10856053-10856117_src=ishne.json
7.463441536978678,401.7948457516725,24.97334428703068,2.711248167529212,53.835055841982204,20.903225806451616,3968,128,39,101.5625,164.0625,18,74.16518424396442,0.2518773127354196,0.7481226872645804,0.0,15.916800012463217,0.02782464814975366,1.6016414910468062,0.3539314579929816,Isolated Ventricular Beat/True/ReNew20230809_Patient_P001-006_P-004_04-10-2023_P-004_04-10-2023.linejson_duration=1s_pos=5179764-5179828_src=ishne.json
14.101912005267527,415.15797829119185,50.910519554701914,4.140531997416597,29.439834023661664,15.483870967741936,3968,128,28,85.9375,132.8125,8,57.34513274336283,0.6920797259351967,0.30792027406480327,29.62962962962963,18.030150910057323,0.010297665911936907,3.93041449182305,0.7114963192281418,Isolated Ventricular Beat/True/ReNew20230809_Patient_P001-006_P-002_04-06-2023_P-002_04-06-2023.linejson_duration=1s_pos=6126678-6126742_src=ishne.json
3.9541087901676284,402.22298210852057,22.622269248438492,2.027502994006891,101.72276528807991,28.000000000000004,3968,128,38,140.625,156.25,23,73.3694810224632,0.16039756464634952,0.8396024353536504,0.0,23.421703253369788,0.017252991435502494,2.506381582150534,0.24469188752041274,Isolated Ventricular Beat/True/ReNew20230809_Patient_P001-006_P-004_04-10-2023_P-004_04-10-2023.linejson_duration=1s_pos=8279661-8279725_src=ishne.json
30.41445286624732,395.80595408922346,48.871274078044266,21.50965524050119,13.013745235401785,3.870967741935484,3968,128,44,70.3125,93.75,0,85.46583850931677,0.2279699018248516,0.7720300981751484,20.930232558139537,15.894402073595614,0.00033108327200719176,1.8741886239072592,0.34070654076000123,Isolated Ventricular Beat/True/data20240102_aligned_R-003_1697646649857-1697647248857_duration=1s_pos=8897-8961_src=ishne.json
27.21683927307632,428.1477262166422,52.5296776650445,15.014892230502452,15.730985739743574,4.516129032258064,3968,128,3,117.1875,117.1875,0,,,,,7.973946460537215,0.000890733014063728,0.4128741097007413,,Isolated Ventricular Beat/True/data20240102_aligned_C-001_1702006169670-1702006771670_duration=1s_pos=70322-70386_src=ishne.json
9.49777169061878,394.81350828793296,49.17822158753116,1.4767777881893318,41.56906267907438,36.774193548387096,3968,128,25,93.75,132.8125,2,47.627906976744185,0.14273954199279928,0.8572604580072007,12.5,12.052421822435113,0.00036317576674234814,1.2176214065232642,0.5108256237659907,Isolated Ventricular Beat/True/data20240102_aligned_C-001_1701943779670-1701944383670_duration=1s_pos=64186-64250_src=ishne.json
3.1361884986463737,410.0410080739311,23.08227494370533,1.372009287783582,130.74497196387875,37.41935483870968,3968,128,35,78.125,132.8125,8,67.78816199376946,0.1324079161204324,0.8675920838795677,5.882352941176471,10.797217261667521,0.00043444547236747564,3.044192981271065,0.937124818776997,Isolated Ventricular Beat/True/ReNew20230809_Patient_P001-006_P-006_04-10-2023_P-006_04-10-2023.linejson_duration=1s_pos=6586100-6586164_src=ishne.json
12.91930434739082,397.8098140990388,49.90740841298058,3.5750163532954904,30.791888836297254,16.7741935483871,3968,128,42,78.125,132.8125,6,80.44966785896781,0.3605198691068148,0.6394801308931852,2.4390243902439024,11.133692977694214,0.00032323967616038036,6.107344590270947,0.35987836365627013,Isolated Ventricular Beat/True/ReNew20230809_Patient_P001-006_P-002_04-06-2023_P-002_04-06-2023.linejson_duration=1s_pos=4594619-4594683_src=ishne.json
22.504892191163474,789.0325745625737,45.30737563484862,12.47413338386949,35.060489639310376,3.870967741935484,3968,128,46,128.90625,164.0625,25,89.39472322814278,0.15779303368209055,0.8422069663179095,2.2222222222222223,13.998483543325275,0.004384735881834038,1.8105267034697572,0.276632236265196,Isolated Ventricular Beat/True/ReNew20230809_Patient_P001-006_P-004_04-10-2023_P-004_04-10-2023.linejson_duration=1s_pos=6278326-6278390_src=ishne.json
10.574360622543065,400.11110394446104,49.77534543423609,2.670107641888908,37.837849529514855,21.935483870967744,3968,128,36,85.9375,132.8125,7,69.67340590979782,0.18224402094144826,0.8177559790585518,8.571428571428571,16.106940863063937,0.00029324463204121175,5.549323743281475,0.2785161054377009,Isolated Ventricular Beat/True/ReNew20230809_Patient_P001-006_P-002_04-06-2023_P-002_04-06-2023.linejson_duration=1s_pos=6469305-6469369_src=ishne.json
20.29547621205154,413.84958373563154,49.86513944487157,8.675401361505353,20.391222113756747,7.741935483870968,3968,128,36,78.125,156.25,7,69.01155327342747,0.17131272569009962,0.8286872743099004,11.428571428571429,7.863949137977437,0.011571058512400943,0.9297922113664071,1.1349799328389845,Isolated Ventricular Beat/True/data20240102_aligned_C-002_1700097063660-1700098768660_duration=1s_pos=107658-107722_src=ishne.json
13.753535490027268,406.7923049474851,50.33357675232231,4.064810903430027,29.57728764834059,12.903225806451612,3968,128,43,78.125,132.8125,1,83.00566134843027,0.15793601604710067,0.8420639839528994,0.0,13.453667249526305,0.00934474500487737,9.412119124173927,0.3663623820944218,Isolated Ventricular Beat/True/ReNew20230809_Patient_P001-006_P-002_04-06-2023_P-002_04-06-2023.linejson_duration=1s_pos=1633184-1633248_src=ishne.json
28.47134682814045,803.5915718790101,89.0285496868221,5.728035500317752,28.224570776546024,8.38709677419355,3968,128,49,78.125,125.0,1,94.3778801843318,0.1749556859136265,0.8250443140863735,2.0833333333333335,11.315649082455687,0.0006541694200796105,4.3460849955058,0.5031035776720805,Isolated Ventricular Beat/True/ReNew20230809_Patient_P001-006_P-002_04-06-2023_P-002_04-06-2023.linejson_duration=1s_pos=2821014-2821078_src=ishne.json
11.06756428090203,409.85839381106723,50.69366235422504,2.315438633453182,37.03238999803423,25.806451612903224,3968,128,39,85.9375,140.625,7,75.527950310559,0.2528016228240584,0.7471983771759416,0.0,11.322876347493935,0.0009967140674185541,5.546669060251632,0.44468582126144557,Isolated Ventricular Beat/True/ReNew20230809_Patient_P001-006_P-002_04-06-2023_P-002_04-06-2023.linejson_duration=1s_pos=9526607-9526671_src=ishne.json
4.352738852013117,404.65860173257016,22.83756590149771,2.24936911206286,92.96641092515966,24.0,3968,128,38,93.75,156.25,16,74.0771637122002,0.16099476180005678,0.8390052381999432,0.0,22.984777178131633,0.001188263481645703,2.5956061323651194,0.2917062227515064,Isolated Ventricular Beat/True/ReNew20230809_Patient_P001-006_P-004_04-10-2023_P-004_04-10-2023.linejson_duration=1s_pos=9257670-9257734_src=ishne.json
13.321047229656529,403.82139717765966,50.14857766919879,4.226159840464705,30.3145360797235,12.258064516129032,3968,128,38,117.1875,179.6875,16,73.78862633082316,0.15857357793206905,0.841426422067931,0.0,24.89979496335675,0.004818403950345001,0.24740794543797928,0.12314497879776881,Isolated Ventricular Beat/True/ReNew20230809_Public_Isolated events_new1_1686762000000-1686785011000_duration=1s_pos=1494585-1494649_src=ishne.json
11.142858497635551,406.4205307819865,50.605317661437994,2.012161665382095,36.47362967003457,24.516129032258064,3968,128,32,85.9375,156.25,12,63.4034620505992,0.26402910021405307,0.7359708997859469,19.35483870967742,11.684676300488569,0.0035789970448828336,0.49410373438531985,1.1451323043030026,Isolated Ventricular Beat/True/data20240102_aligned_C-001_1702000769670-1702001380670_duration=1s_pos=40328-40392_src=ishne.json
9.803817397474722,399.20113656546465,49.612496267334734,1.69903556880302,40.718944433761784,30.32258064516129,3968,128,32,85.9375,140.625,6,62.38993710691823,0.24295265442256403,0.757047345577436,9.67741935483871,17.77622629619838,0.0010432596961831232,3.6950082424337407,0.5766133643039937,Isolated Ventricular Beat/True/ReNew20230809_Patient_P001-006_P-002_04-06-2023_P-002_04-06-2023.linejson_duration=1s_pos=260852-260916_src=ishne.json
32.36967706757501,434.88020195385303,51.13912097202423,23.33374204347105,13.43480157714254,1.2903225806451613,3968,128,44,62.5,93.75,0,85.73208722741434,0.22063923866316842,0.7793607613368316,16.27906976744186,15.618356425104025,0.0006928221657510049,1.872217262893074,0.3816138922859844,Isolated Ventricular Beat/True/data20240102_aligned_R-003_1697646649857-1697647248857_duration=1s_pos=9410-9474_src=ishne.json
4.946649997915921,403.23943314056464,23.405284295099303,2.14636965114523,81.51766383164163,24.0,3968,128,38,113.28125,164.0625,19,73.50232798758407,0.21753489211660093,0.7824651078833991,2.7027027027027026,17.9339305070182,0.0010234078475772868,1.836475713470506,0.36617739103512875,Isolated Ventricular Beat/True/ReNew20230809_Patient_P001-006_P-004_04-10-2023_P-004_04-10-2023.linejson_duration=1s_pos=5092144-5092208_src=ishne.json
4.05465964663391,409.7569783244224,22.847729041362452,1.932901622194727,101.05826702527956,29.419354838709676,3968,128,39,140.625,156.25,20,74.86916367367881,0.16758131475740276,0.8324186852425972,0.0,22.80726358544974,0.0026975002068682866,2.6022384179506353,0.4526118865338664,Isolated Ventricular Beat/True/ReNew20230809_Patient_P001-006_P-004_04-10-2023_P-004_04-10-2023.linejson_duration=1s_pos=8574853-8574917_src=ishne.json
13.006386421968008,408.5830257118628,50.44688168336504,4.672526599711402,31.41402854275732,10.32258064516129,3968,128,43,85.9375,132.8125,10,83.04840370751802,0.1543631553236507,0.8456368446763494,2.380952380952381,13.37389763452422,0.00115592703079129,4.822439923985403,0.29937811221497224,Isolated Ventricular Beat/True/ReNew20230809_Patient_P001-006_P-002_04-06-2023_P-002_04-06-2023.linejson_duration=1s_pos=7638831-7638895_src=ishne.json
4.278322832821273,400.5224018195684,22.67557256967175,2.14592425748239,93.61666331729037,23.870967741935484,3968,128,38,136.71875,156.25,20,74.21258814311831,0.16305637360331432,0.8369436263966856,0.0,23.76619524002543,0.0013299780464435824,2.529756346727804,0.33725685808163075,Isolated Ventricular Beat/True/ReNew20230809_Patient_P001-006_P-004_04-10-2023_P-004_04-10-2023.linejson_duration=1s_pos=5314364-5314428_src=ishne.json
4.964018472756858,401.1313677555036,22.689005774037255,2.0985821577639285,80.80777481977283,26.70967741935484,3968,128,33,117.1875,148.4375,13,64.33507853403141,0.08441505288756326,0.9155849471124368,3.125,27.484461077324397,0.0004090160493369025,1.8975383496101617,0.549504478331102,Isolated Ventricular Beat/True/ReNew20230809_Patient_P001-006_P-005_04-10-2023_P-005_04-10-2023.linejson_duration=1s_pos=3576812-3576876_src=ishne.json
113.91808800950793,814.732419750658,149.22691799410686,40.2847518820898,7.15191438721078,2.5806451612903225,3968,128,53,78.125,132.8125,3,103.08724832214764,0.13408614063646607,0.8659138593635339,0.0,8.29665965615114,0.0016318078480403436,5.474574731503068,0.3231288214475286,Isolated Ventricular Beat/True/ReNew20230809_Patient_P001-006_P-002_04-06-2023_P-002_04-06-2023.linejson_duration=1s_pos=3606824-3606888_src=ishne.json
14.38391913075359,411.234102404763,51.145601359841194,4.346189586137195,28.589848849725087,14.838709677419354,3968,128,39,93.75,164.0625,12,75.4108527131783,0.17391543845418805,0.8260845615458119,13.157894736842104,16.861007450452103,0.0010019252096506305,1.0543311081078581,0.4595323293784402,Isolated Ventricular Beat/True/data20240102_aligned_C-002_1700079263660-1700087247660_duration=1s_pos=1018512-1018576_src=ishne.json
19.49970098741209,424.1302693915602,51.387958336421484,7.369387298244323,21.750602633073818,12.258064516129032,3968,128,47,78.125,125.0,3,90.81748071979435,0.36997066348935487,0.6300293365106451,2.1739130434782608,9.911403291679498,0.0011503721912404616,5.9463913452551855,0.19159519357928387,Isolated Ventricular Beat/True/ReNew20230809_Patient_P001-006_P-002_04-06-2023_P-002_04-06-2023.linejson_duration=1s_pos=2967590-2967654_src=ishne.json
4.1062021880789885,409.6027902077722,22.763462599111374,2.0606334597192966,99.75219721150656,24.774193548387096,3968,128,39,109.375,156.25,19,74.60122699386504,0.06191584374265657,0.9380841562573434,2.6315789473684212,25.04541814906878,0.0009881474354850467,2.9444308566826867,0.8675005677047231,Isolated Ventricular Beat/True/ReNew20230809_Patient_P001-006_P-004_04-10-2023_P-004_04-10-2023.linejson_duration=1s_pos=5308438-5308502_src=ishne.json
4.169247379391004,405.38866734174115,22.687774259616894,2.0858807117944966,97.23303349966298,24.774193548387096,3968,128,34,85.9375,156.25,16,64.90140845070422,0.25641259063854627,0.7435874093614537,0.0,20.68791088033095,0.0009938299454674475,1.8802483839119972,0.2967319079716989,Isolated Ventricular Beat/True/ReNew20230809_Patient_P001-006_P-004_04-10-2023_P-004_04-10-2023.linejson_duration=1s_pos=4738538-4738602_src=ishne.json
37.898442805730134,421.3244442226156,50.72313103179042,28.341554018255998,11.117196431134532,3.870967741935484,3968,128,50,70.3125,78.125,0,95.65836298932383,0.19984353246728548,0.8001564675327145,26.53061224489796,12.53665105993028,0.0020092991149693617,1.7413371980921513,0.20620704178331148,Isolated Ventricular Beat/True/data20240102_aligned_R-003_1697646649857-1697647248857_duration=1s_pos=59016-59080_src=ishne.json
4.452451539090453,409.01858268159754,22.93348128122467,2.1318085933443864,91.86365920593323,26.580645161290324,3968,128,39,132.8125,156.25,20,75.88143525741029,0.06620826742748459,0.9337917325725154,2.6315789473684212,25.360247715799602,0.0005326415846242295,2.928170888075812,0.6201220455450555,Isolated Ventricular Beat/True/ReNew20230809_Patient_P001-006_P-004_04-10-2023_P-004_04-10-2023.linejson_duration=1s_pos=6524804-6524868_src=ishne.json
12.89706823070999,415.93851353352585,51.05130081738167,4.124624558499379,32.250622687448214,16.129032258064516,3968,128,43,85.9375,132.8125,10,82.0763358778626,0.08212643115578278,0.9178735688442172,2.380952380952381,11.359866909119022,0.013497423508286628,8.097991264129297,1.1585104302491787,Isolated Ventricular Beat/True/ReNew20230809_Patient_P001-006_P-002_04-06-2023_P-002_04-06-2023.linejson_duration=1s_pos=9598039-9598103_src=ishne.json
3.137300023469842,410.17125007610144,23.085271447597002,1.3750904083140725,130.74016392040497,37.93548387096774,3968,128,34,82.03125,132.8125,5,65.16842375932116,0.09607306695725334,0.9039269330427466,3.0303030303030303,10.73725249294589,0.0011607644997857823,3.0300578449166196,0.7114963192281418,Isolated Ventricular Beat/True/ReNew20230809_Patient_P001-006_P-006_04-10-2023_P-006_04-10-2023.linejson_duration=1s_pos=6671290-6671354_src=ishne.json
3.948287908345383,405.01243231731496,22.80278330517931,2.072299896063168,102.57922905825154,26.064516129032256,3968,128,38,85.9375,164.0625,14,73.19938176197836,0.17046098712175617,0.8295390128782438,2.7027027027027026,23.781498604852395,0.004497773757616706,2.704264054380229,0.32690278560506225,Isolated Ventricular Beat/True/ReNew20230809_Patient_P001-006_P-004_04-10-2023_P-004_04-10-2023.linejson_duration=1s_pos=9064234-9064298_src=ishne.json
28.33525611109314,438.12178635386056,56.40534542185476,13.867094699263838,15.46207202694969,5.161290322580645,3968,128,57,78.125,132.8125,4,109.29606099110546,0.1905814478871043,0.8094185521128957,0.0,7.873591341016127,0.002471135027549544,5.297992219150325,0.4104651185248701,Isolated Ventricular Beat/True/ReNew20230809_Patient_P001-006_P-002_04-06-2023_P-002_04-06-2023.linejson_duration=1s_pos=5750092-5750156_src=ishne.json
11.31079227846244,407.29593098255515,50.44688034329703,2.942694110420918,36.009492964398156,18.70967741935484,3968,128,44,78.125,125.0,1,84.37404190086869,0.1971046072770842,0.8028953927229158,0.0,11.531030976805273,0.0021743905881148697,7.317773073819447,0.587786664902119,Isolated Ventricular Beat/True/ReNew20230809_Patient_P001-006_P-002_04-06-2023_P-002_04-06-2023.linejson_duration=1s_pos=3081865-3081929_src=ishne.json
18.313848065586456,415.26269361800837,51.61477920392984,7.650233119491201,22.674790653283708,9.67741935483871,3968,128,30,82.03125,179.6875,5,60.22714981070849,0.315245034157159,0.684754965842841,20.689655172413794,11.544228033099907,0.002390051366977873,0.9993373165162247,0.7069405026922811,Isolated Ventricular Beat/True/data20240102_aligned_C-002_1700063066660-1700072385660_duration=1s_pos=586486-586550_src=ishne.json
25.624143306500052,412.96491631648337,51.93869271938081,12.739681280995674,16.116242219714902,3.870967741935484,3968,128,50,78.125,125.0,3,95.8288770053476,0.1590353513237778,0.8409646486762222,6.122448979591836,10.295872113584027,0.0008323804295035061,3.6939060648229884,0.557933701752438,Isolated Ventricular Beat/True/ReNew20230809_Patient_P001-006_P-002_04-06-2023_P-002_04-06-2023.linejson_duration=1s_pos=5658728-5658792_src=ishne.json
24.975449892046978,468.1996344442917,54.041469472443715,12.008410777890388,18.746393667446547,5.161290322580645,3968,128,53,78.125,125.0,1,102.63685427910562,0.14706947421017383,0.8529305257898262,0.0,8.808860526726532,0.0004264614233668438,6.65920542215196,0.14926069453306645,Isolated Ventricular Beat/True/ReNew20230809_Patient_P001-006_P-002_04-06-2023_P-002_04-06-2023.linejson_duration=1s_pos=8602705-8602769_src=ishne.json
16.667420581299126,407.4297251881467,50.46836451395338,6.34418978486484,24.444676292659654,8.38709677419355,3968,128,47,78.125,132.8125,4,91.4759192128431,0.26872226223278545,0.7312777377672146,6.521739130434782,8.746917475664988,0.0008348809505083223,2.6642629733100147,0.5548741953628402,Isolated Ventricular Beat/True/ReNew20230809_Patient_P001-006_P-002_04-06-2023_P-002_04-06-2023.linejson_duration=1s_pos=5617129-5617193_src=ishne.json
4.266179725303785,403.7507302333051,22.709394090533117,2.2778504141320877,94.63985616890501,24.64516129032258,3968,128,37,93.75,171.875,15,72.73875295974744,0.15247956963269851,0.8475204303673015,0.0,22.977217541106523,0.04351822149916999,2.275827318282137,0.18843438494219453,Isolated Ventricular Beat/True/ReNew20230809_Patient_P001-006_P-004_04-10-2023_P-004_04-10-2023.linejson_duration=1s_pos=8657997-8658061_src=ishne.json
31.70966311929304,428.2466187980015,54.59097916762636,17.502466722365106,13.50523982805117,4.516129032258064,3968,128,57,78.125,125.0,1,110.16393442622952,0.14358891837149743,0.8564110816285025,1.7857142857142858,7.0991192643887135,0.007105781016767093,5.88933002135996,0.2935178539158828,Isolated Ventricular Beat/True/ReNew20230809_Patient_P001-006_P-002_04-06-2023_P-002_04-06-2023.linejson_duration=1s_pos=1019928-1019992_src=ishne.json
14.061235056945735,430.44499257336844,52.818867086534034,3.9375110117989554,30.612173128317863,15.483870967741936,3968,128,47,78.125,171.875,1,91.76103896103896,0.05434719689875122,0.9456528031012488,0.0,13.405436985287277,0.002264560827663922,7.611593451002238,,Isolated Ventricular Beat/True/ReNew20230809_Patient_P001-006_P-002_04-06-2023_P-002_04-06-2023.linejson_duration=1s_pos=3214081-3214145_src=ishne.json
11.543212957335582,413.82530700700426,50.535735357232575,3.1646877716764443,35.85009413639283,12.903225806451612,3968,128,39,78.125,125.0,1,74.83076923076922,0.2791788466237592,0.7208211533762408,0.0,12.102371338218598,0.014652478245606542,6.6908562171365045,0.3082018026829574,Isolated Ventricular Beat/True/ReNew20230809_Patient_P001-006_P-002_04-06-2023_P-002_04-06-2023.linejson_duration=1s_pos=3896170-3896234_src=ishne.json
3.0826892691851273,403.1189043602953,22.65781884976167,1.2795391359328168,130.76853954155277,40.64516129032258,3968,128,36,78.125,132.8125,11,70.3849175176748,0.1383453257673244,0.8616546742326756,8.571428571428571,11.42513921719612,0.0006393301776202481,3.0146295386978554,0.6931471805599453,Isolated Ventricular Beat/True/ReNew20230809_Patient_P001-006_P-006_04-10-2023_P-006_04-10-2023.linejson_duration=1s_pos=7631779-7631843_src=ishne.json
9.927804976674969,396.43897756015855,49.589845387577256,1.7546939675716633,39.932184260205936,32.25806451612903,3968,128,33,85.9375,140.625,5,63.76751427088739,0.17544746592662933,0.8245525340733707,9.375,17.42576869162563,0.00588394940230648,3.5508569955044242,0.8649974374866046,Isolated Ventricular Beat/True/ReNew20230809_Patient_P001-006_P-002_04-06-2023_P-002_04-06-2023.linejson_duration=1s_pos=261797-261861_src=ishne.json
3.131072951381825,405.82378863601974,22.914251082903245,1.3795719919487137,129.61169072896507,37.16129032258065,3968,128,34,78.125,132.8125,12,66.05160281469898,0.11204186619457296,0.887958133805427,3.0303030303030303,16.876127678856722,0.0012555973791823292,3.7150253444278705,0.750305594399894,Isolated Ventricular Beat/True/ReNew20230809_Patient_P001-006_P-006_04-10-2023_P-006_04-10-2023.linejson_duration=1s_pos=9270056-9270120_src=ishne.json
18.057149349130984,415.2596210175915,49.77894111344189,7.396512455599802,22.996963141394907,7.741935483870968,3968,128,48,78.125,132.8125,6,91.91749427043544,0.2723050302173422,0.7276949697826578,8.51063829787234,8.395123426798046,0.0006555027132952996,2.348771566516949,0.6388843220005783,Isolated Ventricular Beat/True/ReNew20230809_Patient_P001-006_P-002_04-06-2023_P-002_04-06-2023.linejson_duration=1s_pos=5617600-5617664_src=ishne.json
2.9549447318137965,400.2243427775973,22.474506571541312,1.1851579949118118,135.44219728594905,43.87096774193549,3968,128,35,117.1875,132.8125,16,68.46355532249606,0.21375702167449045,0.7862429783255096,5.882352941176471,12.19225240221233,0.0030154322236663794,2.9052287497680647,0.6359887667199967,Isolated Ventricular Beat/True/ReNew20230809_Patient_P001-006_P-006_04-10-2023_P-006_04-10-2023.linejson_duration=1s_pos=7756282-7756346_src=ishne.json
6.5894135176339645,443.60026470263034,24.68508103639488,2.7379126585489466,67.32013345275358,20.64516129032258,3968,128,39,93.75,156.25,18,74.44897959183673,0.16153016102125348,0.8384698389787465,0.0,20.534992266600078,0.0014456380221191073,2.420868889783189,0.3184537311185346,Isolated Ventricular Beat/True/ReNew20230809_Patient_P001-006_P-004_04-10-2023_P-004_04-10-2023.linejson_duration=1s_pos=8412373-8412437_src=ishne.json
41.33160959944314,460.85713121135007,62.30165905249417,21.73439040666514,11.15023403461464,1.935483870967742,3968,128,51,78.125,117.1875,0,98.68928296067848,0.23131285852365197,0.7686871414763481,2.0,9.117046252175966,0.0007875599674218236,5.095900663362439,0.2585454783651257,Isolated Ventricular Beat/True/ReNew20230809_Patient_P001-006_P-002_04-06-2023_P-002_04-06-2023.linejson_duration=1s_pos=5693439-5693503_src=ishne.json
20.789190465160985,414.0722894237389,52.35929350637856,5.402789512813033,19.917671647675714,12.258064516129032,3968,128,46,78.125,132.8125,5,88.27586206896552,0.16932958752523336,0.8306704124747666,2.2222222222222223,12.201089987925084,0.0007228513742114263,6.334936745211671,0.7200546334798696,Isolated Ventricular Beat/True/ReNew20230809_Patient_P001-006_P-002_04-06-2023_P-002_04-06-2023.linejson_duration=1s_pos=972068-972132_src=ishne.json
5.971877311803457,421.6844295846559,22.771239811869155,2.8994676218071502,70.6116915931113,19.35483870967742,3968,128,42,132.8125,171.875,27,80.94601542416453,0.16331900963718202,0.836680990362818,0.0,17.03666373167894,0.0047443816391931825,2.0981636794716354,0.29703667761900115,Isolated Ventricular Beat/True/ReNew20230809_Patient_P001-006_P-004_04-10-2023_P-004_04-10-2023.linejson_duration=1s_pos=5915895-5915959_src=ishne.json
28.109533623808556,404.1354325834161,53.24813630895212,13.477184192542513,14.377165541585187,6.451612903225806,3968,128,54,78.125,132.8125,6,104.23559539052496,0.15610752081058413,0.8438924791894159,0.0,9.39490671168933,0.003500324403278266,8.211523393141276,0.23516403816833456,Isolated Ventricular Beat/True/ReNew20230809_Patient_P001-006_P-002_04-06-2023_P-002_04-06-2023.linejson_duration=1s_pos=8577632-8577696_src=ishne.json
12.959876475037793,414.5772130545743,28.64991153754493,5.831896160371719,31.989284918248455,9.419354838709678,3968,128,39,117.1875,171.875,17,75.70428015564202,0.07475364302846589,0.9252463569715341,2.6315789473684212,21.60467705076313,0.001568330289840278,1.8076848956893508,0.6556896180250449,Isolated Ventricular Beat/True/ReNew20230809_Patient_P001-006_P-005_04-10-2023_P-005_04-10-2023.linejson_duration=1s_pos=7476001-7476065_src=ishne.json
4.932456323737665,400.25145785335536,22.379237812680856,2.4474747201841396,81.14646140517584,22.838709677419356,3968,128,38,85.9375,148.4375,18,74.17384494909945,0.06871942728438285,0.9312805727156171,2.7027027027027026,25.08951049527039,0.0008705165492120744,2.4874054488537145,0.8007778447523107,Isolated Ventricular Beat/True/ReNew20230809_Patient_P001-006_P-004_04-10-2023_P-004_04-10-2023.linejson_duration=1s_pos=7127983-7128047_src=ishne.json
6.617655867006453,458.04565346158086,26.485860342189778,2.522005034658825,69.21568504786819,21.161290322580644,3968,128,37,85.9375,164.0625,15,71.88767550702029,0.2537536332140484,0.7462463667859516,0.0,18.610039008969242,0.001732520974376777,1.8986638802321083,0.24142559615165887,Isolated Ventricular Beat/True/ReNew20230809_Patient_P001-006_P-004_04-10-2023_P-004_04-10-2023.linejson_duration=1s_pos=5977523-5977587_src=ishne.json
17.916203334681644,402.8703699364573,52.24377370091812,5.066734516759874,22.486368340675433,9.67741935483871,3968,128,44,85.9375,132.8125,8,85.39953452288596,0.10618101812050854,0.8938189818794915,6.976744186046512,13.642877691798873,0.0006064531446977592,2.6086500279562648,0.6824518914431974,Isolated Ventricular Beat/True/ReNew20230809_Patient_P001-006_P-002_04-06-2023_P-002_04-06-2023.linejson_duration=1s_pos=7649661-7649725_src=ishne.json
14.583825583723469,407.50457403573535,50.166687558270745,4.229882602623247,27.942225704366088,13.548387096774196,3968,128,43,78.125,132.8125,4,82.68649064342476,0.17531585681639775,0.8246841431836023,2.380952380952381,13.55774505613742,0.03853204251876454,7.1594198017470765,0.38095869792034187,Isolated Ventricular Beat/True/ReNew20230809_Patient_P001-006_P-002_04-06-2023_P-002_04-06-2023.linejson_duration=1s_pos=2256701-2256765_src=ishne.json
12.822058430171747,409.24757411251136,50.52369393797367,3.5955304161823243,31.917460400277495,15.483870967741936,3968,128,33,85.9375,156.25,9,62.59806418746816,0.27739968514548846,0.7226003148545115,12.5,22.407680349569826,0.002083160781827694,0.26172878838782254,0.8174448972375224,Isolated Ventricular Beat/True/data20240102_aligned_C-002_1700060962660-1700062610660_duration=1s_pos=47577-47641_src=ishne.json
40.446335051249974,457.4196409371205,65.37926838509235,15.376804237015374,11.30929734543864,3.870967741935484,3968,128,42,78.125,132.8125,2,81.46959896507116,0.4295155780135152,0.5704844219864849,0.0,14.536424284657286,0.014375798802763321,4.572119215877256,0.2713150949875756,Isolated Ventricular Beat/True/ReNew20230809_Patient_P001-006_P-002_04-06-2023_P-002_04-06-2023.linejson_duration=1s_pos=5149545-5149609_src=ishne.json
66.59060537590518,396.08355767970517,68.38316566256981,45.80244568670211,5.948039509413779,1.2903225806451613,3968,128,19,109.375,179.6875,6,37.87397260273973,0.9434793848280011,0.05652061517199891,44.44444444444444,3.3383569690413992,0.019225425600937315,0.7199596611539992,,Isolated Ventricular Beat/True/data20240102_aligned_C-001_1701985306670-1701989376670_duration=1s_pos=501564-501628_src=ishne.json
3.424933136464534,399.8525157725177,22.569430783410052,1.574791425871469,116.74750516086551,32.645161290322584,3968,128,37,78.125,132.8125,10,70.72908672294705,0.07962001488226057,0.9203799851177394,2.7777777777777777,10.043981147594751,0.00022885985391936134,2.779755909389258,0.9444616088408514,Isolated Ventricular Beat/True/ReNew20230809_Patient_P001-006_P-006_04-10-2023_P-006_04-10-2023.linejson_duration=1s_pos=7406799-7406863_src=ishne.json
6.8940804282547985,402.5210606876516,24.85002158822725,2.329971652283769,58.386467417973,23.612903225806452,3968,128,38,89.84375,164.0625,15,73.25599381283835,0.2597180398252223,0.7402819601747777,0.0,24.955697704814508,0.0012538181924250768,1.3637836807108623,0.3341081693263324,Isolated Ventricular Beat/True/ReNew20230809_Patient_P001-006_P-004_04-10-2023_P-004_04-10-2023.linejson_duration=1s_pos=5230307-5230371_src=ishne.json
13.736895417066192,407.645423719304,50.30438667612791,5.787682928982463,29.675220030986114,12.258064516129032,3968,128,42,78.125,132.8125,3,82.02135972909612,0.20965038075018733,0.7903496192498127,12.195121951219512,14.530998844268591,0.0020159467730260735,4.297080027232681,0.461635379575219,Isolated Ventricular Beat/True/ReNew20230809_Patient_P001-006_P-002_04-06-2023_P-002_04-06-2023.linejson_duration=1s_pos=7720377-7720441_src=ishne.json
5.285023683878547,395.1598811023525,22.633281086706333,2.5978645227506814,74.76973235484579,21.677419354838708,3968,128,44,93.75,156.25,7,85.22322580645162,0.08458534471811706,0.9154146552818829,4.651162790697675,22.378097756119736,0.0007274049962698102,2.4992183267880566,0.49285693022317417,Isolated Ventricular Beat/True/ReNew20230809_Patient_P001-006_P-003_04-10-2023_P-003_04-10-2023.linejson_duration=1s_pos=9432747-9432811_src=ishne.json
11.492337922521196,403.4273240976406,49.801506924563455,3.0141230986122647,35.10402249859305,21.29032258064516,3968,128,34,85.9375,140.625,8,66.5546218487395,0.2450356938510738,0.7549643061489262,0.0,18.764513020933588,0.0017783307485956233,7.694264492993185,0.4730852957831436,Isolated Ventricular Beat/True/ReNew20230809_Patient_P001-006_P-002_04-06-2023_P-002_04-06-2023.linejson_duration=1s_pos=6329261-6329325_src=ishne.json
4.0381735776301975,402.5580393468924,22.63096599977751,1.85264647444483,99.68812185012901,29.29032258064516,3968,128,37,140.625,156.25,25,71.20267834148854,0.21694646153868202,0.783053538461318,0.0,22.599198718755726,0.0010586006718346613,2.2380437983293575,0.257363596065359,Isolated Ventricular Beat/True/ReNew20230809_Patient_P001-006_P-004_04-10-2023_P-004_04-10-2023.linejson_duration=1s_pos=6593168-6593232_src=ishne.json
41.018401724300574,384.5868694230559,50.15217442562577,29.44503662591591,9.375959176372675,1.935483870967742,3968,128,38,54.6875,93.75,0,73.180530517641,0.3421810011271462,0.6578189988728538,18.91891891891892,16.67257432892674,0.00044832935256413806,1.7607414912098165,0.29965826349849656,Isolated Ventricular Beat/True/data20240102_aligned_R-003_1697646649857-1697647248857_duration=1s_pos=42596-42660_src=ishne.json
11.70646755393237,408.07607082669574,50.3441030820502,3.56923748030602,34.85902421782162,11.612903225806452,3968,128,41,78.125,125.0,2,78.9311408016444,0.21625758515272,0.78374241484728,0.0,12.72362705991657,0.0007814781596827768,8.345196649577336,0.3101549283038396,Isolated Ventricular Beat/True/ReNew20230809_Patient_P001-006_P-002_04-06-2023_P-002_04-06-2023.linejson_duration=1s_pos=4262500-4262564_src=ishne.json
38.90154141944345,468.1586311479463,63.797031545295134,14.336971876551141,12.034449074028364,8.38709677419355,3968,128,51,78.125,171.875,2,99.45609945609945,0.1531234852741483,0.8468765147258517,2.0,10.263024231868021,0.0025359481933415087,9.559750021975495,0.38077249551779285,Isolated Ventricular Beat/True/ReNew20230809_Patient_P001-006_P-002_04-06-2023_P-002_04-06-2023.linejson_duration=1s_pos=3368914-3368978_src=ishne.json
5.03731359358433,416.1002842335589,23.561077581452274,2.559275575619413,82.60359294682851,23.35483870967742,3968,128,38,85.9375,132.8125,17,74.75927387529597,0.16491147729431824,0.8350885227056818,10.81081081081081,11.434320023966475,0.000882245219070692,3.23751007720221,1.791759469228055,Isolated Ventricular Beat/True/ReNew20230809_Patient_P001-006_P-006_04-10-2023_P-006_04-10-2023.linejson_duration=1s_pos=8276441-8276505_src=ishne.json
16.82849207642107,412.26970151540496,52.60632917566529,4.487929468911966,24.498313642416917,13.548387096774196,3968,128,41,78.125,125.0,7,80.88467614533965,0.1284487459420293,0.8715512540579707,7.5,12.863337089981572,0.032967244122860846,4.769339608114242,0.9718605830289657,Isolated Ventricular Beat/True/ReNew20230809_Patient_P001-006_P-002_04-06-2023_P-002_04-06-2023.linejson_duration=1s_pos=4549672-4549736_src=ishne.json
4.585188478229235,412.42125215138304,23.014187127125076,2.4898348030484296,89.94639242491172,21.032258064516128,3968,128,38,93.75,156.25,17,72.67519181585678,0.2088463549949137,0.7911536450050863,0.0,22.597474227833388,0.0010207201740694725,2.361789576755311,0.20609768404122109,Isolated Ventricular Beat/True/ReNew20230809_Patient_P001-006_P-004_04-10-2023_P-004_04-10-2023.linejson_duration=1s_pos=6801481-6801545_src=ishne.json
9.957985390942765,401.6606816300162,49.65932058485,1.812198594127512,40.33553229148261,30.32258064516129,3968,128,40,85.9375,140.625,11,78.22407939409769,0.15541170652487285,0.8445882934751272,0.0,10.774197182886958,0.0014888791428766747,7.483365704308497,0.3033073903548618,Isolated Ventricular Beat/True/ReNew20230809_Patient_P001-006_P-002_04-06-2023_P-002_04-06-2023.linejson_duration=1s_pos=9427218-9427282_src=ishne.json
8.438180027964696,391.807324319708,25.384762434134565,2.175677891919303,46.432675836324485,25.290322580645164,3968,128,3,109.375,109.375,0,,,,,86.21288167616997,0.05905071488125811,0.36179445220262335,,Isolated Ventricular Beat/True/ReNew20230809_Patient_P001-006_P-004_04-10-2023_P-004_04-10-2023.linejson_duration=1s_pos=2446946-2447010_src=ishne.json
29.973210786932952,512.7190220497881,77.61256307784996,6.821796216030185,17.105908625825407,7.741935483870968,3968,128,39,78.125,132.8125,6,76.15866388308977,0.22903636820353504,0.770963631796465,2.6315789473684212,13.852786031493917,0.009013970094103757,2.8265809237647193,0.4989911661189879,Isolated Ventricular Beat/True/ReNew20230809_Patient_P001-006_P-002_04-06-2023_P-002_04-06-2023.linejson_duration=1s_pos=4815255-4815319_src=ishne.json
3.080466470377897,405.3137615861709,22.883905777535375,1.3397650309909803,131.57540713664767,38.83870967741935,3968,128,35,85.9375,132.8125,12,68.12418471171407,0.08646561200995383,0.9135343879900462,2.9411764705882355,16.147301401715186,0.0018575605077748455,3.8040158017392023,1.6863989535702288,Isolated Ventricular Beat/True/ReNew20230809_Patient_P001-006_P-006_04-10-2023_P-006_04-10-2023.linejson_duration=1s_pos=9530380-9530444_src=ishne.json
11.421938968943179,397.46767998761965,49.210070390966244,3.01116775531729,34.79861398924824,16.7741935483871,3968,128,37,85.9375,132.8125,8,70.36905064902011,0.1726528767785223,0.8273471232214777,0.0,17.16073839800872,0.0007238759592083746,7.880440007423092,0.5373926511507126,Isolated Ventricular Beat/True/ReNew20230809_Patient_P001-006_P-002_04-06-2023_P-002_04-06-2023.linejson_duration=1s_pos=6451395-6451459_src=ishne.json
14.762876386659952,405.9480126650813,49.992635541554506,5.058413433095765,27.497892316839568,10.32258064516129,3968,128,45,78.125,125.0,2,86.2701046719428,0.1684705730740727,0.8315294269259272,0.0,11.698135489850896,0.001285770766616807,9.978683211961213,0.6466271649250525,Isolated Ventricular Beat/True/ReNew20230809_Patient_P001-006_P-002_04-06-2023_P-002_04-06-2023.linejson_duration=1s_pos=3678257-3678321_src=ishne.json
11.5594820035073,404.877413185005,50.07514272569904,3.5613067530158027,35.02556412446472,15.483870967741936,3968,128,42,78.125,125.0,1,80.38805208067397,0.3353416907569443,0.6646583092430557,0.0,11.271788227305588,0.00047154403266986346,5.033197779217181,0.29947664894461784,Isolated Ventricular Beat/True/ReNew20230809_Patient_P001-006_P-002_04-06-2023_P-002_04-06-2023.linejson_duration=1s_pos=3998165-3998229_src=ishne.json
9.138815262297433,399.9741960639137,49.98822650573319,1.2232850196292056,43.766521241271036,38.70967741935484,3968,128,32,70.3125,85.9375,0,61.47172734314485,0.1019760293776327,0.8980239706223673,3.225806451612903,8.505820539039345,0.002018070233663946,1.9864756078589803,0.6783320947748046,Isolated Ventricular Beat/True/data20240102_aligned_C-002_1700045968660-1700046419660_duration=1s_pos=52604-52668_src=ishne.json
41.49219978715433,402.00672882449373,76.28360546065862,7.025047055071676,9.688729958834866,10.967741935483872,3968,128,43,85.9375,132.8125,6,82.85640893912151,0.1736497536271341,0.8263502463728659,0.0,12.347354949917184,0.0014082207102626505,6.080200801824698,0.34240697214102755,Isolated Ventricular Beat/True/ReNew20230809_Patient_P001-006_P-002_04-06-2023_P-002_04-06-2023.linejson_duration=1s_pos=4749818-4749882_src=ishne.json
10.886242816390366,396.6532572993908,23.4802967182541,6.52119371442117,36.436190846854664,9.161290322580646,3968,128,50,140.625,156.25,30,97.44174003107197,0.14337746189598793,0.856622538104012,0.0,19.315753924165207,0.0037005030594015453,2.8765628837588153,0.08991413664759113,Isolated Ventricular Beat/True/ReNew20230809_Patient_P001-006_P-004_04-10-2023_P-004_04-10-2023.linejson_duration=1s_pos=9794936-9795000_src=ishne.json
11.831735153959764,413.28376975821067,50.46634870291555,2.7765044133898353,34.93010361120128,17.419354838709676,3968,128,40,78.125,125.0,3,79.11251980982567,0.23198041742199504,0.768019582578005,0.0,12.142363358013192,0.020564395827276875,7.589890002118148,0.3422862064866327,Isolated Ventricular Beat/True/ReNew20230809_Patient_P001-006_P-002_04-06-2023_P-002_04-06-2023.linejson_duration=1s_pos=3325978-3326042_src=ishne.json
17.918741918646884,403.17981546056944,39.1654347491747,3.9882344412407456,22.500452028976103,16.516129032258064,3968,128,37,101.5625,156.25,14,71.14770972722594,0.3445582404942048,0.6554417595057952,11.11111111111111,17.43026513765626,0.002443059741043992,0.7573689498593692,0.43581226449745625,Isolated Ventricular Beat/True/ReNew20230809_Patient_P001-006_P-004_04-10-2023_P-004_04-10-2023.linejson_duration=1s_pos=5978704-5978768_src=ishne.json
3.4929761267545016,403.1551883687111,22.74108728078078,1.537455499082574,115.4187885402223,34.45161290322581,3968,128,38,89.84375,164.0625,15,72.23182511438739,0.08997397676206212,0.9100260232379379,0.0,20.29881986191075,0.0017513189781968713,2.0804190028676492,0.9207253289420207,Isolated Ventricular Beat/True/ReNew20230809_Patient_P001-006_P-004_04-10-2023_P-004_04-10-2023.linejson_duration=1s_pos=4874623-4874687_src=ishne.json
7.118277251687485,403.59720366550044,22.77244354428597,4.312895359348312,56.69871131685843,13.161290322580646,3968,128,43,78.125,171.875,15,82.92030848329048,0.1498095000808073,0.8501904999191927,0.0,13.005146118066435,0.0043283856153957575,1.3649570523123362,0.18924199963852842,Isolated Ventricular Beat/True/ReNew20230809_Patient_P001-006_P-004_04-10-2023_P-004_04-10-2023.linejson_duration=1s_pos=7765923-7765987_src=ishne.json
25.877321582038395,396.93776852440453,37.92090117918948,13.858859117171885,15.339213215200301,4.645161290322581,3968,128,47,101.5625,164.0625,21,89.7105129507364,0.1492426661424032,0.8507573338575968,0.0,11.730468837956323,0.002758581993630615,1.499919896882041,0.12542224387526377,Isolated Ventricular Beat/True/ReNew20230809_Patient_P001-006_P-004_04-10-2023_P-004_04-10-2023.linejson_duration=1s_pos=5824116-5824180_src=ishne.json
16.11870148369308,406.35110146984124,51.83513577366964,3.1347341537313334,25.209913879912932,14.838709677419354,3968,128,46,78.125,125.0,5,87.60456273764258,0.1662253744255909,0.8337746255744091,4.444444444444445,11.482647282419903,0.0010749454021646285,3.774259628101464,0.9102116857977728,Isolated Ventricular Beat/True/ReNew20230809_Patient_P001-006_P-002_04-06-2023_P-002_04-06-2023.linejson_duration=1s_pos=8953930-8953994_src=ishne.json
17.01054691879216,409.9948098520649,50.14358044310085,7.346984317576188,24.10238704886919,5.806451612903226,3968,128,42,78.125,132.8125,6,80.183346065699,0.22710200665436575,0.7728979933456342,0.0,13.025807025592425,0.0009581539965329197,7.45857870965054,0.4304904756751047,Isolated Ventricular Beat/True/ReNew20230809_Patient_P001-006_P-002_04-06-2023_P-002_04-06-2023.linejson_duration=1s_pos=4952595-4952659_src=ishne.json
10.24446566884891,404.8453064361829,25.164169079065864,4.86732716410887,39.51843658852689,12.645161290322582,3968,128,41,101.5625,164.0625,17,78.18783405446679,0.28043633992554645,0.7195636600744535,0.0,15.018608236662828,0.01540511950671237,1.9051414350456135,0.3276874070654801,Isolated Ventricular Beat/True/ReNew20230809_Patient_P001-006_P-004_04-10-2023_P-004_04-10-2023.linejson_duration=1s_pos=10515587-10515651_src=ishne.json
17.776715717026356,413.5310654853644,50.94900039686948,5.96711166619146,23.262510848771562,12.903225806451612,3968,128,43,78.125,132.8125,3,83.32730560578662,0.166560318322096,0.8334396816779039,2.380952380952381,11.948733746091657,0.003451529220601941,7.635518124444949,0.413975797776073,Isolated Ventricular Beat/True/ReNew20230809_Patient_P001-006_P-002_04-06-2023_P-002_04-06-2023.linejson_duration=1s_pos=3785095-3785159_src=ishne.json
30.04988621544629,360.635551324902,47.31158639898177,21.432593021955437,12.001228115742396,3.870967741935484,3968,128,44,70.3125,93.75,0,85.62094892403422,0.23813530925057555,0.7618646907494244,23.25581395348837,15.965908842518235,0.009479220756199166,1.8444838821598062,0.35783705911890973,Isolated Ventricular Beat/True/data20240102_aligned_R-003_1697646649857-1697647248857_duration=1s_pos=8637-8701_src=ishne.json
8.336958672242945,403.18112321204546,23.637894845833838,3.8422905975097343,48.36069011517422,13.548387096774196,3968,128,39,117.1875,164.0625,19,77.1859296482412,0.17819162455045806,0.821808375449542,2.6315789473684212,19.507850508902823,0.0021565317355089525,1.8531419360031942,0.5108256237659907,Isolated Ventricular Beat/True/ReNew20230809_Patient_P001-006_P-004_04-10-2023_P-004_04-10-2023.linejson_duration=1s_pos=5383308-5383372_src=ishne.json
13.94337185017499,408.7943930090265,50.968381092018774,3.7867635486235063,29.318185592655663,11.612903225806452,3968,128,43,78.125,125.0,6,83.39193381592554,0.22142679370030205,0.778573206299698,0.0,11.612611631396906,0.0021124017288655667,6.160102603816739,0.178519270844216,Isolated Ventricular Beat/True/ReNew20230809_Patient_P001-006_P-002_04-06-2023_P-002_04-06-2023.linejson_duration=1s_pos=2112877-2112941_src=ishne.json
15.134020559081886,404.84996450806455,50.63622882518732,4.098438674350113,26.750983730766208,16.129032258064516,3968,128,45,78.125,125.0,3,86.18209640397858,0.1506720405255228,0.8493279594744771,0.0,10.999917454760745,0.0014002159422342362,9.674103279513439,0.4214887575763216,Isolated Ventricular Beat/True/ReNew20230809_Patient_P001-006_P-002_04-06-2023_P-002_04-06-2023.linejson_duration=1s_pos=8920129-8920193_src=ishne.json
14.858778589945489,409.3221090770518,49.63610313830278,4.374413592642679,27.547491811105964,15.483870967741936,3968,128,44,78.125,125.0,3,84.3956043956044,0.17548843487722907,0.8245115651227709,0.0,12.693524078676276,0.000432345295658398,7.705906202554468,0.29423947299793995,Isolated Ventricular Beat/True/ReNew20230809_Patient_P001-006_P-002_04-06-2023_P-002_04-06-2023.linejson_duration=1s_pos=2116893-2116957_src=ishne.json
3.8921148187476735,401.07884705975994,22.648125376785114,1.951225236182852,103.04905242743033,27.741935483870968,3968,128,39,93.75,156.25,19,75.33298915849252,0.15566313127196216,0.8443368687280378,0.0,22.459267117620318,0.0007490125398163378,2.620642190738077,0.15736784077903385,Isolated Ventricular Beat/True/ReNew20230809_Patient_P001-006_P-004_04-10-2023_P-004_04-10-2023.linejson_duration=1s_pos=9269911-9269975_src=ishne.json
31.894807438279724,418.8203589351912,51.05107594514991,21.191035066507435,13.131301909075855,3.870967741935484,3968,128,45,70.3125,78.125,0,87.31782945736434,0.24904574538176164,0.7509542546182384,25.0,15.988136695290166,0.0014050743893962085,1.8993341269697432,0.2342812957246657,Isolated Ventricular Beat/True/data20240102_aligned_R-003_1697646649857-1697647248857_duration=1s_pos=73473-73537_src=ishne.json
4.745630797725507,408.74980427427266,23.220020310159953,2.2630517348547485,86.13179903046394,22.451612903225808,3968,128,34,85.9375,140.625,7,65.93132154006244,0.0784286379354828,0.9215713620645172,3.0303030303030303,20.251850894407706,0.0003211154717763472,2.792767070649352,1.0788096613719298,Isolated Ventricular Beat/True/ReNew20230809_Patient_P001-006_P-005_04-10-2023_P-005_04-10-2023.linejson_duration=1s_pos=9769026-9769090_src=ishne.json
15.825205640754351,413.69005158891116,47.149700052980684,5.753837476391688,26.141210094757508,7.741935483870968,3968,128,52,78.125,125.0,1,98.9090909090909,0.14169704746325962,0.8583029525367404,3.9215686274509802,11.294018212860696,0.002037662652538982,6.086483255907016,0.6084640933299066,Isolated Ventricular Beat/True/ReNew20230809_Patient_P001-006_P-002_04-06-2023_P-002_04-06-2023.linejson_duration=1s_pos=2803458-2803522_src=ishne.json
25.80925685046743,406.81229493767404,36.936572738506065,14.650696482202186,15.762262413535701,4.645161290322581,3968,128,29,93.75,156.25,13,55.89810241746816,2.0650216151217493,0.0,3.5714285714285716,23.717103050022107,0.001585545108583392,2.080005323547874,0.20209014211637746,Isolated Ventricular Beat/True/ReNew20230809_Patient_P001-006_P-003_04-10-2023_P-003_04-10-2023.linejson_duration=1s_pos=5805006-5805070_src=ishne.json
13.402224408371856,404.5194949959663,49.158252844084316,3.669480794425084,30.183009363749285,9.032258064516128,3968,128,36,78.125,132.8125,8,70.1095461658842,0.27396401335082937,0.7260359866491706,0.0,15.152620483465704,0.001463388463305995,4.8933445725433025,0.529079064075341,Isolated Ventricular Beat/True/ReNew20230809_Patient_P001-006_P-002_04-06-2023_P-002_04-06-2023.linejson_duration=1s_pos=1921283-1921347_src=ishne.json
36.47756314829748,443.15529276565303,51.42242631273348,26.316425751815366,12.148708476367288,1.2903225806451613,3968,128,48,58.59375,93.75,0,91.26675094816687,0.2487673810513179,0.7512326189486821,29.78723404255319,14.328767866559382,0.013543252093579051,1.792557624456822,0.30037489925019994,Isolated Ventricular Beat/True/data20240102_aligned_R-003_1697646649857-1697647248857_duration=1s_pos=54273-54337_src=ishne.json
9.314211462738609,415.45697436633054,24.70655397293391,4.524690527626607,44.604627178987066,13.032258064516128,3968,128,38,85.9375,148.4375,10,72.50829293187037,0.08822216863507439,0.9117778313649256,2.7027027027027026,17.499259464124098,0.002133727766115081,1.7583548596180336,0.6737290947028438,Isolated Ventricular Beat/True/ReNew20230809_Patient_P001-006_P-005_04-10-2023_P-005_04-10-2023.linejson_duration=1s_pos=7873176-7873240_src=ishne.json
36.576272420814604,425.40524158487193,52.31280690895989,26.89778141671606,11.630633790668924,3.870967741935484,3968,128,42,66.40625,78.125,0,81.57512953367876,0.2744121380889967,0.7255878619110032,7.317073170731708,15.046273863850537,0.00351226097357494,1.6797246232894882,0.6977238475873572,Isolated Ventricular Beat/True/data20240102_aligned_R-003_1697646649857-1697647248857_duration=1s_pos=13990-14054_src=ishne.json
13.124923989790348,415.7620906442856,51.69616811135459,2.23767891474691,31.6772927058783,26.451612903225808,3968,128,13,78.125,171.875,4,35.47344110854503,1.2079051825567702,0.0,25.0,15.590281910604745,0.0009683292418615924,0.2801747524719523,0.25131442828090605,Isolated Ventricular Beat/True/data20240102_aligned_C-001_1701974376670-1701974980670_duration=1s_pos=32651-32715_src=ishne.json
3.1929326541369476,407.29121223983776,22.978887818072472,1.3350863981025363,127.56018644863727,37.806451612903224,3968,128,35,78.125,132.8125,10,66.95384615384616,0.10592195655752541,0.8940780434424745,2.9411764705882355,12.57685040694035,0.006560373644023056,3.2398704765883446,0.9279867716373464,Isolated Ventricular Beat/True/ReNew20230809_Patient_P001-006_P-006_04-10-2023_P-006_04-10-2023.linejson_duration=1s_pos=6737098-6737162_src=ishne.json
40.728434469974204,384.38483870817697,50.815925404955586,27.24763886230608,9.437751150337041,1.935483870967742,3968,128,40,54.6875,78.125,0,77.83783783783784,0.32702015422023784,0.6729798457797622,23.076923076923077,17.210773423282202,0.004950642009185256,1.8418764720327099,0.3629054936893685,Isolated Ventricular Beat/True/data20240102_aligned_R-003_1697646649857-1697647248857_duration=1s_pos=44661-44725_src=ishne.json
10.857147720495332,383.035573310622,48.027201650702835,2.167506015017362,35.279573226030834,27.09677419354839,3968,128,36,85.9375,140.625,4,69.78193146417446,0.18344129768360898,0.816558702316391,8.571428571428571,20.93988780482103,0.0009515993151319277,3.4860363676772645,0.9734491457141037,Isolated Ventricular Beat/True/ReNew20230809_Patient_P001-006_P-002_04-06-2023_P-002_04-06-2023.linejson_duration=1s_pos=130028-130092_src=ishne.json
16.855268579003354,416.8937621513007,50.1963653046662,6.279168417785641,24.733734467861975,6.451612903225806,3968,128,49,78.125,125.0,1,94.52307692307693,0.2748698813553252,0.7251301186446748,4.166666666666667,11.44569475960393,0.0015508201444357653,6.261673086701915,0.349424387466051,Isolated Ventricular Beat/True/ReNew20230809_Patient_P001-006_P-002_04-06-2023_P-002_04-06-2023.linejson_duration=1s_pos=2803227-2803291_src=ishne.json
13.361802252224953,435.57799855057635,51.740695685681324,3.9314534373031673,32.59874362227611,13.548387096774196,3968,128,45,78.125,117.1875,0,85.98473282442748,0.1495204886912482,0.8504795113087518,0.0,10.913608772042313,0.002983643946867875,5.743728231464892,0.3340061441260195,Isolated Ventricular Beat/True/ReNew20230809_Patient_P001-006_P-002_04-06-2023_P-002_04-06-2023.linejson_duration=1s_pos=8930996-8931060_src=ishne.json
19.098853086624246,400.3529815051617,49.998411621754094,7.847934671125101,20.962146717773305,4.516129032258064,3968,128,45,78.125,125.0,5,87.54404145077721,0.1820489750335257,0.8179510249664743,0.0,12.75476076339512,0.0017084502764858603,7.0164320781819205,0.3448404862917295,Isolated Ventricular Beat/True/ReNew20230809_Patient_P001-006_P-002_04-06-2023_P-002_04-06-2023.linejson_duration=1s_pos=4530232-4530296_src=ishne.json
9.878930564543591,403.76915591380225,49.79178881947385,1.9434884107568662,40.87174339409006,31.61290322580645,3968,128,42,78.125,125.0,6,81.8082618862042,0.2239750695469673,0.7760249304530327,0.0,12.964780588706365,0.0016464698938755593,9.640259105674566,0.24075264022979764,Isolated Ventricular Beat/True/ReNew20230809_Patient_P001-006_P-002_04-06-2023_P-002_04-06-2023.linejson_duration=1s_pos=8348030-8348094_src=ishne.json
4.628052045674006,409.8709943422051,23.241167453877708,1.9955549747960877,88.56229397053369,26.064516129032256,3968,128,35,85.9375,132.8125,16,68.01771294607971,0.1383820081815908,0.8616179918184093,5.882352941176471,12.479078959622596,0.0009627188767068456,3.0476415170382034,0.48130318449966897,Isolated Ventricular Beat/True/ReNew20230809_Patient_P001-006_P-006_04-10-2023_P-006_04-10-2023.linejson_duration=1s_pos=6489250-6489314_src=ishne.json
45.030614616745595,448.0172800010206,59.2919411862205,28.456817589261885,9.949170666776668,3.870967741935484,3968,128,50,78.125,148.4375,3,96.66581042897509,0.22711723733936243,0.7728827626606376,0.0,9.39809924062189,0.0042660614791864,5.490540733951541,0.2738638892307768,Isolated Ventricular Beat/True/ReNew20230809_Patient_P001-006_P-002_04-06-2023_P-002_04-06-2023.linejson_duration=1s_pos=1066950-1067014_src=ishne.json
14.67396387185174,417.831427736197,51.31238760134365,3.752833638564157,28.474337466740163,13.548387096774196,3968,128,47,78.125,125.0,3,91.78487918939985,0.16176928603042656,0.8382307139695735,0.0,10.646521480756977,0.004088741888315555,6.306290797649675,0.5389965007326869,Isolated Ventricular Beat/True/ReNew20230809_Patient_P001-006_P-002_04-06-2023_P-002_04-06-2023.linejson_duration=1s_pos=5939441-5939505_src=ishne.json
11.976477786704864,412.1067554194286,51.16349349057381,2.8581281842245954,34.40967606245919,22.58064516129032,3968,128,32,101.5625,164.0625,15,62.9674689235652,0.09582950015177658,0.9041704998482234,3.225806451612903,13.772444159510307,0.002364494628198283,1.881563519518589,1.9459101490553135,Isolated Ventricular Beat/True/data20240102_aligned_C-001_1701995371670-1701995977670_duration=1s_pos=19718-19782_src=ishne.json
3.1384192853411466,413.97016335725755,23.212359582796633,1.3046037362716145,131.90399172820122,40.12903225806452,3968,128,36,85.9375,132.8125,13,69.83632112236945,0.18024067325044146,0.8197593267495585,8.571428571428571,11.610544287526341,0.0002861166132076904,3.2350184218027236,1.3862943611198906,Isolated Ventricular Beat/True/ReNew20230809_Patient_P001-006_P-006_04-10-2023_P-006_04-10-2023.linejson_duration=1s_pos=6342247-6342311_src=ishne.json
14.579946579166101,426.87774809607436,54.634820917716674,2.990882200661793,29.278414464675983,18.0,3840,128,6,85.9375,148.4375,1,12.7363184079602,1.1928292286943047,0.0,40.0,77.46676785842811,0.0005966044151655591,1.6006418991670006,,Isolated Ventricular Beat/True/data20240102_aligned_C-002_1700087794660-1700090365660_duration=1s_pos=1836-1900_src=ishne.json
10.050397721602797,398.6275476499238,49.4757142668804,2.133639902332951,39.6628590259902,28.387096774193548,3968,128,34,85.9375,140.625,4,65.53917765709853,0.3502615765753403,0.6497384234246597,6.0606060606060606,17.92242245563112,0.0017699973092493513,6.074493192099046,0.8109302162163288,Isolated Ventricular Beat/True/ReNew20230809_Patient_P001-006_P-002_04-06-2023_P-002_04-06-2023.linejson_duration=1s_pos=6295987-6296051_src=ishne.json
4.375975651015041,405.7858236633233,22.771240099350024,2.3243663089749234,92.73034479496094,22.58064516129032,3968,128,38,121.09375,156.25,19,72.8241927216812,0.2128500224702519,0.7871499775297481,0.0,21.7855239982852,0.003017253779133728,2.367848275632332,0.2868255413501646,Isolated Ventricular Beat/True/ReNew20230809_Patient_P001-006_P-004_04-10-2023_P-004_04-10-2023.linejson_duration=1s_pos=6914163-6914227_src=ishne.json
11.828421049312457,406.97079680523143,50.56613084729618,3.517124236250835,34.4061781959232,12.258064516129032,3968,128,40,78.125,125.0,2,76.15560640732265,0.15866606990538867,0.8413339300946113,0.0,13.512430949397967,0.00018536239310362176,9.334416760086743,0.35065687161316944,Isolated Ventricular Beat/True/ReNew20230809_Patient_P001-006_P-002_04-06-2023_P-002_04-06-2023.linejson_duration=1s_pos=4156441-4156505_src=ishne.json
27.75941676745187,476.9587068646922,56.77199070852682,12.70260699178194,17.18186998229948,5.161290322580645,3968,128,52,78.125,125.0,2,100.45652731469607,0.20468650381977616,0.7953134961802238,1.9607843137254901,10.078538309399006,0.00473612138235875,6.31181803984453,0.24191365399620018,Isolated Ventricular Beat/True/ReNew20230809_Patient_P001-006_P-002_04-06-2023_P-002_04-06-2023.linejson_duration=1s_pos=2324010-2324074_src=ishne.json
12.179080806841036,409.3254810928322,50.59673305097301,3.4326611856285716,33.60889495486536,18.064516129032256,3968,128,43,78.125,117.1875,0,84.61699895068206,0.18679038363085204,0.813209616369148,0.0,12.368067331064323,0.0011432533522661124,7.815784975121536,0.4387223298646469,Isolated Ventricular Beat/True/ReNew20230809_Patient_P001-006_P-002_04-06-2023_P-002_04-06-2023.linejson_duration=1s_pos=3992710-3992774_src=ishne.json
15.722537204310145,418.33135514441386,51.23602448243069,4.702314146596498,26.607113285928182,14.838709677419354,3968,128,3,93.75,140.625,1,,,,,40.273601648758124,0.001357745182268106,0.42528370545842764,,Isolated Ventricular Beat/True/data20240102_aligned_C-001_1701952160670-1701952459670_duration=1s_pos=19633-19697_src=ishne.json
12.900951143577844,399.951872168555,49.99538267187315,3.0033779633815705,31.001732873464924,14.193548387096774,3968,128,44,78.125,125.0,1,85.4437257438551,0.15932359042702823,0.8406764095729717,2.3255813953488373,11.482895463936352,0.017995679426867982,6.372636068042289,0.5485659517488378,Isolated Ventricular Beat/True/ReNew20230809_Patient_P001-006_P-002_04-06-2023_P-002_04-06-2023.linejson_duration=1s_pos=9052131-9052195_src=ishne.json
10.555203115603149,385.7825310638141,48.2268640720978,1.8070809410498656,36.549035607329856,32.25806451612903,3968,128,34,85.9375,140.625,3,67.22546419098143,0.1822661437778267,0.8177338562221733,18.181818181818183,21.6514970956707,0.0018557387770146484,3.3729181722052415,0.7591051483517427,Isolated Ventricular Beat/True/ReNew20230809_Patient_P001-006_P-002_04-06-2023_P-002_04-06-2023.linejson_duration=1s_pos=129346-129410_src=ishne.json
63.35993149616252,389.71810458873944,82.12224258811175,25.276281436368066,6.150860476569215,3.225806451612903,3968,128,54,78.125,132.8125,5,103.78378378378379,0.05751299206464987,0.9424870079353501,3.7735849056603774,9.737867325946015,0.002229348185060062,5.461506085873005,1.0498221244986778,Isolated Ventricular Beat/True/ReNew20230809_Patient_P001-006_P-002_04-06-2023_P-002_04-06-2023.linejson_duration=1s_pos=7941949-7942013_src=ishne.json
8.896432553564518,404.1770489190879,25.611239250991776,2.982584615161654,45.43135701352449,20.516129032258064,3968,128,33,85.9375,148.4375,4,64.40251572327044,0.10505215778913293,0.8949478422108671,3.125,17.533283699559806,0.0024347929285146426,1.878919211018779,0.5332984796180493,Isolated Ventricular Beat/True/ReNew20230809_Patient_P001-006_P-005_04-10-2023_P-005_04-10-2023.linejson_duration=1s_pos=3195231-3195295_src=ishne.json
8.031209960309878,403.73063780882126,23.522489697094183,4.389002297063183,50.27020704649049,12.903225806451612,3968,128,44,140.625,171.875,31,84.07331975560082,0.1568868564168139,0.8431131435831861,0.0,16.408415820134874,0.0032195886181520107,2.0657875399464483,0.4283735989050345,Isolated Ventricular Beat/True/ReNew20230809_Patient_P001-006_P-004_04-10-2023_P-004_04-10-2023.linejson_duration=1s_pos=6017734-6017798_src=ishne.json
3.029965215551711,407.10291425652133,22.94298298863024,1.2566937543849743,134.35889554378878,42.32258064516129,3968,128,36,78.125,132.8125,6,69.85446985446985,0.15648634285915178,0.8435136571408482,5.714285714285714,9.396537719441863,0.0002517596366476976,2.7922686201076767,0.8247235383486646,Isolated Ventricular Beat/True/ReNew20230809_Patient_P001-006_P-006_04-10-2023_P-006_04-10-2023.linejson_duration=1s_pos=6747590-6747654_src=ishne.json
13.444586402501262,413.3523375428516,50.65456613487465,4.112804478708876,30.744888271242196,14.838709677419354,3968,128,45,78.125,132.8125,3,87.09278350515464,0.1893921338925739,0.8106078661074261,2.272727272727273,11.77590672568277,0.0009141272536270983,5.368753897142423,0.23995066963059103,Isolated Ventricular Beat/True/ReNew20230809_Patient_P001-006_P-002_04-06-2023_P-002_04-06-2023.linejson_duration=1s_pos=8453691-8453755_src=ishne.json
9.309857904467624,388.737281347901,48.30743856346555,1.332612069802619,41.755442841497135,36.774193548387096,3968,128,24,89.84375,164.0625,4,46.74252447737497,0.08351694084931435,0.9164830591506856,13.043478260869565,15.26060079298324,0.0011414611134166878,1.2897642127674658,,Isolated Ventricular Beat/True/data20240102_aligned_C-001_1701944384670-1701944988670_duration=1s_pos=55416-55480_src=ishne.json
3.1399654986259273,410.7416889322716,23.109289414867067,1.3129579929727075,130.81085072468613,38.96774193548387,3968,128,34,78.125,132.8125,9,65.91417425227569,0.13863354076629422,0.8613664592337058,6.0606060606060606,11.171336504649247,0.0013836453979431047,2.9942726970560942,1.148622709242771,Isolated Ventricular Beat/True/ReNew20230809_Patient_P001-006_P-006_04-10-2023_P-006_04-10-2023.linejson_duration=1s_pos=6584847-6584911_src=ishne.json
4.876883978574796,406.68700035754125,22.85607547411653,2.5980331403536727,83.3907303830631,19.612903225806452,3968,128,39,93.75,156.25,18,75.94067135050742,0.051638424754777916,0.9483615752452221,2.6315789473684212,21.715279904262875,0.0005654429343893055,2.1944275717369233,0.8388589917413389,Isolated Ventricular Beat/True/ReNew20230809_Patient_P001-006_P-004_04-10-2023_P-004_04-10-2023.linejson_duration=1s_pos=7215628-7215692_src=ishne.json
24.43334485888123,402.4231540399879,49.787336392239915,12.739681280995674,16.470243427332807,3.225806451612903,3968,128,50,78.125,125.0,3,96.07352565739086,0.1620718436915231,0.8379281563084768,8.16326530612245,10.418562606513696,0.0456974343379557,3.5040186172963135,0.5369864498046628,Isolated Ventricular Beat/True/ReNew20230809_Patient_P001-006_P-002_04-06-2023_P-002_04-06-2023.linejson_duration=1s_pos=5658958-5659022_src=ishne.json
5.075342824909259,396.5786382453862,22.863199268263724,2.1623034808124775,78.13828026763812,24.387096774193548,3968,128,40,97.65625,164.0625,18,77.15610510046368,0.16418022381468772,0.8358197761853123,0.0,16.57708062477783,0.0034524998740650195,1.8089823785610577,0.2849004294899042,Isolated Ventricular Beat/True/ReNew20230809_Patient_P001-006_P-004_04-10-2023_P-004_04-10-2023.linejson_duration=1s_pos=8103207-8103271_src=ishne.json
31.65369422970399,340.8306152247581,46.26113239293327,21.19028240675702,10.767482682556471,2.5806451612903225,3968,128,45,70.3125,93.75,0,86.0285132382892,0.25040047813577987,0.7495995218642202,20.454545454545453,14.813411952852245,0.0015170474043893322,1.71697959531668,0.24613306953890846,Isolated Ventricular Beat/True/data20240102_aligned_R-003_1697646649857-1697647248857_duration=1s_pos=2735-2799_src=ishne.json
3.240273920044699,405.17461297687294,22.87572184089897,1.4094264950164082,125.04328273826951,36.12903225806451,3968,128,34,82.03125,132.8125,15,66.90601900739176,0.09920744930874811,0.9007925506912519,3.0303030303030303,12.219660793078,0.00026369438602051625,2.858896586973276,1.1239300966523995,Isolated Ventricular Beat/True/ReNew20230809_Patient_P001-006_P-006_04-10-2023_P-006_04-10-2023.linejson_duration=1s_pos=9107733-9107797_src=ishne.json
44.69095673761997,377.7829689322828,53.11916729650222,30.73892237389075,8.453230542747411,1.2903225806451613,3968,128,48,78.125,125.0,1,93.1990704879938,0.07236542657851912,0.9276345734214809,2.127659574468085,9.984378678460406,0.0003553072757681009,6.636273520068858,0.8183103235139514,Isolated Ventricular Beat/True/ReNew20230809_Patient_P001-006_P-002_04-06-2023_P-002_04-06-2023.linejson_duration=1s_pos=5484866-5484930_src=ishne.json
9.67644171574864,395.03741376730716,48.91108311452882,1.9940577470392018,40.82465275429931,30.32258064516129,3968,128,25,31.25,140.625,5,48.327215521761936,0.08721025254130851,0.9127897474586915,8.333333333333334,13.841426383000531,0.002159424369489239,1.2733703277989543,,Isolated Ventricular Beat/True/data20240102_aligned_C-001_1701943779670-1701944383670_duration=1s_pos=60378-60442_src=ishne.json
20.472784179613104,410.8050203147322,53.232394207178594,6.706336445126082,20.065907824003045,12.903225806451612,3968,128,50,78.125,125.0,1,98.20459290187891,0.17546007233718633,0.8245399276628137,0.0,8.457763859076408,0.021632330166732817,4.930890639270593,0.3551509405957573,Isolated Ventricular Beat/True/ReNew20230809_Patient_P001-006_P-002_04-06-2023_P-002_04-06-2023.linejson_duration=1s_pos=5761968-5762032_src=ishne.json
13.320006796829814,404.063718923546,50.407999525605085,4.477172852826561,30.335096276723945,14.838709677419354,3968,128,36,85.9375,140.625,8,69.85446985446985,0.2574557325290972,0.7425442674709029,34.285714285714285,20.68397274571715,0.005945988393895782,2.9114513824885586,1.2992829841302609,Isolated Ventricular Beat/True/data20240102_aligned_R-002_1700508031428-1700508611428_duration=1s_pos=33942-34006_src=ishne.json
5.268751647960269,401.701231338355,24.050654001980032,1.8240798449473683,76.24218827085544,28.12903225806452,3968,128,36,132.8125,171.875,19,69.58322547243075,0.16699496308411488,0.8330050369158851,2.857142857142857,24.395474360379122,0.00042702349380710464,2.1458653574108677,0.6306268235786113,Isolated Ventricular Beat/True/ReNew20230809_Patient_P001-006_P-004_04-10-2023_P-004_04-10-2023.linejson_duration=1s_pos=4246219-4246283_src=ishne.json
16.095765811676177,413.67990457572665,50.69821853210588,4.366860694670072,25.701161641807293,16.129032258064516,3968,128,48,78.125,125.0,2,93.17501290655653,0.09906116356833097,0.900938836431669,4.25531914893617,11.636437419439073,0.0011517660277732898,6.552621330628982,0.7610978424684531,Isolated Ventricular Beat/True/ReNew20230809_Patient_P001-006_P-002_04-06-2023_P-002_04-06-2023.linejson_duration=1s_pos=2389551-2389615_src=ishne.json
13.775352191950809,414.3237410404643,50.54494543944587,5.460323051617921,30.077177351979714,11.612903225806452,3968,128,44,85.9375,132.8125,3,85.97760999739651,0.23579099980562657,0.7642090001943734,2.3255813953488373,12.762300942947242,0.0010513270330941814,3.9719991840394253,0.24763457132250555,Isolated Ventricular Beat/True/ReNew20230809_Patient_P001-006_P-002_04-06-2023_P-002_04-06-2023.linejson_duration=1s_pos=7397665-7397729_src=ishne.json
3.066463805707096,397.27484790843494,22.471703423936212,1.263467190105838,129.55467389322519,41.16129032258065,3968,128,35,85.9375,132.8125,14,68.3381313792201,0.2526487603171044,0.7473512396828956,11.764705882352942,12.011217846573535,0.0002705506343168285,2.8836178712350726,0.8064758658669484,Isolated Ventricular Beat/True/ReNew20230809_Patient_P001-006_P-006_04-10-2023_P-006_04-10-2023.linejson_duration=1s_pos=7764197-7764261_src=ishne.json
24.270349086717587,508.4912808939279,47.72180026693848,6.085504752338933,20.95113086861526,13.290322580645162,3968,128,37,101.5625,156.25,14,71.94379391100702,0.3518418741376583,0.6481581258623417,11.11111111111111,16.1432718303534,0.005601852299529289,0.6934864464223954,0.484745910982939,Isolated Ventricular Beat/True/ReNew20230809_Patient_P001-006_P-004_04-10-2023_P-004_04-10-2023.linejson_duration=1s_pos=5979024-5979088_src=ishne.json
3.0578757517726762,406.7181779345769,22.81956442144414,1.2545614571470853,133.00672687308244,40.0,3968,128,34,78.125,132.8125,6,65.7431906614786,0.12866302664721183,0.8713369733527881,6.0606060606060606,11.164799392462923,0.0005914623897003894,2.7246852578143446,1.0691984034618165,Isolated Ventricular Beat/True/ReNew20230809_Patient_P001-006_P-006_04-10-2023_P-006_04-10-2023.linejson_duration=1s_pos=9150733-9150797_src=ishne.json
5.700017172488311,411.0927397329451,23.34445207491068,2.843766380249635,72.12130335252684,20.387096774193548,3968,128,39,140.625,156.25,23,75.94067135050742,0.22231376556696913,0.7776862344330309,0.0,21.618126091502887,0.0005600989056679855,2.3856371063725357,0.2885095445718134,Isolated Ventricular Beat/True/ReNew20230809_Patient_P001-006_P-004_04-10-2023_P-004_04-10-2023.linejson_duration=1s_pos=5203296-5203360_src=ishne.json
26.794679934625577,379.48190479613044,36.57024781865385,15.593410992932878,14.162583451618667,3.870967741935484,3968,128,46,132.8125,164.0625,27,88.79753340184995,0.2632480394555725,0.7367519605444275,0.0,14.085617127735631,0.0013336466412376478,1.8290180044168107,0.23859246225525735,Isolated Ventricular Beat/True/ReNew20230809_Patient_P001-006_P-004_04-10-2023_P-004_04-10-2023.linejson_duration=1s_pos=9376316-9376380_src=ishne.json
10.934980524509687,407.4620391886998,50.61760858214969,2.681447710812801,37.26225218354633,19.35483870967742,3968,128,40,78.125,125.0,1,77.63608087091758,0.2270286945699065,0.7729713054300935,0.0,13.927228813799957,0.00040800094822585845,9.431558644542152,0.24329835329267002,Isolated Ventricular Beat/True/ReNew20230809_Patient_P001-006_P-002_04-06-2023_P-002_04-06-2023.linejson_duration=1s_pos=1826806-1826870_src=ishne.json
39.61340235723588,416.85480045789836,57.50861522512095,21.53197966014142,10.523074644677171,3.225806451612903,3968,128,58,78.125,132.8125,5,111.95907928388748,0.07861694566411376,0.9213830543358863,1.7543859649122806,7.19938931245237,0.003663848830181067,3.809715470527738,0.41964974310012076,Isolated Ventricular Beat/True/ReNew20230809_Patient_P001-006_P-002_04-06-2023_P-002_04-06-2023.linejson_duration=1s_pos=8680933-8680997_src=ishne.json
2.872380335873732,407.43286339834674,22.945374858845184,1.0930664106221233,141.84497660872464,46.064516129032256,3968,128,32,78.125,132.8125,11,62.161879895561356,0.1741054346764981,0.8258945653235019,9.67741935483871,17.575883858586323,0.0005990051758852352,4.424384403763989,0.84308732785086,Isolated Ventricular Beat/True/ReNew20230809_Patient_P001-006_P-006_04-10-2023_P-006_04-10-2023.linejson_duration=1s_pos=10820418-10820482_src=ishne.json
3.1415127197579262,409.71886876563633,23.0676956342271,1.267492847737861,130.4208433624819,41.03225806451613,3968,128,33,85.9375,132.8125,16,64.36877946568885,0.19689975395683929,0.8031002460431607,3.125,16.61071845894541,0.006687439170635847,3.3929739114252757,0.6359887667199967,Isolated Ventricular Beat/True/ReNew20230809_Patient_P001-006_P-006_04-10-2023_P-006_04-10-2023.linejson_duration=1s_pos=9281394-9281458_src=ishne.json
6.760491545092333,404.65468718601403,23.141727115677053,3.216555205227012,59.85579963101451,17.419354838709676,3968,128,39,132.8125,171.875,21,75.25528623001547,0.26371749249547816,0.7362825075045218,2.6315789473684212,11.030086107239567,0.0015344178204634764,0.9795294224528364,0.49617334697912036,Isolated Ventricular Beat/True/ReNew20230809_Patient_P001-006_P-004_04-10-2023_P-004_04-10-2023.linejson_duration=1s_pos=6876308-6876372_src=ishne.json
9.645961775289239,401.131072920456,49.61648683438178,1.6915906724276342,41.58538471121437,27.09677419354839,3968,128,35,85.9375,140.625,6,66.91952844695028,0.22777984102709112,0.7722201589729089,8.823529411764707,18.91174575867343,0.0015128809019527311,4.172203477460139,0.9075570519054005,Isolated Ventricular Beat/True/ReNew20230809_Patient_P001-006_P-002_04-06-2023_P-002_04-06-2023.linejson_duration=1s_pos=192651-192715_src=ishne.json
4.2537691585939985,407.58102899244244,23.262097524438055,1.6480368238518395,95.81642020996274,32.25806451612903,3968,128,35,78.125,132.8125,11,68.24882383690539,0.1049092029495167,0.8950907970504833,2.9411764705882355,12.817368214080393,0.000673039589840856,3.3394458098095283,1.0986122886681098,Isolated Ventricular Beat/True/ReNew20230809_Patient_P001-006_P-006_04-10-2023_P-006_04-10-2023.linejson_duration=1s_pos=6615484-6615548_src=ishne.json
9.679499550384032,384.01328699659587,47.82060027479681,1.8945766381747164,39.67284107250351,29.677419354838708,3968,128,36,85.9375,140.625,2,70.56970333420846,0.14452940102504117,0.8554705989749588,8.571428571428571,19.81110781723824,0.0002752424163496534,3.100870029428371,0.8700778887190235,Isolated Ventricular Beat/True/ReNew20230809_Patient_P001-006_P-002_04-06-2023_P-002_04-06-2023.linejson_duration=1s_pos=111850-111914_src=ishne.json
4.280193569777991,395.13473111338504,22.27357364625913,2.1867079733267625,92.31700210625712,24.774193548387096,3968,128,32,93.75,148.4375,11,62.45540398740819,0.09201671810496458,0.9079832818950354,3.225806451612903,24.915483730950495,0.00037160529919754776,2.184274293067896,0.4940185054496094,Isolated Ventricular Beat/True/ReNew20230809_Patient_P001-006_P-005_04-10-2023_P-005_04-10-2023.linejson_duration=1s_pos=10369291-10369355_src=ishne.json
17.581166833833088,412.630064266584,28.700230246217473,9.89159595062028,23.4700031400941,6.838709677419355,3968,128,32,85.9375,140.625,5,61.360824742268036,0.914511657025061,0.08548834297493901,0.0,14.318950741347557,0.0008476805324486045,1.813926411637466,0.15106901328985023,Isolated Ventricular Beat/True/ReNew20230809_Patient_P001-006_P-005_04-10-2023_P-005_04-10-2023.linejson_duration=1s_pos=8840613-8840677_src=ishne.json
23.959224906035757,403.82528147167994,54.01533637071961,7.287466328086634,16.854688171288085,10.967741935483872,3968,128,35,85.9375,140.625,5,69.13423351866561,0.2323861851554607,0.7676138148445393,20.58823529411765,12.928150295658575,0.013188359130463153,1.4890849755850621,2.3025850929940455,Isolated Ventricular Beat/True/data20240102_aligned_R-002_1700507415428-1700507526428_duration=1s_pos=2997-3061_src=ishne.json
12.801256307961891,408.5758202061557,50.438857472349206,4.330508524705623,31.91685085120797,14.838709677419354,3968,128,40,82.03125,132.8125,5,78.18324197337509,0.18394339979982988,0.8160566002001701,2.5641025641025643,14.915559678499129,0.0002816586038127428,4.587204862850199,0.40546510810816444,Isolated Ventricular Beat/True/ReNew20230809_Patient_P001-006_P-002_04-06-2023_P-002_04-06-2023.linejson_duration=1s_pos=7721861-7721925_src=ishne.json
13.311621795383084,405.8019092073324,50.217538984629854,3.8330309332434975,30.484781265592808,16.129032258064516,3968,128,40,78.125,125.0,3,77.91883454734652,0.20279386256926657,0.7972061374307334,5.128205128205129,13.407243496590286,0.0012417416261283087,8.673966317088786,0.3846743384390906,Isolated Ventricular Beat/True/ReNew20230809_Patient_P001-006_P-002_04-06-2023_P-002_04-06-2023.linejson_duration=1s_pos=4196301-4196365_src=ishne.json
35.9169542260468,409.281782893146,49.84946763717254,26.48122849340051,11.395224910276829,1.935483870967742,3968,128,48,70.3125,93.75,0,93.51295336787565,0.2504912084801756,0.7495087915198244,31.914893617021278,14.01713175169624,0.004166576229924175,1.8103027683588602,0.29565024210095775,Isolated Ventricular Beat/True/data20240102_aligned_R-003_1697646649857-1697647248857_duration=1s_pos=56673-56737_src=ishne.json
36.64785375187359,431.93572367416886,49.6133899653886,27.893342255736144,11.786112082101791,2.5806451612903225,3968,128,49,70.3125,78.125,0,95.90010405827263,0.20185963889044986,0.7981403611095501,27.083333333333332,12.915266252907081,0.004592299937364174,1.7805299647977753,0.2258795311330845,Isolated Ventricular Beat/True/data20240102_aligned_R-003_1697646649857-1697647248857_duration=1s_pos=58550-58614_src=ishne.json
18.27850569797905,399.53529950703194,53.0194224282484,4.183737455622283,21.858202429151735,16.129032258064516,3968,128,47,78.125,132.8125,6,91.61825726141079,0.18661462450219377,0.8133853754978062,0.0,10.00855975998013,0.0011858453483794104,4.352192517581563,0.40322546551465954,Isolated Ventricular Beat/True/ReNew20230809_Patient_P001-006_P-002_04-06-2023_P-002_04-06-2023.linejson_duration=1s_pos=5880646-5880710_src=ishne.json
58.32447327636936,407.94565779764457,69.50708810815762,33.739277589653895,6.9944163725266035,2.5806451612903225,3968,128,49,78.125,132.8125,2,94.74171164225135,0.17950078179008086,0.8204992182099191,2.0833333333333335,10.34669961135777,0.0021729168303822257,4.6869881060860745,0.282862786015832,Isolated Ventricular Beat/True/ReNew20230809_Patient_P001-006_P-002_04-06-2023_P-002_04-06-2023.linejson_duration=1s_pos=5682309-5682373_src=ishne.json
9.321548314753976,411.696324547961,23.41138901437262,6.140922032092377,44.16608341022621,9.161290322580646,3968,128,39,132.8125,164.0625,21,74.4299923488906,0.25206338392229494,0.747936616077705,0.0,19.414803392505434,0.0007705497892558041,1.9754765577323365,0.37182674895933454,Isolated Ventricular Beat/True/ReNew20230809_Patient_P001-006_P-004_04-10-2023_P-004_04-10-2023.linejson_duration=1s_pos=7809724-7809788_src=ishne.json
42.865906328859175,433.14153907083386,63.55724029302534,19.68108638134458,10.104569483339137,3.225806451612903,3968,128,4,85.9375,117.1875,0,16.20253164556962,0.6377661905649221,0.3622338094350779,33.333333333333336,22.200939517350676,0.009217639252278692,0.3596689175588784,,Isolated Ventricular Beat/True/data20240102_aligned_C-001_1701985306670-1701989376670_duration=1s_pos=338741-338805_src=ishne.json
31.437701561628078,422.42794453775946,49.74433315659022,20.52964057361606,13.436985215750543,2.5806451612903225,3968,128,44,70.3125,93.75,0,86.04481500781658,0.24189309424419989,0.7581069057558001,18.6046511627907,15.039956267285948,0.0035480555338656444,1.7024821330995101,0.27304052245883287,Isolated Ventricular Beat/True/data20240102_aligned_R-003_1697646649857-1697647248857_duration=1s_pos=2985-3049_src=ishne.json
10.396276575318188,403.8836377360384,25.459440351396985,5.139764132931712,38.84887016626979,13.67741935483871,3968,128,41,125.0,179.6875,21,78.9514263685428,0.28021603573710246,0.7197839642628976,2.5,19.772764930413004,0.00182514277502384,1.5013629626339535,0.42456527948158373,Isolated Ventricular Beat/True/ReNew20230809_Patient_P001-006_P-004_04-10-2023_P-004_04-10-2023.linejson_duration=1s_pos=10008188-10008252_src=ishne.json
11.15478787177082,508.4536628294585,29.660052521607206,3.564202673522865,45.5816482655437,16.516129032258064,3968,128,36,101.5625,179.6875,15,69.58322547243075,0.3332077185849281,0.666792281415072,8.571428571428571,15.740509163939965,0.00391251639631703,1.2605580026230367,0.2923879634891936,Isolated Ventricular Beat/True/ReNew20230809_Patient_P001-006_P-004_04-10-2023_P-004_04-10-2023.linejson_duration=1s_pos=1588787-1588851_src=ishne.json
4.0647998890593335,417.41533353982584,23.573517602206977,1.6514275642132148,102.69022885310947,33.29032258064516,3968,128,35,78.125,132.8125,14,68.91528107680126,0.09735855977524406,0.9026414402247559,2.9411764705882355,12.852981718907705,0.0005843716643034217,3.1605057574196933,1.241713132308783,Isolated Ventricular Beat/True/ReNew20230809_Patient_P001-006_P-006_04-10-2023_P-006_04-10-2023.linejson_duration=1s_pos=8283821-8283885_src=ishne.json
37.2305105558197,395.718185175765,49.451380589579884,28.723978622811842,10.628867792548721,1.2903225806451613,3968,128,43,70.3125,78.125,0,82.51726784343822,0.24365405452089045,0.7563459454791095,7.142857142857143,15.64732003381597,0.0006346641897859366,1.7793232577424654,0.5059356384717989,Isolated Ventricular Beat/True/data20240102_aligned_R-003_1697646649857-1697647248857_duration=1s_pos=11795-11859_src=ishne.json
16.54832872552708,402.9012996400242,57.21669520938829,3.6476693974725194,24.34694656938807,17.419354838709676,3968,128,46,78.125,125.0,7,87.58236188545362,0.24180471665486347,0.7581952833451365,0.0,10.23049198797689,0.0004691712852539798,6.136110273210497,0.2588076513526439,Isolated Ventricular Beat/True/ReNew20230809_Patient_P001-006_P-002_04-06-2023_P-002_04-06-2023.linejson_duration=1s_pos=7884145-7884209_src=ishne.json
4.480289117813358,405.9560023414612,22.817114829195226,2.386880706032546,90.6093113763783,22.451612903225808,3968,128,40,140.625,164.0625,24,77.67634854771784,0.09617419025537191,0.9038258097446281,0.0,22.51771413376044,0.0006793746455777857,2.58254446879439,0.731466044862082,Isolated Ventricular Beat/True/ReNew20230809_Patient_P001-006_P-004_04-10-2023_P-004_04-10-2023.linejson_duration=1s_pos=5205900-5205964_src=ishne.json
19.27567261047632,416.3160829564364,53.50644642857461,5.306108891259154,21.59800437428909,9.032258064516128,3968,128,41,78.125,125.0,1,80.2088772845953,0.2907425306170244,0.7092574693829756,0.0,11.53596036749018,0.0006524525257029008,6.175447383159392,0.45296744209316775,Isolated Ventricular Beat/True/ReNew20230809_Patient_P001-006_P-002_04-06-2023_P-002_04-06-2023.linejson_duration=1s_pos=5158464-5158528_src=ishne.json
3.9345772115300504,398.6060498302262,22.56157603709314,1.9195140300505287,101.3084575780282,26.451612903225808,3968,128,36,93.75,156.25,15,70.09126466753585,0.3891300234562408,0.6108699765437592,0.0,17.745261953742776,0.003980040882605616,1.4967218796145114,0.21379768889597206,Isolated Ventricular Beat/True/ReNew20230809_Patient_P001-006_P-004_04-10-2023_P-004_04-10-2023.linejson_duration=1s_pos=5447483-5447547_src=ishne.json
3.294341628017219,405.7888369240762,22.966249269479796,1.2859346575604391,123.1774841733175,40.516129032258064,3968,128,30,89.84375,140.625,14,58.76517150395778,0.08577511358308358,0.9142248864169165,3.4482758620689653,19.004405901223404,0.0008064620363403448,3.3523983253717033,1.252762968495368,Isolated Ventricular Beat/True/ReNew20230809_Patient_P001-006_P-006_04-10-2023_P-006_04-10-2023.linejson_duration=1s_pos=2338326-2338390_src=ishne.json
29.57054119115115,447.4606103080685,63.76228323434503,8.266419706524974,15.131971791912866,4.516129032258064,3968,128,41,85.9375,132.8125,6,78.87034659820283,0.3731594931165891,0.6268405068834109,42.5,11.956760990702449,0.002369543236028022,6.498615013531611,0.30861528211824674,Isolated Ventricular Beat/True/ReNew20230809_Patient_P001-006_P-002_04-06-2023_P-002_04-06-2023.linejson_duration=1s_pos=6057288-6057352_src=ishne.json
75.77943591293946,561.5079588373304,115.08448167430203,22.89676133660068,7.409766840606492,7.096774193548387,3968,128,49,78.125,132.8125,8,95.18202943454686,0.2024031810107241,0.7975968189892759,2.0833333333333335,10.548218802572572,0.0038925684974961574,6.181464993316403,0.3596555720768702,Isolated Ventricular Beat/True/ReNew20230809_Patient_P001-006_P-002_04-06-2023_P-002_04-06-2023.linejson_duration=1s_pos=5213858-5213922_src=ishne.json
4.238382140778318,403.09898828765887,22.69840538968001,2.0848756238183164,95.10678362448269,24.387096774193548,3968,128,38,132.8125,179.6875,21,74.71995792795161,0.09118728270650192,0.9088127172934981,5.405405405405405,23.359646933052602,0.038854134437535735,2.2531021238371376,0.9328200338253656,Isolated Ventricular Beat/True/ReNew20230809_Patient_P001-006_P-004_04-10-2023_P-004_04-10-2023.linejson_duration=1s_pos=7195006-7195070_src=ishne.json
12.949284056311706,411.5842075001873,50.30492337894392,4.855205833981913,31.784319034630723,7.096774193548387,3968,128,42,78.125,132.8125,7,81.76577512334458,0.06547772381492215,0.9345222761850779,2.4390243902439024,15.9703244508392,0.00039030762648880593,4.726116786606071,0.6534068519104311,Isolated Ventricular Beat/True/ReNew20230809_Patient_P001-006_P-002_04-06-2023_P-002_04-06-2023.linejson_duration=1s_pos=7740870-7740934_src=ishne.json
3.4761487107678044,400.20802900441964,22.58066630382938,1.4063251714946379,115.12968724123868,36.0,3968,128,36,85.9375,132.8125,12,69.70954356846474,0.17219877955742333,0.8278012204425766,8.571428571428571,10.71870389453298,0.0007110559249750961,2.821534419062248,0.9490805546971459,Isolated Ventricular Beat/True/ReNew20230809_Patient_P001-006_P-006_04-10-2023_P-006_04-10-2023.linejson_duration=1s_pos=7571296-7571360_src=ishne.json
13.32521578076549,414.8965241239526,52.69416046683095,2.4503374137505585,31.136193200462003,25.161290322580644,3968,128,3,70.3125,101.5625,0,,,,,61.65913929226505,0.006067227694906485,0.18027510027361504,,Isolated Ventricular Beat/True/data20240102_aligned_C-001_1701937190670-1701937795670_duration=1s_pos=44629-44693_src=ishne.json
10.13642348324108,398.89621333223124,49.56501623972346,2.0553949639084967,39.35275342816798,30.967741935483872,3968,128,36,85.9375,140.625,10,68.2753365506731,0.07052620386601359,0.9294737961339864,2.857142857142857,18.00983350384056,0.00022032429062821877,3.5851018698058374,1.0986122886681098,Isolated Ventricular Beat/True/ReNew20230809_Patient_P001-006_P-002_04-06-2023_P-002_04-06-2023.linejson_duration=1s_pos=210404-210468_src=ishne.json
3.8619285246140618,416.34674747245714,23.553152850964917,1.664739551646477,107.80796097361832,30.967741935483872,3968,128,35,85.9375,132.8125,12,67.00538876058506,0.2125543268891839,0.7874456731108161,14.705882352941176,14.275111428130636,0.000799673203921898,3.2728544530116954,1.1526795099383855,Isolated Ventricular Beat/True/ReNew20230809_Patient_P001-006_P-006_04-10-2023_P-006_04-10-2023.linejson_duration=1s_pos=8145580-8145644_src=ishne.json
36.93250853830291,386.2544833589169,51.175536419063505,26.316425751815366,10.458387155043722,0.6451612903225806,3968,128,47,62.5,93.75,0,93.0173775671406,0.21896770534684243,0.7810322946531576,30.434782608695652,14.720631953356435,0.0002820888545887253,1.7922304127650306,0.30910450803918765,Isolated Ventricular Beat/True/data20240102_aligned_R-003_1697646649857-1697647248857_duration=1s_pos=54026-54090_src=ishne.json
3.0448278094277907,408.3019164932469,22.95916002291974,1.2180891241613256,134.09683829481972,42.58064516129032,3968,128,36,82.03125,132.8125,13,70.92348284960421,0.0999160750856945,0.9000839249143056,2.857142857142857,15.319367885851936,0.0011349741667604437,3.8500605596564883,1.0761394328160512,Isolated Ventricular Beat/True/ReNew20230809_Patient_P001-006_P-006_04-10-2023_P-006_04-10-2023.linejson_duration=1s_pos=9584583-9584647_src=ishne.json
5.805843417020184,391.74127666673974,22.919273519233048,2.1131722668404906,67.47360909609057,26.193548387096776,3968,128,34,89.84375,179.6875,12,66.25882352941176,0.19978920071208278,0.8002107992879173,3.0303030303030303,18.401428410210368,0.0004097410874435013,1.7492997115263975,0.6931471805599453,Isolated Ventricular Beat/True/ReNew20230809_Patient_P001-006_P-004_04-10-2023_P-004_04-10-2023.linejson_duration=1s_pos=1663243-1663307_src=ishne.json
106.16247759832143,592.3213650621361,123.92930214130662,52.359372160700744,5.579385229910236,3.870967741935484,3968,128,54,78.125,132.8125,4,105.58754863813229,0.15244533901745505,0.847554660982545,0.0,8.985787617771345,0.0010867197038588326,7.194987130551055,0.2735584112106436,Isolated Ventricular Beat/True/ReNew20230809_Patient_P001-006_P-002_04-06-2023_P-002_04-06-2023.linejson_duration=1s_pos=2104408-2104472_src=ishne.json
50.942224804207676,376.1116495680155,63.46468322083089,29.842379967262133,7.38310200684144,1.2903225806451613,3968,128,57,78.125,140.625,3,110.93113231880321,0.18011794251719926,0.8198820574828007,0.0,7.4064301720641215,0.004628146723268513,5.913844610989296,0.14961963446765822,Isolated Ventricular Beat/True/ReNew20230809_Patient_P001-006_P-002_04-06-2023_P-002_04-06-2023.linejson_duration=1s_pos=1006391-1006455_src=ishne.json
12.845997192917695,412.3868565439899,49.882718511233016,3.3757885834309054,32.10235984396671,17.419354838709676,3968,128,47,78.125,109.375,0,91.00463678516229,0.14670584025352063,0.8532941597464794,0.0,11.00791130091633,0.0007145432592632323,8.5041964818541,0.2578291093020998,Isolated Ventricular Beat/True/ReNew20230809_Patient_P001-006_P-002_04-06-2023_P-002_04-06-2023.linejson_duration=1s_pos=8834001-8834065_src=ishne.json
19.21327753090527,425.3350577283941,33.65245739226156,9.083982635578858,22.137557473297797,7.612903225806451,3968,128,23,93.75,156.25,7,43.267605633802816,1.391135304163086,0.0,0.0,13.189613515658586,0.0006241205423390282,2.1672363369876475,0.2972515234679316,Isolated Ventricular Beat/True/ReNew20230809_Patient_P001-006_P-005_04-10-2023_P-005_04-10-2023.linejson_duration=1s_pos=8833571-8833635_src=ishne.json
41.799908631400505,398.4372539987354,59.49696880716143,24.55631611135867,9.532012329984212,2.5806451612903225,3968,128,52,78.125,125.0,3,100.71483671895089,0.09398786561196291,0.9060121343880371,1.9607843137254901,9.110102538472647,0.0012562806934778557,6.1951972465240415,0.832909122935104,Isolated Ventricular Beat/True/ReNew20230809_Patient_P001-006_P-002_04-06-2023_P-002_04-06-2023.linejson_duration=1s_pos=2351937-2352001_src=ishne.json
15.708469943971648,394.9264722141074,50.09285084485069,3.655178004955517,25.14098753613356,20.0,3968,128,27,85.9375,140.625,2,54.43838604143948,0.8434058818788479,0.1565941181211521,3.8461538461538463,19.930477762757246,0.002028331700727695,4.847798590097483,0.20544397421480884,Isolated Ventricular Beat/True/ReNew20230809_Patient_P001-006_P-002_04-06-2023_P-002_04-06-2023.linejson_duration=1s_pos=537837-537901_src=ishne.json
18.364645732870027,430.61553985438115,28.51301071790405,10.019960949349649,23.44807096581076,6.193548387096774,3968,128,42,85.9375,164.0625,14,83.05987865998418,0.20575857784827886,0.7942414221517211,2.4390243902439024,13.080593094055615,0.0014036488719076838,1.4344289657155638,0.18680084759800064,Isolated Ventricular Beat/True/ReNew20230809_Patient_P001-006_P-004_04-10-2023_P-004_04-10-2023.linejson_duration=1s_pos=6329638-6329702_src=ishne.json
4.0760334995264484,405.3735243747688,22.99701126679569,1.6317589037939673,99.45291788424875,32.0,3968,128,35,78.125,140.625,15,67.1604938271605,0.18603770388126675,0.8139622961187333,8.823529411764707,12.890254293165206,0.0008109033284456781,3.160106251296819,0.9753796482441617,Isolated Ventricular Beat/True/ReNew20230809_Patient_P001-006_P-006_04-10-2023_P-006_04-10-2023.linejson_duration=1s_pos=9134820-9134884_src=ishne.json
23.548571984586406,403.2163573370138,33.12098588420873,13.983347217705777,17.1227512427584,3.354838709677419,3968,128,51,125.0,171.875,26,98.05924412665986,0.13880173800047127,0.8611982619995288,0.0,9.587891003368943,0.024144088892407583,1.2917845856522734,0.11040613086440135,Isolated Ventricular Beat/True/ReNew20230809_Patient_P001-006_P-004_04-10-2023_P-004_04-10-2023.linejson_duration=1s_pos=9889548-9889612_src=ishne.json
5.087741135306508,406.22405084405966,22.783597929083346,2.6297173359318693,79.8436791882706,22.70967741935484,3968,128,32,85.9375,148.4375,4,62.553862322648456,0.10312521963991378,0.8968747803600863,3.225806451612903,29.68072769733272,0.0021506321277442457,1.9486583251077836,0.3973017974690035,Isolated Ventricular Beat/True/ReNew20230809_Patient_P001-006_P-005_04-10-2023_P-005_04-10-2023.linejson_duration=1s_pos=9411913-9411977_src=ishne.json
11.509056278274905,399.95491524318203,49.63792489177314,3.1239347767256787,34.7513185113917,13.548387096774196,3968,128,32,85.9375,132.8125,7,62.78481012658228,0.2135887109429381,0.7864112890570619,3.225806451612903,19.851466441991214,0.01016982608982707,4.772631435644103,0.5053311044483499,Isolated Ventricular Beat/True/ReNew20230809_Patient_P001-006_P-002_04-06-2023_P-002_04-06-2023.linejson_duration=1s_pos=503466-503530_src=ishne.json
18.203164095116183,414.02894030499994,49.41315710783269,5.8287921226383155,22.744887394120365,10.32258064516129,3968,128,48,78.125,117.1875,0,93.00695696985312,0.2104504576549126,0.7895495423450873,2.127659574468085,9.956679130890565,0.014801582636476998,6.460516584503108,0.3951557384493032,Isolated Ventricular Beat/True/ReNew20230809_Patient_P001-006_P-002_04-06-2023_P-002_04-06-2023.linejson_duration=1s_pos=5776818-5776882_src=ishne.json
5.681434375524503,452.06930951825916,24.281073821689663,2.5218099723869347,79.5695593873625,20.129032258064516,3968,128,38,140.625,164.0625,23,74.95647586388816,0.1669571183809689,0.8330428816190311,0.0,19.188139724033913,0.029183915031037982,1.186093487234407,0.5081192621682477,Isolated Ventricular Beat/True/ReNew20230809_Patient_P001-006_P-004_04-10-2023_P-004_04-10-2023.linejson_duration=1s_pos=7227046-7227110_src=ishne.json
3.1025756764233865,411.5440628763074,23.090752794557933,1.3346221093215593,132.6458959108564,40.516129032258064,3968,128,33,78.125,132.8125,5,64.99867759851891,0.10447440389342574,0.8955255961065742,3.125,12.583246820690226,0.0016626615969569,3.1145304337699757,0.9808292530117262,Isolated Ventricular Beat/True/ReNew20230809_Patient_P001-006_P-006_04-10-2023_P-006_04-10-2023.linejson_duration=1s_pos=6523328-6523392_src=ishne.json
12.023451844919434,415.395000988128,51.51646671055846,3.2034579529172102,34.548727919173,18.064516129032256,3968,128,37,85.9375,140.625,10,71.94379391100702,0.16553068429783274,0.8344693157021672,0.0,15.068770189043558,0.0016069136031503512,6.3982962765294324,1.1549652252192415,Isolated Ventricular Beat/True/ReNew20230809_Patient_P001-006_P-002_04-06-2023_P-002_04-06-2023.linejson_duration=1s_pos=6854984-6855048_src=ishne.json
18.567363547185334,399.5471794888497,31.409689627346,11.467663860578625,21.518787896552496,4.774193548387097,3968,128,46,117.1875,179.6875,23,88.52459016393442,0.18804335127851293,0.8119566487214871,4.444444444444445,14.7235468061793,0.0015127681507995524,1.4898150922589517,0.2145463901169983,Isolated Ventricular Beat/True/ReNew20230809_Patient_P001-006_P-004_04-10-2023_P-004_04-10-2023.linejson_duration=1s_pos=6430408-6430472_src=ishne.json
9.251879788214364,423.2061735682994,28.0788663450116,2.985641046173937,45.7427179679408,20.0,3968,128,40,117.1875,179.6875,19,77.77720072708387,0.23272566446683707,0.7672743355331629,10.256410256410257,19.85150628191934,0.003881896358258993,0.7170960128584254,0.22383060046524808,Isolated Ventricular Beat/True/ReNew20230809_Patient_P001-006_P-004_04-10-2023_P-004_04-10-2023.linejson_duration=1s_pos=6929531-6929595_src=ishne.json
13.71867551597752,413.508266367512,51.66469885534264,3.3264438423006304,30.141994082732232,18.70967741935484,3968,128,32,70.3125,140.625,6,61.85502727981294,0.1776499913571256,0.8223500086428744,6.451612903225806,12.59382833421652,0.003297113314051772,0.6893784249968207,0.916290731874155,Isolated Ventricular Beat/True/data20240102_aligned_C-002_1700063066660-1700072385660_duration=1s_pos=351746-351810_src=ishne.json
4.2490841219796325,403.2641366209505,22.63495843770865,2.141850237109555,94.90610920806202,26.451612903225808,3968,128,37,140.625,156.25,21,72.81538056360284,0.16427166946786134,0.8357283305321387,0.0,23.87055928503747,0.014176851422529254,2.5845380270665212,0.33436918642443414,Isolated Ventricular Beat/True/ReNew20230809_Patient_P001-006_P-004_04-10-2023_P-004_04-10-2023.linejson_duration=1s_pos=7319005-7319069_src=ishne.json
45.063222729695944,352.40054337560525,58.181650758877424,21.818357108045696,7.820136115636551,4.516129032258064,3968,128,43,85.9375,148.4375,9,83.15545243619489,0.07165914545944284,0.9283408545405571,2.380952380952381,14.38674548794895,0.0014067006913860288,1.6072001371139903,0.5187937934151675,Isolated Ventricular Beat/True/ReNew20230809_Patient_P001-006_P-005_04-10-2023_P-005_04-10-2023.linejson_duration=1s_pos=7639965-7640029_src=ishne.json
11.243056895491506,422.8786381039451,52.04393779697337,2.4233251430265668,37.6124219971793,18.064516129032256,3968,128,31,78.125,85.9375,0,59.33556528457378,0.10815796557889772,0.8918420344211023,3.3333333333333335,6.273204482652558,0.00012602856926759263,1.3451532990806856,0.9444616088408514,Isolated Ventricular Beat/True/data20240102_aligned_C-002_1700118589660-1700119196660_duration=1s_pos=74858-74922_src=ishne.json
14.61384032601603,404.06114741998823,33.04454873949152,4.090333836474169,27.64920861024169,14.193548387096774,3968,128,35,85.9375,148.4375,9,68.1419624217119,0.11679133904059612,0.8832086609594039,5.882352941176471,23.390616949358073,0.0016920362652976721,1.650693440427357,0.531879032963823,Isolated Ventricular Beat/True/ReNew20230809_Patient_P001-006_P-005_04-10-2023_P-005_04-10-2023.linejson_duration=1s_pos=6728381-6728445_src=ishne.json
11.128433684278376,403.5884752739425,50.090302658805015,2.6322887275013196,36.266419017951335,18.064516129032256,3968,128,37,85.9375,148.4375,5,72.32016740779493,0.3263004425952442,0.6736995574047557,8.333333333333334,15.326271307223745,0.0012321252596865305,5.041410022194789,0.5026288565618121,Isolated Ventricular Beat/True/ReNew20230809_Patient_P001-006_P-002_04-06-2023_P-002_04-06-2023.linejson_duration=1s_pos=6536053-6536117_src=ishne.json
20.887508217474572,417.0735969134254,53.85052401065581,7.693661791366768,19.967608036505375,7.096774193548387,3968,128,47,78.125,132.8125,5,91.05154639175257,0.30718708777773324,0.6928129122222668,15.217391304347826,7.511831159512022,0.0020220131770380453,1.9485279596253435,0.9808292530117262,Isolated Ventricular Beat/True/ReNew20230809_Patient_P001-006_P-002_04-06-2023_P-002_04-06-2023.linejson_duration=1s_pos=5619202-5619266_src=ishne.json
13.979408015002765,412.5883720577401,51.00374155584459,3.832086372014043,29.51400675199849,14.838709677419354,3968,128,41,78.125,125.0,1,78.56777493606138,0.22115590990615708,0.7788440900938429,0.0,12.374916238600246,0.001951036488985844,7.996488946590292,0.400103164966779,Isolated Ventricular Beat/True/ReNew20230809_Patient_P001-006_P-002_04-06-2023_P-002_04-06-2023.linejson_duration=1s_pos=4109759-4109823_src=ishne.json
14.000643558468713,405.0413220677478,49.29335239953555,4.880905978644545,28.93019106200695,12.258064516129032,3968,128,47,78.125,125.0,3,91.05154639175257,0.16781418472551524,0.8321858152744848,0.0,12.350841237081227,0.002510215898278643,7.667717146393163,0.33926944124227415,Isolated Ventricular Beat/True/ReNew20230809_Patient_P001-006_P-002_04-06-2023_P-002_04-06-2023.linejson_duration=1s_pos=2541644-2541708_src=ishne.json
13.000437500175654,412.09676363509,50.23363576481003,4.723460919103362,31.698681827503126,11.612903225806452,3968,128,42,85.9375,132.8125,9,82.7977912174599,0.15518924976239218,0.8448107502376079,2.4390243902439024,13.749038682981826,0.0007443555187969604,4.713409514675733,0.2330236599139168,Isolated Ventricular Beat/True/ReNew20230809_Patient_P001-006_P-002_04-06-2023_P-002_04-06-2023.linejson_duration=1s_pos=7638633-7638697_src=ishne.json
12.00175283063027,413.19843130139634,50.84073845645779,3.2996716515851787,34.428170843402256,13.548387096774196,3968,128,40,78.125,132.8125,2,77.05685618729096,0.2298370826441518,0.7701629173558482,0.0,14.276435552337972,0.000831759269337876,7.2211512702014895,0.33514860969070465,Isolated Ventricular Beat/True/ReNew20230809_Patient_P001-006_P-002_04-06-2023_P-002_04-06-2023.linejson_duration=1s_pos=4520834-4520898_src=ishne.json
9.435617288349286,388.013272140617,48.44624375380769,1.5018830676307715,41.122188316977585,30.967741935483872,3968,128,30,101.5625,179.6875,6,58.579694897422414,0.09799513643194795,0.9020048635680521,6.896551724137931,13.828283119881203,0.004433818613893593,1.6464549311977377,0.4439313889359605,Isolated Ventricular Beat/True/data20240102_aligned_C-001_1701935006670-1701936244670_duration=1s_pos=131683-131747_src=ishne.json
8.268309409938286,398.53371470915476,24.966606726788985,3.0960901000814944,48.200139442047075,17.67741935483871,3968,128,39,117.1875,171.875,19,76.49803407601573,0.09827522712041094,0.9017247728795891,5.2631578947368425,19.160344322470046,0.007652067144761785,0.8572791419626469,0.8602012652231115,Isolated Ventricular Beat/True/ReNew20230809_Patient_P001-006_P-004_04-10-2023_P-004_04-10-2023.linejson_duration=1s_pos=7399779-7399843_src=ishne.json
3.8436497656853805,424.02460607610357,23.52856512003927,1.7516845371601253,110.31819276132742,30.193548387096776,3968,128,35,85.9375,140.625,16,67.82337662337662,0.20603281125044381,0.7939671887495562,20.58823529411765,13.543933961569362,0.0004768853413002413,3.1110930581301384,1.3350010667323402,Isolated Ventricular Beat/True/ReNew20230809_Patient_P001-006_P-006_04-10-2023_P-006_04-10-2023.linejson_duration=1s_pos=8219161-8219225_src=ishne.json
12.071586682564629,413.721868458628,50.62317123286697,3.3848933238125323,34.27236576810683,12.903225806451612,3968,128,40,78.125,132.8125,8,78.04064616988015,0.26218534656002807,0.7378146534399719,0.0,13.271716773953624,0.0021665766135474675,6.4536793283393505,0.37656136192581546,Isolated Ventricular Beat/True/ReNew20230809_Patient_P001-006_P-002_04-06-2023_P-002_04-06-2023.linejson_duration=1s_pos=1980582-1980646_src=ishne.json
37.62509120397067,403.391491715267,49.385048487007445,29.13947644494197,10.72134227680899,0.6451612903225806,3968,128,46,54.6875,78.125,0,88.70636550308008,0.24673708369193717,0.7532629163080629,8.88888888888889,14.193959296942424,0.0016399716639448794,1.7781027461383336,0.5138513446825277,Isolated Ventricular Beat/True/data20240102_aligned_R-003_1697646649857-1697647248857_duration=1s_pos=69723-69787_src=ishne.json
21.790037165426742,422.8190224305554,34.28274870259502,11.604085800761332,19.404235055513716,4.258064516129032,3968,128,48,97.65625,171.875,23,92.57758399589639,0.19012468892959739,0.8098753110704027,0.0,17.541927147661198,0.0011761285804433046,2.302214327406718,0.18258032248306835,Isolated Ventricular Beat/True/ReNew20230809_Patient_P001-006_P-004_04-10-2023_P-004_04-10-2023.linejson_duration=1s_pos=6376148-6376212_src=ishne.json
11.658273927528226,405.7475633487022,50.22532494971611,3.2497410083036637,34.80339637476094,17.419354838709676,3968,128,42,78.125,117.1875,0,81.00848983792127,0.1593599171291727,0.8406400828708274,0.0,12.533332758962814,0.0010359367801886345,8.926097318544443,0.3901976359773759,Isolated Ventricular Beat/True/ReNew20230809_Patient_P001-006_P-002_04-06-2023_P-002_04-06-2023.linejson_duration=1s_pos=4117462-4117526_src=ishne.json
5.127975444816817,411.0606361821982,23.584391165827572,2.213934358819669,80.16039866908596,25.290322580645164,3968,128,30,89.84375,179.6875,7,58.84280052840158,0.13753979628691482,0.8624602037130852,6.896551724137931,16.726531697800002,0.0021997642848153778,1.541514640199948,0.6286086594223742,Isolated Ventricular Beat/True/ReNew20230809_Patient_P001-006_P-005_04-10-2023_P-005_04-10-2023.linejson_duration=1s_pos=8659536-8659600_src=ishne.json
12.076588559566943,401.3520480802081,49.86868050172912,3.3484022624006293,33.233889924019266,18.70967741935484,3968,128,47,78.125,125.0,3,90.49180327868852,0.07063729980785732,0.9293627001921427,4.3478260869565215,11.386392512540864,0.0006590141161444893,4.853021821111936,0.742627237823315,Isolated Ventricular Beat/True/ReNew20230809_Patient_P001-006_P-002_04-06-2023_P-002_04-06-2023.linejson_duration=1s_pos=1415677-1415741_src=ishne.json
9.977839270091373,390.0084691163297,48.48239614141001,1.9571851331265933,39.08746367541903,28.387096774193548,3968,128,35,85.9375,148.4375,3,67.77056838826888,0.11394901524068773,0.8860509847593123,2.9411764705882355,20.65935462549897,0.0003881158330230215,3.7944092839651438,0.8157495026522777,Isolated Ventricular Beat/True/ReNew20230809_Patient_P001-006_P-002_04-06-2023_P-002_04-06-2023.linejson_duration=1s_pos=430132-430196_src=ishne.json
10.88188700197278,413.9491565194934,51.579187200172015,2.2457096617334305,38.04019637442036,25.161290322580644,3968,128,31,117.1875,148.4375,15,59.87525987525987,0.18618679521166792,0.8138132047883321,10.0,15.631307217441506,0.0016160744666655264,1.9645010660179782,1.3217558399823195,Isolated Ventricular Beat/True/data20240102_aligned_C-001_1701976771670-1701977368670_duration=1s_pos=53271-53335_src=ishne.json
43.43922900549788,518.5122390491805,59.221251101297234,19.239254674459083,11.936497009352033,3.483870967741935,3968,128,46,93.75,156.25,20,88.1183069862315,0.15279097224506433,0.8472090277549357,0.0,16.839772532937477,0.002793887912641596,2.396610677761084,0.2794126809692743,Isolated Ventricular Beat/True/ReNew20230809_Patient_P001-006_P-004_04-10-2023_P-004_04-10-2023.linejson_duration=1s_pos=5999845-5999909_src=ishne.json
11.20038969598298,405.7476600859371,49.97275231923897,2.987641622512194,36.226205951142276,14.193548387096774,3968,128,40,85.9375,140.625,7,75.98173515981735,0.20732582707614045,0.7926741729238596,7.6923076923076925,16.672983925744877,0.001821684916201938,5.206042588365273,0.342202911330198,Isolated Ventricular Beat/True/ReNew20230809_Patient_P001-006_P-002_04-06-2023_P-002_04-06-2023.linejson_duration=1s_pos=9234300-9234364_src=ishne.json
12.394912628419414,411.63739892212936,50.873181178075505,3.332933333872523,33.21018695752065,17.419354838709676,3968,128,5,93.75,140.625,1,9.675590551181102,0.9839827285291687,0.016017271470831318,50.0,51.45140946219325,0.0009466935816156801,0.5139676692753969,,Isolated Ventricular Beat/True/data20240102_aligned_C-001_1701991774670-1701992377670_duration=1s_pos=30568-30632_src=ishne.json
23.329855372027385,405.21674771163964,55.41050710835591,10.406001488305172,17.369020248127054,1.6,3200,128,22,82.03125,125.0,4,52.74035317200784,0.7477509483185892,0.25224905168141076,9.523809523809524,8.43406696492776,0.0006013862623342922,0.4346505955129538,0.8109302162163288,Isolated Ventricular Beat/True/data20240102_aligned_C-002_1700060962660-1700062610660_duration=1s_pos=1169-1233_src=ishne.json
4.316465875428113,397.12821157867285,22.41784985717915,2.1459370649686837,92.00307173428386,24.387096774193548,3968,128,41,93.75,164.0625,12,79.93754879000781,0.1570686816251682,0.8429313183748318,0.0,23.685775862160952,0.0016489389452034996,2.526976932342074,0.15632105506880808,Isolated Ventricular Beat/True/ReNew20230809_Patient_P001-006_P-003_04-10-2023_P-003_04-10-2023.linejson_duration=1s_pos=9284041-9284105_src=ishne.json
7.134791033929299,403.0090167104249,23.40626046906953,3.2014326757208167,56.485040460034014,19.870967741935484,3968,128,37,85.9375,148.4375,8,72.11267605633803,0.07810628928608941,0.9218937107139106,2.7777777777777777,19.938386399449882,0.0006500787940264649,1.9980492833850896,0.916290731874155,Isolated Ventricular Beat/True/ReNew20230809_Patient_P001-006_P-005_04-10-2023_P-005_04-10-2023.linejson_duration=1s_pos=3529881-3529945_src=ishne.json
5.026715779472184,409.7392353801971,22.97869605284321,2.6394727436718224,81.51229785880648,22.322580645161292,3968,128,38,97.65625,164.0625,17,73.78862633082316,0.24996876954441985,0.7500312304555802,0.0,20.356119423126717,0.004115199078726952,2.075243641541444,0.32423966818557853,Isolated Ventricular Beat/True/ReNew20230809_Patient_P001-006_P-004_04-10-2023_P-004_04-10-2023.linejson_duration=1s_pos=5194004-5194068_src=ishne.json
2.847414918064062,408.35231421296805,23.01202029202853,1.0963068034846035,143.4115443488157,45.54838709677419,3968,128,33,78.125,132.8125,12,63.53671147880041,0.16942950874074805,0.830570491259252,9.375,17.325101810553452,0.000558297866377525,4.618910478043653,1.1727202608218315,Isolated Ventricular Beat/True/ReNew20230809_Patient_P001-006_P-006_04-10-2023_P-006_04-10-2023.linejson_duration=1s_pos=10827412-10827476_src=ishne.json
9.930750449584139,412.0311954921939,25.52182404641332,3.791460448461459,41.49043479579264,17.032258064516128,3968,128,39,93.75,164.0625,18,75.23588553750967,0.1695641428359216,0.8304358571640784,0.0,20.624006075246758,0.003573193204427112,2.3979398827486667,0.4418327522790392,Isolated Ventricular Beat/True/ReNew20230809_Patient_P001-006_P-004_04-10-2023_P-004_04-10-2023.linejson_duration=1s_pos=5485634-5485698_src=ishne.json
11.39546728281634,399.53512311143135,49.51548125312838,2.932697329579237,35.06087799076284,16.7741935483871,3968,128,40,85.9375,140.625,7,79.19619249074564,0.08670160607716036,0.9132983939228396,2.5641025641025643,16.059233526710155,0.0018906923221239844,6.487991855445361,0.9444616088408514,Isolated Ventricular Beat/True/ReNew20230809_Patient_P001-006_P-002_04-06-2023_P-002_04-06-2023.linejson_duration=1s_pos=6166540-6166604_src=ishne.json
10.76026927879558,407.6184789738768,23.38433810201566,6.812863244231915,37.881806721633986,9.032258064516128,3968,128,45,132.8125,171.875,25,88.69291338582677,0.23719077475709727,0.7628092252429027,0.0,14.77850884866416,0.0023394591328705088,1.68488590542602,0.1604334230067536,Isolated Ventricular Beat/True/ReNew20230809_Patient_P001-006_P-004_04-10-2023_P-004_04-10-2023.linejson_duration=1s_pos=7550224-7550288_src=ishne.json
26.436336149769048,395.5825984041674,50.48570702255488,15.375229450647288,14.96359333606181,3.225806451612903,3968,128,8,82.03125,148.4375,1,16.345393736698085,0.9504267602609456,0.049573239739054364,42.857142857142854,8.037126473220397,0.03936976269057248,0.5906099774137918,,Isolated Ventricular Beat/True/data20240102_aligned_C-001_1701981575670-1701982170670_duration=1s_pos=14527-14591_src=ishne.json
9.976600151552253,405.3278569873908,50.448174722271666,1.8621132612128832,40.62785018967368,27.09677419354839,3968,128,29,125.0,140.625,16,56.204913748039736,0.1230392944095312,0.8769607055904688,14.285714285714286,7.416949471658883,0.0006406145048855876,1.2027177187862086,,Isolated Ventricular Beat/True/data20240102_aligned_C-001_1701958174670-1701958766670_duration=1s_pos=49436-49500_src=ishne.json
74.53875498191084,403.84345564770376,80.53145107632818,40.694579306019385,5.4178990557034385,1.935483870967742,3968,128,51,78.125,132.8125,4,98.7146529562982,0.23469465596472858,0.7653053440352714,4.0,8.665176564396663,0.0015896861787967752,3.1396819563598988,0.38707627193495087,Isolated Ventricular Beat/True/ReNew20230809_Patient_P001-006_P-002_04-06-2023_P-002_04-06-2023.linejson_duration=1s_pos=1087716-1087780_src=ishne.json
3.0263850920209006,400.55660460927567,22.632888339371124,1.1652251902944943,132.35475991161454,43.225806451612904,3968,128,33,125.0,140.625,18,62.59806418746816,0.1472853193588293,0.8527146806411707,6.25,18.455314204093547,0.0003785126546181143,4.424328124952318,0.9555114450274363,Isolated Ventricular Beat/True/ReNew20230809_Patient_P001-006_P-006_04-10-2023_P-006_04-10-2023.linejson_duration=1s_pos=11050985-11051049_src=ishne.json
15.94012267866527,419.87599657507025,25.343141290289626,10.970199220558086,26.340824264559792,3.870967741935484,3968,128,43,93.75,164.0625,19,83.62976406533576,0.206348860479857,0.793651139520143,0.0,19.772953973480615,0.003626162925428188,2.720347878025224,0.2934600497316695,Isolated Ventricular Beat/True/ReNew20230809_Patient_P001-006_P-004_04-10-2023_P-004_04-10-2023.linejson_duration=1s_pos=6280494-6280558_src=ishne.json
23.618290110140215,512.1355032432144,54.97504929213116,10.72972359413793,21.683850912623203,1.935483870967742,3968,128,46,78.125,132.8125,5,89.88296488946685,0.20564098113412924,0.7943590188658708,2.2222222222222223,12.759280807550665,0.006417259325105489,5.372537093158854,0.4291816347254805,Isolated Ventricular Beat/True/ReNew20230809_Patient_P001-006_P-002_04-06-2023_P-002_04-06-2023.linejson_duration=1s_pos=4052441-4052505_src=ishne.json
14.574703740408744,416.5277857807178,50.458041436232726,5.894692182399464,28.57881467923558,10.32258064516129,3968,128,47,78.125,117.1875,0,90.9577754891864,0.06770537554631796,0.932294624453682,2.1739130434782608,10.285188287266417,0.0016031308262744912,7.4471953387745735,0.9082585601768909,Isolated Ventricular Beat/True/ReNew20230809_Patient_P001-006_P-002_04-06-2023_P-002_04-06-2023.linejson_duration=1s_pos=5502315-5502379_src=ishne.json
3.9537827875074587,404.9715628241963,22.72781685863774,1.8716624119279324,102.42632996365695,30.709677419354836,3968,128,40,93.75,164.0625,17,76.97764070932922,0.15482014373164504,0.845179856268355,0.0,19.245655038959963,0.04042167556556776,1.9467349129672988,0.4893194185450271,Isolated Ventricular Beat/True/ReNew20230809_Patient_P001-006_P-004_04-10-2023_P-004_04-10-2023.linejson_duration=1s_pos=5052614-5052678_src=ishne.json
3.9388283612681216,414.61583091268574,23.511257146121515,1.7353094256371548,105.26371997470805,32.0,3968,128,36,78.125,132.8125,14,69.45736434108528,0.12391521295830343,0.8760847870416966,5.714285714285714,12.53592060447598,0.00029414729504001035,3.2498058453063914,1.1786549963416462,Isolated Ventricular Beat/True/ReNew20230809_Patient_P001-006_P-006_04-10-2023_P-006_04-10-2023.linejson_duration=1s_pos=8289938-8290002_src=ishne.json
3.7600367690370775,417.12738958158104,23.51187157961958,1.6485330842375134,110.93702116944553,30.58064516129032,3968,128,35,125.0,140.625,19,67.87626722121134,0.09946439226378405,0.900535607736216,2.9411764705882355,15.943369751066154,0.00027443275699788085,3.72575369053351,0.5596157879354228,Isolated Ventricular Beat/True/ReNew20230809_Patient_P001-006_P-006_04-10-2023_P-006_04-10-2023.linejson_duration=1s_pos=8248579-8248643_src=ishne.json
19.961044330959727,408.5787307380313,51.07447434913968,7.045542603637767,20.468804311782346,8.38709677419355,3968,128,51,78.125,132.8125,2,98.68928296067848,0.12887865544977536,0.8711213445502246,0.0,10.831650625185226,0.005272900237042855,7.389646841049887,0.3822082459438971,Isolated Ventricular Beat/True/ReNew20230809_Patient_P001-006_P-002_04-06-2023_P-002_04-06-2023.linejson_duration=1s_pos=2799769-2799833_src=ishne.json
15.554436655061405,409.4308169982537,50.90066463119532,4.3463569863460005,26.322444184603818,18.064516129032256,3968,128,43,78.125,125.0,4,84.2853409981709,0.1722839616569566,0.8277160383430434,0.0,12.77619536557833,0.0012784710628308575,8.620613432652362,0.30186670744373734,Isolated Ventricular Beat/True/ReNew20230809_Patient_P001-006_P-002_04-06-2023_P-002_04-06-2023.linejson_duration=1s_pos=3919261-3919325_src=ishne.json
11.846364885306166,397.4555031479509,49.36089031359625,3.66484159583913,33.55083803725338,10.32258064516129,3968,128,38,85.9375,132.8125,4,73.9614783966684,0.18974331783796475,0.8102566821620353,2.7027027027027026,17.2852547188936,0.000750379825713959,7.205800924756743,0.7537718023763802,Isolated Ventricular Beat/True/ReNew20230809_Patient_P001-006_P-002_04-06-2023_P-002_04-06-2023.linejson_duration=1s_pos=6190580-6190644_src=ishne.json
12.701918861842728,484.97132648060517,53.85801235483057,2.828500155270808,38.1809467982463,21.935483870967744,3968,128,44,78.125,132.8125,3,85.13534416086621,0.2781426130251228,0.7218573869748772,0.0,11.399976280027209,0.0035007131270209024,5.6756921574908175,0.3556694134367137,Isolated Ventricular Beat/True/ReNew20230809_Patient_P001-006_P-002_04-06-2023_P-002_04-06-2023.linejson_duration=1s_pos=5847024-5847088_src=ishne.json
5.589923925770202,397.1842697625764,22.631901316416965,2.3980577545096304,71.05359643230821,22.838709677419356,3968,128,34,89.84375,179.6875,11,64.86818530842078,0.09781676969218435,0.9021832303078157,3.0303030303030303,20.422088611735848,0.0010803220498204224,1.4891131421031227,0.4560173872709956,Isolated Ventricular Beat/True/ReNew20230809_Patient_P001-006_P-005_04-10-2023_P-005_04-10-2023.linejson_duration=1s_pos=3675956-3676020_src=ishne.json
3.876787768784754,406.9816799396807,22.7052173493522,1.9399713095635818,104.97907010478059,27.612903225806452,3968,128,37,93.75,156.25,9,71.90637191157347,0.1548849245240118,0.8451150754759882,0.0,24.0014244118803,0.002534424621118524,2.5577662299339776,0.2591087000077249,Isolated Ventricular Beat/True/ReNew20230809_Patient_P001-006_P-004_04-10-2023_P-004_04-10-2023.linejson_duration=1s_pos=8716134-8716198_src=ishne.json
3.716708279428087,390.05750004937966,22.020858860832682,1.7011878077274334,104.94700304065756,30.451612903225804,3968,128,27,93.75,156.25,9,53.98215733982157,0.15111321944153425,0.8488867805584658,7.6923076923076925,22.094630778414288,0.0010781259756442196,1.5928480767124118,0.7884573603642702,Isolated Ventricular Beat/True/ReNew20230809_Patient_P001-006_P-005_04-10-2023_P-005_04-10-2023.linejson_duration=1s_pos=1688191-1688255_src=ishne.json
3.21048019242042,408.3036850871059,23.021559094834362,1.34302487147675,127.17834511881406,37.93548387096774,3968,128,34,78.125,132.8125,6,66.29348679047868,0.10737505188412781,0.8926249481158722,3.0303030303030303,10.883589949807934,0.0002290593443841935,2.9533065597262347,0.6549259677397476,Isolated Ventricular Beat/True/ReNew20230809_Patient_P001-006_P-006_04-10-2023_P-006_04-10-2023.linejson_duration=1s_pos=6663300-6663364_src=ishne.json
13.1094468444628,418.3708434211809,51.80609337091096,3.8095360065470985,31.91368914884492,15.483870967741936,3968,128,18,101.5625,156.25,6,39.81701738334858,0.7346626093927718,0.26533739060722816,35.294117647058826,10.620589879710288,0.019939977817532106,0.2697004595054656,1.0986122886681098,Isolated Ventricular Beat/True/data20240102_aligned_C-001_1701962168670-1701962962670_duration=1s_pos=51277-51341_src=ishne.json
5.0781317533819745,406.57334138513045,23.455949343277855,2.0059730726671443,80.06355113783852,26.838709677419352,3968,128,38,101.5625,156.25,17,73.44533471181184,0.20256775626040582,0.7974322437395942,0.0,15.612559938486331,0.0007850517967882083,1.5116832859531055,0.4301577206985359,Isolated Ventricular Beat/True/ReNew20230809_Patient_P001-006_P-004_04-10-2023_P-004_04-10-2023.linejson_duration=1s_pos=5125900-5125964_src=ishne.json
3.000053248553811,407.28005934698655,22.971223624369884,1.2075239054134546,135.75756489847396,42.83870967741936,3968,128,35,85.9375,140.625,14,67.91157347204161,0.09403214360320837,0.9059678563967917,2.9411764705882355,16.487484145480277,0.000262216860201269,3.8484900514922074,1.0159205728229963,Isolated Ventricular Beat/True/ReNew20230809_Patient_P001-006_P-006_04-10-2023_P-006_04-10-2023.linejson_duration=1s_pos=9456575-9456639_src=ishne.json
5.105848876613945,405.92931192307094,23.73401135023498,2.2049499770313563,79.50279027637055,25.161290322580644,3968,128,36,128.90625,156.25,19,70.05473025801408,0.14493533859425994,0.85506466140574,8.571428571428571,17.298798013455617,0.002100340117000688,1.440790800837586,0.49414593456733524,Isolated Ventricular Beat/True/ReNew20230809_Patient_P001-006_P-004_04-10-2023_P-004_04-10-2023.linejson_duration=1s_pos=4473462-4473526_src=ishne.json
2.9817966759168257,392.8237705275136,22.05416156264556,1.235101984145337,131.7405851175769,41.03225806451613,3968,128,27,85.9375,148.4375,8,51.67701863354037,0.10617959486598351,0.8938204051340165,3.8461538461538463,24.7071975690639,0.0011362249321303917,2.6077124029550003,0.2659635484971379,Isolated Ventricular Beat/True/ReNew20230809_Patient_P001-006_P-005_04-10-2023_P-005_04-10-2023.linejson_duration=1s_pos=6219663-6219727_src=ishne.json
12.250585172059107,403.7233996129247,49.15406526048382,3.4176246686505873,32.95543527000602,18.70967741935484,3968,128,41,78.125,132.8125,5,78.66837387964148,0.2509465882473316,0.7490534117526684,2.5,13.190903967465754,0.0010969583564145516,7.1603592436207295,0.3431118773911117,Isolated Ventricular Beat/True/ReNew20230809_Patient_P001-006_P-002_04-06-2023_P-002_04-06-2023.linejson_duration=1s_pos=4562862-4562926_src=ishne.json
38.90883024934188,403.63125657806097,57.1005326313195,19.467412703818574,10.373769748863586,2.5806451612903225,3968,128,57,78.125,132.8125,5,111.53526970954357,0.07989572412420712,0.9201042758757929,1.7857142857142858,7.445366168894735,0.007813305743097911,3.687478901913862,0.46818158197579074,Isolated Ventricular Beat/True/ReNew20230809_Patient_P001-006_P-002_04-06-2023_P-002_04-06-2023.linejson_duration=1s_pos=8681088-8681152_src=ishne.json
4.131374009709786,403.3684913629758,22.70884615278825,1.980287374922396,97.63540961906311,28.64516129032258,3968,128,38,93.75,156.25,11,73.21824272094821,0.1582259505271596,0.8417740494728404,0.0,24.558054008640024,0.0006310923021825881,2.703176569390663,0.24761507985489484,Isolated Ventricular Beat/True/ReNew20230809_Patient_P001-006_P-004_04-10-2023_P-004_04-10-2023.linejson_duration=1s_pos=5371090-5371154_src=ishne.json
11.518097896106031,407.380712597485,50.55750865425714,3.4088568485717285,35.36874585572536,15.483870967741936,3968,128,43,78.125,125.0,3,82.43291592128801,0.20366529043503387,0.7963347095649661,4.761904761904762,12.59074377472757,0.0016263409917120332,7.763208658881687,0.3077711369485632,Isolated Ventricular Beat/True/ReNew20230809_Patient_P001-006_P-002_04-06-2023_P-002_04-06-2023.linejson_duration=1s_pos=2496648-2496712_src=ishne.json
14.422846300034907,408.37297510419035,24.627921463004654,9.778561319927492,28.31431038607765,4.774193548387097,3968,128,45,109.375,179.6875,22,85.78827113480578,0.1585904854239673,0.8414095145760327,0.0,19.49714884261748,0.002094676183442498,2.4475188832881765,0.2674793651342615,Isolated Ventricular Beat/True/ReNew20230809_Patient_P001-006_P-004_04-10-2023_P-004_04-10-2023.linejson_duration=1s_pos=6428210-6428274_src=ishne.json
3.164159873326822,402.4706124049261,22.63652904804974,1.2604207147428603,127.19663396310362,40.12903225806452,3968,128,36,85.9375,140.625,13,69.27835051546391,0.14207554585164384,0.8579244541483562,5.714285714285714,10.966722321767204,0.001349933533992525,2.929042350423511,0.6659961914939944,Isolated Ventricular Beat/True/ReNew20230809_Patient_P001-006_P-006_04-10-2023_P-006_04-10-2023.linejson_duration=1s_pos=7569855-7569919_src=ishne.json
3.8958498920106215,398.81775995596735,22.47874507467653,1.803556455517663,102.36987272121708,29.677419354838708,3968,128,42,93.75,156.25,8,82.51572327044025,0.08128675686382991,0.9187132431361701,2.4390243902439024,23.631829011059864,0.0008857847453274143,2.538267277781009,0.39890770756200533,Isolated Ventricular Beat/True/ReNew20230809_Patient_P001-006_P-003_04-10-2023_P-003_04-10-2023.linejson_duration=1s_pos=9266931-9266995_src=ishne.json
9.717695030786839,404.12571773293683,24.28069651048807,4.445122772154697,41.58657735872964,11.35483870967742,3968,128,40,93.75,156.25,14,77.63608087091758,0.16287808210970556,0.8371219178902944,0.0,19.856723218405527,0.0009980393794502406,1.812645445583691,0.3257674064756558,Isolated Ventricular Beat/True/ReNew20230809_Patient_P001-006_P-004_04-10-2023_P-004_04-10-2023.linejson_duration=1s_pos=6784531-6784595_src=ishne.json
29.14341552597794,399.98408426039435,57.14983223050383,7.787173858692098,13.724680629117572,13.548387096774196,3968,128,14,109.375,179.6875,5,26.412698412698415,1.485707031290518,0.0,30.76923076923077,13.142851764211425,0.0011782760295452194,0.2175575224309969,1.3217558399823195,Isolated Ventricular Beat/True/data20240102_aligned_C-001_1701956368670-1701956899670_duration=1s_pos=65279-65343_src=ishne.json
9.805840504606255,408.733501232722,50.79722802336463,1.8577445749385912,41.682654266920494,29.03225806451613,3968,128,26,101.5625,156.25,12,50.659630606860155,0.17648539850318234,0.8235146014968177,12.0,13.915492147128305,0.0009836643174842767,1.5862988939438536,,Isolated Ventricular Beat/True/data20240102_aligned_C-001_1701950365670-1701950965670_duration=1s_pos=23962-24026_src=ishne.json
12.090441230780382,401.0764692793175,50.08535930021151,2.580499752509624,33.17301895361936,21.29032258064516,3968,128,41,78.125,125.0,6,78.97172236503856,0.26048882637209714,0.7395111736279029,2.5,13.115521857855473,0.0018955622435028244,4.770121187319308,0.34590284695682133,Isolated Ventricular Beat/True/ReNew20230809_Patient_P001-006_P-002_04-06-2023_P-002_04-06-2023.linejson_duration=1s_pos=8046062-8046126_src=ishne.json
8.923351102452743,402.42385422373997,24.393277907760627,4.312627803864544,45.09783426713898,12.129032258064516,3968,128,41,109.375,156.25,19,78.06861499364676,0.06904425937041696,0.9309557406295831,2.5,17.18894290727427,0.0012686159018667584,1.9650130182537922,0.8953840470548413,Isolated Ventricular Beat/True/ReNew20230809_Patient_P001-006_P-004_04-10-2023_P-004_04-10-2023.linejson_duration=1s_pos=7279234-7279298_src=ishne.json
60.77535400056363,482.3640922440155,72.886053963112,34.976489866502924,7.936837098517024,1.6774193548387095,3968,128,41,85.9375,148.4375,12,79.75077881619937,0.08670043056535386,0.9132995694346462,5.0,14.82937091739539,0.01072293908062693,1.768475782971547,0.4165149442947494,Isolated Ventricular Beat/True/ReNew20230809_Patient_P001-006_P-005_04-10-2023_P-005_04-10-2023.linejson_duration=1s_pos=7136525-7136589_src=ishne.json
30.52253051783221,417.1034864206773,51.15442871400651,17.36405504249028,13.66542896931706,1.935483870967742,3968,128,56,78.125,117.1875,0,108.36326321190353,0.1589309162988378,0.8410690837011622,0.0,7.439139559577971,0.0037776981538707533,5.632733905733112,0.18334983451952058,Isolated Ventricular Beat/True/ReNew20230809_Patient_P001-006_P-002_04-06-2023_P-002_04-06-2023.linejson_duration=1s_pos=8671262-8671326_src=ishne.json
5.253270289533612,414.5661717794603,23.146823750398706,2.6679583278745866,78.91581243965524,18.580645161290324,3968,128,38,132.8125,156.25,23,73.27488396080453,0.2519124749378045,0.7480875250621954,0.0,18.82998017495267,0.0010711938694178502,1.901497532204492,0.41709314610328346,Isolated Ventricular Beat/True/ReNew20230809_Patient_P001-006_P-004_04-10-2023_P-004_04-10-2023.linejson_duration=1s_pos=5955760-5955824_src=ishne.json
11.363133801118229,405.4920431164226,25.117678336814357,6.801060244320478,35.68487483546519,7.096774193548387,3968,128,48,121.09375,156.25,24,92.91119691119691,0.14541542722065742,0.8545845727793426,0.0,19.319207910594876,0.0035209031375279176,2.6993180048505807,0.21502442687570553,Isolated Ventricular Beat/True/ReNew20230809_Patient_P001-006_P-004_04-10-2023_P-004_04-10-2023.linejson_duration=1s_pos=6444229-6444293_src=ishne.json
4.125143443822364,394.8755262382705,22.227756877256574,2.2053938466908285,95.72404836141405,24.0,3968,128,42,93.75,171.875,10,81.30131680867545,0.07977266828732808,0.9202273317126719,2.4390243902439024,23.282507886521742,0.0009360634444254514,2.4568995351520546,0.5456944494168147,Isolated Ventricular Beat/True/ReNew20230809_Patient_P001-006_P-003_04-10-2023_P-003_04-10-2023.linejson_duration=1s_pos=5901082-5901146_src=ishne.json
5.852143590496846,411.67755487971147,23.062553996982786,3.194881369710245,70.34644283195335,19.35483870967742,3968,128,45,101.5625,164.0625,22,87.29527253939551,0.20861310519516263,0.7913868948048374,0.0,17.02223495513858,0.0017623128753969932,2.599912542715999,0.27746747904206265,Isolated Ventricular Beat/True/ReNew20230809_Patient_P001-006_P-004_04-10-2023_P-004_04-10-2023.linejson_duration=1s_pos=7052089-7052153_src=ishne.json
4.0411767523501245,401.43058620342265,22.646759123393387,2.068222907810391,99.3350480487954,27.741935483870968,3968,128,35,93.75,156.25,16,68.77008164340268,0.16076557803522773,0.8392344219647723,0.0,23.64842961738287,0.0008954449698906867,2.3755219470606583,0.5065612249795332,Isolated Ventricular Beat/True/ReNew20230809_Patient_P001-006_P-004_04-10-2023_P-004_04-10-2023.linejson_duration=1s_pos=4368332-4368396_src=ishne.json
11.678229683410107,416.8313172497091,51.346691298638085,3.18059189882991,35.69301964910254,20.64516129032258,3968,128,22,78.125,125.0,2,48.69565217391305,0.5440496191499983,0.4559503808500017,14.285714285714286,56.934507814532225,0.0017159463983251627,0.29696101452483187,1.2039728043259361,Isolated Ventricular Beat/True/data20240102_aligned_C-002_1700120386660-1700120994660_duration=1s_pos=16825-16889_src=ishne.json
50.82654270777058,460.7542183501956,71.43335025614061,24.113427241510887,9.065228220107233,3.225806451612903,3968,128,50,78.125,132.8125,7,96.2455242966752,0.20490674470773965,0.7950932552922604,0.0,9.608236918388709,0.004698758472325206,6.651875546923615,0.21917171002123542,Isolated Ventricular Beat/True/ReNew20230809_Patient_P001-006_P-002_04-06-2023_P-002_04-06-2023.linejson_duration=1s_pos=9154074-9154138_src=ishne.json
12.443579413060839,417.1659121312279,50.592339329588846,3.5001840649182547,33.52458844508842,13.548387096774196,3968,128,37,85.9375,132.8125,5,72.09387222946545,0.2562450723458011,0.7437549276541989,5.555555555555555,16.00644189669703,0.0005152397080004157,5.638842200452302,0.8860508466844369,Isolated Ventricular Beat/True/ReNew20230809_Patient_P001-006_P-002_04-06-2023_P-002_04-06-2023.linejson_duration=1s_pos=6216201-6216265_src=ishne.json
2.9178163214060917,409.3809255233245,23.00280731592761,1.183835304080505,140.30382317630648,44.25806451612903,3968,128,32,85.9375,132.8125,14,62.504594381727486,0.14960872455728186,0.8503912754427181,6.451612903225806,17.361866988611215,0.0008284026594335332,4.431633670713682,0.7849547298130681,Isolated Ventricular Beat/True/ReNew20230809_Patient_P001-006_P-006_04-10-2023_P-006_04-10-2023.linejson_duration=1s_pos=10762386-10762450_src=ishne.json
10.741391893954196,397.32906193720316,49.36964943263949,2.374847799012425,36.99045979044676,21.29032258064516,3968,128,45,78.125,125.0,1,86.9583118888317,0.18053114036233028,0.8194688596376697,2.272727272727273,11.228797404151988,0.005664256206453685,9.12921324479464,0.34568358557444995,Isolated Ventricular Beat/True/ReNew20230809_Patient_P001-006_P-002_04-06-2023_P-002_04-06-2023.linejson_duration=1s_pos=3031719-3031783_src=ishne.json
11.00923238559658,400.53102952134645,48.94566846765263,2.7261528038635685,36.381373297559726,18.064516129032256,3968,128,39,85.9375,132.8125,8,73.69696969696969,0.15255618791220169,0.8474438120877983,0.0,16.511851874762353,0.002283105270259026,8.128927759270475,0.34161363612163154,Isolated Ventricular Beat/True/ReNew20230809_Patient_P001-006_P-002_04-06-2023_P-002_04-06-2023.linejson_duration=1s_pos=6255576-6255640_src=ishne.json
3.123954089672833,405.16893802182597,22.90145846729905,1.397834827252531,129.69742726495426,39.09677419354839,3968,128,36,78.125,132.8125,11,69.331957699252,0.11649422055674984,0.8835057794432501,5.714285714285714,11.339838567886284,0.0011031007020987254,3.0862013629859684,0.916290731874155,Isolated Ventricular Beat/True/ReNew20230809_Patient_P001-006_P-006_04-10-2023_P-006_04-10-2023.linejson_duration=1s_pos=8974937-8975001_src=ishne.json
9.219579752292505,398.1752490899064,49.80276080388997,1.4228238434486062,43.187999518405185,39.35483870967742,3968,128,30,78.125,78.125,0,57.714433791137594,0.07415594271892034,0.9258440572810797,3.4482758620689653,3.8108762861694014,0.0006602339747105483,1.000098461509663,0.9808292530117262,Isolated Ventricular Beat/True/data20240102_aligned_C-002_1700115599660-1700116194660_duration=1s_pos=71896-71960_src=ishne.json
11.244235875494722,403.035638044695,49.97358989095182,2.512067118878858,35.843752004465166,17.419354838709676,3968,128,34,85.9375,140.625,8,65.8456742010912,0.30841203559088126,0.6915879644091187,6.0606060606060606,17.22341638965111,0.0002575972659645984,5.9129841006865504,0.608247736773459,Isolated Ventricular Beat/True/ReNew20230809_Patient_P001-006_P-002_04-06-2023_P-002_04-06-2023.linejson_duration=1s_pos=6462018-6462082_src=ishne.json
14.255590917960575,403.11898937781586,50.42236657711357,4.15921624510629,28.27795518402344,16.129032258064516,3968,128,47,78.125,132.8125,1,91.90426638917793,0.06291008949081661,0.9370899105091834,2.1739130434782608,12.761952324614482,0.0004460604016636205,5.900939921598808,0.8266785731844679,Isolated Ventricular Beat/True/ReNew20230809_Patient_P001-006_P-002_04-06-2023_P-002_04-06-2023.linejson_duration=1s_pos=2873436-2873500_src=ishne.json
37.10833853167658,395.7417759069276,47.944831657252294,28.314323535745256,10.66449700798692,3.225806451612903,3968,128,49,70.3125,85.9375,0,95.35437144335229,0.19918705140603926,0.8008129485939608,25.0,12.563214127708433,0.00017055909998121556,1.7157642697836952,0.27958486221916157,Isolated Ventricular Beat/True/data20240102_aligned_R-003_1697646649857-1697647248857_duration=1s_pos=59484-59548_src=ishne.json
11.696898627064893,403.9647945595175,49.9026725206004,2.887497229065228,34.53605719799483,17.419354838709676,3968,128,33,85.9375,140.625,10,64.89569580142593,0.31522577928033146,0.6847742207196685,9.375,16.73939629677241,0.0007572859650019794,5.183494016139573,0.2634948468377771,Isolated Ventricular Beat/True/ReNew20230809_Patient_P001-006_P-002_04-06-2023_P-002_04-06-2023.linejson_duration=1s_pos=6475945-6476009_src=ishne.json
10.221079616834222,390.4982252351186,48.31873237120035,1.8519976564784768,38.20518004641937,30.967741935483872,3968,128,30,93.75,164.0625,7,57.69948186528498,0.11527012770434886,0.8847298722956511,6.896551724137931,13.630532700586443,0.00012281834985774427,1.3927488262320853,0.6085897925318824,Isolated Ventricular Beat/True/data20240102_aligned_C-001_1701947962670-1701948577670_duration=1s_pos=76850-76914_src=ishne.json
11.149231985419373,411.47552243203467,51.03265321285329,2.6801766611028732,36.90617309461107,16.7741935483871,3968,128,39,85.9375,132.8125,10,74.48698315467075,0.17963564957211495,0.820364350427885,2.6315789473684212,12.625599893171412,0.03998204317559736,5.331549321824053,0.9429589789563164,Isolated Ventricular Beat/True/ReNew20230809_Patient_P001-006_P-002_04-06-2023_P-002_04-06-2023.linejson_duration=1s_pos=9510852-9510916_src=ishne.json
17.25328338563116,397.87671960109196,51.743680475576426,4.906922435037542,23.060926297166393,17.77777777777778,3456,128,29,85.9375,140.625,7,65.54099359951233,0.2705618270757503,0.7294381729242496,32.142857142857146,14.401005849139434,0.0005029465995984715,1.4926306814376622,,Isolated Ventricular Beat/True/data20240102_aligned_R-002_1700507415428-1700507526428_duration=1s_pos=1446-1510_src=ishne.json
9.047264391820962,405.4510846106841,23.16773029688615,5.46567098048234,44.81476634666049,9.67741935483871,3968,128,45,85.9375,156.25,19,88.50707176532215,0.14537609849226185,0.8546239015077381,0.0,17.738433981166434,0.0016012441461650605,2.295280679315766,0.18196763713002315,Isolated Ventricular Beat/True/ReNew20230809_Patient_P001-006_P-004_04-10-2023_P-004_04-10-2023.linejson_duration=1s_pos=7562910-7562974_src=ishne.json
8.578061087321352,408.61169307415736,23.596854844036926,4.438487365062915,47.63449936764837,12.645161290322582,3968,128,37,85.9375,148.4375,14,70.80153649167734,0.07869136121139043,0.9213086387886096,2.7777777777777777,18.70030188827193,0.0016273956561033535,1.7941988877090884,0.46134556650262093,Isolated Ventricular Beat/True/ReNew20230809_Patient_P001-006_P-005_04-10-2023_P-005_04-10-2023.linejson_duration=1s_pos=3687497-3687561_src=ishne.json
24.803430737736015,404.8574950107089,29.66206205092207,18.353796405724545,16.32264032217596,3.354838709677419,3968,128,32,97.65625,171.875,14,62.161879895561356,0.6295812876890072,0.37041871231099277,0.0,24.540117351769585,0.002656009132908232,0.6366021766692592,1.1118575154181303,Isolated Ventricular Beat/True/ReNew20230809_Patient_P001-006_P-004_04-10-2023_P-004_04-10-2023.linejson_duration=1s_pos=9823672-9823736_src=ishne.json
8.776995280388485,394.997738779172,49.336747646177635,1.0105464769116779,45.00374913702125,49.67741935483871,3968,128,32,78.125,85.9375,0,61.44,0.14695182445152968,0.8530481755484703,6.451612903225806,5.829682688583871,0.0010011288886394652,1.3840922509790905,1.2656663733312759,Isolated Ventricular Beat/True/data20240102_aligned_C-002_1700045380660-1700045967660_duration=1s_pos=71817-71881_src=ishne.json
14.686990144268648,415.8908528965193,50.860072140412065,5.420727084360033,28.3169540181015,9.67741935483871,3968,128,43,78.125,132.8125,6,83.73831775700936,0.22408984126698778,0.7759101587330122,2.380952380952381,12.443128978178763,0.0009219290220027092,4.091898171158531,0.2529965144638909,Isolated Ventricular Beat/True/ReNew20230809_Patient_P001-006_P-002_04-06-2023_P-002_04-06-2023.linejson_duration=1s_pos=8409228-8409292_src=ishne.json
3.4468363853032273,400.97915875305335,22.719207573887438,1.4464408680527896,116.33248509568958,38.193548387096776,3968,128,36,78.125,132.8125,15,69.70954356846474,0.11910954435178962,0.8808904556482103,5.714285714285714,10.111207033369647,0.00030850232986474586,2.6450446498391846,1.276293465905562,Isolated Ventricular Beat/True/ReNew20230809_Patient_P001-006_P-006_04-10-2023_P-006_04-10-2023.linejson_duration=1s_pos=7399304-7399368_src=ishne.json
38.45434180963173,439.02679584828485,53.35181385866498,28.946454682444276,11.41683263244642,3.225806451612903,3968,128,34,54.6875,78.125,0,66.01719197707736,0.3126063635075906,0.6873936364924094,6.0606060606060606,18.56384769331809,0.0008497835570282204,1.5398061153678948,0.6257058997644128,Isolated Ventricular Beat/True/data20240102_aligned_R-003_1697646649857-1697647248857_duration=1s_pos=31279-31343_src=ishne.json
15.157564884114887,409.370172953499,50.03545919108391,5.92828235381182,27.007645956038264,11.612903225806452,3968,128,35,85.9375,140.625,5,67.0397946084724,0.6832918132462964,0.3167081867537036,2.9411764705882355,13.709182780904136,0.0005787691713138283,4.174648818850678,0.4301024124935496,Isolated Ventricular Beat/True/ReNew20230809_Patient_P001-006_P-002_04-06-2023_P-002_04-06-2023.linejson_duration=1s_pos=6094060-6094124_src=ishne.json
27.47245516026571,437.5541432971337,43.61388902415371,14.486659408064817,15.927012158817536,6.580645161290323,3968,128,48,89.84375,171.875,14,93.8045738045738,0.23207020763823344,0.7679297923617665,4.25531914893617,8.42492694790198,0.02997864690728518,1.0032395692310307,0.1219410458050472,Isolated Ventricular Beat/True/ReNew20230809_Patient_P001-006_P-004_04-10-2023_P-004_04-10-2023.linejson_duration=1s_pos=6962840-6962904_src=ishne.json
22.394540037931225,452.433436526549,34.701241277679,12.571671138643769,20.2028447807986,4.258064516129032,3968,128,50,101.5625,164.0625,23,95.3432987078794,0.1858379924579678,0.8141620075420322,0.0,8.572220141859663,0.0034373114100438775,0.7498806128209242,0.18069686106695274,Isolated Ventricular Beat/True/ReNew20230809_Patient_P001-006_P-004_04-10-2023_P-004_04-10-2023.linejson_duration=1s_pos=10220207-10220271_src=ishne.json
42.59837245504824,615.9454012550488,66.10710025700072,19.264540071255333,14.45936432068287,4.0,3968,128,42,85.9375,140.625,15,81.46959896507116,0.3024184464201443,0.6975815535798557,2.4390243902439024,12.351819319991728,0.0034521332004867284,1.5607848545663998,0.2231435513142097,Isolated Ventricular Beat/True/ReNew20230809_Patient_P001-006_P-005_04-10-2023_P-005_04-10-2023.linejson_duration=1s_pos=7102054-7102118_src=ishne.json
6.828644424424318,401.68743409994346,22.7935806503862,3.746286883524297,58.82388220996367,14.451612903225808,3968,128,39,101.5625,164.0625,18,76.09908735332465,0.3545303376891206,0.6454696623108793,0.0,18.74081029840628,0.0012213333728613497,2.1717849247404906,0.22419012388488074,Isolated Ventricular Beat/True/ReNew20230809_Patient_P001-006_P-004_04-10-2023_P-004_04-10-2023.linejson_duration=1s_pos=5042864-5042928_src=ishne.json
9.673524121702421,392.1192240478112,48.96595717288972,1.818162412103641,40.53529805469747,24.516129032258064,3968,128,26,97.65625,164.0625,3,49.37001799948573,0.1837311944352694,0.8162688055647306,20.0,13.561318512517893,0.00026022355567032786,1.399551363659804,0.8472978603872037,Isolated Ventricular Beat/True/data20240102_aligned_C-001_1701943779670-1701944383670_duration=1s_pos=54044-54108_src=ishne.json
41.038510320056204,429.09205573933764,66.27065691602897,20.456010838994622,10.455838721655413,4.516129032258064,3968,128,49,78.125,125.0,1,94.11284146030124,0.1312395126282612,0.8687604873717388,0.0,10.200712727439639,0.0011511980279079446,8.66651612497778,0.40546510810816444,Isolated Ventricular Beat/True/ReNew20230809_Patient_P001-006_P-002_04-06-2023_P-002_04-06-2023.linejson_duration=1s_pos=5318415-5318479_src=ishne.json
17.05403605103989,402.8337589893329,51.83571602558303,3.911812067131537,23.62102051166645,18.064516129032256,3968,128,28,85.9375,140.625,7,58.67572156196944,0.49877126556929086,0.5012287344307091,11.11111111111111,18.351966789053076,0.0011564156217213225,4.83306510018514,0.25131442828090605,Isolated Ventricular Beat/True/ReNew20230809_Patient_P001-006_P-002_04-06-2023_P-002_04-06-2023.linejson_duration=1s_pos=497924-497988_src=ishne.json
19.445018936554945,402.55814310688197,48.391333825974016,5.789985634849892,20.702377494101082,12.903225806451612,3968,128,48,78.125,140.625,3,92.19923371647509,0.23371996452076588,0.7662800354792341,14.893617021276595,10.76101720471977,0.0004767587786760443,8.127484966211897,0.24201203561859258,Isolated Ventricular Beat/True/ReNew20230809_Patient_P001-006_P-002_04-06-2023_P-002_04-06-2023.linejson_duration=1s_pos=3050837-3050901_src=ishne.json
6.304522809966684,400.4858435827828,22.878159836976486,2.970308960511092,63.52356746589861,21.548387096774192,3968,128,36,85.9375,140.625,7,69.70954356846474,0.11775800925611486,0.8822419907438851,5.714285714285714,22.416446826345478,0.005464774122858311,1.5711640407819139,0.3340061441260195,Isolated Ventricular Beat/True/ReNew20230809_Patient_P001-006_P-005_04-10-2023_P-005_04-10-2023.linejson_duration=1s_pos=3381476-3381540_src=ishne.json
12.64999774132102,408.8348140431184,50.269756262716136,3.8242407265693945,32.318960847613845,13.548387096774196,3968,128,42,78.125,132.8125,3,80.71776467572417,0.22892240845950632,0.7710775915404937,0.0,12.287912422588768,0.002560949438944817,8.869477745868833,0.32673979970298184,Isolated Ventricular Beat/True/ReNew20230809_Patient_P001-006_P-002_04-06-2023_P-002_04-06-2023.linejson_duration=1s_pos=3890284-3890348_src=ishne.json
30.96233522548474,422.2049872527633,60.91955154432618,11.99023064976834,13.636083019641498,5.161290322580645,3968,128,9,117.1875,156.25,3,18.846625766871167,0.6061610485930411,0.3938389514069589,50.0,28.33154146075209,0.006051647462914387,0.36812279439687107,,Isolated Ventricular Beat/True/data20240102_aligned_C-001_1701961172670-1701961774670_duration=1s_pos=69362-69426_src=ishne.json
13.492066931653008,548.1740448540786,29.26420667131382,7.289977765688738,40.62935701413401,7.741935483870968,3968,128,47,101.5625,164.0625,23,91.16903225806452,0.20246094676123352,0.7975390532387665,0.0,17.090064863204766,0.001516053922377465,2.201323918778958,0.21532968448055329,Isolated Ventricular Beat/True/ReNew20230809_Patient_P001-006_P-004_04-10-2023_P-004_04-10-2023.linejson_duration=1s_pos=9734074-9734138_src=ishne.json
3.7509163327104713,405.5077876985489,22.930496991996762,1.4980085158202705,108.10896421583428,33.16129032258065,3968,128,32,125.0,132.8125,18,62.14565387627252,0.25363907831013544,0.7463609216898646,6.451612903225806,18.711463047351383,0.0012032779950146115,3.5200910919741757,0.3775563199910879,Isolated Ventricular Beat/True/ReNew20230809_Patient_P001-006_P-006_04-10-2023_P-006_04-10-2023.linejson_duration=1s_pos=10302892-10302956_src=ishne.json
14.661320865753611,412.9458975706416,50.548832790678375,5.578450035381266,28.16566618970517,11.612903225806452,3968,128,54,78.125,132.8125,5,103.2834306013702,0.2248687263660609,0.7751312736339391,0.0,8.217554985012956,0.01111482540070805,4.563878362333402,0.23547699318227985,Isolated Ventricular Beat/True/ReNew20230809_Patient_P001-006_P-002_04-06-2023_P-002_04-06-2023.linejson_duration=1s_pos=9143558-9143622_src=ishne.json
37.042599735183984,451.5894265046916,51.41512639136015,28.295349237523524,12.191083172941491,2.5806451612903225,3968,128,34,54.6875,93.75,0,64.43935926773456,0.332206464145966,0.667793535854034,9.090909090909092,17.027945103951964,0.01572324107643741,1.6890715619348518,0.33314444652853825,Isolated Ventricular Beat/True/data20240102_aligned_R-003_1697646649857-1697647248857_duration=1s_pos=40512-40576_src=ishne.json
4.764981506787553,401.3006385972162,24.589592495440847,1.5737280088268246,84.21870133323203,30.967741935483872,3968,128,36,78.125,132.8125,7,70.31127386868951,0.1000043480797945,0.8999956519202055,2.857142857142857,15.29165452572369,0.0007474816414446297,3.6702126572815565,1.0826119473216687,Isolated Ventricular Beat/True/ReNew20230809_Patient_P001-006_P-006_04-10-2023_P-006_04-10-2023.linejson_duration=1s_pos=9561034-9561098_src=ishne.json
6.59124017470954,399.8439174797874,24.194083776008398,2.3944926200041294,60.662917177720715,22.451612903225808,3968,128,38,113.28125,164.0625,19,73.50232798758407,0.156971685366993,0.843028314633007,0.0,13.683803559892986,0.0029113815527808513,1.2883508963126082,0.30814790304407197,Isolated Ventricular Beat/True/ReNew20230809_Patient_P001-006_P-004_04-10-2023_P-004_04-10-2023.linejson_duration=1s_pos=5403762-5403826_src=ishne.json
24.540018250432137,468.85300003172705,53.01429810253413,12.904453912898406,19.105649235522534,3.225806451612903,3968,128,49,78.125,125.0,2,96.67977970102282,0.15545467662950455,0.8445453233704955,4.166666666666667,10.04495768006114,0.007017823155777989,4.057040669176065,0.44920965707102145,Isolated Ventricular Beat/True/ReNew20230809_Patient_P001-006_P-002_04-06-2023_P-002_04-06-2023.linejson_duration=1s_pos=5660303-5660367_src=ishne.json
5.02934758242741,405.58847954041465,23.014976441619936,2.1830050411325574,80.64433651657086,22.967741935483872,3968,128,35,85.9375,148.4375,5,67.8057647364321,0.16323674092476265,0.8367632590752374,8.823529411764707,25.842758688747807,0.0013216933008931796,1.9326550871251587,0.42092136634485616,Isolated Ventricular Beat/True/ReNew20230809_Patient_P001-006_P-005_04-10-2023_P-005_04-10-2023.linejson_duration=1s_pos=9529868-9529932_src=ishne.json
5.347435131040751,396.3083368605365,23.724103304549722,1.8130302612693328,74.11184110457145,27.35483870967742,3968,128,3,117.1875,179.6875,1,,,,,33.74828866707669,0.00445301206080057,0.1715476512779996,,Isolated Ventricular Beat/True/ReNew20230809_Patient_P001-006_P-004_04-10-2023_P-004_04-10-2023.linejson_duration=1s_pos=2428318-2428382_src=ishne.json
13.283327008586287,406.2265222214346,50.71021015711332,2.9555923140445195,30.581682689673215,18.064516129032256,3968,128,40,78.125,125.0,3,79.23809523809524,0.16834379153708373,0.8316562084629162,0.0,13.947165080082069,0.0017612193883611575,8.04341338450998,0.5129510230783042,Isolated Ventricular Beat/True/ReNew20230809_Patient_P001-006_P-002_04-06-2023_P-002_04-06-2023.linejson_duration=1s_pos=3839124-3839188_src=ishne.json
14.976105907575361,410.9626674257589,50.86984195618956,4.2189292020986535,27.44122153788057,14.838709677419354,3968,128,46,78.125,125.0,1,88.66085171883017,0.16415388973100925,0.8358461102689907,0.0,11.666461802813213,0.0007150697255708839,11.627703537516783,0.4408670351590804,Isolated Ventricular Beat/True/ReNew20230809_Patient_P001-006_P-002_04-06-2023_P-002_04-06-2023.linejson_duration=1s_pos=1473541-1473605_src=ishne.json
13.707246225812266,402.9010052551345,49.711645069948204,5.460323051617921,29.393283612513187,11.612903225806452,3968,128,45,85.9375,132.8125,3,86.11620795107034,0.23371109327208195,0.766288906727918,2.272727272727273,12.420766876845112,0.001453067073160946,4.0425114739901735,0.24929218290013833,Isolated Ventricular Beat/True/ReNew20230809_Patient_P001-006_P-002_04-06-2023_P-002_04-06-2023.linejson_duration=1s_pos=7397837-7397901_src=ishne.json
60.91737142167551,624.7590230481361,84.09337156191303,36.508888811667696,10.25584325475331,1.935483870967742,3968,128,51,78.125,132.8125,5,98.81626351003602,0.26048050623034774,0.7395194937696523,0.0,8.744776152080735,0.0025634977907969063,4.497258509561257,0.3471961999841886,Isolated Ventricular Beat/True/ReNew20230809_Patient_P001-006_P-002_04-06-2023_P-002_04-06-2023.linejson_duration=1s_pos=5925377-5925441_src=ishne.json
3.2832372248565016,404.19878947530077,22.799416645583676,1.4544931648807768,123.10979642452439,36.516129032258064,3968,128,34,85.9375,132.8125,11,66.46734854445319,0.09712643172820642,0.9028735682717935,3.0303030303030303,12.033284655710268,0.0014319058110015119,2.8597414097411744,2.0794415416798357,Isolated Ventricular Beat/True/ReNew20230809_Patient_P001-006_P-006_04-10-2023_P-006_04-10-2023.linejson_duration=1s_pos=9116965-9117029_src=ishne.json
12.378044061710273,407.7601762999138,50.27169471426728,3.443384331787369,32.94221133200283,20.0,3968,128,40,78.125,125.0,6,77.55567063697566,0.2593163917502301,0.7406836082497699,0.0,14.831164146574576,0.0013589155714471357,7.56827530580114,0.3980958780016161,Isolated Ventricular Beat/True/ReNew20230809_Patient_P001-006_P-002_04-06-2023_P-002_04-06-2023.linejson_duration=1s_pos=2083976-2084040_src=ishne.json
23.18810089065297,429.0013797418396,51.93827628928762,11.968116138933338,18.50092697387915,3.870967741935484,3968,128,3,93.75,125.0,1,,,,,9.65995088646376,0.008050586154214414,0.19348833685239303,,Isolated Ventricular Beat/True/data20240102_aligned_C-001_1701960580670-1701961171670_duration=1s_pos=9410-9474_src=ishne.json
9.316599817797085,392.53954601550276,48.92375709982108,1.4333665323935652,42.13334387641167,34.193548387096776,3968,128,23,78.125,171.875,2,44.7339158061954,0.11947970897820426,0.8805202910217957,9.090909090909092,11.309797153214483,0.002635877378171286,1.0587483219015144,1.3862943611198906,Isolated Ventricular Beat/True/data20240102_aligned_C-001_1701943779670-1701944383670_duration=1s_pos=74853-74917_src=ishne.json
17.38297883123232,402.8650164556633,50.050519426572734,6.559546884776335,23.175831782985114,7.741935483870968,3968,128,47,78.125,132.8125,5,91.66580176440063,0.2739882606190911,0.7260117393809089,8.695652173913043,8.118244140147885,0.0016576440258776553,2.1740791671147064,0.618456287958356,Isolated Ventricular Beat/True/ReNew20230809_Patient_P001-006_P-002_04-06-2023_P-002_04-06-2023.linejson_duration=1s_pos=5617967-5618031_src=ishne.json
13.568197174550104,406.04529416866717,28.875126450667747,5.990936677328085,29.92625026145971,9.67741935483871,3968,128,37,93.75,164.0625,16,71.38652207591015,0.658356493453832,0.34164350654616804,5.555555555555555,15.385779325608816,0.0035716503271125306,0.6243675321797425,0.22508341613203636,Isolated Ventricular Beat/True/ReNew20230809_Patient_P001-006_P-004_04-10-2023_P-004_04-10-2023.linejson_duration=1s_pos=7075454-7075518_src=ishne.json
3.753301298716831,398.78461348414686,22.576342978403126,1.570151297010547,106.24899934665062,33.806451612903224,3968,128,37,78.125,125.0,13,71.31287077637349,0.10466136278710929,0.8953386372128908,2.7777777777777777,10.438330549804764,0.0004509278232335236,2.920377823494405,1.041453874828161,Isolated Ventricular Beat/True/ReNew20230809_Patient_P001-006_P-006_04-10-2023_P-006_04-10-2023.linejson_duration=1s_pos=7486740-7486804_src=ishne.json
11.26200758951014,394.210179010578,49.44543388548303,2.8047264409705175,35.00354096495364,19.35483870967742,3968,128,31,85.9375,132.8125,5,59.56566701137539,0.14327779741138202,0.856722202588618,3.3333333333333335,21.27581615382756,0.002052948618127062,4.99634294875452,0.4902063365632549,Isolated Ventricular Beat/True/ReNew20230809_Patient_P001-006_P-002_04-06-2023_P-002_04-06-2023.linejson_duration=1s_pos=482341-482405_src=ishne.json
83.93569878464852,543.4897840796011,91.75244876287674,55.57808314327617,6.4750730079574925,1.935483870967742,3968,128,58,78.125,117.1875,0,113.08705760785327,0.04842865680363071,0.9515713431963693,1.7543859649122806,7.414395475660857,0.002423301786493261,4.637672102997027,0.8099103283155833,Isolated Ventricular Beat/True/ReNew20230809_Patient_P001-006_P-002_04-06-2023_P-002_04-06-2023.linejson_duration=1s_pos=8663080-8663144_src=ishne.json
27.05846957615917,448.1841327379721,59.64619703475059,8.79862995668601,16.563542698265465,4.516129032258064,3968,128,48,78.125,132.8125,6,93.65853658536585,0.24675293313673302,0.7532470668632669,0.0,9.292396560572868,0.002253440607785473,4.124500638609723,0.3057657478850763,Isolated Ventricular Beat/True/ReNew20230809_Patient_P001-006_P-002_04-06-2023_P-002_04-06-2023.linejson_duration=1s_pos=7983461-7983525_src=ishne.json
12.210130147024298,412.23123578676,51.07114280629946,3.474539396722376,33.76140934302937,13.548387096774196,3968,128,35,85.9375,140.625,16,68.58944050433412,0.3054727212832446,0.6945272787167553,0.0,12.024588938891767,0.010994214175810917,5.01007162123602,0.4776275543563949,Isolated Ventricular Beat/True/ReNew20230809_Patient_P001-006_P-002_04-06-2023_P-002_04-06-2023.linejson_duration=1s_pos=9555553-9555617_src=ishne.json
37.246177750194235,445.2907515910845,52.02841966020545,27.259033994026073,11.955340561983485,2.5806451612903225,3968,128,48,70.3125,78.125,0,94.17166710148707,0.24021476078501158,0.7597852392149884,27.659574468085108,13.185549665634412,0.004187713705100081,1.7750405544584027,0.2204733227583309,Isolated Ventricular Beat/True/data20240102_aligned_R-003_1697646649857-1697647248857_duration=1s_pos=58317-58381_src=ishne.json
23.88007372720462,405.84216082491196,53.8065693773098,7.258056911729094,16.995012179026773,10.967741935483872,3968,128,35,85.9375,140.625,5,68.01771294607971,0.23895460209431651,0.7610453979056835,20.58823529411765,13.338961037014393,0.0008096480167634833,1.5497210882781263,2.0794415416798357,Isolated Ventricular Beat/True/data20240102_aligned_R-002_1700507415428-1700507526428_duration=1s_pos=2775-2839_src=ishne.json
3.8543219666371593,419.06066973341217,23.582256435210265,1.692126722685039,108.7248456760842,30.709677419354836,3968,128,36,85.9375,132.8125,16,68.9407540394973,0.1952023466329276,0.8047976533670724,11.428571428571429,13.351586375288573,0.002937807493796868,3.1686625307959466,0.7163142398414797,Isolated Ventricular Beat/True/ReNew20230809_Patient_P001-006_P-006_04-10-2023_P-006_04-10-2023.linejson_duration=1s_pos=8126758-8126822_src=ishne.json
3.1410984535650153,407.2427182253069,22.961822533023295,1.3351425619869683,129.64973705722804,39.09677419354839,3968,128,36,85.9375,132.8125,11,69.15358888603036,0.1658222296152934,0.8341777703847066,11.428571428571429,10.466550555013356,0.001842137008211113,2.638850775766619,0.8522118751896327,Isolated Ventricular Beat/True/ReNew20230809_Patient_P001-006_P-006_04-10-2023_P-006_04-10-2023.linejson_duration=1s_pos=9064541-9064605_src=ishne.json
3.0297879074263103,408.97078838775946,23.05730748245438,1.204410825334179,134.98326150225577,42.064516129032256,3968,128,33,85.9375,148.4375,15,64.84432717678101,0.21025630140999163,0.7897436985900084,15.625,16.396331061975395,0.0006630232119223135,4.298662722820576,0.6931471805599453,Isolated Ventricular Beat/True/ReNew20230809_Patient_P001-006_P-006_04-10-2023_P-006_04-10-2023.linejson_duration=1s_pos=10834159-10834223_src=ishne.json
11.321269647656893,394.06440661088106,23.695947926579194,7.561919118721949,34.80743627416403,8.258064516129032,3968,128,50,93.75,164.0625,23,97.61867704280155,0.14031013065826983,0.8596898693417302,0.0,19.360989188224185,0.0027004182412882984,2.8509587463172017,0.10547064175231566,Isolated Ventricular Beat/True/ReNew20230809_Patient_P001-006_P-004_04-10-2023_P-004_04-10-2023.linejson_duration=1s_pos=9785879-9785943_src=ishne.json
3.9451392047342995,408.1691436239314,23.075545700688313,1.7021512448447407,103.46125167721918,33.41935483870967,3968,128,38,78.125,132.8125,15,73.3694810224632,0.14552966889334945,0.8544703311066506,8.108108108108109,14.862395686502687,0.009157839335007599,3.60945537674957,0.4787373092144902,Isolated Ventricular Beat/True/ReNew20230809_Patient_P001-006_P-006_04-10-2023_P-006_04-10-2023.linejson_duration=1s_pos=9615692-9615756_src=ishne.json
11.834578949778074,415.42034480383137,50.92228338492367,2.731423753340456,35.102246684439486,16.129032258064516,3968,128,36,85.9375,140.625,6,68.7995904786281,0.16701965288805024,0.8329803471119498,0.0,14.323538517674145,0.00565716760656861,6.575633621963578,1.3156767939059373,Isolated Ventricular Beat/True/ReNew20230809_Patient_P001-006_P-002_04-06-2023_P-002_04-06-2023.linejson_duration=1s_pos=6919779-6919843_src=ishne.json
4.35135882843649,404.6181778968915,22.772867094507085,2.23547083185216,92.98660507289671,23.225806451612904,3968,128,39,93.75,164.0625,15,75.46935608999225,0.15085066557433227,0.8491493344256678,0.0,22.905094444033942,0.00459320773789085,2.637009907798103,0.23331066866965405,Isolated Ventricular Beat/True/ReNew20230809_Patient_P001-006_P-004_04-10-2023_P-004_04-10-2023.linejson_duration=1s_pos=8774395-8774459_src=ishne.json
7.736550180929753,400.83714947258886,22.350508361927236,3.7759635599569075,51.81083148013474,14.06451612903226,3968,128,42,121.09375,164.0625,21,79.95937023869985,0.13325036454709108,0.866749635452909,7.317073170731708,36.624600024237395,0.0034106495153400527,0.4527775898499453,0.379852532251438,Isolated Ventricular Beat/True/ReNew20230809_Patient_P001-006_P-004_04-10-2023_P-004_04-10-2023.linejson_duration=1s_pos=7919218-7919282_src=ishne.json
4.098805292173986,403.1699922216082,22.888363356801577,1.8311114670477302,98.36278259633706,28.12903225806452,3968,128,33,85.9375,132.8125,14,64.7418335089568,0.19649087113032895,0.8035091288696711,3.125,18.63581821602165,0.0017931129674561644,3.7343537616220823,0.4712164856709448,Isolated Ventricular Beat/True/ReNew20230809_Patient_P001-006_P-006_04-10-2023_P-006_04-10-2023.linejson_duration=1s_pos=10400857-10400921_src=ishne.json
21.358890748000995,402.88222985865485,51.5475724616689,7.542386726624661,18.86250628599965,9.67741935483871,3968,128,51,78.125,125.0,1,98.79084126575765,0.07307538221608816,0.9269246177839119,2.0,11.734574640616898,0.001312508502686809,7.58837633489472,0.7667589979031912,Isolated Ventricular Beat/True/ReNew20230809_Patient_P001-006_P-002_04-06-2023_P-002_04-06-2023.linejson_duration=1s_pos=2376056-2376120_src=ishne.json
3.1778062890350056,411.0631424882869,23.204215595831094,1.3143658834349203,129.3543330669095,38.58064516129032,3968,128,34,78.125,140.625,9,65.93132154006244,0.09275351908769999,0.9072464809123,3.0303030303030303,12.374457585826509,0.000873069848610055,3.2070151839104937,1.041453874828161,Isolated Ventricular Beat/True/ReNew20230809_Patient_P001-006_P-006_04-10-2023_P-006_04-10-2023.linejson_duration=1s_pos=6400836-6400900_src=ishne.json
77.71681716047122,602.2238056755502,103.4342341541659,43.15141547900336,7.748950869708364,3.870967741935484,3968,128,49,78.125,132.8125,5,95.13290322580644,0.23289361073851914,0.7671063892614809,0.0,8.90058742759663,0.0006092939565433978,5.124580589789525,0.23674920336998834,Isolated Ventricular Beat/True/ReNew20230809_Patient_P001-006_P-002_04-06-2023_P-002_04-06-2023.linejson_duration=1s_pos=7680327-7680391_src=ishne.json
3.376645781942703,407.3390291991118,22.992818010921493,1.3500058265036863,120.63418400095594,37.29032258064516,3968,128,36,78.125,132.8125,10,69.85446985446985,0.12381794869358223,0.8761820513064178,5.714285714285714,10.803533809688467,0.0038271484790079963,3.0172460969734782,1.0296194171811581,Isolated Ventricular Beat/True/ReNew20230809_Patient_P001-006_P-006_04-10-2023_P-006_04-10-2023.linejson_duration=1s_pos=8981815-8981879_src=ishne.json
30.6807807084677,396.14922280357433,47.94855242407075,19.826768492835043,12.911966408412587,1.935483870967742,3968,128,44,66.40625,93.75,0,84.98198661863098,0.25209226520877037,0.7479077347912296,16.27906976744186,14.475880917098841,0.007084069637405204,1.6929065068716698,0.2488960474166244,Isolated Ventricular Beat/True/data20240102_aligned_R-003_1697646649857-1697647248857_duration=1s_pos=3238-3302_src=ishne.json
17.713160828490032,398.310098119006,51.34313614562271,4.816638967794495,22.486674145231365,14.838709677419354,3968,128,46,78.125,125.0,2,88.09584501656894,0.2598621109975964,0.7401378890024036,0.0,9.879965436659132,0.00123933265206364,4.620359490099811,0.4834266495778762,Isolated Ventricular Beat/True/ReNew20230809_Patient_P001-006_P-002_04-06-2023_P-002_04-06-2023.linejson_duration=1s_pos=5814790-5814854_src=ishne.json
25.950459250844748,427.9167365243266,52.13321685248789,14.267349150927311,16.48975518691993,5.161290322580645,3968,128,51,78.125,132.8125,4,98.76543209876543,0.09203938534478241,0.9079606146552176,2.0,10.507901769682368,0.0024125687885976784,6.726421637733233,1.0296194171811581,Isolated Ventricular Beat/True/ReNew20230809_Patient_P001-006_P-002_04-06-2023_P-002_04-06-2023.linejson_duration=1s_pos=3439337-3439401_src=ishne.json
74.77424568788837,478.0814373103261,97.04414355895624,35.082923060127726,6.393664376263972,1.935483870967742,3968,128,51,78.125,117.1875,0,100.81386190601208,0.19907248709206932,0.8009275129079307,0.0,8.629066781578135,0.011828072196491426,4.72860310460341,0.199424589381904,Isolated Ventricular Beat/True/ReNew20230809_Patient_P001-006_P-002_04-06-2023_P-002_04-06-2023.linejson_duration=1s_pos=1028847-1028911_src=ishne.json
12.098297492941084,407.25597302702533,49.81855665756989,3.7669134852065245,33.66225203194023,16.129032258064516,3968,128,39,78.125,117.1875,0,76.39790575916231,0.23980715093921795,0.7601928490607821,0.0,13.44187480514164,0.0012666958086189055,8.441568429855254,0.2876820724517809,Isolated Ventricular Beat/True/ReNew20230809_Patient_P001-006_P-002_04-06-2023_P-002_04-06-2023.linejson_duration=1s_pos=4153226-4153290_src=ishne.json
11.366456028175833,406.05170233450184,50.13466861327057,3.0974968338604025,35.72368252727806,20.64516129032258,3968,128,40,78.125,125.0,2,77.3753552053733,0.21761577001316368,0.7823842299868363,0.0,13.04576634525991,0.0006773850541080663,8.37823955964898,0.5764229062518039,Isolated Ventricular Beat/True/ReNew20230809_Patient_P001-006_P-002_04-06-2023_P-002_04-06-2023.linejson_duration=1s_pos=4120846-4120910_src=ishne.json
14.321760587879691,415.494529018719,50.49528047445984,4.150126546590638,29.011412211354383,13.548387096774196,3968,128,43,78.125,117.1875,0,82.98430666323642,0.25502612240462313,0.7449738775953769,0.0,10.742012780048933,0.01620996782754192,7.161081343255002,0.22533894187764536,Isolated Ventricular Beat/True/ReNew20230809_Patient_P001-006_P-002_04-06-2023_P-002_04-06-2023.linejson_duration=1s_pos=3623187-3623251_src=ishne.json
18.86521938367023,408.0998122757077,52.348779365037934,6.87042097581303,21.63239039756777,8.38709677419355,3968,128,45,78.125,132.8125,7,88.43758178487307,0.2145337590357819,0.7854662409642181,2.272727272727273,12.311542001434939,0.001443034342674558,9.033226651646219,0.27884920745327213,Isolated Ventricular Beat/True/ReNew20230809_Patient_P001-006_P-002_04-06-2023_P-002_04-06-2023.linejson_duration=1s_pos=8402288-8402352_src=ishne.json
72.44960634103461,500.9918019323778,79.97732729012777,45.474378219920396,6.915038194397804,1.935483870967742,3968,128,49,78.125,132.8125,4,93.77766471635717,0.29765364874692146,0.7023463512530785,2.0833333333333335,9.23486951582825,0.021571019130449925,4.060218122109543,0.19580112062219474,Isolated Ventricular Beat/True/ReNew20230809_Patient_P001-006_P-002_04-06-2023_P-002_04-06-2023.linejson_duration=1s_pos=5626733-5626797_src=ishne.json
11.366673814953316,397.5893586174496,49.40448073248427,3.07021705340782,34.97851087412168,21.29032258064516,3968,128,35,85.9375,140.625,4,69.29936305732484,0.19835052381285384,0.8016494761871462,2.9411764705882355,17.63892732683649,0.002271072851997637,6.774708992055762,0.5452270504833231,Isolated Ventricular Beat/True/ReNew20230809_Patient_P001-006_P-002_04-06-2023_P-002_04-06-2023.linejson_duration=1s_pos=6377091-6377155_src=ishne.json
2.877932207895971,407.81162214753454,23.03207912184959,1.1156174238222683,141.70294884837915,45.67741935483871,3968,128,33,78.125,132.8125,13,63.76751427088739,0.18105550944479265,0.8189444905552073,9.375,16.69281982366971,0.00017577387717846712,4.459665960862309,0.9295359586241757,Isolated Ventricular Beat/True/ReNew20230809_Patient_P001-006_P-006_04-10-2023_P-006_04-10-2023.linejson_duration=1s_pos=10787510-10787574_src=ishne.json
15.00972005100439,408.40574188114095,50.189450169432966,5.243762277547415,27.209415850790386,11.612903225806452,3968,128,37,85.9375,140.625,5,73.80672717565403,0.31992453706338764,0.6800754629366124,2.7777777777777777,13.373486112394662,0.0008682990458589755,3.9995453953777504,0.6433148068120695,Isolated Ventricular Beat/True/ReNew20230809_Patient_P001-006_P-002_04-06-2023_P-002_04-06-2023.linejson_duration=1s_pos=6093448-6093512_src=ishne.json
12.505572507609235,411.2640109585156,50.572030133433124,3.4432316517962747,32.88645744301729,16.7741935483871,3968,128,38,78.125,132.8125,9,74.46540880503144,0.1763554797122322,0.8236445202877678,2.7027027027027026,15.538720621549675,0.0010436394408060688,6.776836579677305,0.5959834321062977,Isolated Ventricular Beat/True/ReNew20230809_Patient_P001-006_P-002_04-06-2023_P-002_04-06-2023.linejson_duration=1s_pos=1924961-1925025_src=ishne.json
40.58929559409463,427.4625187054525,61.890177784936775,17.765858494214413,10.531409868473661,5.806451612903226,3968,128,52,78.125,132.8125,3,100.94845360824742,0.24360810563147753,0.7563918943685225,1.9607843137254901,7.7487615028162775,0.011665886383095602,4.16675028265502,0.5027002163220736,Isolated Ventricular Beat/True/ReNew20230809_Patient_P001-006_P-002_04-06-2023_P-002_04-06-2023.linejson_duration=1s_pos=5752162-5752226_src=ishne.json
6.676508484919373,449.1860368395415,25.735147656361544,2.242417737309488,67.27857390963715,24.516129032258064,3968,128,37,93.75,164.0625,16,72.28235294117647,0.26060350506285873,0.7393964949371412,0.0,25.460198991314485,0.0020474486561278793,1.3567859717301558,0.435618146278852,Isolated Ventricular Beat/True/ReNew20230809_Patient_P001-006_P-004_04-10-2023_P-004_04-10-2023.linejson_duration=1s_pos=5226952-5227016_src=ishne.json
10.052542562323595,397.43880046951796,25.379147158643804,3.8928132704675322,39.53614306722308,14.451612903225808,3968,128,41,85.9375,140.625,10,78.97172236503856,0.18327804916717297,0.8167219508328271,5.0,20.098394952325712,0.0042646210983123605,1.551234452308377,0.2306342230433674,Isolated Ventricular Beat/True/ReNew20230809_Patient_P001-006_P-005_04-10-2023_P-005_04-10-2023.linejson_duration=1s_pos=6968952-6969016_src=ishne.json
3.029566878516122,398.8580948620144,22.416577035558728,1.3029171686383956,131.6551108461628,39.09677419354839,3968,128,35,125.0,132.8125,19,68.46355532249606,0.10689716210401766,0.8931028378959823,2.9411764705882355,12.767791985703338,0.002144487956073328,3.030622530737519,0.916290731874155,Isolated Ventricular Beat/True/ReNew20230809_Patient_P001-006_P-006_04-10-2023_P-006_04-10-2023.linejson_duration=1s_pos=7791648-7791712_src=ishne.json
10.841221066137715,397.80324782764984,49.36160470701921,2.4926971695291567,36.693579875111894,19.35483870967742,3968,128,37,85.9375,132.8125,5,72.89216978644872,0.12704528495262185,0.8729547150473782,2.7777777777777777,17.697957420520147,0.0010049951182518398,7.601991113856918,0.7041970167465302,Isolated Ventricular Beat/True/ReNew20230809_Patient_P001-006_P-002_04-06-2023_P-002_04-06-2023.linejson_duration=1s_pos=6252987-6253051_src=ishne.json
9.983689800396522,403.5619044207678,49.46443425809327,1.6715408031839907,40.4221156773745,27.741935483870968,3968,128,24,85.9375,171.875,4,48.5141444658061,0.11024103082421205,0.8897589691757879,17.391304347826086,14.885469378020165,0.0020422928473741962,0.886108831695474,,Isolated Ventricular Beat/True/data20240102_aligned_C-001_1701944384670-1701944988670_duration=1s_pos=35023-35087_src=ishne.json
4.238114384050684,396.23305616798723,22.440363182634314,1.94011937128169,93.49274860687667,26.70967741935484,3968,128,34,93.75,179.6875,5,64.70257850395711,0.08258467124391479,0.9174153287560852,3.0303030303030303,21.500216762594157,0.0006436620654512766,2.314107980302552,1.0216512475319814,Isolated Ventricular Beat/True/ReNew20230809_Patient_P001-006_P-005_04-10-2023_P-005_04-10-2023.linejson_duration=1s_pos=10651203-10651267_src=ishne.json
12.285970970960985,409.5673228880597,49.4015925563077,3.04581590917552,33.33617591315603,16.7741935483871,3968,128,41,78.125,132.8125,4,79.33884297520662,0.25765630876083995,0.7423436912391601,2.5,13.191185613206354,0.0029764193432292928,7.113291739035133,0.5719616237577221,Isolated Ventricular Beat/True/ReNew20230809_Patient_P001-006_P-002_04-06-2023_P-002_04-06-2023.linejson_duration=1s_pos=4562174-4562238_src=ishne.json
36.8832734123499,399.82715305436653,48.57941674405832,27.519129054077162,10.840337779784798,1.2903225806451613,3968,128,48,66.40625,93.75,0,93.36782203828247,0.21945459306293208,0.7805454069370679,31.914893617021278,14.296723706895833,0.0018643063744424994,1.7785083204513956,0.27012376023840234,Isolated Ventricular Beat/True/data20240102_aligned_R-003_1697646649857-1697647248857_duration=1s_pos=53546-53610_src=ishne.json
11.76181135334117,406.5939186216327,50.11747176410145,3.7071951365654776,34.5689853236038,18.70967741935484,3968,128,50,78.125,125.0,1,96.31942667007934,0.05951834371886178,0.9404816562811382,2.0408163265306123,14.810735989588306,0.0007497481894853091,2.293072958811001,1.7272209480904839,Isolated Ventricular Beat/True/ReNew20230809_Patient_P001-006_P-002_04-06-2023_P-002_04-06-2023.linejson_duration=1s_pos=6024775-6024839_src=ishne.json
11.913837852854108,408.30842459578497,48.96067703288835,3.099718180101352,34.27177668245611,15.483870967741936,3968,128,45,78.125,125.0,4,87.43078913324709,0.17165688011615143,0.8283431198838486,2.272727272727273,11.738944257921839,0.03019263925707977,9.284399126713678,0.297632403304949,Isolated Ventricular Beat/True/ReNew20230809_Patient_P001-006_P-002_04-06-2023_P-002_04-06-2023.linejson_duration=1s_pos=3653250-3653314_src=ishne.json
13.31029562860432,411.8055552555913,26.13252138043008,7.9225173240833335,30.93887136749499,8.903225806451614,3968,128,51,85.9375,156.25,20,98.46153846153847,0.14264801072490566,0.8573519892750944,2.0,17.968848704041775,0.002451859624943723,2.743280631117501,0.2355255928574192,Isolated Ventricular Beat/True/ReNew20230809_Patient_P001-006_P-004_04-10-2023_P-004_04-10-2023.linejson_duration=1s_pos=9805653-9805717_src=ishne.json
4.166496433992361,410.09536886029497,22.936154179652664,1.9810128422095286,98.42688621731355,23.35483870967742,3968,128,38,93.75,156.25,17,73.19938176197836,0.15242428597235574,0.8475757140276443,0.0,23.932065372391385,0.004062061504567082,2.426617655944243,0.25498415716986855,Isolated Ventricular Beat/True/ReNew20230809_Patient_P001-006_P-004_04-10-2023_P-004_04-10-2023.linejson_duration=1s_pos=6601712-6601776_src=ishne.json
55.2537253983385,409.7827483151256,74.66782344250754,25.873540894212567,7.416382116219548,2.5806451612903225,3968,128,50,78.125,132.8125,6,97.51749157812904,0.2092966254167294,0.7907033745832706,2.0408163265306123,9.471417037405313,0.009574429682565362,4.748311767081504,0.27181376106617644,Isolated Ventricular Beat/True/ReNew20230809_Patient_P001-006_P-002_04-06-2023_P-002_04-06-2023.linejson_duration=1s_pos=7959272-7959336_src=ishne.json
8.278758292391897,402.4283500236128,22.976821975005816,5.322000578694919,48.609741606262276,12.129032258064516,3968,128,49,140.625,156.25,33,95.03480278422273,0.14412360232542645,0.8558763976745736,0.0,17.375419813937853,0.003346973835908148,2.351457801073725,0.18784135001755256,Isolated Ventricular Beat/True/ReNew20230809_Patient_P001-006_P-004_04-10-2023_P-004_04-10-2023.linejson_duration=1s_pos=10069655-10069719_src=ishne.json
11.722330096624399,408.6267429723377,49.84061799370025,3.1623523991615166,34.85882966486139,17.419354838709676,3968,128,43,78.125,125.0,3,83.78181818181818,0.16401111489366074,0.8359888851063393,0.0,13.707154318534482,0.0019357806169246756,9.997547819496353,0.23037125443566284,Isolated Ventricular Beat/True/ReNew20230809_Patient_P001-006_P-002_04-06-2023_P-002_04-06-2023.linejson_duration=1s_pos=1762428-1762492_src=ishne.json
17.472431327429472,405.5114289927568,29.38681209782166,7.710595599454972,23.20864212798558,12.0,3968,128,34,93.75,179.6875,9,64.47214449249554,0.1705057642377376,0.8294942357622623,9.090909090909092,23.429658933688312,0.011747809988737623,1.4805088475130472,0.4255518666749017,Isolated Ventricular Beat/True/ReNew20230809_Patient_P001-006_P-005_04-10-2023_P-005_04-10-2023.linejson_duration=1s_pos=4541131-4541195_src=ishne.json
12.619911367872911,406.47496964276473,50.42747717334638,4.001277063843123,32.20901681358317,14.193548387096774,3968,128,33,85.9375,132.8125,8,64.96431403647898,0.2255106200440012,0.7744893799559989,3.125,16.63426781044638,0.013833530712590117,5.508802914743916,0.6626879730752369,Isolated Ventricular Beat/True/ReNew20230809_Patient_P001-006_P-002_04-06-2023_P-002_04-06-2023.linejson_duration=1s_pos=640588-640652_src=ishne.json
11.763122941454919,404.79740454434653,49.689900174795376,3.5250157934598736,34.41240664971514,16.7741935483871,3968,128,42,78.125,132.8125,5,81.72333246820659,0.2564482577520263,0.7435517422479737,0.0,10.843621186376767,0.0003927954817981225,4.339159934143787,0.37993180610299965,Isolated Ventricular Beat/True/ReNew20230809_Patient_P001-006_P-002_04-06-2023_P-002_04-06-2023.linejson_duration=1s_pos=9079751-9079815_src=ishne.json
11.370176637318975,401.87724985497,49.59448197588104,3.5894081613381257,35.34485235621441,20.0,3968,128,46,78.125,117.1875,0,88.07339449541284,0.17563476806466555,0.8243652319353345,2.2222222222222223,10.864946002360309,0.0008709067900684993,6.151082359836902,0.3633938941874773,Isolated Ventricular Beat/True/ReNew20230809_Patient_P001-006_P-002_04-06-2023_P-002_04-06-2023.linejson_duration=1s_pos=3016114-3016178_src=ishne.json
9.440144413632344,394.1884421706644,49.106820729830865,1.6395101530369827,41.75660701173353,34.193548387096776,3968,128,24,58.59375,164.0625,4,46.435331230283914,0.14453684325847146,0.8554631567415285,8.695652173913043,11.767520285987818,0.00017083716045206428,1.1199702168840182,,Isolated Ventricular Beat/True/data20240102_aligned_C-001_1701943779670-1701944383670_duration=1s_pos=71271-71335_src=ishne.json
3.0730437620080915,402.0704592290655,22.55704574822711,1.3393982004983318,130.83781407932736,38.70967741935484,3968,128,37,78.125,132.8125,9,70.45871559633028,0.13803876211962224,0.8619612378803778,5.555555555555555,10.56303419765234,0.0005705474187739887,2.8289698059942165,0.6021754023542185,Isolated Ventricular Beat/True/ReNew20230809_Patient_P001-006_P-006_04-10-2023_P-006_04-10-2023.linejson_duration=1s_pos=7368948-7369012_src=ishne.json
3.9150634860605074,402.13973662364424,22.77092324135554,1.814424797838221,102.71599307123881,29.03225806451613,3968,128,36,93.75,156.25,14,69.26049987116723,0.21170388675425147,0.7882961132457486,0.0,23.253175997590688,0.0004885760152415994,2.3073591188196163,0.30318625898774615,Isolated Ventricular Beat/True/ReNew20230809_Patient_P001-006_P-004_04-10-2023_P-004_04-10-2023.linejson_duration=1s_pos=5330289-5330353_src=ishne.json
4.305200547189616,403.1327839177892,22.6834783070491,2.2058701602292174,93.63853921797212,25.290322580645164,3968,128,40,109.375,156.25,19,76.34973234769309,0.08839576475595164,0.9116042352440483,0.0,22.315784014079004,0.0007850536565307181,2.4312342783170027,0.6744550475477927,Isolated Ventricular Beat/True/ReNew20230809_Patient_P001-006_P-004_04-10-2023_P-004_04-10-2023.linejson_duration=1s_pos=6624880-6624944_src=ishne.json
12.312604652427384,402.32674828573755,49.46713835138989,4.011239620622775,32.67600373495438,15.483870967741936,3968,128,39,85.9375,132.8125,3,76.15866388308977,0.16432877577673838,0.8356712242232616,0.0,19.118700125086075,0.002906431345242862,7.4437444616133295,0.33547273628812946,Isolated Ventricular Beat/True/ReNew20230809_Patient_P001-006_P-002_04-06-2023_P-002_04-06-2023.linejson_duration=1s_pos=9256075-9256139_src=ishne.json
3.538274744135692,407.59756909334067,23.06714379948798,1.5258647258276081,115.19666599441533,36.645161290322584,3968,128,35,78.125,132.8125,5,68.39182818229439,0.15736409419438138,0.8426359058056186,8.823529411764707,10.131740390558665,0.0006915415802996569,2.870237915951192,1.3730491343698699,Isolated Ventricular Beat/True/ReNew20230809_Patient_P001-006_P-006_04-10-2023_P-006_04-10-2023.linejson_duration=1s_pos=6648796-6648860_src=ishne.json
11.941936346785393,414.6019907347924,25.951546601998334,6.409124475343697,34.71815156075975,10.967741935483872,3968,128,33,109.375,156.25,13,63.833766233766234,0.486825868814481,0.513174131185519,3.125,12.994536523122115,0.0024669883320445818,0.3139704112375942,0.8972425369034606,Isolated Ventricular Beat/True/ReNew20230809_Patient_P001-006_P-004_04-10-2023_P-004_04-10-2023.linejson_duration=1s_pos=7643916-7643980_src=ishne.json
3.983603390240446,402.2742868007114,22.697606385875464,1.9269075341992181,100.98248907101706,24.903225806451612,3968,128,38,136.71875,156.25,21,72.89892252437147,0.16670481231133316,0.8332951876886668,2.7027027027027026,22.07169340227206,0.0010638861014721228,2.2717341693845854,0.5492530008998762,Isolated Ventricular Beat/True/ReNew20230809_Patient_P001-006_P-004_04-10-2023_P-004_04-10-2023.linejson_duration=1s_pos=4974511-4974575_src=ishne.json
42.69932087582712,414.3073124587835,56.654739307996465,24.060009776367018,9.702901457395992,1.935483870967742,3968,128,5,93.75,109.375,0,48.607594936708864,1.1531673359320231,0.0,50.0,11.703574744650522,0.06750126843540402,0.4520333718194866,,Isolated Ventricular Beat/True/ReNew20230809_Patient_ECG-Data2_C886022_2022-12-26_ECGRec_202222_C886022_2022-_duration=1s_pos=4889-4953_src=ishne.json
73.95126229698785,636.1638333934194,115.95895835230236,14.189445491535668,8.602474184093234,5.161290322580645,3968,128,53,78.125,132.8125,3,104.21711899791232,0.14183764318526423,0.8581623568147357,1.9230769230769231,8.782558444145174,0.02269225095201472,6.180015489362224,0.31356790090007947,Isolated Ventricular Beat/True/ReNew20230809_Patient_P001-006_P-002_04-06-2023_P-002_04-06-2023.linejson_duration=1s_pos=3263677-3263741_src=ishne.json
15.217521467324572,435.3655623675231,51.882675268201936,5.639672583759969,28.60949036233398,11.612903225806452,3968,128,40,78.125,148.4375,3,78.49056603773585,0.4426959321057245,0.5573040678942756,12.820512820512821,12.723361199620282,0.00024228005798634567,4.418211529955477,0.453474327294525,Isolated Ventricular Beat/True/ReNew20230809_Patient_P001-006_P-002_04-06-2023_P-002_04-06-2023.linejson_duration=1s_pos=9166972-9167036_src=ishne.json
12.109276999159881,400.3839601701047,50.15846058376386,3.6012272808347845,33.06423060052652,15.483870967741936,3968,128,43,78.125,132.8125,5,83.17689530685921,0.17483619110396392,0.825163808896036,4.761904761904762,12.349393551579569,0.0007781190835951628,2.8888886911846847,0.304776505811081,Isolated Ventricular Beat/True/ReNew20230809_Patient_P001-006_P-002_04-06-2023_P-002_04-06-2023.linejson_duration=1s_pos=8432645-8432709_src=ishne.json
93.32525611291753,611.3351247731377,112.22461095847825,45.72633532720594,6.550586022318286,2.5806451612903225,3968,128,49,78.125,132.8125,7,94.40204865556977,0.41862177170161524,0.5813782282983848,0.0,9.495357340355715,0.0015023841137859206,6.594537454524526,0.14562018994352663,Isolated Ventricular Beat/True/ReNew20230809_Patient_P001-006_P-002_04-06-2023_P-002_04-06-2023.linejson_duration=1s_pos=5218973-5219037_src=ishne.json
10.860280547650556,384.4869911411448,47.938277475736754,1.9062606431214935,35.40304083776929,28.387096774193548,3968,128,33,85.9375,140.625,5,62.91858678955453,0.2580558805109695,0.7419441194890305,9.375,21.392890459158764,0.00018847080897768954,3.1676904730643995,0.3272129112084162,Isolated Ventricular Beat/True/ReNew20230809_Patient_P001-006_P-002_04-06-2023_P-002_04-06-2023.linejson_duration=1s_pos=126565-126629_src=ishne.json
12.06344773345401,414.5413611695823,51.304352073092126,3.001935661664623,34.36342047195742,16.7741935483871,3968,128,33,93.75,148.4375,14,63.356535189481825,0.13651904159098147,0.8634809584090185,6.25,10.544143656062978,0.0003521666762245972,1.0075365063709463,1.3217558399823195,Isolated Ventricular Beat/True/data20240102_aligned_C-001_1701965362670-1701965800670_duration=1s_pos=21977-22041_src=ishne.json
12.52651192573892,420.9844954374478,25.420303723985217,7.289977765688738,33.60747703157099,7.870967741935483,3968,128,48,128.90625,164.0625,25,93.5856883588281,0.14780508278605337,0.8521949172139467,0.0,16.94837075448808,0.008171929167447875,2.3433776587024617,0.1375792362379961,Isolated Ventricular Beat/True/ReNew20230809_Patient_P001-006_P-004_04-10-2023_P-004_04-10-2023.linejson_duration=1s_pos=9736540-9736604_src=ishne.json
3.8913632227807526,419.83216099395503,23.621116741905738,1.8016194925298823,107.88816902210831,30.451612903225804,3968,128,36,82.03125,132.8125,13,69.56521739130434,0.19297882204223205,0.807021177957768,14.285714285714286,14.601028153611566,0.0015498830541647104,3.2663758101406075,0.7786693539981073,Isolated Ventricular Beat/True/ReNew20230809_Patient_P001-006_P-006_04-10-2023_P-006_04-10-2023.linejson_duration=1s_pos=8074472-8074536_src=ishne.json
2.9803195128490585,398.1572974716432,22.48731000366874,1.2219905064675407,133.5954625534627,43.354838709677416,3968,128,35,78.125,132.8125,9,68.37391987431265,0.10138683755611919,0.8986131624438808,5.882352941176471,11.333912669923825,0.0002150731549219572,2.8333781872390147,0.9650808960435872,Isolated Ventricular Beat/True/ReNew20230809_Patient_P001-006_P-006_04-10-2023_P-006_04-10-2023.linejson_duration=1s_pos=7467566-7467630_src=ishne.json
17.511935783517185,409.81431149089667,51.23990397078502,5.513949607660162,23.4019981088915,11.612903225806452,3968,128,41,78.125,125.0,7,80.12519561815337,0.23176164285803175,0.7682383571419682,2.5,13.641736930948099,0.0016114998682276802,7.177329323542559,0.48550781578170077,Isolated Ventricular Beat/True/ReNew20230809_Patient_P001-006_P-002_04-06-2023_P-002_04-06-2023.linejson_duration=1s_pos=4896021-4896085_src=ishne.json
36.071115188132346,437.3206259598952,53.06579335231532,26.816221455866042,12.12384511970763,1.935483870967742,3968,128,33,70.3125,85.9375,0,64.48701128312779,0.33842090345852105,0.661579096541479,12.5,18.45701870821172,0.0007182043436791719,1.595182995202797,0.2256719976675684,Isolated Ventricular Beat/True/data20240102_aligned_R-003_1697646649857-1697647248857_duration=1s_pos=34866-34930_src=ishne.json
10.796130969217357,404.39582680516816,49.89123076409205,2.5735508273839747,37.45747346903578,18.70967741935484,3968,128,40,85.9375,132.8125,3,77.91883454734652,0.11196363081779939,0.8880363691822006,5.128205128205129,15.71991347180083,0.002159408511673212,6.0924253834380675,0.5813557745718286,Isolated Ventricular Beat/True/ReNew20230809_Patient_P001-006_P-002_04-06-2023_P-002_04-06-2023.linejson_duration=1s_pos=6160177-6160241_src=ishne.json
6.291856463463202,404.85992328384214,23.4454649487142,3.2530209551522304,64.34664574568997,18.451612903225804,3968,128,39,93.75,156.25,17,74.9075975359343,0.21665433874357282,0.7833456612564271,0.0,21.354031581730958,0.0008405693571813032,2.32807697502574,0.24373018492259815,Isolated Ventricular Beat/True/ReNew20230809_Patient_P001-006_P-004_04-10-2023_P-004_04-10-2023.linejson_duration=1s_pos=5201559-5201623_src=ishne.json
56.01855648933828,622.5947902483471,76.62080594629708,32.947275821849864,11.114081085840926,4.516129032258064,3968,128,46,78.125,132.8125,5,88.70636550308008,0.15082359172099866,0.8491764082790013,11.11111111111111,11.60731069105777,0.015810124109824016,7.113093215304001,0.7672551527136672,Isolated Ventricular Beat/True/ReNew20230809_Patient_P001-006_P-002_04-06-2023_P-002_04-06-2023.linejson_duration=1s_pos=4578345-4578409_src=ishne.json
20.51160949570015,418.07294897093425,52.08317878316552,7.955187564220534,20.3822585778223,9.67741935483871,3968,128,49,78.125,132.8125,4,95.87516254876462,0.14791261648746204,0.852087383512538,2.0833333333333335,11.109424777268243,0.0040370668544143975,6.483977712970719,0.47633944769482134,Isolated Ventricular Beat/True/ReNew20230809_Patient_P001-006_P-002_04-06-2023_P-002_04-06-2023.linejson_duration=1s_pos=3399016-3399080_src=ishne.json
11.02745978457992,398.9611287021947,49.357584922700944,3.0502232805018625,36.178875309180505,18.064516129032256,3968,128,38,85.9375,132.8125,6,74.11580594679185,0.20358795303605598,0.796412046963944,5.405405405405405,16.576068049915673,0.0004522202595125625,5.888638823122147,0.49709543095408865,Isolated Ventricular Beat/True/ReNew20230809_Patient_P001-006_P-002_04-06-2023_P-002_04-06-2023.linejson_duration=1s_pos=6153801-6153865_src=ishne.json
11.616968931442134,416.2077890764749,50.92835969039387,3.166474017132437,35.827568766445694,17.419354838709676,3968,128,38,85.9375,140.625,4,71.84829329962074,0.16254460296474657,0.8374553970352534,0.0,14.865329867981547,0.017616575948201776,6.307988661485278,1.0296194171811581,Isolated Ventricular Beat/True/ReNew20230809_Patient_P001-006_P-002_04-06-2023_P-002_04-06-2023.linejson_duration=1s_pos=6852581-6852645_src=ishne.json
5.408492377961661,404.0507031803805,23.23974721848351,2.383520689156038,74.70670202293158,23.225806451612904,3968,128,38,140.625,156.25,21,72.45283018867924,0.15692814290213508,0.8430718570978649,0.0,17.85642445631211,0.0031694621896651907,1.1457175386788059,0.342532861232904,Isolated Ventricular Beat/True/ReNew20230809_Patient_P001-006_P-004_04-10-2023_P-004_04-10-2023.linejson_duration=1s_pos=4969433-4969497_src=ishne.json
18.135052776999974,422.16998273590445,50.945559708023815,7.2155784867404815,23.279224199011043,7.096774193548387,3968,128,47,78.125,132.8125,5,91.68959252530496,0.2741076637049126,0.7258923362950874,8.695652173913043,8.505536946760037,0.0032019404308808053,2.2998444696288236,0.5596157879354228,Isolated Ventricular Beat/True/ReNew20230809_Patient_P001-006_P-002_04-06-2023_P-002_04-06-2023.linejson_duration=1s_pos=5617442-5617506_src=ishne.json
4.336761711744837,409.3473935257954,22.793938991224515,2.327898247671767,94.39008327967753,23.096774193548384,3968,128,38,93.75,164.0625,16,74.38743455497382,0.1508684871101087,0.8491315128898913,0.0,23.483266983831683,0.0009825462321471302,2.6051631799411363,0.19945378019180512,Isolated Ventricular Beat/True/ReNew20230809_Patient_P001-006_P-004_04-10-2023_P-004_04-10-2023.linejson_duration=1s_pos=6092624-6092688_src=ishne.json
36.05258273851169,469.2741555408434,51.97459314887008,26.48122849340051,13.01638071058859,1.935483870967742,3968,128,48,70.3125,93.75,0,93.68284453672463,0.2530552948432833,0.7469447051567166,31.914893617021278,14.012706792139081,0.0030251819407005457,1.8113715302589133,0.2876820724517809,Isolated Ventricular Beat/True/data20240102_aligned_R-003_1697646649857-1697647248857_duration=1s_pos=56908-56972_src=ishne.json
15.03983545679909,403.534454683598,50.27845231995315,5.6914923696176345,26.831040074320185,16.129032258064516,3968,128,40,78.125,125.0,6,77.63608087091758,0.24036003369210593,0.7596399663078941,2.5641025641025643,12.434539862821804,0.000996294410496905,6.760599172981297,0.5247631316097724,Isolated Ventricular Beat/True/ReNew20230809_Patient_P001-006_P-002_04-06-2023_P-002_04-06-2023.linejson_duration=1s_pos=4777044-4777108_src=ishne.json
5.542470332756409,400.5635603339571,23.424179406605926,2.190093849656849,72.27165217194671,24.774193548387096,3968,128,40,89.84375,148.4375,16,76.38867635807192,0.1602367126887216,0.8397632873112784,0.0,17.978795863984796,0.0012893180584144007,1.834816510450313,0.3342463035930591,Isolated Ventricular Beat/True/ReNew20230809_Patient_P001-006_P-004_04-10-2023_P-004_04-10-2023.linejson_duration=1s_pos=5119772-5119836_src=ishne.json
14.550708475252613,449.5500110809605,54.4019625844422,4.210501236721509,30.895401481662525,10.32258064516129,3968,128,36,85.9375,140.625,4,70.12783720323506,0.1645123733962164,0.8354876266037836,2.857142857142857,14.235136864791347,0.0012178933164251938,6.23569821123043,0.8792494601938059,Isolated Ventricular Beat/True/ReNew20230809_Patient_P001-006_P-002_04-06-2023_P-002_04-06-2023.linejson_duration=1s_pos=6926554-6926618_src=ishne.json
40.30744164091928,426.1894600108142,51.56699309797831,31.936707250838303,10.573468126160787,0.6451612903225806,3968,128,47,62.5,93.75,0,90.32983891587828,0.23317288230758915,0.7668271176924109,13.043478260869565,14.057097522590784,0.002308353402937225,1.7546557203168096,0.5297628247857414,Isolated Ventricular Beat/True/data20240102_aligned_R-003_1697646649857-1697647248857_duration=1s_pos=67614-67678_src=ishne.json
4.193620524732356,405.8952443353517,22.831988836440253,2.134160887412584,96.78871637355414,23.741935483870968,3968,128,38,93.75,156.25,18,72.84286080492181,0.1543696440367568,0.8456303559632432,0.0,23.656953393398048,0.001389275650058217,2.595740781524352,0.2045317041196107,Isolated Ventricular Beat/True/ReNew20230809_Patient_P001-006_P-004_04-10-2023_P-004_04-10-2023.linejson_duration=1s_pos=8625780-8625844_src=ishne.json
10.887934474710073,411.10442408831085,50.56921673996542,2.890932171538685,37.75779394020131,23.870967741935484,3968,128,38,78.125,132.8125,9,73.312693498452,0.2837200850720031,0.7162799149279969,0.0,13.806873981151863,0.0010715121914312501,7.842658167398218,0.3663623820944218,Isolated Ventricular Beat/True/ReNew20230809_Patient_P001-006_P-002_04-06-2023_P-002_04-06-2023.linejson_duration=1s_pos=2014538-2014602_src=ishne.json
13.133849218467615,416.83905045648027,50.372437613578775,4.4355418307941985,31.737764899310292,11.612903225806452,3968,128,41,78.125,132.8125,5,79.91675338189386,0.21931129577452743,0.7806887042254725,0.0,12.48276566524444,0.0012708873875156184,7.9066592411619645,0.3994949411216606,Isolated Ventricular Beat/True/ReNew20230809_Patient_P001-006_P-002_04-06-2023_P-002_04-06-2023.linejson_duration=1s_pos=3850591-3850655_src=ishne.json
20.638800770818918,426.5733943235821,52.090200956972836,10.836559632976916,20.66851550106517,5.161290322580645,3968,128,14,93.75,164.0625,5,25.606565786098997,1.104272386724735,0.0,30.76923076923077,16.152447343979656,0.01236385827187159,0.2661905783662972,1.5040773967762742,Isolated Ventricular Beat/True/data20240102_aligned_C-002_1700060962660-1700062610660_duration=1s_pos=129181-129245_src=ishne.json
4.23104933276519,404.98223482097507,22.87071995906634,2.1280686081786016,95.71671404728956,24.774193548387096,3968,128,38,89.84375,156.25,15,73.5784567581564,0.21431223428446236,0.7856877657155377,0.0,21.25531259716877,0.0008471379729866973,2.3440942529950295,0.35020242943311486,Isolated Ventricular Beat/True/ReNew20230809_Patient_P001-006_P-004_04-10-2023_P-004_04-10-2023.linejson_duration=1s_pos=6049114-6049178_src=ishne.json
14.68924063663226,397.1452358150374,49.39106591326049,6.011158568326902,27.03646965849009,5.161290322580645,3968,128,43,78.125,132.8125,3,83.62976406533576,0.08200317934733302,0.917996820652667,2.380952380952381,15.36658728955241,0.0015444030659097763,5.255986488448408,1.2992829841302609,Isolated Ventricular Beat/True/ReNew20230809_Patient_P001-006_P-002_04-06-2023_P-002_04-06-2023.linejson_duration=1s_pos=7695089-7695153_src=ishne.json
3.1993808016865497,399.50420691719603,22.476574782055355,1.3372373226632206,124.86918776202262,39.61290322580645,3968,128,36,85.9375,140.625,16,70.1644479248238,0.1354619469174171,0.8645380530825829,5.714285714285714,11.163509809128152,0.0004693459663033737,2.885727483482829,0.9614111671546247,Isolated Ventricular Beat/True/ReNew20230809_Patient_P001-006_P-006_04-10-2023_P-006_04-10-2023.linejson_duration=1s_pos=7459655-7459719_src=ishne.json
9.990088396827332,408.0960839949799,50.87029129411493,1.972440053388258,40.850093305930145,32.903225806451616,3968,128,30,125.0,156.25,16,59.186819027371776,0.10320985415516991,0.8967901458448301,6.896551724137931,14.894260004305782,0.0014185400434408863,2.0066039974672534,1.8718021769015913,Isolated Ventricular Beat/True/data20240102_aligned_C-001_1701994766670-1701995370670_duration=1s_pos=64057-64121_src=ishne.json
8.806897655513113,404.48977319800747,22.84741776978937,5.672070840735399,45.928741662627985,8.774193548387096,3968,128,40,78.125,164.0625,15,78.77958968963704,0.21379583640288585,0.7862041635971142,0.0,20.342562833653833,0.000541451645378457,2.2622541373653733,0.2621136693026663,Isolated Ventricular Beat/True/ReNew20230809_Patient_P001-006_P-004_04-10-2023_P-004_04-10-2023.linejson_duration=1s_pos=7773124-7773188_src=ishne.json
12.6603245002909,416.1325179891423,51.051309059138134,3.4299323348143673,32.869022046832896,10.967741935483872,3968,128,35,85.9375,132.8125,5,67.63014763014763,0.24121157302015295,0.758788426979847,0.0,15.397131713584745,0.00025893159696632257,5.950666293313657,0.8150369981689822,Isolated Ventricular Beat/True/ReNew20230809_Patient_P001-006_P-002_04-06-2023_P-002_04-06-2023.linejson_duration=1s_pos=642325-642389_src=ishne.json
20.25337819140552,397.94827481203777,50.123618894589626,9.449772726030092,19.648487842508093,5.161290322580645,3968,128,46,78.125,132.8125,3,89.21011874032008,0.09496419418944076,0.9050358058105592,4.444444444444445,12.2029077223379,0.026828997249488205,7.030756287164986,1.024504316514388,Isolated Ventricular Beat/True/ReNew20230809_Patient_P001-006_P-002_04-06-2023_P-002_04-06-2023.linejson_duration=1s_pos=7108285-7108349_src=ishne.json
11.692900288570135,399.94313022107633,50.015817006654174,3.2034153260764864,34.20392598473594,18.064516129032256,3968,128,42,78.125,132.8125,6,80.51137816415239,0.24721180919882238,0.7527881908011776,0.0,10.808188746544408,0.0022443212608312217,4.3665006195223475,0.5270203096859712,Isolated Ventricular Beat/True/ReNew20230809_Patient_P001-006_P-002_04-06-2023_P-002_04-06-2023.linejson_duration=1s_pos=9080288-9080352_src=ishne.json
9.476313859590427,393.24572699877757,48.647232489046964,1.7436240490943389,41.497748104137386,30.32258064516129,3968,128,24,101.5625,171.875,4,46.69310071371927,0.14369476008528131,0.8563052399147186,17.391304347826086,16.23052618598824,0.0020620045890303216,1.472896231372417,1.0986122886681098,Isolated Ventricular Beat/True/data20240102_aligned_C-001_1701944384670-1701944988670_duration=1s_pos=18067-18131_src=ishne.json
13.307351146951277,418.66322684900814,50.96949067499664,3.717388636116592,31.461046662459008,10.32258064516129,3968,128,43,78.125,125.0,7,83.34883720930232,0.25511925090313897,0.744880749096861,0.0,11.123024160607137,0.0004570737158772204,5.86383277190549,0.23621563288156247,Isolated Ventricular Beat/True/ReNew20230809_Patient_P001-006_P-002_04-06-2023_P-002_04-06-2023.linejson_duration=1s_pos=2112079-2112143_src=ishne.json
5.914413114594933,405.91915118790564,23.481225882452758,2.5531962879652426,68.63218288794211,23.096774193548384,3968,128,37,93.75,156.25,16,71.92507804370447,0.22023387046951362,0.7797661295304864,0.0,15.202281889755824,0.00367453225615064,1.3346308280341443,0.5936175852129122,Isolated Ventricular Beat/True/ReNew20230809_Patient_P001-006_P-004_04-10-2023_P-004_04-10-2023.linejson_duration=1s_pos=4999074-4999138_src=ishne.json
31.627739855149624,438.5997784402962,56.3004721485426,17.894455930205886,13.867565832444951,1.935483870967742,3968,128,48,78.125,140.625,2,95.36591809775429,0.28218450458945826,0.7178154954105418,6.382978723404255,7.882498747323067,0.006389367099776985,2.55493971920633,0.4480247225269604,Isolated Ventricular Beat/True/ReNew20230809_Patient_P001-006_P-002_04-06-2023_P-002_04-06-2023.linejson_duration=1s_pos=5643004-5643068_src=ishne.json
76.9947443773401,482.40632627341216,94.29667256601752,35.14006639480838,6.265444789890643,1.2903225806451613,3968,128,37,70.3125,148.4375,2,71.47880041365048,0.816811081744031,0.18318891825596895,22.22222222222222,7.929688489262942,0.0012302042786111248,1.034233374599663,0.7114963192281418,Isolated Ventricular Beat/True/data20240102_aligned_R-003_1697648979857-1697649578857_duration=1s_pos=28340-28404_src=ishne.json
38.96638873856534,397.60148781606796,57.1832217219477,18.651043586053852,10.203703511761539,3.870967741935484,3968,128,3,54.6875,125.0,1,,,,,21.24287850943156,0.006670021706724014,0.7495521116459949,,Isolated Ventricular Beat/True/data20240102_aligned_C-002_1700114385660-1700114990660_duration=1s_pos=65292-65356_src=ishne.json
3.0300490516265897,405.4141711166736,22.80572012510389,1.2780329008730273,133.79784630918533,41.54838709677419,3968,128,36,78.125,140.625,9,68.7995904786281,0.12095025404903362,0.8790497459509664,8.571428571428571,9.929739590131257,0.003673952769739971,2.828677299592095,1.0799201556559572,Isolated Ventricular Beat/True/ReNew20230809_Patient_P001-006_P-006_04-10-2023_P-006_04-10-2023.linejson_duration=1s_pos=8990840-8990904_src=ishne.json
3.2969445980073226,409.9144340588623,22.935785937247008,1.4542277390474645,124.33157353479383,36.645161290322584,3968,128,35,85.9375,132.8125,13,67.38580645161291,0.11001208901489558,0.8899879109851044,2.9411764705882355,11.759110007856286,0.0037749595550742514,2.8820825424450387,1.6094379124341003,Isolated Ventricular Beat/True/ReNew20230809_Patient_P001-006_P-006_04-10-2023_P-006_04-10-2023.linejson_duration=1s_pos=9104407-9104471_src=ishne.json
16.29162947909159,410.4018314320781,51.889821451026364,4.045291553442576,25.190961209117837,10.967741935483872,3968,128,43,78.125,125.0,2,82.18089171974523,0.23873970962351398,0.761260290376486,0.0,11.651770518685222,0.00022932138459791078,8.478759262940386,0.4097847692526807,Isolated Ventricular Beat/True/ReNew20230809_Patient_P001-006_P-002_04-06-2023_P-002_04-06-2023.linejson_duration=1s_pos=4143061-4143125_src=ishne.json
31.73925138695658,399.8166586148887,48.92407909863515,21.67088214946078,12.596914815145285,2.5806451612903225,3968,128,45,70.3125,78.125,0,85.59270516717326,0.25796103457863945,0.7420389654213606,22.727272727272727,15.756710869522756,0.03373320823457521,1.749833886275645,0.22652764929845035,Isolated Ventricular Beat/True/data20240102_aligned_R-003_1697646649857-1697647248857_duration=1s_pos=72701-72765_src=ishne.json
5.749682193018015,408.9949900438421,23.093285147032535,2.58163408968648,71.13348271788175,19.870967741935484,3968,128,41,93.75,164.0625,15,78.64823348694317,0.16639962151781246,0.8336003784821875,0.0,20.970762785589773,0.0006547673082913562,2.2188762763060415,0.20622707764750908,Isolated Ventricular Beat/True/ReNew20230809_Patient_P001-006_P-004_04-10-2023_P-004_04-10-2023.linejson_duration=1s_pos=9178059-9178123_src=ishne.json
39.60922521896152,434.29627628302046,53.593248401897256,29.50602252223844,10.964523110908853,1.935483870967742,3968,128,34,58.59375,78.125,0,67.1898197242842,0.33176161468755744,0.6682383853124425,12.121212121212121,18.862567142497618,0.005796953072386758,1.6650780596376433,0.2837681731306446,Isolated Ventricular Beat/True/data20240102_aligned_R-003_1697646649857-1697647248857_duration=1s_pos=37591-37655_src=ishne.json
4.098306585733543,403.5065708815594,22.70810822848079,1.8837496689800837,98.45687822119312,28.774193548387096,3968,128,37,140.625,156.25,25,70.91048986919722,0.2152839296988969,0.7847160703011031,0.0,22.7515957583077,0.0010696201652671679,2.242495201934328,0.30580945704433754,Isolated Ventricular Beat/True/ReNew20230809_Patient_P001-006_P-004_04-10-2023_P-004_04-10-2023.linejson_duration=1s_pos=6594283-6594347_src=ishne.json
9.620966144070199,407.9781528486433,23.8409254140339,5.6240932857929415,42.40510821202598,9.806451612903226,3968,128,45,93.75,171.875,16,86.71285604311008,0.20353807334292484,0.7964619266570752,2.272727272727273,9.765993637910315,0.004647273819783512,0.9559276569332165,0.2744368457017603,Isolated Ventricular Beat/True/ReNew20230809_Patient_P001-006_P-004_04-10-2023_P-004_04-10-2023.linejson_duration=1s_pos=10012681-10012745_src=ishne.json
40.78236136062536,415.99745185223736,56.541315607540085,22.80154399520029,10.200425570586257,3.225806451612903,3968,128,50,78.125,132.8125,2,96.22091536691383,0.206081276094366,0.793918723905634,2.0408163265306123,9.561103739565294,0.0019114024576327058,6.8362319400837075,0.30294954458256934,Isolated Ventricular Beat/True/ReNew20230809_Patient_P001-006_P-002_04-06-2023_P-002_04-06-2023.linejson_duration=1s_pos=3585721-3585785_src=ishne.json
99.33430549639536,753.3334863627264,99.48654602579447,68.13330621578717,7.583819859758757,0.903225806451613,3968,128,62,85.9375,156.25,25,121.14817688130334,0.029167789934450593,0.9708322100655494,0.0,16.81498897582314,0.004009407350841367,2.3668877720571593,0.8803587226480918,Isolated Ventricular Beat/True/ReNew20230809_Patient_P001-006_P-003_04-10-2023_P-003_04-10-2023.linejson_duration=1s_pos=7030894-7030958_src=ishne.json
31.253708647706926,396.66693754722183,49.20066927812339,15.817090236621922,12.691835369895847,4.516129032258064,3968,128,48,78.125,132.8125,1,92.45901639344261,0.278759144559697,0.7212408554403029,4.25531914893617,10.714940284128204,0.0006445469999105313,5.575809600374253,0.17154242253912752,Isolated Ventricular Beat/True/ReNew20230809_Patient_P001-006_P-002_04-06-2023_P-002_04-06-2023.linejson_duration=1s_pos=5945981-5946045_src=ishne.json
4.188506970038024,390.53849018165374,22.164592707014098,1.6376441837466782,93.24047918144663,32.12903225806451,3968,128,26,85.9375,179.6875,8,50.19607843137255,0.12014771548304781,0.8798522845169522,4.0,24.5079603207105,0.0007019604857172561,2.142297516510646,0.35482137528940944,Isolated Ventricular Beat/True/ReNew20230809_Patient_P001-006_P-005_04-10-2023_P-005_04-10-2023.linejson_duration=1s_pos=5646661-5646725_src=ishne.json
11.703819229303425,395.6602062605037,24.097982614183838,7.114593793816848,33.80607344513631,9.290322580645162,3968,128,51,93.75,156.25,24,97.3630831643002,0.1380307404213134,0.8619692595786865,0.0,18.0659746236611,0.0035589755747479196,2.7425388632903993,0.08793687451057265,Isolated Ventricular Beat/True/ReNew20230809_Patient_P001-006_P-004_04-10-2023_P-004_04-10-2023.linejson_duration=1s_pos=9792699-9792763_src=ishne.json
26.98234899656939,382.1240003606582,48.88943472369845,17.70925507317478,14.161998506773594,3.870967741935484,3968,128,43,78.125,125.0,1,83.45666235446313,0.2528375075537885,0.7471624924462115,0.0,11.023956734565479,0.0012231383065488947,6.052871978275838,0.29804485948732745,Isolated Ventricular Beat/True/ReNew20230809_Patient_P001-006_P-002_04-06-2023_P-002_04-06-2023.linejson_duration=1s_pos=5520890-5520954_src=ishne.json
11.774684170827854,429.08717329359115,51.28203449340375,3.0517333554374027,36.441498610652275,18.70967741935484,3968,128,49,78.125,179.6875,4,95.25581395348837,0.20710493567177152,0.7928950643282284,16.666666666666668,12.659566824225395,0.0018976776877938314,1.1549603254621523,0.6019569424953486,Isolated Ventricular Beat/True/ReNew20230809_Patient_P001-006_P-002_04-06-2023_P-002_04-06-2023.linejson_duration=1s_pos=6002702-6002766_src=ishne.json
5.384218334495539,416.22826241483966,23.29666651653686,2.817674917897417,77.30522041480636,20.774193548387096,3968,128,38,101.5625,132.8125,18,75.69525839104955,0.16392852495575044,0.8360714750442495,10.81081081081081,11.33596410775158,0.00035839132049674953,3.247348916397933,1.1151415906193203,Isolated Ventricular Beat/True/ReNew20230809_Patient_P001-006_P-006_04-10-2023_P-006_04-10-2023.linejson_duration=1s_pos=8275855-8275919_src=ishne.json
3.0337013467638076,407.3928333391841,22.920308112362793,1.154776776910893,134.28899304302846,43.225806451612904,3968,128,34,85.9375,132.8125,11,66.80021085925145,0.15070583260920517,0.8492941673907948,6.0606060606060606,11.699970534973525,0.0012862141086054163,2.7089197615874805,1.1631508098056809,Isolated Ventricular Beat/True/ReNew20230809_Patient_P001-006_P-006_04-10-2023_P-006_04-10-2023.linejson_duration=1s_pos=9070029-9070093_src=ishne.json
4.853326440370109,394.66343758299905,22.144212516794916,2.725809416427749,81.31811472273185,20.64516129032258,3968,128,40,93.75,164.0625,7,76.85912240184757,0.07372905283131816,0.9262709471686819,2.5641025641025643,23.925524172083588,0.0001989720327184973,2.350646882450125,0.8811994120628849,Isolated Ventricular Beat/True/ReNew20230809_Patient_P001-006_P-003_04-10-2023_P-003_04-10-2023.linejson_duration=1s_pos=8571162-8571226_src=ishne.json
3.117618871533807,408.0116345657632,23.00789618017443,1.3508776932336097,130.87279764002452,39.74193548387097,3968,128,34,105.46875,132.8125,17,65.47145440454663,0.1942677959756664,0.8057322040243335,3.0303030303030303,16.091544966820244,0.0006253950327997969,3.6550008700115795,0.6418538861723948,Isolated Ventricular Beat/True/ReNew20230809_Patient_P001-006_P-006_04-10-2023_P-006_04-10-2023.linejson_duration=1s_pos=9444650-9444714_src=ishne.json
12.949438542255107,404.1267684996657,25.25019080655458,7.823202270779928,31.208050910695103,6.193548387096774,3968,128,39,85.9375,171.875,13,75.15838269379346,0.32994740635505965,0.6700525936449404,7.894736842105263,25.7109394314207,0.07935568218398346,0.547687435663153,0.49875304253172154,Isolated Ventricular Beat/True/ReNew20230809_Patient_P001-006_P-004_04-10-2023_P-004_04-10-2023.linejson_duration=1s_pos=5602103-5602167_src=ishne.json
20.6594941334819,411.2218140811663,51.11229677694513,7.041551587960937,19.904736849775087,8.38709677419355,3968,128,52,78.125,117.1875,0,100.71483671895089,0.05027903396189897,0.9497209660381011,1.9607843137254901,10.12972104964726,0.000842372299994681,7.642036493113618,,Isolated Ventricular Beat/True/ReNew20230809_Patient_P001-006_P-002_04-06-2023_P-002_04-06-2023.linejson_duration=1s_pos=3442805-3442869_src=ishne.json
4.598617452434593,391.94096549531855,22.228637120017357,2.3488119758526826,85.2301554367525,22.967741935483872,3968,128,31,85.9375,148.4375,4,60.03126628452319,0.10267085934116599,0.897329140658834,3.3333333333333335,23.932746389843246,0.00037673722001301636,2.373049636085804,0.29391262220241704,Isolated Ventricular Beat/True/ReNew20230809_Patient_P001-006_P-005_04-10-2023_P-005_04-10-2023.linejson_duration=1s_pos=10142805-10142869_src=ishne.json
6.969194371619479,407.6427041805315,24.10403020981614,2.3638804888863607,58.49207583425873,23.35483870967742,3968,128,39,93.75,132.8125,19,77.99037947621592,0.2750223453239223,0.7249776546760778,2.6315789473684212,12.9542426669293,0.00153250284352074,3.508792992944323,0.3065251602532608,Isolated Ventricular Beat/True/ReNew20230809_Patient_P001-006_P-006_04-10-2023_P-006_04-10-2023.linejson_duration=1s_pos=6755118-6755182_src=ishne.json
12.104692762117187,414.3389599476981,50.92904718742971,3.6994117315372055,34.22961109882945,14.193548387096774,3968,128,34,85.9375,140.625,10,67.11864406779661,0.3062084359194643,0.6937915640805357,3.0303030303030303,15.127031524225075,0.0013503783211899518,5.385743756823892,0.8915981192837836,Isolated Ventricular Beat/True/ReNew20230809_Patient_P001-006_P-002_04-06-2023_P-002_04-06-2023.linejson_duration=1s_pos=6776605-6776669_src=ishne.json
27.391674595349116,440.12507195394824,51.11200408613639,17.808726428301558,16.067840407276066,3.870967741935484,3968,128,43,78.125,125.0,3,83.24129032258064,0.2512468470400924,0.7487531529599076,0.0,11.009754121922787,0.0012841269640163305,6.084737229631978,0.28927824198460317,Isolated Ventricular Beat/True/ReNew20230809_Patient_P001-006_P-002_04-06-2023_P-002_04-06-2023.linejson_duration=1s_pos=5521158-5521222_src=ishne.json
13.231919192482989,406.71302135463503,50.47262283074923,3.0937936288091272,30.73726378622563,21.935483870967744,3968,128,45,78.125,132.8125,6,86.33622892181911,0.21442371768694785,0.7855762823130521,0.0,11.763414572628955,0.0008749153235471226,6.003623502466995,0.31383478526224007,Isolated Ventricular Beat/True/ReNew20230809_Patient_P001-006_P-002_04-06-2023_P-002_04-06-2023.linejson_duration=1s_pos=5887636-5887700_src=ishne.json
9.342125623831503,389.0759191761358,48.31838686082469,1.7182789876941662,41.64746795270512,32.25806451612903,3968,128,22,82.03125,125.0,1,43.67181153533712,0.09196407277383983,0.9080359272261602,9.523809523809524,15.195965564372013,0.0009496964055449583,1.4107341745366184,,Isolated Ventricular Beat/True/data20240102_aligned_C-001_1701944384670-1701944988670_duration=1s_pos=70762-70826_src=ishne.json
3.064017656583191,397.7533929862127,22.423939042844292,1.2969662264182835,129.81428560548105,40.25806451612903,3968,128,36,101.5625,132.8125,17,70.56970333420846,0.11108224684760402,0.888917753152396,5.714285714285714,12.442346284376356,0.0008802405117541173,3.0388891668503675,0.8708283577973976,Isolated Ventricular Beat/True/ReNew20230809_Patient_P001-006_P-006_04-10-2023_P-006_04-10-2023.linejson_duration=1s_pos=7321338-7321402_src=ishne.json
4.636558280382196,402.0361367645737,22.736989729514065,2.4008637273948974,86.71001759119825,24.64516129032258,3968,128,36,93.75,164.0625,15,69.22482616533608,0.20462535558538952,0.7953746444146105,0.0,22.13745852431801,0.0006656254945754096,2.1651273555891346,0.2168739383006143,Isolated Ventricular Beat/True/ReNew20230809_Patient_P001-006_P-004_04-10-2023_P-004_04-10-2023.linejson_duration=1s_pos=6161780-6161844_src=ishne.json
16.145405136242406,384.52126746142824,48.17887501924045,5.80645115029621,23.816140902041106,12.258064516129032,3968,128,48,78.125,125.0,1,91.77726926010679,0.15514873308490384,0.8448512669150962,0.0,10.332085675738488,0.0010394446823207627,7.572678564684729,0.43835932051316984,Isolated Ventricular Beat/True/ReNew20230809_Patient_P001-006_P-002_04-06-2023_P-002_04-06-2023.linejson_duration=1s_pos=2743385-2743449_src=ishne.json
97.56857035138358,547.827928206067,101.27528079106177,70.65093910085774,5.614799116337563,1.935483870967742,3968,128,48,78.125,125.0,2,92.88728769943387,0.19377405457301533,0.8062259454269847,2.127659574468085,10.50466849859241,0.00200476864741959,4.939974375465224,0.262364264467491,Isolated Ventricular Beat/True/ReNew20230809_Patient_P001-006_P-002_04-06-2023_P-002_04-06-2023.linejson_duration=1s_pos=8874476-8874540_src=ishne.json
39.36232705883049,437.08679008237715,69.2424052175883,17.42560170679086,11.104190520162126,4.516129032258064,3968,128,48,78.125,125.0,1,92.05814843152258,0.1760250384023567,0.8239749615976433,2.127659574468085,10.226974543805664,0.0014709546064209183,6.841236877113153,0.5450169885142699,Isolated Ventricular Beat/True/ReNew20230809_Patient_P001-006_P-002_04-06-2023_P-002_04-06-2023.linejson_duration=1s_pos=5279845-5279909_src=ishne.json
4.450319048392815,403.01373384498464,22.914224586303654,2.0974623182870022,90.55837096267463,26.70967741935484,3968,128,38,93.75,164.0625,18,73.25599381283835,0.21322499410801896,0.786775005891981,0.0,19.39413624968497,0.004344302552910126,1.8843154433169444,0.21819304615435356,Isolated Ventricular Beat/True/ReNew20230809_Patient_P001-006_P-004_04-10-2023_P-004_04-10-2023.linejson_duration=1s_pos=5110387-5110451_src=ishne.json
3.165158982040923,408.6646361200511,22.953994683260856,1.3080666326619195,129.1134218929877,39.225806451612904,3968,128,36,85.9375,140.625,10,68.92307692307692,0.15204717424277622,0.8479528257572237,8.571428571428571,10.635716627173199,0.006635095803204022,2.6710200715579826,0.6418538861723948,Isolated Ventricular Beat/True/ReNew20230809_Patient_P001-006_P-006_04-10-2023_P-006_04-10-2023.linejson_duration=1s_pos=9063213-9063277_src=ishne.json
9.893270069778156,394.1199463231596,49.22701698231999,1.853086803758619,39.837172512851936,26.451612903225808,3968,128,35,85.9375,132.8125,4,67.38580645161291,0.08333406312539623,0.9166659368746037,5.882352941176471,18.0975952267611,0.00041485173450712736,3.9945620340177803,1.7346010553881064,Isolated Ventricular Beat/True/ReNew20230809_Patient_P001-006_P-002_04-06-2023_P-002_04-06-2023.linejson_duration=1s_pos=252091-252155_src=ishne.json
12.073642565837206,425.5530733658364,50.1141054016713,3.3981883026459325,35.246449925849525,18.70967741935484,3968,128,42,78.125,125.0,5,81.21743616198091,0.16621111596206029,0.8337888840379397,0.0,12.834359863819826,0.00014443462759088815,9.758759733421225,0.49335099324272663,Isolated Ventricular Beat/True/ReNew20230809_Patient_P001-006_P-002_04-06-2023_P-002_04-06-2023.linejson_duration=1s_pos=8508531-8508595_src=ishne.json
4.101906103240524,409.72626149528503,23.020290250982463,1.9601019669663877,99.88677246532461,29.419354838709676,3968,128,39,132.8125,164.0625,21,74.4299923488906,0.15609284146129523,0.8439071585387048,0.0,21.690119033325246,0.001167479954150472,2.4203647201012606,0.2507950826447198,Isolated Ventricular Beat/True/ReNew20230809_Patient_P001-006_P-004_04-10-2023_P-004_04-10-2023.linejson_duration=1s_pos=4128672-4128736_src=ishne.json
30.386807016108804,421.5989541955598,53.11074506134887,15.454374687757898,13.874407406400163,3.225806451612903,3968,128,52,78.125,125.0,1,101.02656693319577,0.147348146341768,0.852651853658232,1.9607843137254901,9.470261785890767,0.001848470861453964,6.781146339803281,0.3349752303536197,Isolated Ventricular Beat/True/ReNew20230809_Patient_P001-006_P-002_04-06-2023_P-002_04-06-2023.linejson_duration=1s_pos=8693200-8693264_src=ishne.json
13.254715471427625,414.0315660056374,50.75206844996686,4.603400934256707,31.236546394495857,12.258064516129032,3968,128,7,85.9375,132.8125,3,13.53701527614571,0.6298993041951116,0.37010069580488836,33.333333333333336,24.585576584667052,0.00617549594558277,0.1787960685621431,,Isolated Ventricular Beat/True/ReNew20230809_Public_Isolated events_new1_1686762000000-1686785011000_duration=1s_pos=1484635-1484699_src=ishne.json
3.7616019450917584,413.3436527595783,23.256876897737044,1.6813831319495431,109.88497690829392,30.967741935483872,3968,128,34,125.0,132.8125,18,67.56598240469208,0.18653423922312426,0.8134657607768757,12.121212121212121,15.115948532804602,0.0011330453762634829,3.2904213362278916,0.4317824164255378,Isolated Ventricular Beat/True/ReNew20230809_Patient_P001-006_P-006_04-10-2023_P-006_04-10-2023.linejson_duration=1s_pos=8176477-8176541_src=ishne.json
16.50161883204217,401.8888642400198,50.0569094228302,6.0778778983408,24.35450994087553,4.516129032258064,3968,128,47,78.125,125.0,2,91.90426638917793,0.07251861260291843,0.9274813873970815,2.1739130434782608,12.523707147301304,0.0034210389270852757,5.0688759041203735,0.6554068525770982,Isolated Ventricular Beat/True/ReNew20230809_Patient_P001-006_P-002_04-06-2023_P-002_04-06-2023.linejson_duration=1s_pos=3612482-3612546_src=ishne.json
26.30494091040983,398.62790536747804,57.00631651925285,3.9626623620987456,15.15410703909315,17.419354838709676,3968,128,45,78.125,140.625,4,90.20822210357716,0.2765168266722296,0.7234831733277705,0.0,9.119146829458392,0.040618547443084255,3.052962795474455,0.322773392263051,Isolated Ventricular Beat/True/ReNew20230809_Patient_P001-006_P-002_04-06-2023_P-002_04-06-2023.linejson_duration=1s_pos=5928483-5928547_src=ishne.json
4.585262930779637,416.66186368030753,23.659317625443173,1.8793503695644365,90.86976670707418,30.193548387096776,3968,128,36,85.9375,132.8125,13,69.42148760330578,0.17370008401692175,0.8262999159830783,8.571428571428571,14.690666422761744,0.003114737335793088,3.251958760091356,0.6264558060612732,Isolated Ventricular Beat/True/ReNew20230809_Patient_P001-006_P-006_04-10-2023_P-006_04-10-2023.linejson_duration=1s_pos=8295696-8295760_src=ishne.json
5.722318260925409,401.24436472721214,22.511492179727103,3.0057375153592636,70.11918532177864,19.870967741935484,3968,128,41,93.75,148.4375,6,78.85010266940452,0.06836579800642553,0.9316342019935745,2.5,22.56268649379516,0.0010708093860956637,2.098303281252462,0.27570588140506525,Isolated Ventricular Beat/True/ReNew20230809_Patient_P001-006_P-005_04-10-2023_P-005_04-10-2023.linejson_duration=1s_pos=6971984-6972048_src=ishne.json
3.0920384476417837,399.78052946431694,22.484661464007672,1.234459742285976,129.29347643647267,41.16129032258065,3968,128,35,78.125,132.8125,8,69.1891891891892,0.09546749446984028,0.9045325055301597,2.9411764705882355,11.390374642111333,0.0031808621227175132,2.8842591394156045,0.6931471805599453,Isolated Ventricular Beat/True/ReNew20230809_Patient_P001-006_P-006_04-10-2023_P-006_04-10-2023.linejson_duration=1s_pos=7562107-7562171_src=ishne.json
3.081323953044488,400.0194044629963,22.467760574582506,1.2866317486969203,129.82058385882317,39.87096774193548,3968,128,35,78.125,132.8125,11,69.15254237288136,0.08724306420278144,0.9127569357972185,2.9411764705882355,11.153549618540486,0.000849487989617942,2.7416108276451725,1.466337068793427,Isolated Ventricular Beat/True/ReNew20230809_Patient_P001-006_P-006_04-10-2023_P-006_04-10-2023.linejson_duration=1s_pos=7431549-7431613_src=ishne.json
13.811352213459621,401.12880046854906,49.58306706672257,4.744449741442502,29.04341046593724,12.903225806451612,3968,128,32,101.5625,179.6875,9,62.178114390180205,0.17673043096250832,0.8232695690374917,0.0,6.0075522942905994,0.003774343491148195,0.5135667915972675,0.15106901328985023,Isolated Ventricular Beat/True/ReNew20230809_Public_Isolated events_new1_1686762000000-1686785011000_duration=1s_pos=1294725-1294789_src=ishne.json
12.885366461214739,409.0424900479378,50.62705022311576,4.204717923691259,31.744728373417786,15.483870967741936,3968,128,44,78.125,117.1875,0,85.13534416086621,0.1351670233787282,0.8648329766212718,0.0,13.052231412870341,0.0007841816882334344,5.309413850730574,0.6931471805599453,Isolated Ventricular Beat/True/ReNew20230809_Patient_P001-006_P-002_04-06-2023_P-002_04-06-2023.linejson_duration=1s_pos=7605636-7605700_src=ishne.json
17.74709085683053,405.44348120197225,34.674123637856354,4.748177748878479,22.84562927113743,15.225806451612902,3968,128,8,89.84375,179.6875,3,52.042594385285575,0.9558014510115806,0.04419854898841935,0.0,9.79572088286986,0.006399612280872946,0.9315404253769686,,Isolated Ventricular Beat/True/ReNew20230809_Patient_P001-006_P-004_04-10-2023_P-004_04-10-2023.linejson_duration=1s_pos=6893800-6893864_src=ishne.json
3.8501944883700965,403.9688589256543,22.74025944014811,1.8404167131418347,104.92164882169826,29.419354838709676,3968,128,42,140.625,156.25,25,80.16293279022403,0.15255758481293835,0.8474424151870616,0.0,21.600329426892415,0.0007658660457976412,2.726054333361926,0.5842530923208079,Isolated Ventricular Beat/True/ReNew20230809_Patient_P001-006_P-004_04-10-2023_P-004_04-10-2023.linejson_duration=1s_pos=6709469-6709533_src=ishne.json
32.85502911573192,413.53866281400343,51.02147695311378,22.88024045260617,12.586768642649622,1.2903225806451613,3968,128,44,70.3125,78.125,0,86.6089693154996,0.25886471644882697,0.7411352835511731,20.930232558139537,15.949901691323305,0.004293448585325054,1.8749265702285,0.294799540220645,Isolated Ventricular Beat/True/data20240102_aligned_R-003_1697646649857-1697647248857_duration=1s_pos=71675-71739_src=ishne.json
2.9005736552698034,391.0829807755463,22.050258903926828,1.2255266739026327,134.829482862998,42.83870967741936,3968,128,35,125.0,164.0625,19,68.07090719499479,0.04647859632352483,0.9535214036764752,2.9411764705882355,18.430854147249672,0.0009395013460216,1.7944973332181133,1.791759469228055,Isolated Ventricular Beat/True/ReNew20230809_Patient_P001-006_P-004_04-10-2023_P-004_04-10-2023.linejson_duration=1s_pos=1860527-1860591_src=ishne.json
4.4738908838281555,404.64564608977605,22.831621825860292,2.207743440234111,90.446004641385,22.70967741935484,3968,128,39,140.625,156.25,24,73.9209726443769,0.1560119203423026,0.8439880796576974,0.0,22.55594620366808,0.0015176207673546958,2.62111977019496,0.22456098599518318,Isolated Ventricular Beat/True/ReNew20230809_Patient_P001-006_P-004_04-10-2023_P-004_04-10-2023.linejson_duration=1s_pos=8499264-8499328_src=ishne.json
9.025782065716127,406.94078829923643,23.152686086885346,5.6875392836273075,45.08648006896771,9.032258064516128,3968,128,48,125.0,164.0625,24,94.17166710148707,0.1427693366317062,0.8572306633682938,0.0,16.33441258198074,0.022959116087173843,2.0225139584302254,0.10454385575127031,Isolated Ventricular Beat/True/ReNew20230809_Patient_P001-006_P-004_04-10-2023_P-004_04-10-2023.linejson_duration=1s_pos=9759222-9759286_src=ishne.json
12.664172973027794,413.4669200130512,50.92282966924962,3.982252637822592,32.64855022472485,16.7741935483871,3968,128,39,85.9375,125.0,3,76.65878644602049,0.28975516428443454,0.7102448357155655,10.526315789473685,12.342351730297606,0.0005338063608234302,2.5657456144340833,0.8201468713212527,Isolated Ventricular Beat/True/ReNew20230809_Patient_P001-006_P-002_04-06-2023_P-002_04-06-2023.linejson_duration=1s_pos=6062679-6062743_src=ishne.json
18.14675416139421,400.4557065980886,49.90603961528488,7.464603216685628,22.06762052149282,10.32258064516129,3968,128,49,78.125,125.0,1,95.80041580041579,0.15229311078405985,0.8477068892159402,0.0,10.899012736722998,0.003359031621602688,6.957189183030164,0.542956901948784,Isolated Ventricular Beat/True/ReNew20230809_Patient_P001-006_P-002_04-06-2023_P-002_04-06-2023.linejson_duration=1s_pos=7029184-7029248_src=ishne.json
3.364038938078115,393.25290383742697,22.16812936599616,1.3894950908622805,116.89899973723064,35.35483870967742,3968,128,38,101.5625,156.25,18,72.1767843535687,0.06345744056736971,0.9365425594326303,2.7027027027027026,24.092900306819175,0.00016173710841370628,2.385109348141856,0.8407831793660099,Isolated Ventricular Beat/True/ReNew20230809_Patient_P001-006_P-004_04-10-2023_P-004_04-10-2023.linejson_duration=1s_pos=521408-521472_src=ishne.json
24.806146536152013,414.2204525814142,48.99953679533211,16.938213850664408,16.698298354379173,5.806451612903226,3968,128,45,78.125,148.4375,6,87.09278350515464,0.17932514817533907,0.8206748518246609,9.090909090909092,2.128011930536597,0.003435631328914787,0.22222262550135713,0.47608267532211773,Isolated Ventricular Beat/True/ReNew20230809_Patient_ECG-Data2_C880654_ECGRec_202308_C880654_2023-_duration=1s_pos=510288-510352_src=ishne.json
11.086932099128681,396.1864789491439,48.89841001813272,2.442017811331798,35.73454222252682,25.161290322580644,3968,128,39,85.9375,140.625,6,74.14634146341463,0.2911008895949726,0.7088991104050274,0.0,11.61425727874785,0.0020491297825729173,4.72651861800798,0.6667604253867503,Isolated Ventricular Beat/True/ReNew20230809_Patient_P001-006_P-002_04-06-2023_P-002_04-06-2023.linejson_duration=1s_pos=837684-837748_src=ishne.json
17.40507484070542,408.3818893163493,50.86495754820674,6.606098482570877,23.463378904748154,7.741935483870968,3968,128,46,78.125,125.0,1,87.7602844083291,0.16186622949597898,0.838133770504021,2.2222222222222223,10.926958538194775,0.0185535325153345,8.361378562214467,0.3706789920227489,Isolated Ventricular Beat/True/ReNew20230809_Patient_P001-006_P-002_04-06-2023_P-002_04-06-2023.linejson_duration=1s_pos=3614899-3614963_src=ishne.json
5.314022139995979,399.6208506669253,22.510686626655705,2.8818310253861945,75.2011875257336,19.35483870967742,3968,128,42,101.5625,156.25,19,81.935987509758,0.06335968590785698,0.936640314092143,2.4390243902439024,22.953140276180207,0.02961590650760186,2.6047306628086684,0.977984300879495,Isolated Ventricular Beat/True/ReNew20230809_Patient_P001-006_P-004_04-10-2023_P-004_04-10-2023.linejson_duration=1s_pos=7591630-7591694_src=ishne.json
9.621489630228501,405.4447895546258,23.78133280959648,5.522369151064188,42.13949845576027,11.35483870967742,3968,128,47,85.9375,164.0625,19,91.83259682869769,0.1415333115982134,0.8584666884017866,0.0,16.655846292842394,0.005249554898916966,1.7237576891647977,0.2443275002942261,Isolated Ventricular Beat/True/ReNew20230809_Patient_P001-006_P-004_04-10-2023_P-004_04-10-2023.linejson_duration=1s_pos=10085502-10085566_src=ishne.json
11.30741136577437,402.18733678555384,50.28992717809082,2.9424477665253024,35.56846816720925,20.0,3968,128,38,85.9375,140.625,8,73.21824272094821,0.30649617740435436,0.6935038225956456,10.81081081081081,16.126086836116343,0.00233608860526047,4.402490581609061,0.8549902060103594,Isolated Ventricular Beat/True/ReNew20230809_Patient_P001-006_P-002_04-06-2023_P-002_04-06-2023.linejson_duration=1s_pos=9232624-9232688_src=ishne.json
35.37512417851503,413.4842333852805,49.914028602734206,25.13559312826652,11.688558875726859,2.5806451612903225,3968,128,46,70.3125,85.9375,0,89.09512761020882,0.2757411511224784,0.7242588488775217,28.88888888888889,14.648640913105307,0.0008170042765345514,1.7896212917370933,0.15336110221024077,Isolated Ventricular Beat/True/data20240102_aligned_R-003_1697646649857-1697647248857_duration=1s_pos=52820-52884_src=ishne.json
11.188399341318211,405.4973046773721,50.014293410981765,2.6606193345528606,36.24265241742294,18.70967741935484,3968,128,34,85.9375,140.625,5,64.29223744292237,0.23762091833607213,0.7623790816639279,0.0,18.134529938838792,0.0006955586755404819,6.848154489504248,0.5212969236332861,Isolated Ventricular Beat/True/ReNew20230809_Patient_P001-006_P-002_04-06-2023_P-002_04-06-2023.linejson_duration=1s_pos=6577737-6577801_src=ishne.json
3.1152654491741747,406.0621965695559,22.838992727443184,1.299267153007433,130.34589599140028,38.32258064516129,3968,128,36,78.125,132.8125,12,69.10025706940874,0.13553678319685897,0.864463216803141,8.571428571428571,10.18317189944336,0.0003400546138101155,2.8833412972511607,0.6131044728864089,Isolated Ventricular Beat/True/ReNew20230809_Patient_P001-006_P-006_04-10-2023_P-006_04-10-2023.linejson_duration=1s_pos=8988628-8988692_src=ishne.json
35.963604458657095,451.97194793152875,62.67657831374247,18.190512326327067,12.567481546062032,5.806451612903226,3968,128,50,78.125,125.0,2,98.2815356489945,0.20314726702839264,0.7968527329716073,0.0,11.03731303979175,0.0013287099922436923,6.9263367284752695,0.2876820724517809,Isolated Ventricular Beat/True/ReNew20230809_Patient_P001-006_P-002_04-06-2023_P-002_04-06-2023.linejson_duration=1s_pos=7992058-7992122_src=ishne.json
3.0248743125359008,405.2844872964379,22.690170469705766,1.0740134379512156,133.9838655883862,46.70967741935484,3968,128,35,85.9375,140.625,8,67.09146968139774,0.08339505816829058,0.9166049418317094,2.9411764705882355,26.457247734237974,0.0005208152697387083,0.9058100576961831,1.0531499145913523,Isolated Ventricular Beat/True/ReNew20230809_Patient_P001-006_P-003_04-10-2023_P-003_04-10-2023.linejson_duration=1s_pos=74993-75057_src=ishne.json
10.21844379740723,404.194123425686,50.16587955615492,2.1003148771305824,39.55534637993483,24.516129032258064,3968,128,34,121.09375,156.25,17,65.35327488396081,0.06710633117191696,0.932893668828083,3.0303030303030303,19.83795395269135,0.0008127991391374421,2.668347182079714,0.9903987040278769,Isolated Ventricular Beat/True/data20240102_aligned_C-001_1702012763670-1702013371670_duration=1s_pos=63143-63207_src=ishne.json
27.910839273083813,426.5325234236238,57.25270040776448,9.06478764722618,15.28196640625528,3.870967741935484,3968,128,49,78.125,132.8125,6,93.94495412844037,0.24572266653710892,0.754277333462891,0.0,9.090107608298778,0.0023879163627532228,4.0553411310932255,0.28533740549252673,Isolated Ventricular Beat/True/ReNew20230809_Patient_P001-006_P-002_04-06-2023_P-002_04-06-2023.linejson_duration=1s_pos=7983145-7983209_src=ishne.json
9.45471165107284,385.6798652555569,48.10575724414132,1.8834247607720789,40.79234128937734,31.61290322580645,3968,128,30,97.65625,171.875,7,58.34948912758711,0.054070732026765475,0.9459292679732345,3.4482758620689653,12.927386716358951,0.0023446827863114047,1.451129004768416,0.8362480242006186,Isolated Ventricular Beat/True/data20240102_aligned_C-001_1701934168670-1701934690670_duration=1s_pos=30432-30496_src=ishne.json
12.984519953219566,407.08740594918714,50.570119043656426,4.54355919362448,31.351746238142745,12.258064516129032,3968,128,40,78.125,132.8125,8,77.87831513260531,0.26820750232956075,0.7317924976704393,0.0,12.693242291923594,0.0016007042286873096,9.29742228915607,0.4781817756896279,Isolated Ventricular Beat/True/ReNew20230809_Patient_P001-006_P-002_04-06-2023_P-002_04-06-2023.linejson_duration=1s_pos=8375550-8375614_src=ishne.json
13.310771897349962,404.8895305438698,51.091657063379266,3.6955790564288105,30.418183351657902,15.483870967741936,3968,128,44,78.125,132.8125,2,84.5685019206146,0.16429567872791034,0.8357043212720896,2.3255813953488373,11.502759625404002,0.0009277040355371864,4.584370113619098,0.5260930958967791,Isolated Ventricular Beat/True/ReNew20230809_Patient_P001-006_P-002_04-06-2023_P-002_04-06-2023.linejson_duration=1s_pos=3501670-3501734_src=ishne.json
16.639842017652143,399.5807256621302,28.47158096522926,10.172555748558132,24.01349130747451,5.290322580645161,3968,128,50,101.5625,164.0625,20,95.92658679581953,0.019449918793683192,0.9805500812063168,0.0,16.069170681049428,0.0011722978163038918,1.719006062761742,1.5869650565820417,Isolated Ventricular Beat/True/ReNew20230809_Patient_P001-006_P-004_04-10-2023_P-004_04-10-2023.linejson_duration=1s_pos=5807551-5807615_src=ishne.json
30.922579142213998,429.54821722605453,54.232817992961046,15.68501766129604,13.891085907144477,3.870967741935484,3968,128,4,97.65625,117.1875,0,76.8,0.7710166448690617,0.22898335513093826,33.333333333333336,27.534524773990505,0.014425732008546339,0.34582055359738006,,Isolated Ventricular Beat/True/ReNew20230809_Patient_ECG-Data2_C880654_ECGRec_202308_C880654_2023-_duration=1s_pos=29117-29181_src=ishne.json
57.677811922044434,429.67742075810014,72.43628412156511,31.28833167078482,7.449613620732101,3.225806451612903,3968,128,57,78.125,117.1875,0,109.65833758286588,0.2641780143202127,0.7358219856797873,1.7857142857142858,7.883918250640587,0.004232951548491734,6.237544307154412,0.19546235035501291,Isolated Ventricular Beat/True/ReNew20230809_Patient_P001-006_P-002_04-06-2023_P-002_04-06-2023.linejson_duration=1s_pos=7908056-7908120_src=ishne.json
38.53125034575983,393.56024895764455,49.09247771154381,28.831298828087327,10.214053144187696,1.935483870967742,3968,128,35,70.3125,78.125,0,69.20752716671085,0.3350543852487131,0.6649456147512869,14.705882352941176,18.969253796083212,0.0012236561613539693,1.7062323686716871,0.31365755885504165,Isolated Ventricular Beat/True/data20240102_aligned_R-003_1697646649857-1697647248857_duration=1s_pos=37328-37392_src=ishne.json
15.607699995573673,395.2748577538268,50.03368667029274,4.584646041182583,25.325629819915587,14.838709677419354,3968,128,21,85.9375,132.8125,2,40.67796610169491,1.2557776826154383,0.0,20.0,17.609305544094834,0.0020246972487672856,3.682968216611064,0.3212047644904245,Isolated Ventricular Beat/True/ReNew20230809_Patient_P001-006_P-002_04-06-2023_P-002_04-06-2023.linejson_duration=1s_pos=472550-472614_src=ishne.json
4.556785151604029,408.1025387841694,22.929480018792265,2.11412024619273,89.5592913967476,25.548387096774196,3968,128,39,140.625,156.25,21,75.00385505011565,0.18748794466827934,0.8125120553317207,0.0,19.45622396550485,0.00114858557974711,2.0275111930291025,0.30560558864068565,Isolated Ventricular Beat/True/ReNew20230809_Patient_P001-006_P-004_04-10-2023_P-004_04-10-2023.linejson_duration=1s_pos=5124342-5124406_src=ishne.json
11.98255067665302,400.0030863557613,29.763598293579864,3.4991168384870264,33.38212904477877,16.0,3968,128,36,93.75,156.25,15,70.56970333420846,0.22115826537619268,0.7788417346238073,11.428571428571429,24.361290008362968,0.0018636558330107284,1.1667065460591437,0.3121331683159452,Isolated Ventricular Beat/True/ReNew20230809_Patient_P001-006_P-004_04-10-2023_P-004_04-10-2023.linejson_duration=1s_pos=4755548-4755612_src=ishne.json
10.787395637117067,406.9573204499921,50.34469067241343,2.681447710812801,37.72525792272634,18.70967741935484,3968,128,40,78.125,125.0,2,77.67634854771784,0.22715562656769683,0.7728443734323032,0.0,13.949329833736662,0.012058727412497064,8.937084572410033,0.2055992416633002,Isolated Ventricular Beat/True/ReNew20230809_Patient_P001-006_P-002_04-06-2023_P-002_04-06-2023.linejson_duration=1s_pos=1827958-1828022_src=ishne.json
36.28183697189901,421.8764568628638,50.543223573782,27.473732473121572,11.627758692644385,3.225806451612903,3968,128,36,54.6875,93.75,0,68.76438986953185,0.3424867712015058,0.6575132287984942,14.285714285714286,17.040255244348387,0.000883611794126582,1.7240783572749088,0.29965826349849656,Isolated Ventricular Beat/True/data20240102_aligned_R-003_1697646649857-1697647248857_duration=1s_pos=41300-41364_src=ishne.json
6.89200662537611,399.66873047692485,23.294866433851354,3.2035729504672483,57.99017531631273,18.322580645161292,3968,128,43,85.9375,179.6875,13,83.04840370751802,0.08205713167814209,0.9179428683218579,7.142857142857143,22.25668443814839,0.016568385633103304,1.1158915406127312,0.5658077581833438,Isolated Ventricular Beat/True/ReNew20230809_Patient_P001-006_P-005_04-10-2023_P-005_04-10-2023.linejson_duration=1s_pos=6884326-6884390_src=ishne.json
5.182497496676221,422.6731359983393,23.146839006856432,2.42922861996675,81.55779230219159,21.548387096774192,3968,128,35,132.8125,164.0625,18,67.12596401028277,0.22287784310336128,0.7771221568966387,0.0,20.853229695686057,0.002460070279074092,2.0347209967435083,0.3319979562262919,Isolated Ventricular Beat/True/ReNew20230809_Patient_P001-006_P-004_04-10-2023_P-004_04-10-2023.linejson_duration=1s_pos=4503044-4503108_src=ishne.json
38.36789961146179,396.38165183049057,49.399716213077255,30.21787039810475,10.331074818101412,1.935483870967742,3968,128,36,70.3125,78.125,0,69.81818181818181,0.3353969964358002,0.6646030035641999,11.428571428571429,17.906302504444515,0.0004508230626308396,1.7262981212188497,0.3337731796520479,Isolated Ventricular Beat/True/data20240102_aligned_R-003_1697646649857-1697647248857_duration=1s_pos=17279-17343_src=ishne.json
3.9816867786693404,403.0808876223093,22.74898659165551,1.8283994168499795,101.23367527250387,26.322580645161292,3968,128,36,93.75,164.0625,13,68.3969465648855,0.0533744960900232,0.9466255039099768,2.857142857142857,24.45980877352446,0.0006279840189776182,2.5738568316217756,1.0788096613719298,Isolated Ventricular Beat/True/ReNew20230809_Patient_P001-006_P-004_04-10-2023_P-004_04-10-2023.linejson_duration=1s_pos=4411244-4411308_src=ishne.json
41.54039456130128,437.875740156324,73.5560865431435,14.717109377716309,10.540962218574679,7.096774193548387,3968,128,50,78.125,125.0,1,97.74545454545455,0.22041283579152074,0.7795871642084793,2.0408163265306123,8.693312424930607,0.00679804403807195,3.3268217944173206,0.3679372522391519,Isolated Ventricular Beat/True/ReNew20230809_Patient_P001-006_P-002_04-06-2023_P-002_04-06-2023.linejson_duration=1s_pos=5755066-5755130_src=ishne.json
10.624772904975234,398.66555324250277,49.45194940780888,2.1898204149070066,37.52226229075997,29.677419354838708,3968,128,43,78.125,125.0,6,82.47507031449757,0.24600651697626516,0.7539934830237348,2.380952380952381,10.795949104305985,0.0008666815554889587,5.213482960846108,0.4343764516025845,Isolated Ventricular Beat/True/ReNew20230809_Patient_P001-006_P-002_04-06-2023_P-002_04-06-2023.linejson_duration=1s_pos=9036930-9036994_src=ishne.json
3.138356476888981,400.16121644980564,22.553395151727162,1.3714630132716232,127.50657609804253,37.806451612903224,3968,128,36,78.125,132.8125,7,69.74571873378308,0.13944080832976202,0.860559191670238,5.714285714285714,10.688157866932299,0.00024562832555462597,2.7558122468133495,0.8286926725561692,Isolated Ventricular Beat/True/ReNew20230809_Patient_P001-006_P-006_04-10-2023_P-006_04-10-2023.linejson_duration=1s_pos=7370213-7370277_src=ishne.json
3.181182695782269,404.64733050879096,22.85234678809679,1.326749649561032,127.20024028957754,39.225806451612904,3968,128,36,85.9375,132.8125,11,68.7995904786281,0.15226946529437554,0.8477305347056244,8.571428571428571,10.730366510709166,0.00023931679618335825,2.709943970105986,0.756862994946053,Isolated Ventricular Beat/True/ReNew20230809_Patient_P001-006_P-006_04-10-2023_P-006_04-10-2023.linejson_duration=1s_pos=9063885-9063949_src=ishne.json
11.495912728609033,404.1275131929176,50.348477240784966,3.254278697200519,35.154014089997496,12.258064516129032,3968,128,39,78.125,125.0,2,75.4888773926539,0.2856433164722234,0.7143566835277766,0.0,12.01475733254076,0.001848415804966616,6.7445379604940685,0.41042789745029334,Isolated Ventricular Beat/True/ReNew20230809_Patient_P001-006_P-002_04-06-2023_P-002_04-06-2023.linejson_duration=1s_pos=3894767-3894831_src=ishne.json
54.90481520829525,353.3308221750491,69.91123758162598,26.490858418203977,6.435333848211051,1.935483870967742,3968,128,49,78.125,132.8125,5,94.3778801843318,0.30707241735065205,0.692927582649348,4.166666666666667,8.077436446132008,0.006733392971728346,2.677283918234266,0.6643870283846827,Isolated Ventricular Beat/True/ReNew20230809_Patient_P001-006_P-002_04-06-2023_P-002_04-06-2023.linejson_duration=1s_pos=1086061-1086125_src=ishne.json
37.942878346898134,423.73579498551896,50.716187464188714,27.473732473121572,11.167729025292326,2.5806451612903225,3968,128,38,58.59375,93.75,0,72.71238485158649,0.3453819267953616,0.6546180732046384,18.91891891891892,16.918507268842255,0.00022122349335108925,1.7808987291094192,0.2965710198690269,Isolated Ventricular Beat/True/data20240102_aligned_R-003_1697646649857-1697647248857_duration=1s_pos=41820-41884_src=ishne.json
3.087148972807155,411.4878852016242,22.989297265818117,1.283529461194144,133.29053943804905,40.25806451612903,3968,128,35,78.125,132.8125,11,68.51744948832328,0.12563729142283456,0.8743627085771655,5.882352941176471,15.589571551739514,0.0005362988362719436,3.681280848927154,1.5040773967762742,Isolated Ventricular Beat/True/ReNew20230809_Patient_P001-006_P-006_04-10-2023_P-006_04-10-2023.linejson_duration=1s_pos=9533828-9533892_src=ishne.json
53.85303698645198,669.5371508983536,86.92486966928612,23.59056817621097,12.43267187761611,2.5806451612903225,3968,128,50,78.125,132.8125,5,96.12260536398466,0.2341555938725996,0.7658444061274003,2.0408163265306123,8.593860621637651,0.006450712806294144,3.9327312818440556,0.5567353250700686,Isolated Ventricular Beat/True/ReNew20230809_Patient_P001-006_P-002_04-06-2023_P-002_04-06-2023.linejson_duration=1s_pos=5595687-5595751_src=ishne.json
5.133160248434422,404.65968286297607,22.853874027144222,2.391700958481957,78.83245105272982,23.612903225806452,3968,128,44,93.75,156.25,16,84.13757961783439,0.15234092328362994,0.8476590767163701,0.0,18.619216070244764,0.002587302938206814,2.4604847309684965,0.19602762269832177,Isolated Ventricular Beat/True/ReNew20230809_Patient_P001-006_P-004_04-10-2023_P-004_04-10-2023.linejson_duration=1s_pos=10001302-10001366_src=ishne.json
34.48772963247465,426.41876438494666,50.81401221513589,25.941537495312694,12.364361370400475,1.2903225806451613,3968,128,30,70.3125,85.9375,0,59.392,0.3055306494896919,0.6944693505103081,6.896551724137931,19.68503473257375,0.004661888653675619,1.6933164995234737,0.3272129112084162,Isolated Ventricular Beat/True/data20240102_aligned_R-003_1697646649857-1697647248857_duration=1s_pos=21657-21721_src=ishne.json
40.8773924660879,784.6430165446035,82.41780460277417,11.884313085776421,19.19503544656162,1.935483870967742,3968,128,51,78.125,117.1875,0,99.17355371900827,0.15707830618150495,0.842921693818495,0.0,9.000137715637623,0.007740696288958881,5.1365939288069775,0.2789483924830264,Isolated Ventricular Beat/True/ReNew20230809_Patient_P001-006_P-002_04-06-2023_P-002_04-06-2023.linejson_duration=1s_pos=1059808-1059872_src=ishne.json
4.113588158016456,400.13830474848135,22.611052463315563,2.1153055602551873,97.27230634316074,24.387096774193548,3968,128,38,93.75,156.25,18,73.50232798758407,0.270410774521718,0.729589225478282,0.0,22.542139174814615,0.006138737940526147,2.557082987368533,0.19864200327239265,Isolated Ventricular Beat/True/ReNew20230809_Patient_P001-006_P-004_04-10-2023_P-004_04-10-2023.linejson_duration=1s_pos=8185611-8185675_src=ishne.json
