thr,sens,spec,ppv,f1,youden,tp,fp
0.0,1.0,0.0,0.5,0.6666666666666666,0.0,500,500
0.005,1.0,0.0,0.5,0.6666666666666666,0.0,500,500
0.01,1.0,0.0,0.5,0.6666666666666666,0.0,500,500
0.012074199505150318,1.0,0.0,0.5,0.6666666666666666,0.0,500,500
0.01216854713857174,1.0,0.002,0.5005005005005005,0.66711140760507,0.0020000000000000018,500,499
0.015,1.0,0.004,0.501002004008016,0.6675567423230975,0.0040000000000000036,500,498
0.01642085239291191,1.0,0.004,0.501002004008016,0.6675567423230975,0.0040000000000000036,500,498
0.016939353197813034,1.0,0.006,0.5015045135406219,0.6680026720106881,0.006000000000000005,500,497
0.01836305670440197,1.0,0.008,0.5020080321285141,0.6684491978609626,0.008000000000000007,500,496
0.01846795156598091,1.0,0.01,0.5025125628140703,0.6688963210702341,0.010000000000000009,500,495
0.018578361719846725,1.0,0.012,0.5030181086519114,0.6693440428380187,0.01200000000000001,500,494
0.01877432130277157,1.0,0.014,0.5035246727089627,0.6697923643670463,0.014000000000000012,500,493
0.018804311752319336,1.0,0.016,0.5040322580645161,0.6702412868632708,0.016000000000000014,500,492
0.018839601427316666,1.0,0.018,0.5045408678102926,0.670690811535882,0.018000000000000016,500,491
0.02,1.0,0.02,0.5050505050505051,0.6711409395973155,0.020000000000000018,500,490
0.020360762253403664,1.0,0.02,0.5050505050505051,0.6711409395973155,0.020000000000000018,500,490
0.02046675980091095,1.0,0.022,0.5055611729019212,0.6715916722632639,0.02200000000000002,500,489
0.02115761674940586,0.998,0.022,0.5050607287449392,0.6706989247311828,0.020000000000000018,499,489
0.023128967732191086,0.998,0.024,0.5055724417426545,0.6711499663752521,0.02200000000000002,499,488
0.023140810430049896,0.998,0.026,0.5060851926977687,0.6716016150740243,0.02400000000000002,499,487
0.023282157257199287,0.996,0.026,0.5055837563451777,0.6707070707070707,0.02200000000000002,498,487
0.02437382936477661,0.996,0.028,0.5060975609756098,0.6711590296495957,0.02400000000000002,498,486
0.024598456919193268,0.996,0.03,0.5066124109867752,0.6716115981119353,0.026000000000000023,498,485
0.024693259969353676,0.996,0.032,0.5071283095723014,0.6720647773279352,0.028000000000000025,498,484
0.024771293625235558,0.996,0.034,0.5076452599388379,0.6725185685347738,0.030000000000000027,498,483
0.025,0.996,0.036,0.5081632653061224,0.672972972972973,0.03200000000000003,498,482
0.025113128125667572,0.996,0.036,0.5081632653061224,0.672972972972973,0.03200000000000003,498,482
0.025276241824030876,0.994,0.036,0.5076608784473953,0.6720757268424611,0.030000000000000027,497,482
0.02578333579003811,0.994,0.038,0.5081799591002045,0.6725304465493911,0.03200000000000003,497,481
0.026013771072030067,0.992,0.038,0.5076765609007164,0.6716316858496953,0.030000000000000027,496,481
0.026051310822367668,0.992,0.04,0.5081967213114754,0.6720867208672087,0.03200000000000003,496,480
0.026057666167616844,0.992,0.042,0.5087179487179487,0.672542372881356,0.03400000000000003,496,479
0.02679336629807949,0.99,0.042,0.5082135523613963,0.6716417910447762,0.03200000000000003,495,479
0.026855899021029472,0.99,0.044,0.5087358684480987,0.6720977596741344,0.03400000000000003,495,478
0.026907147839665413,0.99,0.046,0.5092592592592593,0.6725543478260869,0.03600000000000003,495,477
0.02707458660006523,0.99,0.048,0.509783728115345,0.6730115567641061,0.038000000000000034,495,476
0.02724212221801281,0.99,0.05,0.5103092783505154,0.673469387755102,0.040000000000000036,495,475
0.02750580944120884,0.99,0.052,0.5108359133126935,0.673927842069435,0.04200000000000004,495,474
0.027695389464497566,0.99,0.054,0.5113636363636364,0.6743869209809265,0.04400000000000004,495,473
0.0281349029392004,0.988,0.054,0.5108583247156153,0.6734832992501704,0.04200000000000004,494,473
0.028583448380231857,0.988,0.056,0.5113871635610766,0.6739427012278308,0.04400000000000004,494,472
0.02872621826827526,0.988,0.058,0.5119170984455959,0.6744027303754266,0.04600000000000004,494,471
0.028814807534217834,0.986,0.058,0.5114107883817427,0.6734972677595629,0.04400000000000004,493,471
0.02932843193411827,0.984,0.058,0.5109034267912772,0.6725905673274094,0.04200000000000004,492,471
0.029359333217144012,0.984,0.06,0.5114345114345115,0.6730506155950753,0.04400000000000004,492,470
0.029445353895425797,0.984,0.062,0.5119667013527576,0.6735112936344969,0.04600000000000004,492,469
0.029569076374173164,0.984,0.064,0.5125,0.673972602739726,0.04800000000000004,492,468
0.029706042259931564,0.982,0.064,0.5119916579770595,0.6730637422892392,0.04600000000000004,491,468
0.029910722747445107,0.982,0.066,0.5125260960334029,0.6735253772290809,0.04800000000000004,491,467
0.03,0.98,0.066,0.5120167189132706,0.6726149622512011,0.04600000000000004,490,467
0.03010154888033867,0.98,0.066,0.5120167189132706,0.6726149622512011,0.04600000000000004,490,467
0.030378418043255806,0.98,0.068,0.5125523012552301,0.6730769230769231,0.04800000000000004,490,466
0.030424760654568672,0.98,0.07,0.5130890052356021,0.6735395189003437,0.050000000000000044,490,465
0.030866289511322975,0.98,0.072,0.5136268343815513,0.6740027510316369,0.052000000000000046,490,464
0.030866380780935287,0.98,0.074,0.5141657922350472,0.6744666207845836,0.05400000000000005,490,463
0.031034447252750397,0.98,0.076,0.5147058823529411,0.6749311294765841,0.05600000000000005,490,462
0.031321484595537186,0.98,0.078,0.5152471083070452,0.6753962784286699,0.05800000000000005,490,461
0.031527094542980194,0.978,0.078,0.5147368421052632,0.6744827586206896,0.05600000000000005,489,461
0.03156137466430664,0.978,0.08,0.5152792413066386,0.6749482401656315,0.05800000000000005,489,460
0.03158465027809143,0.978,0.082,0.5158227848101266,0.675414364640884,0.06000000000000005,489,459
0.031741462647914886,0.976,0.082,0.515311510031679,0.6744989633724948,0.05800000000000005,488,459
0.031799621880054474,0.974,0.082,0.514799154334038,0.673582295988935,0.05600000000000005,487,459
0.031925100833177567,0.972,0.082,0.5142857142857142,0.6726643598615917,0.05400000000000005,486,459
0.0321832038462162,0.972,0.084,0.5148305084745762,0.6731301939058172,0.05600000000000005,486,458
0.03234483674168587,0.97,0.084,0.5143160127253447,0.6722106722106722,0.05400000000000005,485,458
0.03245146572589874,0.97,0.086,0.5148619957537155,0.6726768377253814,0.05600000000000005,485,457
0.03269831836223602,0.97,0.088,0.5154091392136025,0.6731436502428869,0.05800000000000005,485,456
0.03279774636030197,0.97,0.09,0.5159574468085106,0.6736111111111112,0.06000000000000005,485,455
0.03302616998553276,0.968,0.09,0.5154419595314164,0.6726893676164003,0.05800000000000005,484,455
0.03315076604485512,0.966,0.09,0.5149253731343284,0.6717663421418637,0.05600000000000005,483,455
0.03318062052130699,0.964,0.09,0.5144076840981857,0.6708420320111343,0.05400000000000005,482,455
0.03329247981309891,0.964,0.092,0.5149572649572649,0.6713091922005571,0.05600000000000005,482,454
0.03361489251255989,0.962,0.092,0.5144385026737968,0.670383275261324,0.05400000000000005,481,454
0.03362115100026131,0.96,0.092,0.5139186295503212,0.6694560669456067,0.052000000000000046,480,454
0.033805374056100845,0.96,0.094,0.5144694533762058,0.6699232379623168,0.05400000000000005,480,453
0.03389650210738182,0.96,0.096,0.5150214592274678,0.6703910614525139,0.05600000000000005,480,452
0.034181512892246246,0.958,0.096,0.514500537056928,0.6694619147449337,0.05400000000000005,479,452
0.034224096685647964,0.958,0.098,0.5150537634408602,0.66993006993007,0.05600000000000005,479,451
0.03431027755141258,0.958,0.1,0.5156081808396125,0.6703988803358992,0.05800000000000005,479,450
0.034489065408706665,0.958,0.102,0.5161637931034483,0.6708683473389355,0.06000000000000005,479,449
0.034519169479608536,0.956,0.102,0.5156418554476807,0.6699369306236861,0.05800000000000005,478,449
0.034991487860679626,0.956,0.104,0.5161987041036717,0.6704067321178121,0.06000000000000005,478,448
0.035,0.956,0.106,0.5167567567567568,0.6708771929824562,0.062000000000000055,478,447
0.035125982016325,0.956,0.106,0.5167567567567568,0.6708771929824562,0.062000000000000055,478,447
0.03513574227690697,0.954,0.106,0.5162337662337663,0.6699438202247191,0.06000000000000005,477,447
0.03542891889810562,0.954,0.108,0.5167930660888408,0.6704146170063247,0.062000000000000055,477,446
0.035478539764881134,0.952,0.108,0.5162689804772235,0.6694796061884669,0.06000000000000005,476,446
0.03552417457103729,0.95,0.108,0.5157437567861021,0.6685432793807178,0.05800000000000005,475,446
0.035547975450754166,0.95,0.11,0.5163043478260869,0.6690140845070423,0.06000000000000005,475,445
0.035896383225917816,0.95,0.112,0.5168661588683352,0.6694855532064834,0.062000000000000055,475,444
0.035897042602300644,0.948,0.112,0.5163398692810458,0.6685472496473907,0.06000000000000005,474,444
0.03591311350464821,0.946,0.112,0.5158124318429662,0.6676076217360621,0.05800000000000005,473,444
0.03592158481478691,0.946,0.114,0.5163755458515283,0.6680790960451978,0.06000000000000005,473,443
0.035938289016485214,0.946,0.116,0.5169398907103825,0.6685512367491167,0.062000000000000055,473,442
0.036469995975494385,0.946,0.118,0.5175054704595186,0.669024045261669,0.06400000000000006,473,441
0.03672463074326515,0.946,0.12,0.5180722891566265,0.6694975230007078,0.06599999999999984,473,440
0.03678571432828903,0.946,0.122,0.518640350877193,0.669971671388102,0.06800000000000006,473,439
0.03698955476284027,0.944,0.122,0.5181119648737651,0.669029057406095,0.06599999999999984,472,439
0.037047967314720154,0.942,0.122,0.5175824175824176,0.6680851063829787,0.06400000000000006,471,439
0.03704981878399849,0.94,0.122,0.517051705170517,0.6671398154719659,0.06199999999999983,470,439
0.03706430271267891,0.938,0.122,0.5165198237885462,0.6661931818181818,0.06000000000000005,469,439
0.03706660121679306,0.938,0.124,0.5170893054024256,0.6666666666666666,0.06199999999999983,469,438
0.03726622834801674,0.936,0.124,0.5165562913907285,0.6657183499288762,0.06000000000000005,468,438
0.037398941814899445,0.936,0.126,0.5171270718232044,0.6661921708185053,0.062000000000000055,468,437
0.0374571718275547,0.934,0.126,0.5165929203539823,0.6652421652421653,0.06000000000000005,467,437
0.03754457086324692,0.934,0.128,0.5171650055370985,0.6657163221667854,0.062000000000000055,467,436
0.03756732866168022,0.934,0.13,0.5177383592017738,0.666191155492154,0.06400000000000006,467,435
0.03766445443034172,0.932,0.13,0.5172031076581576,0.6652391149179158,0.062000000000000055,466,435
0.037707503885030746,0.93,0.13,0.5166666666666667,0.6642857142857143,0.06000000000000005,465,435
0.03771515190601349,0.928,0.13,0.5161290322580645,0.6633309506790565,0.05800000000000005,464,435
0.03779385983943939,0.926,0.13,0.5155902004454342,0.6623748211731044,0.05600000000000005,463,435
0.03787802904844284,0.924,0.13,0.5150501672240803,0.6614173228346457,0.05400000000000005,462,435
0.03790714219212532,0.922,0.13,0.5145089285714286,0.660458452722063,0.052000000000000046,461,435
0.03793223574757576,0.922,0.132,0.5150837988826815,0.6609318996415771,0.05400000000000005,461,434
0.03799273446202278,0.92,0.132,0.5145413870246085,0.6599713055954088,0.052000000000000046,460,434
0.038046013563871384,0.92,0.134,0.5151175811870101,0.6604450825556353,0.05400000000000005,460,433
0.03835738077759743,0.92,0.136,0.515695067264574,0.6609195402298851,0.05600000000000005,460,432
0.038428958505392075,0.92,0.138,0.5162738496071829,0.6613946800862689,0.05800000000000005,460,431
0.03845759481191635,0.92,0.14,0.5168539325842697,0.6618705035971223,0.06000000000000005,460,430
0.03846684470772743,0.92,0.142,0.5174353205849269,0.6623470122390209,0.062000000000000055,460,429
0.03866796940565109,0.918,0.142,0.5168918918918919,0.6613832853025937,0.06000000000000005,459,429
0.03879178315401077,0.918,0.144,0.5174746335963923,0.661860129776496,0.062000000000000055,459,428
0.03883681446313858,0.918,0.146,0.518058690744921,0.6623376623376623,0.06400000000000006,459,427
0.039182987064123154,0.918,0.148,0.5186440677966102,0.6628158844765343,0.06600000000000006,459,426
0.03940669447183609,0.918,0.15,0.5192307692307693,0.6632947976878613,0.06800000000000006,459,425
0.039457861334085464,0.916,0.15,0.5186862967157417,0.6623282718727405,0.06600000000000006,458,425
0.03947807103395462,0.916,0.152,0.5192743764172335,0.662807525325615,0.06800000000000006,458,424
0.03955720737576485,0.914,0.152,0.5187287173666288,0.6618392469225199,0.06600000000000006,457,424
0.03956933692097664,0.914,0.154,0.5193181818181818,0.6623188405797101,0.06800000000000006,457,423
0.039961911737918854,0.912,0.154,0.5187713310580204,0.6613488034807832,0.06600000000000006,456,423
0.039975084364414215,0.91,0.154,0.5182232346241458,0.660377358490566,0.06400000000000006,455,423
0.04,0.908,0.154,0.5176738882554162,0.6594045025417574,0.062000000000000055,454,423
0.04014536365866661,0.908,0.154,0.5176738882554162,0.6594045025417574,0.062000000000000055,454,423
0.040281448513269424,0.908,0.156,0.5182648401826484,0.6598837209302325,0.06400000000000006,454,422
0.040328558534383774,0.906,0.156,0.5177142857142857,0.6589090909090909,0.062000000000000055,453,422
0.0407877117395401,0.906,0.158,0.5183066361556065,0.6593886462882096,0.06400000000000006,453,421
0.04088541865348816,0.904,0.158,0.5177548682703322,0.6584122359796067,0.062000000000000055,452,421
0.04096994921565056,0.902,0.158,0.5172018348623854,0.6574344023323615,0.06000000000000005,451,421
0.0410090908408165,0.9,0.158,0.5166475315729047,0.6564551422319475,0.05800000000000005,450,421
0.041032448410987854,0.898,0.158,0.5160919540229885,0.6554744525547446,0.05600000000000005,449,421
0.04111094027757645,0.896,0.158,0.5155350978135789,0.6544923301680059,0.05400000000000005,448,421
0.04117708280682564,0.896,0.16,0.5161290322580645,0.6549707602339181,0.05600000000000005,448,420
0.04130161926150322,0.896,0.162,0.5167243367935409,0.6554498902706657,0.05800000000000005,448,419
0.041364677250385284,0.896,0.164,0.5173210161662818,0.6559297218155198,0.06000000000000005,448,418
0.0415109284222126,0.896,0.166,0.5179190751445086,0.6564102564102564,0.062000000000000055,448,417
0.041644468903541565,0.894,0.166,0.5173611111111112,0.655425219941349,0.06000000000000005,447,417
0.04188630357384682,0.894,0.168,0.5179606025492468,0.6559060895084373,0.062000000000000055,447,416
0.04199714958667755,0.892,0.168,0.5174013921113689,0.6549192364170338,0.06000000000000005,446,416
0.0420098677277565,0.892,0.17,0.5180023228803716,0.6554004408523145,0.062000000000000055,446,415
0.042084403336048126,0.89,0.17,0.5174418604651163,0.6544117647058824,0.06000000000000005,445,415
0.042124152183532715,0.888,0.17,0.5168800931315483,0.6534216335540839,0.05800000000000005,444,415
0.04224786534905434,0.886,0.17,0.5163170163170163,0.6524300441826215,0.05600000000000005,443,415
0.04240790009498596,0.884,0.17,0.5157526254375729,0.6514369933677229,0.05400000000000005,442,415
0.042447347193956375,0.884,0.172,0.5163551401869159,0.6519174041297935,0.05600000000000005,442,414
0.042845264077186584,0.882,0.172,0.5157894736842106,0.6509225092250922,0.05400000000000005,441,414
0.0430542416870594,0.88,0.172,0.5152224824355972,0.6499261447562777,0.052000000000000046,440,414
0.04320509731769562,0.878,0.172,0.5146541617819461,0.6489283074648928,0.050000000000000044,439,414
0.043205417692661285,0.878,0.174,0.5152582159624414,0.6494082840236687,0.052000000000000046,439,413
0.04330025613307953,0.876,0.174,0.5146886016451234,0.6484085862324205,0.050000000000000044,438,413
0.04330197721719742,0.874,0.174,0.5141176470588236,0.6474074074074074,0.04800000000000004,437,413
0.043427884578704834,0.874,0.176,0.5147232037691402,0.647887323943662,0.050000000000000044,437,412
0.04346225783228874,0.874,0.178,0.5153301886792453,0.6483679525222552,0.052000000000000046,437,411
0.04359140247106552,0.872,0.178,0.5147579693034239,0.6473645137342242,0.050000000000000044,436,411
0.04361423850059509,0.87,0.178,0.5141843971631206,0.6463595839524517,0.04800000000000004,435,411
0.04377336427569389,0.868,0.178,0.5136094674556213,0.6453531598513012,0.04600000000000004,434,411
0.043854791671037674,0.866,0.178,0.5130331753554502,0.6443452380952381,0.04400000000000004,433,411
0.04389623925089836,0.864,0.178,0.5124555160142349,0.6433358153387937,0.04200000000000004,432,411
0.043917566537857056,0.862,0.178,0.5118764845605701,0.6423248882265276,0.040000000000000036,431,411
0.04398287460207939,0.862,0.18,0.5124851367419738,0.6428038777032066,0.04200000000000004,431,410
0.04409198835492134,0.86,0.18,0.5119047619047619,0.6417910447761194,0.040000000000000036,430,410
0.044146209955215454,0.858,0.18,0.5113230035756854,0.6407766990291263,0.038000000000000034,429,410
0.044339749962091446,0.856,0.18,0.5107398568019093,0.6397608370702541,0.03600000000000003,428,410
0.044522613286972046,0.856,0.182,0.5113500597371565,0.6402393418100224,0.038000000000000034,428,409
0.04459961876273155,0.854,0.182,0.5107655502392344,0.6392215568862275,0.03600000000000003,427,409
0.0446079783141613,0.854,0.184,0.511377245508982,0.6397003745318353,0.038000000000000034,427,408
0.04477856680750847,0.854,0.186,0.511990407673861,0.6401799100449775,0.040000000000000036,427,407
0.04481064900755882,0.852,0.186,0.5114045618247299,0.6391597899474869,0.038000000000000034,426,407
0.04486061632633209,0.85,0.186,0.5108173076923077,0.6381381381381381,0.03600000000000003,425,407
0.04487817361950874,0.848,0.186,0.5102286401925391,0.637114951164538,0.03400000000000003,424,407
0.044921278953552246,0.848,0.188,0.5108433734939759,0.637593984962406,0.03600000000000003,424,406
0.04495164752006531,0.846,0.188,0.5102533172496985,0.636568848758465,0.03400000000000003,423,406
0.045,0.846,0.19,0.5108695652173914,0.6370481927710844,0.03600000000000003,423,405
0.04501490294933319,0.846,0.19,0.5108695652173914,0.6370481927710844,0.03600000000000003,423,405
0.045043665915727615,0.846,0.192,0.5114873035066505,0.6375282592313489,0.038000000000000034,423,404
0.0451628603041172,0.844,0.192,0.5108958837772397,0.6365007541478129,0.03600000000000003,422,404
0.04516558349132538,0.844,0.194,0.5115151515151515,0.6369811320754717,0.038000000000000034,422,403
0.04521297663450241,0.844,0.196,0.5121359223300971,0.6374622356495468,0.040000000000000036,422,402
0.04523254558444023,0.842,0.196,0.511543134872418,0.636432350718065,0.038000000000000034,421,402
0.045245200395584106,0.842,0.198,0.5121654501216545,0.6369137670196672,0.040000000000000036,421,401
0.045260168612003326,0.84,0.198,0.5115712545676004,0.6358819076457229,0.038000000000000034,420,401
0.04527881741523743,0.838,0.198,0.5109756097560976,0.6348484848484849,0.03600000000000003,419,401
0.04536812752485275,0.836,0.198,0.5103785103785103,0.6338134950720242,0.03400000000000003,418,401
0.04549962654709816,0.834,0.198,0.5097799511002445,0.6327769347496206,0.03200000000000003,417,401
0.045526839792728424,0.834,0.2,0.5104039167686658,0.6332574031890661,0.03400000000000003,417,400
0.045609887689352036,0.834,0.202,0.5110294117647058,0.6337386018237082,0.03600000000000003,417,399
0.04561276733875275,0.834,0.204,0.5116564417177915,0.6342205323193917,0.038000000000000034,417,398
0.045645326375961304,0.832,0.204,0.5110565110565111,0.6331811263318112,0.03600000000000003,416,398
0.04565609619021416,0.83,0.204,0.5104551045510455,0.6321401370906321,0.03400000000000003,415,398
0.04586104303598404,0.828,0.204,0.5098522167487685,0.6310975609756098,0.03200000000000003,414,398
0.04587869346141815,0.826,0.204,0.5092478421701603,0.6300533943554538,0.030000000000000027,413,398
0.04594862461090088,0.824,0.204,0.508641975308642,0.6290076335877862,0.028000000000000025,412,398
0.04594890773296356,0.822,0.204,0.5080346106304079,0.6279602750190986,0.026000000000000023,411,398
0.046033501625061035,0.82,0.204,0.5074257425742574,0.6269113149847095,0.02400000000000002,410,398
0.04622843489050865,0.818,0.204,0.506815365551425,0.6258607498087223,0.02200000000000002,409,398
0.04623786732554436,0.816,0.204,0.5062034739454094,0.6248085758039816,0.020000000000000018,408,398
0.046305593103170395,0.814,0.204,0.5055900621118012,0.6237547892720307,0.018000000000000016,407,398
0.0463557094335556,0.812,0.204,0.5049751243781094,0.6226993865030674,0.016000000000000014,406,398
0.04643303155899048,0.81,0.204,0.5043586550435866,0.6216423637759018,0.014000000000000012,405,398
0.04645779728889465,0.808,0.204,0.5037406483790524,0.620583717357911,0.01200000000000001,404,398
0.046475280076265335,0.806,0.204,0.5031210986267166,0.6195234435049961,0.010000000000000009,403,398
0.04652005806565285,0.804,0.204,0.5025,0.6184615384615385,0.008000000000000007,402,398
0.046574823558330536,0.802,0.204,0.5018773466833542,0.6173979984603541,0.006000000000000005,401,398
0.046739187091588974,0.802,0.206,0.5025062656641605,0.6178736517719569,0.008000000000000007,401,397
0.046794723719358444,0.8,0.206,0.5018820577164367,0.6168080185042406,0.006000000000000005,400,397
0.046842753887176514,0.8,0.208,0.5025125628140703,0.6172839506172839,0.008000000000000007,400,396
0.046913016587495804,0.798,0.208,0.5018867924528302,0.6162162162162163,0.006000000000000005,399,396
0.046958375722169876,0.798,0.21,0.5025188916876574,0.616692426584235,0.008000000000000007,399,395
0.04699552804231644,0.796,0.21,0.501891551071879,0.6156225831399845,0.006000000000000005,398,395
0.04705292731523514,0.796,0.212,0.5025252525252525,0.6160990712074303,0.008000000000000007,398,394
0.047065380960702896,0.796,0.214,0.5031605562579013,0.616576297443842,0.010000000000000009,398,393
0.04707511514425278,0.794,0.214,0.5025316455696203,0.6155038759689923,0.008000000000000007,397,393
0.047160618007183075,0.792,0.214,0.5019011406844106,0.6144297905352987,0.006000000000000005,396,393
0.04742543026804924,0.792,0.216,0.5025380710659898,0.6149068322981367,0.008000000000000007,396,392
0.04753179848194122,0.792,0.218,0.5031766200762389,0.6153846153846154,0.010000000000000009,396,391
0.04755667224526405,0.792,0.22,0.5038167938931297,0.6158631415241057,0.01200000000000001,396,390
0.04772520810365677,0.792,0.222,0.5044585987261146,0.6163424124513619,0.014000000000000012,396,389
0.04777491092681885,0.79,0.222,0.5038265306122449,0.6152647975077882,0.01200000000000001,395,389
0.04785771295428276,0.788,0.222,0.5031928480204342,0.6141855027279813,0.010000000000000009,394,389
0.04804068058729172,0.788,0.224,0.5038363171355499,0.6146645865834633,0.01200000000000001,394,388
0.048071373254060745,0.788,0.226,0.5044814340588989,0.615144418423107,0.014000000000000012,394,387
0.04815605282783508,0.788,0.228,0.5051282051282051,0.615625,0.016000000000000014,394,386
0.04818318784236908,0.788,0.23,0.5057766367137355,0.616106333072713,0.018000000000000016,394,385
0.04821942374110222,0.788,0.232,0.506426735218509,0.6165884194053208,0.020000000000000018,394,384
0.04829369857907295,0.786,0.232,0.5057915057915058,0.615505090054816,0.018000000000000016,393,384
0.04835978522896767,0.786,0.234,0.5064432989690721,0.6159874608150471,0.020000000000000018,393,383
0.04842174053192139,0.786,0.236,0.5070967741935484,0.6164705882352941,0.02200000000000002,393,382
0.048463184386491776,0.784,0.236,0.5064599483204134,0.6153846153846154,0.020000000000000018,392,382
0.04848320782184601,0.782,0.236,0.5058214747736093,0.6142969363707776,0.018000000000000016,391,382
0.04850679636001587,0.782,0.238,0.5064766839378239,0.6147798742138365,0.020000000000000018,391,381
0.048524580895900726,0.782,0.24,0.5071335927367056,0.6152635719905586,0.02200000000000002,391,380
0.04852811619639397,0.78,0.24,0.5064935064935064,0.6141732283464567,0.020000000000000018,390,380
0.04853411391377449,0.778,0.24,0.505851755526658,0.6130811662726556,0.018000000000000016,389,380
0.048689160495996475,0.778,0.242,0.5065104166666666,0.613564668769716,0.020000000000000018,389,379
0.048724524676799774,0.776,0.242,0.5058670143415906,0.6124704025256511,0.018000000000000016,388,379
0.04884207993745804,0.774,0.242,0.5052219321148825,0.6113744075829384,0.016000000000000014,387,379
0.048984892666339874,0.772,0.242,0.5045751633986928,0.6102766798418973,0.014000000000000012,386,379
0.04900634288787842,0.77,0.242,0.5039267015706806,0.6091772151898734,0.01200000000000001,385,379
0.04911930859088898,0.768,0.242,0.5032765399737876,0.6080760095011877,0.010000000000000009,384,379
0.04912925139069557,0.768,0.244,0.5039370078740157,0.6085578446909667,0.01200000000000001,384,378
0.04919977858662605,0.766,0.244,0.5032851511169514,0.6074544012688342,0.010000000000000009,383,378
0.04922241345047951,0.764,0.244,0.5026315789473684,0.6063492063492063,0.008000000000000007,382,378
0.04927336424589157,0.762,0.244,0.5019762845849802,0.6052422557585385,0.006000000000000005,381,378
0.049314022064208984,0.76,0.244,0.5013192612137203,0.604133545310016,0.0040000000000000036,380,378
0.04936438798904419,0.758,0.244,0.5006605019815059,0.6030230708035004,0.0020000000000000018,379,378
0.049416083842515945,0.756,0.244,0.5,0.6019108280254777,0.0,378,378
0.04943045228719711,0.754,0.244,0.49933774834437084,0.600796812749004,-0.0020000000000000018,377,378
0.049446094781160355,0.752,0.244,0.4986737400530504,0.5996810207336523,-0.0040000000000000036,376,378
0.04946857690811157,0.75,0.244,0.49800796812749004,0.5985634477254589,-0.006000000000000005,375,378
0.04961692914366722,0.75,0.246,0.49867021276595747,0.5990415335463258,-0.0040000000000000036,375,377
0.04962089657783508,0.748,0.246,0.4980026631158455,0.5979216626698641,-0.006000000000000005,374,377
0.04963924363255501,0.746,0.246,0.49733333333333335,0.5968,-0.008000000000000007,373,377
0.04974603280425072,0.744,0.246,0.49666221628838453,0.5956765412329864,-0.010000000000000009,372,377
0.049801427870988846,0.742,0.246,0.4959893048128342,0.594551282051282,-0.01200000000000001,371,377
0.04994077980518341,0.74,0.246,0.49531459170013387,0.5934242181234964,-0.014000000000000012,370,377
0.05,0.738,0.246,0.49463806970509383,0.5922953451043339,-0.016000000000000014,369,377
0.05003679543733597,0.738,0.246,0.49463806970509383,0.5922953451043339,-0.016000000000000014,369,377
0.05008341744542122,0.736,0.246,0.49395973154362416,0.5911646586345382,-0.018000000000000016,368,377
0.05015895515680313,0.736,0.248,0.4946236559139785,0.5916398713826366,-0.016000000000000014,368,376
0.0501757487654686,0.734,0.248,0.4939434724091521,0.5905068382944489,-0.018000000000000016,367,376
0.05020761862397194,0.732,0.248,0.49326145552560646,0.5893719806763285,-0.020000000000000018,366,376
0.05028753727674484,0.732,0.25,0.4939271255060729,0.5898468976631749,-0.018000000000000016,366,375
0.05033385381102562,0.73,0.25,0.49324324324324326,0.5887096774193549,-0.020000000000000018,365,375
0.05033653602004051,0.728,0.25,0.4925575101488498,0.5875706214689266,-0.02200000000000002,364,375
0.05037091672420502,0.726,0.25,0.491869918699187,0.5864297253634895,-0.02400000000000002,363,375
0.0504949577152729,0.724,0.25,0.49118046132971505,0.5852869846402587,-0.026000000000000023,362,375
0.05054119601845741,0.722,0.25,0.4904891304347826,0.5841423948220065,-0.028000000000000025,361,375
0.050546105951070786,0.72,0.25,0.4897959183673469,0.582995951417004,-0.030000000000000027,360,375
0.050598256289958954,0.718,0.25,0.4891008174386921,0.5818476499189628,-0.03200000000000003,359,375
0.050665806978940964,0.716,0.25,0.48840381991814463,0.5806974858069749,-0.03400000000000003,358,375
0.05068155750632286,0.716,0.252,0.4890710382513661,0.5811688311688312,-0.03200000000000003,358,374
0.050699613988399506,0.714,0.252,0.4883720930232558,0.5800162469536961,-0.03400000000000003,357,374
0.05072150379419327,0.712,0.252,0.4876712328767123,0.5788617886178862,-0.03600000000000003,356,374
0.05084901675581932,0.712,0.254,0.4883401920438957,0.5793327908868999,-0.03400000000000003,356,373
0.05089240521192551,0.71,0.254,0.4876373626373626,0.5781758957654723,-0.03600000000000003,355,373
0.05109047889709473,0.71,0.256,0.48830811554332876,0.5786471067644662,-0.03400000000000003,355,372
0.051110122352838516,0.708,0.256,0.48760330578512395,0.5774877650897227,-0.03600000000000003,354,372
0.05113353207707405,0.706,0.256,0.4868965517241379,0.5763265306122449,-0.038000000000000034,353,372
0.051214467734098434,0.704,0.256,0.4861878453038674,0.5751633986928104,-0.040000000000000036,352,372
0.05121941864490509,0.702,0.256,0.4854771784232365,0.5739983646770237,-0.04200000000000004,351,372
0.05123225972056389,0.702,0.258,0.48614958448753465,0.574468085106383,-0.040000000000000036,351,371
0.05129605531692505,0.7,0.258,0.4854368932038835,0.5733005733005733,-0.04200000000000004,350,371
0.05130879580974579,0.698,0.258,0.4847222222222222,0.5721311475409836,-0.04400000000000004,349,371
0.05131416767835617,0.696,0.258,0.48400556328233657,0.5709598031173093,-0.04600000000000004,348,371
0.05132614076137543,0.694,0.258,0.4832869080779944,0.5697865353037767,-0.04800000000000004,347,371
0.05151202157139778,0.694,0.26,0.4839609483960948,0.5702547247329499,-0.04600000000000004,347,370
0.05156281962990761,0.692,0.26,0.48324022346368717,0.569078947368421,-0.04800000000000004,346,370
0.05159001424908638,0.69,0.26,0.4825174825174825,0.5679012345679012,-0.050000000000000044,345,370
0.05166047066450119,0.69,0.262,0.4831932773109244,0.5683690280065898,-0.04800000000000004,345,369
0.051811836659908295,0.688,0.262,0.48246844319775595,0.5671887881286067,-0.050000000000000044,344,369
0.05187986046075821,0.686,0.262,0.48174157303370785,0.566006600660066,-0.051999999999999935,343,369
0.05188218504190445,0.686,0.264,0.48241912798874825,0.5664739884393064,-0.04999999999999993,343,368
0.05188900977373123,0.684,0.264,0.48169014084507045,0.5652892561983471,-0.051999999999999935,342,368
0.05202280357480049,0.684,0.266,0.4823695345557123,0.56575682382134,-0.04999999999999993,342,367
0.05203201249241829,0.682,0.266,0.481638418079096,0.5645695364238411,-0.051999999999999935,341,367
0.05203956365585327,0.68,0.266,0.4809052333804809,0.5633802816901409,-0.05399999999999994,340,367
0.052220407873392105,0.678,0.266,0.4801699716713881,0.5621890547263682,-0.05599999999999994,339,367
0.052227217704057693,0.676,0.266,0.4794326241134752,0.5609958506224066,-0.05799999999999994,338,367
0.05227963998913765,0.674,0.266,0.4786931818181818,0.5598006644518272,-0.05999999999999994,337,367
0.05241250991821289,0.672,0.266,0.4779516358463727,0.5586034912718204,-0.061999999999999944,336,367
0.05244871601462364,0.672,0.268,0.47863247863247865,0.5590682196339434,-0.05999999999999994,336,366
0.05245713144540787,0.672,0.27,0.4793152639087018,0.559533721898418,-0.05799999999999994,336,365
0.05263585224747658,0.67,0.27,0.4785714285714286,0.5583333333333333,-0.05999999999999994,335,365
0.052670568227767944,0.668,0.27,0.47782546494992845,0.5571309424520434,-0.061999999999999944,334,365
0.0528259351849556,0.666,0.27,0.47707736389684813,0.5559265442404007,-0.06399999999999995,333,365
0.05297962948679924,0.664,0.27,0.4763271162123386,0.5547201336675021,-0.06599999999999995,332,365
0.05299510061740875,0.664,0.272,0.47701149425287354,0.5551839464882943,-0.06399999999999995,332,364
0.05300179123878479,0.662,0.272,0.4762589928057554,0.5539748953974896,-0.06599999999999995,331,364
0.053036708384752274,0.66,0.272,0.4755043227665706,0.5527638190954773,-0.06799999999999995,330,364
0.05306800454854965,0.658,0.272,0.47474747474747475,0.5515507124895223,-0.06999999999999995,329,364
0.05309009179472923,0.656,0.272,0.47398843930635837,0.5503355704697986,-0.07199999999999995,328,364
0.05311528965830803,0.654,0.272,0.4732272069464544,0.5491183879093199,-0.07399999999999995,327,364
0.05316499248147011,0.652,0.272,0.47246376811594204,0.5478991596638656,-0.07599999999999996,326,364
0.05341805890202522,0.652,0.274,0.4731494920174166,0.5483599663582843,-0.07399999999999995,326,363
0.05350024998188019,0.65,0.274,0.47238372093023256,0.5471380471380471,-0.07599999999999996,325,363
0.053592927753925323,0.648,0.274,0.47161572052401746,0.5459140690817186,-0.07799999999999996,324,363
0.053745705634355545,0.646,0.274,0.4708454810495627,0.5446880269814502,-0.07999999999999996,323,363
0.05374971032142639,0.644,0.274,0.47007299270072994,0.5434599156118144,-0.08199999999999996,322,363
0.053796201944351196,0.644,0.276,0.47076023391812866,0.543918918918919,-0.07999999999999996,322,362
0.05382566899061203,0.644,0.278,0.47144948755490484,0.5443786982248521,-0.07799999999999996,322,361
0.053875088691711426,0.642,0.278,0.4706744868035191,0.5431472081218274,-0.07999999999999996,321,361
0.053884357213974,0.64,0.278,0.4698972099853157,0.541913632514818,-0.08199999999999996,320,361
0.053889766335487366,0.638,0.278,0.46911764705882353,0.5406779661016949,-0.08399999999999996,319,361
0.05398125946521759,0.636,0.278,0.4683357879234168,0.539440203562341,-0.08599999999999997,318,361
0.05402014032006264,0.634,0.278,0.46755162241887904,0.5382003395585738,-0.08799999999999997,317,361
0.05402835085988045,0.632,0.278,0.4667651403249631,0.5369583687340697,-0.08999999999999997,316,361
0.05415137857198715,0.63,0.278,0.46597633136094674,0.5357142857142857,-0.09199999999999997,315,361
0.05428403243422508,0.63,0.28,0.4666666666666667,0.5361702127659574,-0.08999999999999997,315,360
0.05440988391637802,0.628,0.28,0.4658753709198813,0.534923339011925,-0.09199999999999997,314,360
0.054460227489471436,0.626,0.28,0.4650817236255572,0.5336743393009378,-0.09399999999999997,313,360
0.054495085030794144,0.624,0.28,0.4642857142857143,0.5324232081911263,-0.09599999999999997,312,360
0.054497066885232925,0.622,0.28,0.46348733233979134,0.5311699402220325,-0.09799999999999998,311,360
0.054534461349248886,0.62,0.28,0.4626865671641791,0.5299145299145299,-0.09999999999999998,310,360
0.0546007975935936,0.618,0.28,0.4618834080717489,0.5286569717707442,-0.10199999999999998,309,360
0.05460513010621071,0.616,0.28,0.46107784431137727,0.5273972602739726,-0.10399999999999998,308,360
0.05473233759403229,0.614,0.28,0.46026986506746626,0.5261353898886033,-0.10599999999999998,307,360
0.055,0.612,0.28,0.4594594594594595,0.5248713550600344,-0.10799999999999998,306,360
0.05502019450068474,0.612,0.28,0.4594594594594595,0.5248713550600344,-0.10799999999999998,306,360
0.05511109530925751,0.612,0.282,0.46015037593984964,0.5253218884120172,-0.1060000000000001,306,359
0.05516419559717178,0.61,0.282,0.45933734939759036,0.5240549828178694,-0.1080000000000001,305,359
0.055191610008478165,0.608,0.282,0.45852187028657615,0.5227858985382631,-0.1100000000000001,304,359
0.055239733308553696,0.606,0.282,0.45770392749244715,0.5215146299483648,-0.1120000000000001,303,359
0.0552549883723259,0.604,0.282,0.4568835098335855,0.5202411714039621,-0.1140000000000001,302,359
0.055397942662239075,0.604,0.284,0.4575757575757576,0.5206896551724138,-0.1120000000000001,302,358
0.05549284443259239,0.602,0.284,0.456752655538695,0.5194132873166523,-0.1140000000000001,301,358
0.05565016716718674,0.602,0.286,0.4574468085106383,0.5198618307426598,-0.1120000000000001,301,357
0.055780138820409775,0.602,0.288,0.4581430745814307,0.5203111495246326,-0.1100000000000001,301,356
0.05582241341471672,0.6,0.288,0.4573170731707317,0.5190311418685121,-0.1120000000000001,300,356
0.055863529443740845,0.598,0.288,0.45648854961832064,0.5177489177489177,-0.1140000000000001,299,356
0.05590057373046875,0.596,0.288,0.45565749235474007,0.5164644714038128,-0.1160000000000001,298,356
0.05592716112732887,0.594,0.288,0.4548238897396631,0.5151777970511708,-0.1180000000000001,297,356
0.05593220144510269,0.592,0.288,0.4539877300613497,0.5138888888888888,-0.1200000000000001,296,356
0.05606583505868912,0.59,0.288,0.45314900153609833,0.5125977410947002,-0.12200000000000011,295,356
0.05612042546272278,0.588,0.288,0.4523076923076923,0.5113043478260869,-0.12400000000000011,294,356
0.05622442066669464,0.586,0.288,0.4514637904468413,0.5100087032201914,-0.1260000000000001,293,356
0.05650760978460312,0.584,0.288,0.4506172839506173,0.5087108013937283,-0.1280000000000001,292,356
0.05659825727343559,0.584,0.29,0.45131375579598143,0.5091543156059285,-0.1260000000000001,292,355
0.05661510303616524,0.582,0.29,0.4504643962848297,0.5078534031413613,-0.1280000000000001,291,355
0.05664355680346489,0.58,0.29,0.4496124031007752,0.5065502183406113,-0.13000000000000012,290,355
0.05665472522377968,0.578,0.29,0.44875776397515527,0.5052447552447552,-0.13200000000000012,289,355
0.05672683194279671,0.576,0.29,0.447900466562986,0.5039370078740157,-0.13400000000000012,288,355
0.05683962255716324,0.574,0.29,0.4470404984423676,0.5026269702276708,-0.13600000000000012,287,355
0.056874293833971024,0.574,0.292,0.44773790951638065,0.5030674846625767,-0.13400000000000012,287,354
0.056882746517658234,0.574,0.294,0.4484375,0.5035087719298246,-0.13200000000000012,287,353
0.056896548718214035,0.572,0.294,0.4475743348982786,0.5021949078138718,-0.13400000000000012,286,353
0.056942444294691086,0.57,0.294,0.44670846394984326,0.5008787346221442,-0.13600000000000012,285,353
0.057016801089048386,0.568,0.294,0.44583987441130296,0.4995602462620932,-0.13800000000000012,284,353
0.05707920715212822,0.566,0.294,0.4449685534591195,0.4982394366197183,-0.14000000000000012,283,353
0.057081930339336395,0.564,0.294,0.4440944881889764,0.49691629955947136,-0.14200000000000013,282,353
0.05712844431400299,0.562,0.294,0.443217665615142,0.49559082892416223,-0.1439999999999999,281,353
0.057148296386003494,0.56,0.294,0.4423380726698262,0.4942630185348632,-0.1459999999999999,280,353
0.05715702474117279,0.558,0.294,0.44145569620253167,0.4929328621908127,-0.1479999999999999,279,353
0.057227957993745804,0.556,0.294,0.4405705229793978,0.4916003536693192,-0.1499999999999999,278,353
0.05725865811109543,0.554,0.294,0.4396825396825397,0.4902654867256637,-0.1519999999999999,277,353
0.05739796534180641,0.552,0.294,0.43879173290937995,0.48892825509300264,-0.15399999999999991,276,353
0.05741749703884125,0.55,0.294,0.43789808917197454,0.4875886524822695,-0.15599999999999992,275,353
0.05741846561431885,0.548,0.294,0.4370015948963317,0.4862466725820763,-0.15799999999999992,274,353
0.057424396276474,0.546,0.294,0.43610223642172524,0.4849023090586146,-0.15999999999999992,273,353
0.057553332298994064,0.544,0.294,0.4352,0.48355555555555557,-0.16199999999999992,272,353
0.057677727192640305,0.544,0.296,0.4358974358974359,0.48398576512455516,-0.15999999999999992,272,352
0.057747531682252884,0.542,0.296,0.434991974317817,0.4826357969723954,-0.16199999999999992,271,352
0.05778751149773598,0.54,0.296,0.4340836012861736,0.48128342245989303,-0.16399999999999992,270,352
0.05783588066697121,0.54,0.298,0.43478260869565216,0.4817127564674398,-0.16199999999999992,270,351
0.057874590158462524,0.538,0.298,0.4338709677419355,0.48035714285714287,-0.16399999999999992,269,351
0.05797112360596657,0.536,0.298,0.43295638126009695,0.47899910634495085,-0.16599999999999993,268,351
0.05816201493144035,0.534,0.298,0.4320388349514563,0.4776386404293381,-0.16799999999999993,267,351
0.05819450318813324,0.532,0.298,0.43111831442463533,0.4762757385854969,-0.16999999999999993,266,351
0.058269333094358444,0.53,0.298,0.4301948051948052,0.47491039426523296,-0.17199999999999993,265,351
0.058298055082559586,0.528,0.298,0.4292682926829268,0.473542600896861,-0.17399999999999993,264,351
0.0583675317466259,0.526,0.298,0.42833876221498374,0.47217235188509876,-0.17599999999999993,263,351
0.05838855355978012,0.524,0.298,0.4274061990212072,0.47079964061096136,-0.17799999999999994,262,351
0.058393340557813644,0.522,0.298,0.4264705882352941,0.4694244604316547,-0.17999999999999994,261,351
0.05841080844402313,0.52,0.298,0.425531914893617,0.46804680468046805,-0.18199999999999994,260,351
0.05855223909020424,0.518,0.298,0.4245901639344262,0.4666666666666667,-0.18399999999999994,259,351
0.05860119313001633,0.516,0.298,0.4236453201970443,0.46528403967538323,-0.18599999999999994,258,351
0.05868589133024216,0.514,0.298,0.42269736842105265,0.463898916967509,-0.18799999999999994,257,351
0.05876993387937546,0.514,0.3,0.4233937397034596,0.4643179765130985,-0.18599999999999994,257,350
0.05886275693774223,0.512,0.3,0.42244224422442245,0.4629294755877034,-0.18799999999999994,256,350
0.05891373008489609,0.51,0.3,0.4214876033057851,0.46153846153846156,-0.18999999999999995,255,350
0.05909062549471855,0.51,0.302,0.42218543046357615,0.46195652173913043,-0.18799999999999994,255,349
0.0594029426574707,0.508,0.302,0.42122719734660036,0.4605621033544878,-0.18999999999999995,254,349
0.05945732071995735,0.508,0.304,0.4219269102990033,0.46098003629764067,-0.18799999999999994,254,348
0.059507496654987335,0.506,0.304,0.4209650582362729,0.45958219800181654,-0.18999999999999995,253,348
0.05977781116962433,0.506,0.306,0.4216666666666667,0.46,-0.18799999999999994,253,347
0.05982562154531479,0.504,0.306,0.42070116861435725,0.4585987261146497,-0.18999999999999995,252,347
0.05989432334899902,0.504,0.308,0.4214046822742475,0.45901639344262296,-0.18799999999999994,252,346
0.06,0.504,0.31,0.4221105527638191,0.4594348222424795,-0.18599999999999994,252,345
0.0600421242415905,0.504,0.31,0.4221105527638191,0.4594348222424795,-0.18599999999999994,252,345
0.06006983295083046,0.502,0.31,0.4211409395973154,0.458029197080292,-0.18799999999999994,251,345
0.06017868220806122,0.502,0.312,0.4218487394957983,0.45844748858447487,-0.18599999999999994,251,344
0.06021875888109207,0.5,0.312,0.4208754208754209,0.4570383912248629,-0.18799999999999994,250,344
0.060290466994047165,0.498,0.312,0.41989881956155145,0.4556267154620311,-0.18999999999999995,249,344
0.060402948409318924,0.496,0.312,0.4189189189189189,0.4542124542124542,-0.19199999999999995,248,344
0.06054585054516792,0.494,0.312,0.4179357021996616,0.45279560036663613,-0.19399999999999995,247,344
0.06059633195400238,0.492,0.312,0.41694915254237286,0.45137614678899085,-0.19599999999999995,246,344
0.060645345598459244,0.49,0.312,0.4159592529711375,0.44995408631772266,-0.19799999999999995,245,344
0.0608285553753376,0.49,0.314,0.4166666666666667,0.45036764705882354,-0.19599999999999995,245,343
0.0609235055744648,0.488,0.314,0.41567291311754684,0.44894204231830726,-0.19799999999999995,244,343
0.06107302010059357,0.486,0.314,0.41467576791808874,0.44751381215469616,-0.19999999999999996,243,343
0.06117702275514603,0.486,0.316,0.4153846153846154,0.447926267281106,-0.19799999999999995,243,342
0.0612553246319294,0.484,0.316,0.4143835616438356,0.44649446494464945,-0.19999999999999996,242,342
0.06128180772066116,0.482,0.316,0.41337907375643224,0.4450600184672207,-0.20199999999999996,241,342
0.06152435019612312,0.48,0.316,0.41237113402061853,0.4436229205175601,-0.20399999999999996,240,342
0.061543893069028854,0.478,0.316,0.4113597246127367,0.4421831637372803,-0.20599999999999996,239,342
0.06155064329504967,0.476,0.316,0.4103448275862069,0.44074074074074077,-0.20799999999999996,238,342
0.06155294179916382,0.474,0.316,0.40932642487046633,0.4392956441149212,-0.20999999999999996,237,342
0.06159857288002968,0.474,0.318,0.4100346020761246,0.4397031539888683,-0.20799999999999996,237,341
0.061631351709365845,0.472,0.318,0.4090121317157712,0.4382544103992572,-0.20999999999999996,236,341
0.06171982362866402,0.47,0.318,0.4079861111111111,0.4368029739776952,-0.21199999999999997,235,341
0.061757009476423264,0.47,0.32,0.40869565217391307,0.4372093023255814,-0.20999999999999996,235,340
0.06181175634264946,0.468,0.32,0.4076655052264808,0.43575418994413406,-0.21199999999999997,234,340
0.06186521053314209,0.466,0.32,0.40663176265270506,0.4342963653308481,-0.21399999999999997,233,340
0.06192552670836449,0.464,0.32,0.40559440559440557,0.43283582089552236,-0.21599999999999997,232,340
0.06197270750999451,0.464,0.322,0.4063047285464098,0.4332399626517274,-0.21399999999999997,232,339
0.06204318627715111,0.462,0.322,0.4052631578947368,0.43177570093457945,-0.21599999999999997,231,339
0.06204622611403465,0.46,0.322,0.40421792618629176,0.4303086997193639,-0.21799999999999997,230,339
0.0620870403945446,0.458,0.322,0.40316901408450706,0.4288389513108614,-0.21999999999999997,229,339
0.06229358911514282,0.456,0.322,0.4021164021164021,0.42736644798500467,-0.22199999999999998,228,339
0.0623050332069397,0.456,0.324,0.4028268551236749,0.4277673545966229,-0.21999999999999997,228,338
0.06246252357959747,0.454,0.324,0.40176991150442476,0.4262910798122066,-0.22199999999999998,227,338
0.06254570931196213,0.452,0.324,0.40070921985815605,0.424812030075188,-0.22399999999999998,226,338
0.0625493973493576,0.45,0.324,0.3996447602131439,0.4233301975540922,-0.22599999999999998,225,338
0.06258167326450348,0.45,0.326,0.400355871886121,0.423728813559322,-0.22399999999999998,225,337
0.06261484324932098,0.45,0.328,0.40106951871657753,0.42412818096135724,-0.22199999999999998,225,336
0.06279221177101135,0.45,0.33,0.4017857142857143,0.42452830188679247,-0.21999999999999997,225,335
0.06281717121601105,0.45,0.332,0.40250447227191416,0.42492917847025496,-0.21799999999999997,225,334
0.06284885853528976,0.45,0.334,0.4032258064516129,0.42533081285444235,-0.21599999999999997,225,333
0.06305158883333206,0.448,0.334,0.4021543985637343,0.423841059602649,-0.21799999999999997,224,333
0.06311848014593124,0.448,0.336,0.4028776978417266,0.42424242424242425,-0.21599999999999997,224,332
0.06331506371498108,0.448,0.338,0.4036036036036036,0.4246445497630332,-0.21399999999999997,224,331
0.06342308223247528,0.446,0.338,0.40252707581227437,0.42314990512333966,-0.21599999999999997,223,331
0.0634564682841301,0.444,0.338,0.4014466546112116,0.42165242165242167,-0.21799999999999997,222,331
0.0636008232831955,0.444,0.34,0.40217391304347827,0.4220532319391635,-0.21599999999999997,222,330
0.06361553817987442,0.444,0.342,0.4029038112522686,0.4224548049476689,-0.21399999999999997,222,329
0.06380829960107803,0.442,0.342,0.4018181818181818,0.42095238095238097,-0.21599999999999997,221,329
0.06385564804077148,0.442,0.344,0.40255009107468126,0.4213536701620591,-0.21399999999999997,221,328
0.06388220191001892,0.442,0.346,0.4032846715328467,0.4217557251908397,-0.21199999999999997,221,327
0.06402302533388138,0.44,0.346,0.40219378427787933,0.42024832855778416,-0.21399999999999997,220,327
0.0640302300453186,0.438,0.346,0.4010989010989011,0.4187380497131931,-0.21599999999999997,219,327
0.06405603885650635,0.438,0.348,0.4018348623853211,0.41913875598086126,-0.21399999999999997,219,326
0.06406658887863159,0.436,0.348,0.4007352941176471,0.41762452107279696,-0.21599999999999997,218,326
0.06408563256263733,0.436,0.35,0.4014732965009208,0.41802492809204217,-0.21399999999999997,218,325
0.06408727914094925,0.436,0.352,0.4022140221402214,0.418426103646833,-0.21199999999999997,218,324
0.06413405388593674,0.434,0.352,0.4011090573012939,0.4169068203650336,-0.21399999999999997,217,324
0.06417584419250488,0.432,0.352,0.4,0.4153846153846154,-0.21599999999999997,216,324
0.06419282406568527,0.43,0.352,0.39888682745825604,0.4138594802694899,-0.21799999999999997,215,324
0.06428476423025131,0.43,0.354,0.3996282527881041,0.4142581888246628,-0.21599999999999997,215,323
0.0642988458275795,0.428,0.354,0.3985102420856611,0.4127290260366442,-0.21799999999999997,214,323
0.06430606544017792,0.426,0.354,0.39738805970149255,0.4111969111969112,-0.21999999999999997,213,323
0.0644814595580101,0.426,0.356,0.3981308411214953,0.4115942028985507,-0.21799999999999997,213,322
0.06448566168546677,0.424,0.356,0.3970037453183521,0.41005802707930367,-0.21999999999999997,212,322
0.06452107429504395,0.422,0.356,0.39587242026266417,0.4085188770571152,-0.22199999999999998,211,322
0.06467178463935852,0.42,0.356,0.39473684210526316,0.4069767441860465,-0.22399999999999998,210,322
0.06467409431934357,0.418,0.356,0.3935969868173258,0.40543161978661496,-0.22599999999999998,209,322
0.06470383703708649,0.416,0.356,0.39245283018867927,0.40388349514563104,-0.22799999999999998,208,322
0.06477132439613342,0.416,0.358,0.3931947069943289,0.4042759961127308,-0.22599999999999998,208,321
0.06486404687166214,0.414,0.358,0.39204545454545453,0.4027237354085603,-0.22799999999999998,207,321
0.06491845846176147,0.414,0.36,0.3927893738140417,0.40311587147030187,-0.22599999999999998,207,320
0.06494496762752533,0.412,0.36,0.3916349809885932,0.4015594541910331,-0.22799999999999998,206,320
0.06494604796171188,0.41,0.36,0.3904761904761905,0.4,-0.22999999999999998,205,320
0.065,0.408,0.36,0.3893129770992366,0.3984375,-0.23199999999999998,204,320
0.06503051519393921,0.408,0.36,0.3893129770992366,0.3984375,-0.23199999999999998,204,320
0.0650402382016182,0.406,0.36,0.3881453154875717,0.396871945259042,-0.23399999999999999,203,320
0.06505759805440903,0.406,0.362,0.3888888888888889,0.3972602739726027,-0.23199999999999998,203,319
0.06509894132614136,0.404,0.362,0.3877159309021113,0.395690499510284,-0.23399999999999999,202,319
0.06511016935110092,0.404,0.364,0.38846153846153847,0.396078431372549,-0.23199999999999998,202,318
0.06520866602659225,0.402,0.364,0.3872832369942196,0.39450441609421,-0.23399999999999999,201,318
0.06521057337522507,0.4,0.364,0.3861003861003861,0.3929273084479371,-0.236,200,318
0.06522323936223984,0.398,0.364,0.3849129593810445,0.3913470993117011,-0.238,199,318
0.06533735990524292,0.396,0.364,0.38372093023255816,0.38976377952755903,-0.24,198,318
0.06549087166786194,0.394,0.364,0.3825242718446602,0.38817733990147785,-0.242,197,318
0.06573368608951569,0.394,0.366,0.3832684824902724,0.388560157790927,-0.24,197,317
0.06578380614519119,0.394,0.368,0.3840155945419103,0.3889437314906219,-0.238,197,316
0.06580305844545364,0.392,0.368,0.3828125,0.38735177865612647,-0.24,196,316
0.06596264243125916,0.39,0.368,0.3816046966731898,0.3857566765578635,-0.242,195,316
0.06606658548116684,0.388,0.368,0.3803921568627451,0.38415841584158417,-0.244,194,316
0.06615607440471649,0.386,0.368,0.3791748526522593,0.38255698711595637,-0.246,193,316
0.06621125340461731,0.384,0.368,0.3779527559055118,0.38095238095238093,-0.248,192,316
0.06629446893930435,0.382,0.368,0.3767258382642998,0.37934458788480635,-0.25,191,316
0.0663699060678482,0.38,0.368,0.37549407114624506,0.37773359840954274,-0.252,190,316
0.06656112521886826,0.38,0.37,0.37623762376237624,0.3781094527363184,-0.25,190,315
0.06662936508655548,0.378,0.37,0.375,0.37649402390438247,-0.252,189,315
0.06677611917257309,0.376,0.37,0.37375745526838966,0.3748753738783649,-0.254,188,315
0.06686988472938538,0.376,0.372,0.3745019920318725,0.37524950099800397,-0.252,188,314
0.06701403856277466,0.374,0.372,0.37325349301397204,0.37362637362637363,-0.254,187,314
0.0670200064778328,0.372,0.372,0.372,0.372,-0.256,186,314
0.06704428791999817,0.37,0.372,0.37074148296593185,0.37037037037037035,-0.258,185,314
0.06710664182901382,0.368,0.372,0.36947791164658633,0.3687374749498998,-0.26,184,314
0.06711123883724213,0.368,0.374,0.3702213279678068,0.3691073219658977,-0.258,184,313
0.06718196719884872,0.366,0.374,0.3689516129032258,0.3674698795180723,-0.26,183,313
0.06731642782688141,0.366,0.376,0.3696969696969697,0.3678391959798995,-0.258,183,312
0.06735019385814667,0.366,0.378,0.37044534412955465,0.3682092555331992,-0.256,183,311
0.0674269050359726,0.366,0.38,0.3711967545638945,0.3685800604229607,-0.254,183,310
0.06746707111597061,0.366,0.382,0.3719512195121951,0.3689516129032258,-0.252,183,309
0.06750068068504333,0.364,0.382,0.37067209775967414,0.36730575176589303,-0.254,182,309
0.06750261038541794,0.362,0.382,0.3693877551020408,0.3656565656565657,-0.256,181,309
0.06754051893949509,0.362,0.384,0.37014314928425357,0.3660262891809909,-0.254,181,308
0.06757728010416031,0.36,0.384,0.36885245901639346,0.3643724696356275,-0.256,180,308
0.06776196509599686,0.358,0.384,0.3675564681724846,0.36271529888551163,-0.258,179,308
0.0677674189209938,0.356,0.384,0.3662551440329218,0.36105476673427994,-0.26,178,308
0.06784943491220474,0.356,0.386,0.3670103092783505,0.3614213197969543,-0.258,178,307
0.06795179098844528,0.354,0.386,0.365702479338843,0.3597560975609756,-0.26,177,307
0.06808577477931976,0.352,0.386,0.36438923395445133,0.358087487283825,-0.262,176,307
0.06813017278909683,0.35,0.386,0.3630705394190871,0.3564154786150713,-0.264,175,307
0.06819885969161987,0.348,0.386,0.36174636174636177,0.3547400611620795,-0.266,174,307
0.06825253367424011,0.346,0.386,0.36041666666666666,0.35306122448979593,-0.268,173,307
0.06827078759670258,0.344,0.386,0.35908141962421714,0.35137895812053116,-0.27,172,307
0.0683363825082779,0.344,0.388,0.3598326359832636,0.35173824130879344,-0.268,172,306
0.06840527057647705,0.342,0.388,0.3584905660377358,0.3500511770726714,-0.27,171,306
0.06857212632894516,0.34,0.388,0.35714285714285715,0.3483606557377049,-0.272,170,306
0.06859543919563293,0.338,0.388,0.35578947368421054,0.3466666666666667,-0.274,169,306
0.06872415542602539,0.336,0.388,0.35443037974683544,0.34496919917864477,-0.276,168,306
0.06872420012950897,0.334,0.388,0.35306553911205074,0.3432682425488181,-0.278,167,306
0.06879684329032898,0.334,0.39,0.3538135593220339,0.3436213991769547,-0.276,167,305
0.0688861608505249,0.332,0.39,0.3524416135881104,0.3419155509783728,-0.278,166,305
0.06902583688497543,0.33,0.39,0.35106382978723405,0.3402061855670103,-0.28,165,305
0.06903140246868134,0.33,0.392,0.35181236673773986,0.34055727554179566,-0.278,165,304
0.06914473325014114,0.328,0.392,0.3504273504273504,0.33884297520661155,-0.28,164,304
0.0691479966044426,0.328,0.394,0.3511777301927195,0.3391933815925543,-0.278,164,303
0.06921305507421494,0.328,0.396,0.351931330472103,0.33954451345755693,-0.276,164,302
0.06944022327661514,0.326,0.396,0.35053763440860214,0.3378238341968912,-0.278,163,302
0.06948049366474152,0.324,0.396,0.34913793103448276,0.3360995850622407,-0.28,162,302
0.0695052370429039,0.324,0.398,0.34989200863930886,0.3364485981308411,-0.278,162,301
0.0695425420999527,0.322,0.398,0.3484848484848485,0.33471933471933474,-0.28,161,301
0.0695519670844078,0.32,0.398,0.3470715835140998,0.33298647242455776,-0.28200000000000003,160,301
0.06964075565338135,0.318,0.398,0.3456521739130435,0.33125,-0.28400000000000003,159,301
0.0699017271399498,0.318,0.4,0.3464052287581699,0.3315954118873827,-0.28200000000000003,159,300
0.07,0.318,0.402,0.3471615720524017,0.33194154488517746,-0.28,159,299
0.07006075233221054,0.318,0.402,0.3471615720524017,0.33194154488517746,-0.28,159,299
0.07007639110088348,0.318,0.404,0.3479212253829322,0.3322884012539185,-0.278,159,298
0.07014686614274979,0.316,0.404,0.34649122807017546,0.3305439330543933,-0.28,158,298
0.07015743106603622,0.316,0.406,0.34725274725274724,0.3308900523560209,-0.278,158,297
0.07031457126140594,0.316,0.408,0.34801762114537443,0.3312368972746331,-0.276,158,296
0.07039240002632141,0.316,0.41,0.3487858719646799,0.3315844700944386,-0.274,158,295
0.07047019898891449,0.316,0.412,0.3495575221238938,0.3319327731092437,-0.272,158,294
0.07049279659986496,0.314,0.412,0.34811529933481156,0.3301787592008412,-0.274,157,294
0.07051534205675125,0.314,0.414,0.3488888888888889,0.33052631578947367,-0.272,157,293
0.07055295258760452,0.312,0.414,0.34743875278396436,0.3287671232876712,-0.274,156,293
0.07062523812055588,0.31,0.414,0.34598214285714285,0.3270042194092827,-0.276,155,293
0.07074538618326187,0.308,0.414,0.34451901565995524,0.3252375923970433,-0.278,154,293
0.07076486945152283,0.306,0.414,0.3430493273542601,0.32346723044397463,-0.28,153,293
0.0707818865776062,0.304,0.414,0.3415730337078652,0.3216931216931217,-0.28200000000000003,152,293
0.07106131315231323,0.304,0.416,0.34234234234234234,0.3220338983050847,-0.28,152,292
0.07110146433115005,0.304,0.418,0.3431151241534989,0.32237539766702017,-0.278,152,291
0.07135450839996338,0.304,0.42,0.3438914027149321,0.3227176220806794,-0.276,152,290
0.07137599587440491,0.302,0.42,0.3424036281179138,0.32093517534537724,-0.278,151,290
0.07142060995101929,0.3,0.42,0.3409090909090909,0.3191489361702128,-0.28,150,290
0.07146236300468445,0.3,0.422,0.3416856492027335,0.3194888178913738,-0.278,150,289
0.07150863111019135,0.298,0.422,0.3401826484018265,0.31769722814498935,-0.28,149,289
0.07162795960903168,0.296,0.422,0.33867276887871856,0.31590181430096054,-0.28200000000000003,148,289
0.07169602066278458,0.296,0.424,0.3394495412844037,0.3162393162393162,-0.28,148,288
0.07172558456659317,0.294,0.424,0.33793103448275863,0.3144385026737968,-0.28200000000000003,147,288
0.07174838334321976,0.292,0.424,0.33640552995391704,0.31263383297644537,-0.28400000000000003,146,288
0.07185420393943787,0.29,0.424,0.3348729792147806,0.3108252947481243,-0.28600000000000003,145,288
0.07205547392368317,0.288,0.424,0.3333333333333333,0.3090128755364807,-0.28800000000000003,144,288
0.07206148654222488,0.288,0.426,0.33410672853828305,0.30934479054779807,-0.28600000000000003,144,287
0.07234493643045425,0.288,0.428,0.33488372093023255,0.3096774193548387,-0.28400000000000003,144,286
0.07237241417169571,0.288,0.43,0.3356643356643357,0.310010764262648,-0.28200000000000003,144,285
0.07238613069057465,0.288,0.432,0.3364485981308411,0.3103448275862069,-0.28,144,284
0.07259009778499603,0.286,0.432,0.33489461358313816,0.30852211434735705,-0.28200000000000003,143,284
0.07274458557367325,0.284,0.432,0.3333333333333333,0.30669546436285094,-0.28400000000000003,142,284
0.07294703274965286,0.282,0.432,0.33176470588235296,0.30486486486486486,-0.28600000000000003,141,284
0.07320909202098846,0.282,0.434,0.33254716981132076,0.3051948051948052,-0.28400000000000003,141,283
0.07330990582704544,0.282,0.436,0.3333333333333333,0.3055254604550379,-0.28200000000000003,141,282
0.0734199583530426,0.28,0.436,0.33175355450236965,0.3036876355748373,-0.28400000000000003,140,282
0.07357695698738098,0.278,0.436,0.33016627078384797,0.30184581976112923,-0.28600000000000003,139,282
0.07365678995847702,0.278,0.438,0.33095238095238094,0.30217391304347824,-0.28400000000000003,139,281
0.07369804382324219,0.276,0.438,0.32935560859188545,0.3003264417845484,-0.28600000000000003,138,281
0.07384977489709854,0.276,0.44,0.33014354066985646,0.3006535947712418,-0.28400000000000003,138,280
0.0740056112408638,0.274,0.44,0.328537170263789,0.29880043620501634,-0.28600000000000003,137,280
0.07408937811851501,0.272,0.44,0.3269230769230769,0.29694323144104806,-0.28800000000000003,136,280
0.07417035847902298,0.27,0.44,0.3253012048192771,0.29508196721311475,-0.29000000000000004,135,280
0.0743807703256607,0.268,0.44,0.32367149758454106,0.29321663019693656,-0.29200000000000004,134,280
0.07467744499444962,0.268,0.442,0.324455205811138,0.29353778751369114,-0.29000000000000004,134,279
0.0749099850654602,0.268,0.444,0.32524271844660196,0.29385964912280704,-0.28800000000000003,134,278
0.07491252571344376,0.268,0.446,0.3260340632603406,0.29418221734357847,-0.28600000000000003,134,277
0.07495646923780441,0.266,0.446,0.32439024390243903,0.2923076923076923,-0.28800000000000003,133,277
0.075,0.266,0.448,0.3251833740831296,0.29262926292629265,-0.28600000000000003,133,276
0.07515790313482285,0.266,0.448,0.3251833740831296,0.29262926292629265,-0.28600000000000003,133,276
0.07518325001001358,0.266,0.45,0.32598039215686275,0.29295154185022027,-0.28400000000000003,133,275
0.07526624947786331,0.266,0.452,0.32678132678132676,0.2932745314222712,-0.28200000000000003,133,274
0.07554205507040024,0.266,0.454,0.3275862068965517,0.293598233995585,-0.28,133,273
0.07581456750631332,0.266,0.456,0.32839506172839505,0.29392265193370165,-0.278,133,272
0.07596059143543243,0.266,0.458,0.3292079207920792,0.2942477876106195,-0.276,133,271
0.07610569894313812,0.264,0.458,0.32754342431761785,0.292358803986711,-0.278,132,271
0.07630743086338043,0.262,0.458,0.32587064676616917,0.29046563192904656,-0.28,131,271
0.07634222507476807,0.262,0.46,0.3266832917705736,0.290788013318535,-0.278,131,270
0.07638739049434662,0.262,0.462,0.3275,0.2911111111111111,-0.276,131,269
0.07643286883831024,0.26,0.462,0.3258145363408521,0.289210233592881,-0.278,130,269
0.07649589329957962,0.26,0.464,0.32663316582914576,0.289532293986637,-0.276,130,268
0.07664920389652252,0.258,0.464,0.3249370277078086,0.28762541806020064,-0.278,129,268
0.07668233662843704,0.258,0.466,0.32575757575757575,0.28794642857142855,-0.276,129,267
0.07682754844427109,0.258,0.468,0.3265822784810127,0.288268156424581,-0.274,129,266
0.07687170803546906,0.256,0.468,0.3248730964467005,0.28635346756152125,-0.276,128,266
0.0771283358335495,0.254,0.468,0.3231552162849873,0.284434490481523,-0.278,127,266
0.0771654024720192,0.252,0.468,0.32142857142857145,0.2825112107623318,-0.28,126,266
0.07729273289442062,0.25,0.468,0.319693094629156,0.28058361391694725,-0.28200000000000003,125,266
0.07731311023235321,0.25,0.47,0.32051282051282054,0.2808988764044944,-0.28,125,265
0.07737437635660172,0.248,0.47,0.31876606683804626,0.27896512935883017,-0.28200000000000003,124,265
0.07753460854291916,0.248,0.472,0.31958762886597936,0.27927927927927926,-0.28,124,264
0.07766309380531311,0.248,0.474,0.32041343669250644,0.27959413754227735,-0.278,124,263
0.07777503877878189,0.246,0.474,0.31865284974093266,0.27765237020316025,-0.28,123,263
0.07780113816261292,0.246,0.476,0.3194805194805195,0.27796610169491526,-0.278,123,262
0.07804539054632187,0.246,0.478,0.3203125,0.27828054298642535,-0.276,123,261
0.07810699939727783,0.244,0.478,0.3185378590078329,0.27633069082672707,-0.278,122,261
0.07818546146154404,0.242,0.478,0.31675392670157065,0.2743764172335601,-0.28,121,261
0.07834640890359879,0.24,0.478,0.31496062992125984,0.2724177071509648,-0.28200000000000003,120,261
0.0784880593419075,0.24,0.48,0.3157894736842105,0.2727272727272727,-0.28,120,260
0.07854001969099045,0.238,0.48,0.31398416886543534,0.2707622298065984,-0.28200000000000003,119,260
0.07854011654853821,0.238,0.482,0.3148148148148148,0.27107061503416857,-0.28,119,259
0.07858167588710785,0.236,0.482,0.3129973474801061,0.2690992018244014,-0.28200000000000003,118,259
0.07867947220802307,0.234,0.482,0.31117021276595747,0.2671232876712329,-0.28400000000000003,117,259
0.07891535758972168,0.234,0.484,0.312,0.2674285714285714,-0.28200000000000003,117,258
0.0789160430431366,0.234,0.486,0.31283422459893045,0.26773455377574373,-0.28,117,257
0.07896213233470917,0.232,0.486,0.3109919571045576,0.26575028636884307,-0.28200000000000003,116,257
0.07902415841817856,0.23,0.486,0.30913978494623656,0.26376146788990823,-0.28400000000000003,115,257
0.07912640273571014,0.228,0.486,0.30727762803234504,0.2617680826636051,-0.28600000000000003,114,257
0.07928594946861267,0.226,0.486,0.3054054054054054,0.2597701149425287,-0.28800000000000003,113,257
0.07946065068244934,0.224,0.486,0.3035230352303523,0.25776754890678943,-0.29000000000000004,112,257
0.07981585711240768,0.222,0.486,0.3016304347826087,0.2557603686635945,-0.29200000000000004,111,257
0.07981870323419571,0.22,0.486,0.2997275204359673,0.2537485582468281,-0.29400000000000004,110,257
0.07982221245765686,0.22,0.488,0.3005464480874317,0.2540415704387991,-0.29200000000000004,110,256
0.07984007149934769,0.218,0.488,0.29863013698630136,0.2520231213872832,-0.29400000000000004,109,256
0.07989361882209778,0.216,0.488,0.2967032967032967,0.25,-0.29600000000000004,108,256
0.07989504188299179,0.216,0.49,0.2975206611570248,0.25028968713789107,-0.29400000000000004,108,255
0.08,0.216,0.492,0.2983425414364641,0.2505800464037123,-0.29200000000000004,108,254
0.08022893965244293,0.216,0.492,0.2983425414364641,0.2505800464037123,-0.29200000000000004,108,254
0.08028683811426163,0.216,0.494,0.29916897506925205,0.2508710801393728,-0.29000000000000004,108,253
0.08034932613372803,0.214,0.494,0.2972222222222222,0.24883720930232558,-0.29200000000000004,107,253
0.08075755089521408,0.212,0.494,0.29526462395543174,0.2467986030267753,-0.29400000000000004,106,253
0.08085189014673233,0.212,0.496,0.29608938547486036,0.24708624708624707,-0.29200000000000004,106,252
0.08093401789665222,0.212,0.498,0.2969187675070028,0.24737456242707118,-0.29000000000000004,106,251
0.08126163482666016,0.212,0.5,0.29775280898876405,0.24766355140186916,-0.28800000000000003,106,250
0.08129566162824631,0.21,0.5,0.29577464788732394,0.24561403508771928,-0.29000000000000004,105,250
0.08134672790765762,0.21,0.502,0.2966101694915254,0.2459016393442623,-0.28800000000000003,105,249
0.08136652410030365,0.21,0.504,0.29745042492917845,0.246189917936694,-0.28600000000000003,105,248
0.08138618618249893,0.21,0.506,0.29829545454545453,0.24647887323943662,-0.28400000000000003,105,247
0.08138744533061981,0.21,0.508,0.29914529914529914,0.24676850763807284,-0.28200000000000003,105,246
0.08140088617801666,0.21,0.51,0.3,0.24705882352941178,-0.28,105,245
0.08149783313274384,0.208,0.51,0.2979942693409742,0.24499411071849234,-0.28200000000000003,104,245
0.08150143921375275,0.206,0.51,0.2959770114942529,0.2429245283018868,-0.28400000000000003,103,245
0.08152782917022705,0.206,0.512,0.2968299711815562,0.24321133412042503,-0.28200000000000003,103,244
0.08154110610485077,0.206,0.514,0.2976878612716763,0.24349881796690306,-0.28,103,243
0.08164980262517929,0.204,0.514,0.2956521739130435,0.24142011834319527,-0.28200000000000003,102,243
0.08184708654880524,0.202,0.514,0.2936046511627907,0.23933649289099526,-0.28400000000000003,101,243
0.08186154812574387,0.2,0.514,0.2915451895043732,0.2372479240806643,-0.28600000000000003,100,243
0.08187414705753326,0.2,0.516,0.29239766081871343,0.2375296912114014,-0.28400000000000003,100,242
0.08190759271383286,0.198,0.516,0.2903225806451613,0.23543400713436385,-0.28600000000000003,99,242
0.0823933333158493,0.196,0.516,0.28823529411764703,0.23333333333333334,-0.28800000000000003,98,242
0.08240002393722534,0.196,0.518,0.2890855457227139,0.23361144219308702,-0.28600000000000003,98,241
0.0827140137553215,0.194,0.518,0.2869822485207101,0.2315035799522673,-0.28800000000000003,97,241
0.08276297897100449,0.194,0.52,0.2878338278931751,0.23178016726403824,-0.28600000000000003,97,240
0.08294039219617844,0.194,0.522,0.28869047619047616,0.23205741626794257,-0.28400000000000003,97,239
0.08297029137611389,0.192,0.522,0.2865671641791045,0.22994011976047904,-0.28600000000000003,96,239
0.08300071209669113,0.192,0.524,0.2874251497005988,0.2302158273381295,-0.28400000000000003,96,238
0.08319810777902603,0.19,0.524,0.2852852852852853,0.22809123649459784,-0.28600000000000003,95,238
0.08325129747390747,0.188,0.524,0.28313253012048195,0.22596153846153846,-0.28800000000000003,94,238
0.08338162302970886,0.186,0.524,0.2809667673716012,0.22382671480144403,-0.29000000000000004,93,238
0.0835312008857727,0.186,0.526,0.2818181818181818,0.22409638554216868,-0.28800000000000003,93,237
0.08368247002363205,0.184,0.526,0.2796352583586626,0.22195416164053075,-0.29000000000000004,92,237
0.08370696753263474,0.184,0.528,0.2804878048780488,0.2222222222222222,-0.28800000000000003,92,236
0.08371031284332275,0.182,0.528,0.2782874617737003,0.22007255139056833,-0.29000000000000004,91,236
0.08371537923812866,0.182,0.53,0.2791411042944785,0.22033898305084745,-0.28800000000000003,91,235
0.08378482609987259,0.18,0.53,0.27692307692307694,0.21818181818181817,-0.29000000000000004,90,235
0.08422428369522095,0.178,0.53,0.27469135802469136,0.21601941747572814,-0.29200000000000004,89,235
0.0842408686876297,0.176,0.53,0.2724458204334365,0.21385176184690158,-0.29400000000000004,88,235
0.08433183282613754,0.174,0.53,0.2701863354037267,0.2116788321167883,-0.29600000000000004,87,235
0.08438149839639664,0.172,0.53,0.26791277258566976,0.2095006090133983,-0.29800000000000004,86,235
0.08467023074626923,0.17,0.53,0.265625,0.2073170731707317,-0.29999999999999993,85,235
0.08473926782608032,0.17,0.532,0.2664576802507837,0.20757020757020758,-0.29799999999999993,85,234
0.08493028581142426,0.17,0.534,0.2672955974842767,0.2078239608801956,-0.29599999999999993,85,233
0.0849708616733551,0.17,0.536,0.26813880126182965,0.20807833537331702,-0.29399999999999993,85,232
0.085,0.168,0.536,0.26582278481012656,0.20588235294117646,-0.29599999999999993,84,232
0.08526939898729324,0.168,0.536,0.26582278481012656,0.20588235294117646,-0.29599999999999993,84,232
0.08536691218614578,0.168,0.538,0.26666666666666666,0.20613496932515338,-0.29399999999999993,84,231
0.08600493520498276,0.168,0.54,0.267515923566879,0.20638820638820637,-0.2919999999999999,84,230
0.08610247820615768,0.168,0.542,0.268370607028754,0.2066420664206642,-0.2899999999999999,84,229
0.08635763078927994,0.168,0.544,0.2692307692307692,0.20689655172413793,-0.2879999999999999,84,228
0.08635964244604111,0.166,0.544,0.26688102893890675,0.20468557336621454,-0.2899999999999999,83,228
0.08637721091508865,0.166,0.546,0.267741935483871,0.20493827160493827,-0.2879999999999999,83,227
0.08642793446779251,0.164,0.546,0.26537216828478966,0.2027194066749073,-0.2899999999999999,82,227
0.08650277554988861,0.164,0.548,0.2662337662337662,0.20297029702970298,-0.2879999999999999,82,226
0.08664123713970184,0.164,0.55,0.2671009771986971,0.20322180916976457,-0.2859999999999999,82,225
0.08675874024629593,0.162,0.55,0.2647058823529412,0.20099255583126552,-0.2879999999999999,81,225
0.08684536814689636,0.162,0.552,0.26557377049180325,0.20124223602484473,-0.2859999999999999,81,224
0.08701042085886002,0.16,0.552,0.2631578947368421,0.19900497512437812,-0.2879999999999999,80,224
0.08704575151205063,0.158,0.552,0.2607260726072607,0.19676214196762143,-0.2899999999999999,79,224
0.08705534040927887,0.156,0.552,0.2582781456953642,0.19451371571072318,-0.2919999999999999,78,224
0.08706775307655334,0.156,0.554,0.2591362126245847,0.1947565543071161,-0.2899999999999999,78,223
0.08709149062633514,0.156,0.556,0.26,0.195,-0.2879999999999999,78,222
0.08713126182556152,0.154,0.556,0.25752508361204013,0.1927409261576971,-0.2899999999999999,77,222
0.08731146901845932,0.154,0.558,0.25838926174496646,0.19298245614035087,-0.2879999999999999,77,221
0.08738019317388535,0.154,0.56,0.25925925925925924,0.1932245922208281,-0.2859999999999999,77,220
0.08745779097080231,0.154,0.562,0.26013513513513514,0.1934673366834171,-0.2839999999999999,77,219
0.08759962022304535,0.154,0.564,0.26101694915254237,0.19371069182389938,-0.28200000000000003,77,218
0.0876859799027443,0.152,0.564,0.2585034013605442,0.19143576826196473,-0.28400000000000003,76,218
0.0878945142030716,0.152,0.566,0.2593856655290102,0.19167717528373265,-0.28200000000000003,76,217
0.08794957399368286,0.15,0.566,0.2568493150684932,0.1893939393939394,-0.28400000000000003,75,217
0.08818181604146957,0.148,0.566,0.2542955326460481,0.18710493046776233,-0.28600000000000003,74,217
0.0882553979754448,0.146,0.566,0.2517241379310345,0.1848101265822785,-0.28800000000000003,73,217
0.08844667673110962,0.146,0.568,0.25259515570934254,0.1850443599493029,-0.28600000000000003,73,216
0.0885009914636612,0.146,0.57,0.2534722222222222,0.18527918781725888,-0.28400000000000003,73,215
0.08851208537817001,0.146,0.572,0.25435540069686413,0.1855146124523507,-0.28200000000000003,73,214
0.08856863528490067,0.146,0.574,0.25524475524475526,0.18575063613231552,-0.28,73,213
0.08876568078994751,0.144,0.574,0.25263157894736843,0.18343949044585986,-0.28200000000000003,72,213
0.08878292143344879,0.144,0.576,0.2535211267605634,0.1836734693877551,-0.28,72,212
0.08887888491153717,0.144,0.578,0.254416961130742,0.1839080459770115,-0.278,72,211
0.08894582837820053,0.144,0.58,0.2553191489361702,0.18414322250639387,-0.276,72,210
0.08907780051231384,0.144,0.582,0.25622775800711745,0.18437900128040974,-0.274,72,209
0.08957231044769287,0.142,0.582,0.25357142857142856,0.18205128205128204,-0.276,71,209
0.08964957296848297,0.14,0.582,0.25089605734767023,0.1797175866495507,-0.278,70,209
0.08991608768701553,0.138,0.582,0.24820143884892087,0.17737789203084833,-0.28,69,209
0.09,0.138,0.584,0.2490974729241877,0.1776061776061776,-0.278,69,208
0.09002901613712311,0.138,0.584,0.2490974729241877,0.1776061776061776,-0.278,69,208
0.09014087170362473,0.138,0.586,0.25,0.17783505154639176,-0.276,69,207
0.09023578464984894,0.138,0.588,0.2509090909090909,0.17806451612903226,-0.274,69,206
0.09044541418552399,0.138,0.59,0.2518248175182482,0.17829457364341086,-0.272,69,205
0.09044857323169708,0.136,0.59,0.2490842490842491,0.1759379042690815,-0.274,68,205
0.09057072550058365,0.136,0.592,0.25,0.17616580310880828,-0.272,68,204
0.09098651260137558,0.134,0.592,0.24723247232472326,0.17380025940337224,-0.274,67,204
0.09135329723358154,0.134,0.594,0.24814814814814815,0.17402597402597403,-0.272,67,203
0.09149018675088882,0.134,0.596,0.24907063197026022,0.17425227568270482,-0.27,67,202
0.09160429984331131,0.132,0.596,0.2462686567164179,0.171875,-0.272,66,202
0.09181316196918488,0.13,0.596,0.24344569288389514,0.1694915254237288,-0.274,65,202
0.09239461272954941,0.13,0.598,0.24436090225563908,0.16971279373368145,-0.272,65,201
0.0927201583981514,0.128,0.598,0.24150943396226415,0.16732026143790849,-0.274,64,201
0.09306629002094269,0.126,0.598,0.23863636363636365,0.1649214659685864,-0.276,63,201
0.09307319670915604,0.126,0.6,0.23954372623574144,0.1651376146788991,-0.274,63,200
0.09330678731203079,0.124,0.6,0.2366412213740458,0.16272965879265092,-0.276,62,200
0.09352204203605652,0.124,0.602,0.23754789272030652,0.16294349540078842,-0.274,62,199
0.09365931898355484,0.124,0.604,0.23846153846153847,0.1631578947368421,-0.272,62,198
0.0937839224934578,0.124,0.606,0.23938223938223938,0.16337285902503293,-0.27,62,197
0.0939021185040474,0.124,0.608,0.24031007751937986,0.16358839050131926,-0.268,62,196
0.0944167822599411,0.124,0.61,0.24124513618677043,0.16380449141347425,-0.266,62,195
0.09456366300582886,0.124,0.612,0.2421875,0.164021164021164,-0.264,62,194
0.09477090835571289,0.124,0.614,0.24313725490196078,0.16423841059602648,-0.262,62,193
0.09482846409082413,0.124,0.616,0.2440944881889764,0.16445623342175067,-0.26,62,192
0.09485993534326553,0.122,0.616,0.24110671936758893,0.16201859229747675,-0.262,61,192
0.095,0.12,0.616,0.23809523809523808,0.1595744680851064,-0.264,60,192
0.09507814049720764,0.12,0.616,0.23809523809523808,0.1595744680851064,-0.264,60,192
0.09530696272850037,0.118,0.616,0.2350597609561753,0.15712383488681758,-0.266,59,192
0.09531845152378082,0.116,0.616,0.232,0.15466666666666667,-0.268,58,192
0.09619410336017609,0.114,0.616,0.2289156626506024,0.15220293724966621,-0.27,57,192
0.09621831774711609,0.114,0.618,0.22983870967741934,0.15240641711229946,-0.268,57,191
0.09649155288934708,0.112,0.618,0.22672064777327935,0.1499330655957162,-0.27,56,191
0.09656564891338348,0.112,0.62,0.22764227642276422,0.15013404825737264,-0.268,56,190
0.09700540453195572,0.11,0.62,0.22448979591836735,0.1476510067114094,-0.27,55,190
0.09704460948705673,0.11,0.622,0.22540983606557377,0.1478494623655914,-0.268,55,189
0.09719739854335785,0.108,0.622,0.2222222222222222,0.14535666218034993,-0.27,54,189
0.0973072201013565,0.108,0.624,0.2231404958677686,0.14555256064690028,-0.268,54,188
0.09768605977296829,0.108,0.626,0.22406639004149378,0.145748987854251,-0.266,54,187
0.09770020097494125,0.106,0.626,0.22083333333333333,0.14324324324324325,-0.268,53,187
0.09774119406938553,0.106,0.628,0.2217573221757322,0.14343707713125844,-0.266,53,186
0.09780720621347427,0.106,0.63,0.22268907563025211,0.14363143631436315,-0.264,53,185
0.09793521463871002,0.106,0.632,0.22362869198312235,0.14382632293080055,-0.262,53,184
0.0981661006808281,0.106,0.634,0.2245762711864407,0.14402173913043478,-0.26,53,183
0.09818664193153381,0.106,0.636,0.225531914893617,0.14421768707482993,-0.258,53,182
0.09820815175771713,0.106,0.638,0.2264957264957265,0.1444141689373297,-0.256,53,181
0.098264180123806,0.106,0.64,0.22746781115879827,0.1446111869031378,-0.254,53,180
0.09827018529176712,0.104,0.64,0.22413793103448276,0.14207650273224043,-0.256,52,180
0.09827166050672531,0.104,0.642,0.22510822510822512,0.14227086183310533,-0.254,52,179
0.09829666465520859,0.104,0.644,0.22608695652173913,0.14246575342465753,-0.252,52,178
0.09830370545387268,0.102,0.644,0.22270742358078602,0.13991769547325103,-0.254,51,178
0.09839784353971481,0.1,0.644,0.21929824561403508,0.13736263736263737,-0.256,50,178
0.09857326000928879,0.098,0.644,0.21585903083700442,0.13480055020632736,-0.258,49,178
0.0987824946641922,0.096,0.644,0.21238938053097345,0.1322314049586777,-0.26,48,178
0.09889651089906693,0.096,0.646,0.21333333333333335,0.13241379310344828,-0.258,48,177
0.09936558455228806,0.096,0.648,0.21428571428571427,0.13259668508287292,-0.256,48,176
0.09944567829370499,0.096,0.65,0.21524663677130046,0.13278008298755187,-0.254,48,175
0.09945068508386612,0.096,0.652,0.21621621621621623,0.1329639889196676,-0.252,48,174
0.09962552040815353,0.096,0.654,0.2171945701357466,0.13314840499306518,-0.25,48,173
0.09977144002914429,0.096,0.656,0.21818181818181817,0.13333333333333333,-0.248,48,172
0.09977797418832779,0.096,0.658,0.2191780821917808,0.13351877607788595,-0.246,48,171
0.09992282837629318,0.094,0.658,0.21559633027522937,0.1309192200557103,-0.248,47,171
0.1,0.092,0.658,0.2119815668202765,0.12831241283124128,-0.25,46,171
0.10008098185062408,0.092,0.658,0.2119815668202765,0.12831241283124128,-0.25,46,171
0.10015624761581421,0.092,0.66,0.21296296296296297,0.12849162011173185,-0.248,46,170
0.1002468541264534,0.092,0.662,0.21395348837209302,0.12867132867132866,-0.246,46,169
0.1002589613199234,0.09,0.662,0.2102803738317757,0.12605042016806722,-0.248,45,169
0.10071944445371628,0.09,0.664,0.2112676056338028,0.12622720897615708,-0.246,45,168
0.1007244735956192,0.09,0.666,0.21226415094339623,0.12640449438202248,-0.244,45,167
0.10106611251831055,0.09,0.668,0.2132701421800948,0.12658227848101267,-0.242,45,166
0.10139860957860947,0.088,0.668,0.20952380952380953,0.12394366197183099,-0.244,44,166
0.10141514241695404,0.088,0.67,0.21052631578947367,0.12411847672778561,-0.242,44,165
0.10155719518661499,0.086,0.67,0.20673076923076922,0.12146892655367232,-0.244,43,165
0.10157255828380585,0.086,0.672,0.20772946859903382,0.12164073550212164,-0.242,43,164
0.10161620378494263,0.086,0.674,0.2087378640776699,0.12181303116147309,-0.24,43,163
0.10167814791202545,0.084,0.674,0.2048780487804878,0.11914893617021277,-0.242,42,163
0.10183067619800568,0.082,0.674,0.20098039215686275,0.11647727272727272,-0.244,41,163
0.10189662873744965,0.082,0.676,0.2019704433497537,0.1166429587482219,-0.242,41,162
0.10191519558429718,0.08,0.676,0.19801980198019803,0.11396011396011396,-0.244,40,162
0.1022634208202362,0.078,0.676,0.19402985074626866,0.11126961483594865,-0.246,39,162
0.10368458181619644,0.078,0.678,0.195,0.11142857142857143,-0.244,39,161
0.10399793088436127,0.076,0.678,0.19095477386934673,0.10872675250357654,-0.246,38,161
0.10409204661846161,0.074,0.678,0.18686868686868688,0.10601719197707736,-0.248,37,161
0.10457852482795715,0.072,0.678,0.18274111675126903,0.10329985652797705,-0.25,36,161
0.10468810796737671,0.072,0.68,0.1836734693877551,0.10344827586206896,-0.248,36,160
0.10485894232988358,0.07,0.68,0.1794871794871795,0.10071942446043165,-0.25,35,160
0.10498220473527908,0.07,0.682,0.18041237113402062,0.10086455331412104,-0.248,35,159
0.105,0.07,0.684,0.18134715025906736,0.10101010101010101,-0.246,35,158
0.1052764281630516,0.07,0.684,0.18134715025906736,0.10101010101010101,-0.246,35,158
0.10533921420574188,0.07,0.686,0.18229166666666666,0.10115606936416185,-0.244,35,157
0.10544461011886597,0.068,0.686,0.17801047120418848,0.09840810419681621,-0.246,34,157
0.1057240292429924,0.068,0.688,0.17894736842105263,0.09855072463768116,-0.244,34,156
0.10622883588075638,0.066,0.688,0.1746031746031746,0.09579100145137881,-0.246,33,156
0.10632932186126709,0.066,0.69,0.17553191489361702,0.09593023255813954,-0.244,33,155
0.10639037936925888,0.064,0.69,0.1711229946524064,0.09315866084425037,-0.246,32,155
0.10646111518144608,0.062,0.69,0.16666666666666666,0.09037900874635568,-0.248,31,155
0.10670843720436096,0.062,0.692,0.16756756756756758,0.0905109489051095,-0.246,31,154
0.10686202347278595,0.062,0.694,0.16847826086956522,0.09064327485380116,-0.244,31,153
0.10696669667959213,0.062,0.696,0.16939890710382513,0.09077598828696926,-0.242,31,152
0.10721822082996368,0.06,0.696,0.16483516483516483,0.08797653958944282,-0.244,30,152
0.1074766144156456,0.058,0.696,0.16022099447513813,0.08516886930983847,-0.246,29,152
0.10775638371706009,0.056,0.696,0.15555555555555556,0.08235294117647059,-0.248,28,152
0.10778801143169403,0.054,0.696,0.15083798882681565,0.07952871870397643,-0.25,27,152
0.10782141983509064,0.054,0.698,0.15168539325842698,0.07964601769911504,-0.248,27,151
0.1079387441277504,0.054,0.7,0.15254237288135594,0.07976366322008863,-0.246,27,150
0.1080017015337944,0.052,0.7,0.14772727272727273,0.07692307692307693,-0.248,26,150
0.10950110107660294,0.052,0.702,0.14857142857142858,0.07703703703703704,-0.246,26,149
0.10989932715892792,0.052,0.704,0.14942528735632185,0.0771513353115727,-0.244,26,148
0.11,0.05,0.704,0.14450867052023122,0.07429420505200594,-0.246,25,148
0.11056184768676758,0.05,0.704,0.14450867052023122,0.07429420505200594,-0.246,25,148
0.11092538386583328,0.05,0.706,0.14534883720930233,0.0744047619047619,-0.244,25,147
0.11111107468605042,0.048,0.706,0.14035087719298245,0.07153502235469449,-0.246,24,147
0.11115698516368866,0.046,0.706,0.13529411764705881,0.06865671641791045,-0.248,23,147
0.11116619408130646,0.044,0.706,0.1301775147928994,0.06576980568011959,-0.25,22,147
0.11182179301977158,0.044,0.708,0.13095238095238096,0.0658682634730539,-0.248,22,146
0.11212226748466492,0.044,0.71,0.1317365269461078,0.06596701649175413,-0.246,22,145
0.11230162531137466,0.042,0.71,0.12650602409638553,0.06306306306306306,-0.248,21,145
0.11231613159179688,0.042,0.712,0.12727272727272726,0.06315789473684211,-0.246,21,144
0.11231762170791626,0.042,0.714,0.12804878048780488,0.06325301204819277,-0.244,21,143
0.11250943690538406,0.042,0.716,0.12883435582822086,0.06334841628959276,-0.242,21,142
0.11315084248781204,0.04,0.716,0.12345679012345678,0.06042296072507553,-0.244,20,142
0.11319156736135483,0.04,0.718,0.12422360248447205,0.060514372163388806,-0.242,20,141
0.11338772624731064,0.038,0.718,0.11875,0.05757575757575758,-0.244,19,141
0.11352227628231049,0.038,0.72,0.11949685534591195,0.057663125948406675,-0.242,19,140
0.11362922936677933,0.038,0.722,0.12025316455696203,0.057750759878419454,-0.24,19,139
0.11366920173168182,0.038,0.724,0.12101910828025478,0.0578386605783866,-0.238,19,138
0.11396472901105881,0.038,0.726,0.12179487179487179,0.057926829268292686,-0.236,19,137
0.11419182270765305,0.038,0.728,0.12258064516129032,0.05801526717557252,-0.23399999999999999,19,136
0.11427821964025497,0.038,0.73,0.12337662337662338,0.0581039755351682,-0.23199999999999998,19,135
0.11444597691297531,0.038,0.732,0.12418300653594772,0.05819295558958652,-0.22999999999999998,19,134
0.11465940624475479,0.036,0.732,0.11842105263157894,0.05521472392638037,-0.23199999999999998,18,134
0.114805668592453,0.034,0.732,0.11258278145695365,0.05222734254992319,-0.23399999999999999,17,134
0.11497166007757187,0.032,0.732,0.10666666666666667,0.04923076923076923,-0.236,16,134
0.115,0.032,0.734,0.10738255033557047,0.04930662557781202,-0.23399999999999999,16,133
0.11677422374486923,0.032,0.734,0.10738255033557047,0.04930662557781202,-0.23399999999999999,16,133
0.11710629612207413,0.032,0.736,0.10810810810810811,0.04938271604938271,-0.23199999999999998,16,132
0.11742527782917023,0.032,0.738,0.10884353741496598,0.04945904173106646,-0.22999999999999998,16,131
0.11774946004152298,0.032,0.74,0.1095890410958904,0.04953560371517028,-0.22799999999999998,16,130
0.11776862293481827,0.032,0.742,0.1103448275862069,0.04961240310077519,-0.22599999999999998,16,129
0.11789269000291824,0.032,0.744,0.1111111111111111,0.049689440993788817,-0.22399999999999998,16,128
0.11896376311779022,0.032,0.746,0.11188811188811189,0.049766718506998445,-0.22199999999999998,16,127
0.11904489248991013,0.032,0.748,0.11267605633802817,0.04984423676012461,-0.21999999999999997,16,126
0.11990591138601303,0.032,0.75,0.11347517730496454,0.0499219968798752,-0.21799999999999997,16,125
0.12,0.032,0.752,0.11428571428571428,0.05,-0.21599999999999997,16,124
0.12004241347312927,0.032,0.752,0.11428571428571428,0.05,-0.21599999999999997,16,124
0.12024778872728348,0.03,0.752,0.1079136690647482,0.046948356807511735,-0.21799999999999997,15,124
0.1206650584936142,0.03,0.754,0.10869565217391304,0.047021943573667714,-0.21599999999999997,15,123
0.12083687633275986,0.03,0.756,0.10948905109489052,0.04709576138147567,-0.21399999999999997,15,122
0.12086386978626251,0.03,0.758,0.11029411764705882,0.04716981132075472,-0.21199999999999997,15,121
0.12099571526050568,0.03,0.76,0.1111111111111111,0.047244094488188976,-0.20999999999999996,15,120
0.12122749537229538,0.028,0.76,0.1044776119402985,0.04416403785488959,-0.21199999999999997,14,120
0.12124999612569809,0.028,0.762,0.10526315789473684,0.044233807266982623,-0.20999999999999996,14,119
0.12180699408054352,0.028,0.764,0.10606060606060606,0.04430379746835443,-0.20799999999999996,14,118
0.12297775596380234,0.028,0.766,0.10687022900763359,0.044374009508716325,-0.20599999999999996,14,117
0.12299942225217819,0.028,0.768,0.1076923076923077,0.044444444444444446,-0.20399999999999996,14,116
0.12310033291578293,0.028,0.77,0.10852713178294573,0.04451510333863275,-0.20199999999999996,14,115
0.12346711754798889,0.028,0.772,0.109375,0.044585987261146494,-0.19999999999999996,14,114
0.12399693578481674,0.028,0.774,0.11023622047244094,0.044657097288676235,-0.19799999999999995,14,113
0.12477786093950272,0.028,0.776,0.1111111111111111,0.04472843450479233,-0.19599999999999995,14,112
0.125,0.028,0.778,0.112,0.0448,-0.19399999999999995,14,111
0.12500789761543274,0.028,0.778,0.112,0.0448,-0.19399999999999995,14,111
0.12590236961841583,0.028,0.78,0.11290322580645161,0.04487179487179487,-0.19199999999999995,14,110
0.12632597982883453,0.028,0.782,0.11382113821138211,0.0449438202247191,-0.18999999999999995,14,109
0.12666217982769012,0.028,0.784,0.11475409836065574,0.04501607717041801,-0.18799999999999994,14,108
0.12682904303073883,0.028,0.786,0.11570247933884298,0.04508856682769726,-0.18599999999999994,14,107
0.12727652490139008,0.028,0.788,0.11666666666666667,0.04516129032258064,-0.18399999999999994,14,106
0.12733471393585205,0.026,0.788,0.1092436974789916,0.0420032310177706,-0.18599999999999994,13,106
0.12864157557487488,0.026,0.79,0.11016949152542373,0.042071197411003236,-0.18399999999999994,13,105
0.1287408322095871,0.024,0.79,0.10256410256410256,0.03889789303079417,-0.18599999999999994,12,105
0.12877008318901062,0.024,0.792,0.10344827586206896,0.03896103896103896,-0.18399999999999994,12,104
0.1289544701576233,0.022,0.792,0.09565217391304348,0.03577235772357724,-0.18599999999999994,11,104
0.12914177775382996,0.022,0.794,0.09649122807017543,0.035830618892508145,-0.18399999999999994,11,103
0.12919260561466217,0.022,0.796,0.09734513274336283,0.03588907014681892,-0.18199999999999994,11,102
0.13,0.02,0.796,0.08928571428571429,0.032679738562091505,-0.18399999999999994,10,102
0.1302531361579895,0.02,0.796,0.08928571428571429,0.032679738562091505,-0.18399999999999994,10,102
0.13093458116054535,0.02,0.798,0.09009009009009009,0.03273322422258593,-0.18199999999999994,10,101
0.1312343031167984,0.02,0.8,0.09090909090909091,0.03278688524590164,-0.17999999999999994,10,100
0.13156169652938843,0.02,0.802,0.09174311926605505,0.03284072249589491,-0.17799999999999994,10,99
0.13200734555721283,0.02,0.804,0.09259259259259259,0.03289473684210526,-0.17599999999999993,10,98
0.13238650560379028,0.02,0.806,0.09345794392523364,0.032948929159802305,-0.17399999999999993,10,97
0.13249588012695312,0.02,0.808,0.09433962264150944,0.033003300330033,-0.17199999999999993,10,96
0.13323140144348145,0.02,0.81,0.09523809523809523,0.03305785123966942,-0.16999999999999993,10,95
0.1342695951461792,0.018,0.81,0.08653846153846154,0.029801324503311258,-0.17199999999999993,9,95
0.13428612053394318,0.018,0.812,0.08737864077669903,0.029850746268656716,-0.16999999999999993,9,94
0.135,0.018,0.814,0.08823529411764706,0.029900332225913623,-0.16800000000000004,9,93
0.13559098541736603,0.018,0.814,0.08823529411764706,0.029900332225913623,-0.16800000000000004,9,93
0.1359691023826599,0.018,0.816,0.0891089108910891,0.029950083194675542,-0.16600000000000004,9,92
0.13613739609718323,0.018,0.818,0.09,0.03,-0.16400000000000003,9,91
0.13619716465473175,0.016,0.818,0.08080808080808081,0.02671118530884808,-0.16600000000000004,8,91
0.13722829520702362,0.016,0.82,0.08163265306122448,0.026755852842809364,-0.16400000000000003,8,90
0.1378798633813858,0.016,0.822,0.08247422680412371,0.02680067001675042,-0.16200000000000003,8,89
0.13878905773162842,0.016,0.824,0.08333333333333333,0.026845637583892617,-0.16000000000000003,8,88
0.13955412805080414,0.016,0.826,0.08421052631578947,0.02689075630252101,-0.15800000000000003,8,87
0.14,0.016,0.828,0.0851063829787234,0.026936026936026935,-0.15600000000000003,8,86
0.1401880532503128,0.016,0.828,0.0851063829787234,0.026936026936026935,-0.15600000000000003,8,86
0.14347726106643677,0.016,0.83,0.08602150537634409,0.026981450252951095,-0.15400000000000003,8,85
0.14489442110061646,0.014,0.83,0.07608695652173914,0.02364864864864865,-0.15600000000000003,7,85
0.145,0.014,0.832,0.07692307692307693,0.023688663282571912,-0.15400000000000003,7,84
0.14524665474891663,0.014,0.832,0.07692307692307693,0.023688663282571912,-0.15400000000000003,7,84
0.14578945934772491,0.014,0.834,0.07777777777777778,0.023728813559322035,-0.15200000000000002,7,83
0.14644481241703033,0.012,0.834,0.06741573033707865,0.02037351443123939,-0.15400000000000003,6,83
0.14682932198047638,0.012,0.836,0.06818181818181818,0.02040816326530612,-0.15200000000000002,6,82
0.14844155311584473,0.012,0.838,0.06896551724137931,0.020442930153321975,-0.15000000000000002,6,81
0.14864791929721832,0.012,0.84,0.06976744186046512,0.020477815699658702,-0.14800000000000002,6,80
0.14886005222797394,0.012,0.842,0.07058823529411765,0.020512820512820513,-0.14600000000000002,6,79
0.14976485073566437,0.012,0.844,0.07142857142857142,0.02054794520547945,-0.14400000000000002,6,78
0.1499207317829132,0.012,0.846,0.07228915662650602,0.02058319039451115,-0.14200000000000002,6,77
0.15,0.012,0.848,0.07317073170731707,0.020618556701030927,-0.14,6,76
0.15019211173057556,0.012,0.848,0.07317073170731707,0.020618556701030927,-0.14,6,76
0.15060441195964813,0.012,0.85,0.07407407407407407,0.020654044750430294,-0.138,6,75
0.15120021998882294,0.012,0.852,0.075,0.020689655172413793,-0.136,6,74
0.1513492465019226,0.012,0.854,0.0759493670886076,0.02072538860103627,-0.134,6,73
0.15261854231357574,0.012,0.856,0.07692307692307693,0.020761245674740483,-0.132,6,72
0.15331457555294037,0.012,0.858,0.07792207792207792,0.02079722703639515,-0.13,6,71
0.15466636419296265,0.01,0.858,0.06578947368421052,0.017361111111111112,-0.132,5,71
0.155,0.01,0.86,0.06666666666666667,0.017391304347826087,-0.13,5,70
0.1559678465127945,0.01,0.86,0.06666666666666667,0.017391304347826087,-0.13,5,70
0.15632374584674835,0.008,0.86,0.05405405405405406,0.013937282229965157,-0.132,4,70
0.15794818103313446,0.008,0.862,0.0547945205479452,0.013961605584642234,-0.13,4,69
0.16,0.008,0.864,0.05555555555555555,0.013986013986013986,-0.128,4,68
0.1609431356191635,0.008,0.864,0.05555555555555555,0.013986013986013986,-0.128,4,68
0.16098211705684662,0.008,0.866,0.056338028169014086,0.014010507880910683,-0.126,4,67
0.16110487282276154,0.008,0.868,0.05714285714285714,0.014035087719298246,-0.124,4,66
0.16318340599536896,0.008,0.87,0.057971014492753624,0.014059753954305799,-0.122,4,65
0.1646176129579544,0.008,0.872,0.058823529411764705,0.014084507042253521,-0.12,4,64
0.165,0.008,0.874,0.05970149253731343,0.014109347442680775,-0.118,4,63
0.16918091475963593,0.008,0.874,0.05970149253731343,0.014109347442680775,-0.118,4,63
0.16954635083675385,0.008,0.876,0.06060606060606061,0.014134275618374558,-0.11599999999999999,4,62
0.17,0.008,0.878,0.06153846153846154,0.01415929203539823,-0.11399999999999999,4,61
0.17038393020629883,0.008,0.878,0.06153846153846154,0.01415929203539823,-0.11399999999999999,4,61
0.17140337824821472,0.008,0.88,0.0625,0.014184397163120567,-0.11199999999999999,4,60
0.17143358290195465,0.008,0.882,0.06349206349206349,0.014209591474245116,-0.10999999999999999,4,59
0.17152486741542816,0.008,0.884,0.06451612903225806,0.014234875444839857,-0.10799999999999998,4,58
0.17210707068443298,0.008,0.886,0.06557377049180328,0.0142602495543672,-0.10599999999999998,4,57
0.17401903867721558,0.008,0.888,0.06666666666666667,0.014285714285714285,-0.10399999999999998,4,56
0.174105703830719,0.006,0.888,0.05084745762711865,0.01073345259391771,-0.10599999999999998,3,56
0.17419731616973877,0.004,0.888,0.034482758620689655,0.007168458781362007,-0.10799999999999998,2,56
0.17474953830242157,0.004,0.89,0.03508771929824561,0.00718132854578097,-0.10599999999999998,2,55
0.17500000000000002,0.004,0.892,0.03571428571428571,0.007194244604316547,-0.10399999999999998,2,54
0.17611955106258392,0.004,0.892,0.03571428571428571,0.007194244604316547,-0.10399999999999998,2,54
0.17663609981536865,0.004,0.894,0.03636363636363636,0.007207207207207207,-0.10199999999999998,2,53
0.17760014533996582,0.004,0.896,0.037037037037037035,0.007220216606498195,-0.09999999999999998,2,52
0.1779749095439911,0.004,0.898,0.03773584905660377,0.007233273056057866,-0.09799999999999998,2,51
0.17951928079128265,0.004,0.9,0.038461538461538464,0.007246376811594203,-0.09599999999999997,2,50
0.18,0.004,0.902,0.0392156862745098,0.007259528130671506,-0.09399999999999997,2,49
0.18033531308174133,0.004,0.902,0.0392156862745098,0.007259528130671506,-0.09399999999999997,2,49
0.18348519504070282,0.004,0.904,0.04,0.007272727272727273,-0.09199999999999997,2,48
0.185,0.004,0.906,0.04081632653061224,0.007285974499089253,-0.08999999999999997,2,47
0.1859683394432068,0.004,0.906,0.04081632653061224,0.007285974499089253,-0.08999999999999997,2,47
0.18603888154029846,0.004,0.908,0.041666666666666664,0.0072992700729927005,-0.08799999999999997,2,46
0.18685832619667053,0.004,0.91,0.0425531914893617,0.007312614259597806,-0.08599999999999997,2,45
0.19,0.004,0.912,0.043478260869565216,0.007326007326007326,-0.08399999999999996,2,44
0.19174684584140778,0.004,0.912,0.043478260869565216,0.007326007326007326,-0.08399999999999996,2,44
0.19398552179336548,0.004,0.914,0.044444444444444446,0.007339449541284404,-0.08199999999999996,2,43
0.19465510547161102,0.002,0.914,0.022727272727272728,0.003676470588235294,-0.08399999999999996,1,43
0.195,0.002,0.916,0.023255813953488372,0.003683241252302026,-0.08199999999999996,1,42
0.19563385844230652,0.002,0.916,0.023255813953488372,0.003683241252302026,-0.08199999999999996,1,42
0.1958114355802536,0.002,0.918,0.023809523809523808,0.0036900369003690036,-0.07999999999999996,1,41
0.1973632276058197,0.0,0.918,0.0,0.0,-0.08199999999999996,0,41
0.2,0.0,0.92,0.0,0.0,-0.07999999999999996,0,40
0.2005535215139389,0.0,0.92,0.0,0.0,-0.07999999999999996,0,40
0.20095457136631012,0.0,0.922,0.0,0.0,-0.07799999999999996,0,39
0.20239314436912537,0.0,0.924,0.0,0.0,-0.07599999999999996,0,38
0.20251552760601044,0.0,0.926,0.0,0.0,-0.07399999999999995,0,37
0.20308125019073486,0.0,0.928,0.0,0.0,-0.07199999999999995,0,36
0.20500000000000002,0.0,0.93,0.0,0.0,-0.06999999999999995,0,35
0.20814470946788788,0.0,0.93,0.0,0.0,-0.06999999999999995,0,35
0.20848816633224487,0.0,0.932,0.0,0.0,-0.06799999999999995,0,34
0.20972652733325958,0.0,0.934,0.0,0.0,-0.06599999999999995,0,33
0.21,0.0,0.936,0.0,0.0,-0.06399999999999995,0,32
0.21456646919250488,0.0,0.936,0.0,0.0,-0.06399999999999995,0,32
0.215,0.0,0.938,0.0,0.0,-0.062000000000000055,0,31
0.21536628901958466,0.0,0.938,0.0,0.0,-0.062000000000000055,0,31
0.22,0.0,0.94,0.0,0.0,-0.06000000000000005,0,30
0.22347648441791534,0.0,0.94,0.0,0.0,-0.06000000000000005,0,30
0.225,0.0,0.942,0.0,0.0,-0.05800000000000005,0,29
0.22798758745193481,0.0,0.942,0.0,0.0,-0.05800000000000005,0,29
0.2282542884349823,0.0,0.944,0.0,0.0,-0.05600000000000005,0,28
0.22948671877384186,0.0,0.946,0.0,0.0,-0.05400000000000005,0,27
0.22965027391910553,0.0,0.948,0.0,0.0,-0.052000000000000046,0,26
0.23,0.0,0.95,0.0,0.0,-0.050000000000000044,0,25
0.2319941371679306,0.0,0.95,0.0,0.0,-0.050000000000000044,0,25
0.23339997231960297,0.0,0.952,0.0,0.0,-0.04800000000000004,0,24
0.23500000000000001,0.0,0.954,0.0,0.0,-0.04600000000000004,0,23
0.24,0.0,0.954,0.0,0.0,-0.04600000000000004,0,23
0.24177584052085876,0.0,0.954,0.0,0.0,-0.04600000000000004,0,23
0.2427501380443573,0.0,0.956,0.0,0.0,-0.04400000000000004,0,22
0.245,0.0,0.958,0.0,0.0,-0.04200000000000004,0,21
0.24589742720127106,0.0,0.958,0.0,0.0,-0.04200000000000004,0,21
0.25,0.0,0.96,0.0,0.0,-0.040000000000000036,0,20
0.2506604492664337,0.0,0.96,0.0,0.0,-0.040000000000000036,0,20
0.255,0.0,0.962,0.0,0.0,-0.038000000000000034,0,19
0.2568499743938446,0.0,0.962,0.0,0.0,-0.038000000000000034,0,19
0.26,0.0,0.964,0.0,0.0,-0.03600000000000003,0,18
0.265,0.0,0.964,0.0,0.0,-0.03600000000000003,0,18
0.2696566581726074,0.0,0.964,0.0,0.0,-0.03600000000000003,0,18
0.27,0.0,0.966,0.0,0.0,-0.03400000000000003,0,17
0.275,0.0,0.966,0.0,0.0,-0.03400000000000003,0,17
0.2757692337036133,0.0,0.966,0.0,0.0,-0.03400000000000003,0,17
0.27590855956077576,0.0,0.968,0.0,0.0,-0.03200000000000003,0,16
0.27743443846702576,0.0,0.97,0.0,0.0,-0.030000000000000027,0,15
0.28,0.0,0.972,0.0,0.0,-0.028000000000000025,0,14
0.28500000000000003,0.0,0.972,0.0,0.0,-0.028000000000000025,0,14
0.29,0.0,0.972,0.0,0.0,-0.028000000000000025,0,14
0.295,0.0,0.972,0.0,0.0,-0.028000000000000025,0,14
0.2970709800720215,0.0,0.972,0.0,0.0,-0.028000000000000025,0,14
0.3,0.0,0.974,0.0,0.0,-0.026000000000000023,0,13
0.305,0.0,0.974,0.0,0.0,-0.026000000000000023,0,13
0.30582571029663086,0.0,0.974,0.0,0.0,-0.026000000000000023,0,13
0.3078732192516327,0.0,0.976,0.0,0.0,-0.02400000000000002,0,12
0.3087281584739685,0.0,0.978,0.0,0.0,-0.02200000000000002,0,11
0.31,0.0,0.98,0.0,0.0,-0.020000000000000018,0,10
0.31005099415779114,0.0,0.98,0.0,0.0,-0.020000000000000018,0,10
0.315,0.0,0.982,0.0,0.0,-0.018000000000000016,0,9
0.32,0.0,0.982,0.0,0.0,-0.018000000000000016,0,9
0.325,0.0,0.982,0.0,0.0,-0.018000000000000016,0,9
0.3256262242794037,0.0,0.982,0.0,0.0,-0.018000000000000016,0,9
0.33,0.0,0.984,0.0,0.0,-0.016000000000000014,0,8
0.335,0.0,0.984,0.0,0.0,-0.016000000000000014,0,8
0.34,0.0,0.984,0.0,0.0,-0.016000000000000014,0,8
0.343330979347229,0.0,0.984,0.0,0.0,-0.016000000000000014,0,8
0.34500000000000003,0.0,0.986,0.0,0.0,-0.014000000000000012,0,7
0.35000000000000003,0.0,0.986,0.0,0.0,-0.014000000000000012,0,7
0.354647159576416,0.0,0.986,0.0,0.0,-0.014000000000000012,0,7
0.355,0.0,0.988,0.0,0.0,-0.01200000000000001,0,6
0.36,0.0,0.988,0.0,0.0,-0.01200000000000001,0,6
0.365,0.0,0.988,0.0,0.0,-0.01200000000000001,0,6
0.37,0.0,0.988,0.0,0.0,-0.01200000000000001,0,6
0.3737764358520508,0.0,0.988,0.0,0.0,-0.01200000000000001,0,6
0.375,0.0,0.99,0.0,0.0,-0.010000000000000009,0,5
0.38,0.0,0.99,0.0,0.0,-0.010000000000000009,0,5
0.3806919455528259,0.0,0.99,0.0,0.0,-0.010000000000000009,0,5
0.385,0.0,0.992,0.0,0.0,-0.008000000000000007,0,4
0.39,0.0,0.992,0.0,0.0,-0.008000000000000007,0,4
0.395,0.0,0.992,0.0,0.0,-0.008000000000000007,0,4
0.4,0.0,0.992,0.0,0.0,-0.008000000000000007,0,4
0.405,0.0,0.992,0.0,0.0,-0.008000000000000007,0,4
0.4088670611381531,0.0,0.992,0.0,0.0,-0.008000000000000007,0,4
0.41000000000000003,0.0,0.994,0.0,0.0,-0.006000000000000005,0,3
0.41500000000000004,0.0,0.994,0.0,0.0,-0.006000000000000005,0,3
0.42,0.0,0.994,0.0,0.0,-0.006000000000000005,0,3
0.425,0.0,0.994,0.0,0.0,-0.006000000000000005,0,3
0.4257046580314636,0.0,0.994,0.0,0.0,-0.006000000000000005,0,3
0.43,0.0,0.996,0.0,0.0,-0.0040000000000000036,0,2
0.435,0.0,0.996,0.0,0.0,-0.0040000000000000036,0,2
0.44,0.0,0.996,0.0,0.0,-0.0040000000000000036,0,2
0.445,0.0,0.996,0.0,0.0,-0.0040000000000000036,0,2
0.45,0.0,0.996,0.0,0.0,-0.0040000000000000036,0,2
0.455,0.0,0.996,0.0,0.0,-0.0040000000000000036,0,2
0.45615705847740173,0.0,0.996,0.0,0.0,-0.0040000000000000036,0,2
0.46,0.0,0.998,0.0,0.0,-0.0020000000000000018,0,1
0.465,0.0,0.998,0.0,0.0,-0.0020000000000000018,0,1
0.4657112956047058,0.0,0.998,0.0,0.0,-0.0020000000000000018,0,1
0.47000000000000003,0.0,1.0,0.0,0.0,0.0,0,0
0.47500000000000003,0.0,1.0,0.0,0.0,0.0,0,0
0.48,0.0,1.0,0.0,0.0,0.0,0,0
0.485,0.0,1.0,0.0,0.0,0.0,0,0
0.49,0.0,1.0,0.0,0.0,0.0,0,0
0.495,0.0,1.0,0.0,0.0,0.0,0,0
0.5,0.0,1.0,0.0,0.0,0.0,0,0
0.505,0.0,1.0,0.0,0.0,0.0,0,0
0.51,0.0,1.0,0.0,0.0,0.0,0,0
0.515,0.0,1.0,0.0,0.0,0.0,0,0
0.52,0.0,1.0,0.0,0.0,0.0,0,0
0.525,0.0,1.0,0.0,0.0,0.0,0,0
0.53,0.0,1.0,0.0,0.0,0.0,0,0
0.535,0.0,1.0,0.0,0.0,0.0,0,0
0.54,0.0,1.0,0.0,0.0,0.0,0,0
0.545,0.0,1.0,0.0,0.0,0.0,0,0
0.55,0.0,1.0,0.0,0.0,0.0,0,0
0.555,0.0,1.0,0.0,0.0,0.0,0,0
0.56,0.0,1.0,0.0,0.0,0.0,0,0
0.5650000000000001,0.0,1.0,0.0,0.0,0.0,0,0
0.5700000000000001,0.0,1.0,0.0,0.0,0.0,0,0
0.5750000000000001,0.0,1.0,0.0,0.0,0.0,0,0
0.58,0.0,1.0,0.0,0.0,0.0,0,0
0.585,0.0,1.0,0.0,0.0,0.0,0,0
0.59,0.0,1.0,0.0,0.0,0.0,0,0
0.595,0.0,1.0,0.0,0.0,0.0,0,0
0.6,0.0,1.0,0.0,0.0,0.0,0,0
0.605,0.0,1.0,0.0,0.0,0.0,0,0
0.61,0.0,1.0,0.0,0.0,0.0,0,0
0.615,0.0,1.0,0.0,0.0,0.0,0,0
0.62,0.0,1.0,0.0,0.0,0.0,0,0
0.625,0.0,1.0,0.0,0.0,0.0,0,0
0.63,0.0,1.0,0.0,0.0,0.0,0,0
0.635,0.0,1.0,0.0,0.0,0.0,0,0
0.64,0.0,1.0,0.0,0.0,0.0,0,0
0.645,0.0,1.0,0.0,0.0,0.0,0,0
0.65,0.0,1.0,0.0,0.0,0.0,0,0
0.655,0.0,1.0,0.0,0.0,0.0,0,0
0.66,0.0,1.0,0.0,0.0,0.0,0,0
0.665,0.0,1.0,0.0,0.0,0.0,0,0
0.67,0.0,1.0,0.0,0.0,0.0,0,0
0.675,0.0,1.0,0.0,0.0,0.0,0,0
0.68,0.0,1.0,0.0,0.0,0.0,0,0
0.685,0.0,1.0,0.0,0.0,0.0,0,0
0.6900000000000001,0.0,1.0,0.0,0.0,0.0,0,0
0.6950000000000001,0.0,1.0,0.0,0.0,0.0,0,0
0.7000000000000001,0.0,1.0,0.0,0.0,0.0,0,0
0.705,0.0,1.0,0.0,0.0,0.0,0,0
0.71,0.0,1.0,0.0,0.0,0.0,0,0
0.715,0.0,1.0,0.0,0.0,0.0,0,0
0.72,0.0,1.0,0.0,0.0,0.0,0,0
0.725,0.0,1.0,0.0,0.0,0.0,0,0
0.73,0.0,1.0,0.0,0.0,0.0,0,0
0.735,0.0,1.0,0.0,0.0,0.0,0,0
0.74,0.0,1.0,0.0,0.0,0.0,0,0
0.745,0.0,1.0,0.0,0.0,0.0,0,0
0.75,0.0,1.0,0.0,0.0,0.0,0,0
0.755,0.0,1.0,0.0,0.0,0.0,0,0
0.76,0.0,1.0,0.0,0.0,0.0,0,0
0.765,0.0,1.0,0.0,0.0,0.0,0,0
0.77,0.0,1.0,0.0,0.0,0.0,0,0
0.775,0.0,1.0,0.0,0.0,0.0,0,0
0.78,0.0,1.0,0.0,0.0,0.0,0,0
0.785,0.0,1.0,0.0,0.0,0.0,0,0
0.79,0.0,1.0,0.0,0.0,0.0,0,0
0.795,0.0,1.0,0.0,0.0,0.0,0,0
0.8,0.0,1.0,0.0,0.0,0.0,0,0
0.805,0.0,1.0,0.0,0.0,0.0,0,0
0.81,0.0,1.0,0.0,0.0,0.0,0,0
0.8150000000000001,0.0,1.0,0.0,0.0,0.0,0,0
0.8200000000000001,0.0,1.0,0.0,0.0,0.0,0,0
0.8250000000000001,0.0,1.0,0.0,0.0,0.0,0,0
0.8300000000000001,0.0,1.0,0.0,0.0,0.0,0,0
0.835,0.0,1.0,0.0,0.0,0.0,0,0
0.84,0.0,1.0,0.0,0.0,0.0,0,0
0.845,0.0,1.0,0.0,0.0,0.0,0,0
0.85,0.0,1.0,0.0,0.0,0.0,0,0
0.855,0.0,1.0,0.0,0.0,0.0,0,0
0.86,0.0,1.0,0.0,0.0,0.0,0,0
0.865,0.0,1.0,0.0,0.0,0.0,0,0
0.87,0.0,1.0,0.0,0.0,0.0,0,0
0.875,0.0,1.0,0.0,0.0,0.0,0,0
0.88,0.0,1.0,0.0,0.0,0.0,0,0
0.885,0.0,1.0,0.0,0.0,0.0,0,0
0.89,0.0,1.0,0.0,0.0,0.0,0,0
0.895,0.0,1.0,0.0,0.0,0.0,0,0
0.9,0.0,1.0,0.0,0.0,0.0,0,0
0.905,0.0,1.0,0.0,0.0,0.0,0,0
0.91,0.0,1.0,0.0,0.0,0.0,0,0
0.915,0.0,1.0,0.0,0.0,0.0,0,0
0.92,0.0,1.0,0.0,0.0,0.0,0,0
0.925,0.0,1.0,0.0,0.0,0.0,0,0
0.93,0.0,1.0,0.0,0.0,0.0,0,0
0.935,0.0,1.0,0.0,0.0,0.0,0,0
0.9400000000000001,0.0,1.0,0.0,0.0,0.0,0,0
0.9450000000000001,0.0,1.0,0.0,0.0,0.0,0,0
0.9500000000000001,0.0,1.0,0.0,0.0,0.0,0,0
0.9550000000000001,0.0,1.0,0.0,0.0,0.0,0,0
0.96,0.0,1.0,0.0,0.0,0.0,0,0
0.965,0.0,1.0,0.0,0.0,0.0,0,0
0.97,0.0,1.0,0.0,0.0,0.0,0,0
0.975,0.0,1.0,0.0,0.0,0.0,0,0
0.98,0.0,1.0,0.0,0.0,0.0,0,0
0.985,0.0,1.0,0.0,0.0,0.0,0,0
0.99,0.0,1.0,0.0,0.0,0.0,0,0
0.995,0.0,1.0,0.0,0.0,0.0,0,0
1.0,0.0,1.0,0.0,0.0,0.0,0,0
