Event Type,JSON File,Duration(Seconds),baseline_prob,baseline_alert_raw,baseline_alert_post,baseline_layer1_pass,baseline_layer2_pass,baseline_layer2_score,baseline_reason,finetuned_prob,finetuned_alert_raw,finetuned_alert_post,finetuned_layer1_pass,finetuned_layer2_pass,finetuned_layer2_score,finetuned_reason
Atrial Fibrillation,Atrial Fibrillation\False\._2025-03-25_ECGRec_202428_E1R4997_duration=74s_pos=67208-76672_src=json.json,31,0.7689383,1,0,0,0,0.9923354335650639,"both_layers_reject (l1=layer1_reject, l2_p=0.992)",0.377366,1,0,0,0,0.9923354335650639,"both_layers_reject (l1=layer1_reject, l2_p=0.992)"
Atrial Fibrillation,Atrial Fibrillation\False\._2025-03-02_ECGRec_202428_E1R4887_duration=37s_pos=37004-41618_src=json.json,31,0.61673224,1,0,1,0,0.5746423953763565,"layer2_reject (l1=tachy_afib, p=0.575)",0.17599566,0,0,1,1,0.0,model_negative
Atrial Fibrillation,Atrial Fibrillation\False\._2025-06-18_ECGRec_202436_E116136_duration=16s_pos=60428-62348_src=json.json,31,0.80454755,1,0,1,0,0.9924539044511793,"layer2_reject (l1=tachy_afib, p=0.992)",0.24206933,0,0,1,1,0.0,model_negative
Atrial Fibrillation,Atrial Fibrillation\False\._2025-03-08_ECGRec_202428_E1R4887_duration=95s_pos=15167-27223_src=json.json,31,0.86957794,1,1,1,1,0.32647307089832045,tachy_afib,0.33165452,1,1,1,1,0.32647307089832045,tachy_afib
Atrial Fibrillation,Atrial Fibrillation\False\._2025-06-17_ECGRec_202436_E116133_duration=27s_pos=64537-67928_src=json.json,31,0.8969759,1,1,1,1,0.39424068969268916,tachy_afib,0.55290127,1,1,1,1,0.39424068969268916,tachy_afib
Atrial Fibrillation,Atrial Fibrillation\False\._2025-03-22_ECGRec_202428_E1R4997_duration=45s_pos=26679-32358_src=json.json,31,0.75698745,1,0,0,0,0.9881505732298853,"both_layers_reject (l1=layer1_reject, l2_p=0.988)",0.6134278,1,0,0,0,0.9881505732298853,"both_layers_reject (l1=layer1_reject, l2_p=0.988)"
Atrial Fibrillation,Atrial Fibrillation\False\._2025-03-22_ECGRec_202428_E1R4997_duration=40s_pos=2272810-2277887_src=json.json,31,0.51779026,1,0,0,0,0.8994145428077162,"both_layers_reject (l1=layer1_reject, l2_p=0.899)",0.099369824,0,0,1,1,0.0,model_negative
Atrial Fibrillation,Atrial Fibrillation\False\._2025-03-31_ECGRec_202419_E110189_duration=34s_pos=261783-266104_src=json.json,31,0.19450504,0,0,1,1,0.0,model_negative,0.004065766,0,0,1,1,0.0,model_negative
Atrial Fibrillation,Atrial Fibrillation\False\._2025-03-30_ECGRec_202428_E1R4887_duration=687s_pos=142617-230517_src=json.json,31,0.66630477,1,0,0,0,0.998842752112391,"both_layers_reject (l1=layer1_reject, l2_p=0.999)",0.47723567,1,0,0,0,0.998842752112391,"both_layers_reject (l1=layer1_reject, l2_p=0.999)"
Atrial Fibrillation,Atrial Fibrillation\False\._2025-05-17_ECGRec_202436_E116223_duration=38s_pos=18540-23333_src=json.json,31,0.6087197,1,0,0,0,0.9998987892260599,"both_layers_reject (l1=layer1_reject, l2_p=1.000)",0.014320254,0,0,1,1,0.0,model_negative
Atrial Fibrillation,Atrial Fibrillation\False\._2025-03-22_ECGRec_202428_E1R4997_duration=41s_pos=1321767-1326942_src=json.json,31,0.48443308,0,0,1,1,0.0,model_negative,0.1387013,0,0,1,1,0.0,model_negative
Atrial Fibrillation,Atrial Fibrillation\False\._2025-03-22_ECGRec_202428_E1R4997_duration=110s_pos=2690822-2704877_src=json.json,31,0.6495857,1,0,0,0,0.9877276434588524,"both_layers_reject (l1=layer1_reject, l2_p=0.988)",0.48095042,1,0,0,0,0.9877276434588524,"both_layers_reject (l1=layer1_reject, l2_p=0.988)"
Atrial Fibrillation,Atrial Fibrillation\False\._2025-03-20_ECGRec_202428_E1R4997_duration=125s_pos=7708-23643_src=json.json,31,0.48649234,0,0,1,1,0.0,model_negative,0.4544083,1,0,0,0,0.9929928867065374,"both_layers_reject (l1=layer1_reject, l2_p=0.993)"
Atrial Fibrillation,Atrial Fibrillation\False\._2025-05-28_ECGRec_202419_E110189_duration=1065s_pos=596-136868_src=json.json,31,0.84687334,1,0,0,0,0.930948913209958,"both_layers_reject (l1=layer1_reject, l2_p=0.931)",0.64126796,1,0,0,0,0.930948913209958,"both_layers_reject (l1=layer1_reject, l2_p=0.931)"
Atrial Fibrillation,Atrial Fibrillation\False\._2025-03-26_ECGRec_202428_E1R4992_duration=218s_pos=15855-43712_src=json.json,31,0.4290105,0,0,1,1,0.0,model_negative,0.016897129,0,0,1,1,0.0,model_negative
Atrial Fibrillation,Atrial Fibrillation\False\._2025-03-25_ECGRec_202428_E1R4997_duration=132s_pos=43017-59894_src=json.json,31,0.747007,1,0,1,0,0.9398707308026204,"layer2_reject (l1=brady_rescue, p=0.940)",0.5260336,1,0,1,0,0.9398707308026204,"layer2_reject (l1=brady_rescue, p=0.940)"
Atrial Fibrillation,Atrial Fibrillation\False\._2025-03-06_ECGRec_202428_E1R4887_duration=27s_pos=11374-14760_src=json.json,31,0.3015146,0,0,1,1,0.0,model_negative,0.0019970397,0,0,1,1,0.0,model_negative
Atrial Fibrillation,Atrial Fibrillation\False\._2025-03-02_ECGRec_202428_E1R4887_duration=117s_pos=41230-56129_src=json.json,31,0.6063036,1,0,1,0,0.9564106193947328,"layer2_reject (l1=tachy_afib, p=0.956)",0.0091988165,0,0,1,1,0.0,model_negative
Atrial Fibrillation,Atrial Fibrillation\False\._2025-06-01_ECGRec_202419_E110189_duration=416s_pos=4327-57501_src=json.json,31,0.69945097,1,0,0,0,0.9928527005203853,"both_layers_reject (l1=layer1_reject, l2_p=0.993)",0.2086653,0,0,1,1,0.0,model_negative
Atrial Fibrillation,Atrial Fibrillation\False\._2025-03-26_ECGRec_202428_E1R4887_duration=369s_pos=1254052-1301212_src=json.json,31,0.32057124,0,0,1,1,0.0,model_negative,0.104463935,0,0,1,1,0.0,model_negative
Atrial Fibrillation,Atrial Fibrillation\False\._2025-03-19_ECGRec_202428_E1R4997_duration=80s_pos=58816-68968_src=json.json,31,0.4346866,0,0,1,1,0.0,model_negative,0.27588117,1,0,0,0,0.9993774669170609,"both_layers_reject (l1=layer1_reject, l2_p=0.999)"
Atrial Fibrillation,Atrial Fibrillation\False\._2025-03-25_ECGRec_202428_E1R4997_duration=107s_pos=1908-15548_src=json.json,31,0.66010904,1,0,0,0,0.9614874719702633,"both_layers_reject (l1=layer1_reject, l2_p=0.961)",0.42950556,1,0,0,0,0.9614874719702633,"both_layers_reject (l1=layer1_reject, l2_p=0.961)"
Atrial Fibrillation,Atrial Fibrillation\False\._2025-03-02_ECGRec_202428_E1R4887_duration=38s_pos=53089-57865_src=json.json,31,0.5955705,1,0,1,0,0.975766252030322,"layer2_reject (l1=tachy_afib, p=0.976)",0.34381667,1,0,1,0,0.975766252030322,"layer2_reject (l1=tachy_afib, p=0.976)"
Atrial Fibrillation,Atrial Fibrillation\False\._2025-03-31_ECGRec_202419_E110189_duration=81s_pos=3340542-3350847_src=json.json,31,0.21280174,0,0,1,1,0.0,model_negative,0.00442128,0,0,1,1,0.0,model_negative
Atrial Fibrillation,Atrial Fibrillation\False\._2025-06-02_ECGRec_202419_E110189_duration=183s_pos=54903-78234_src=json.json,31,0.57852966,1,0,0,0,0.9314535917630922,"both_layers_reject (l1=layer1_reject, l2_p=0.931)",0.28829694,1,0,0,0,0.9314535917630922,"both_layers_reject (l1=layer1_reject, l2_p=0.931)"
Atrial Fibrillation,Atrial Fibrillation\False\._2025-03-02_ECGRec_202428_E1R4887_duration=612s_pos=442-78725_src=json.json,31,0.93384486,1,0,1,0,0.9983702268574611,"layer2_reject (l1=tachy_afib, p=0.998)",0.8991943,1,0,1,0,0.9983702268574611,"layer2_reject (l1=tachy_afib, p=0.998)"
Atrial Fibrillation,Atrial Fibrillation\False\._2025-03-21_ECGRec_202428_E1R4997_duration=82s_pos=5645-16090_src=json.json,31,0.7633511,1,0,0,0,0.9989962486914065,"both_layers_reject (l1=layer1_reject, l2_p=0.999)",0.72173953,1,0,0,0,0.9989962486914065,"both_layers_reject (l1=layer1_reject, l2_p=0.999)"
Atrial Fibrillation,Atrial Fibrillation\False\._2025-03-01_ECGRec_202428_E1R4887_duration=186s_pos=89008-112728_src=json.json,31,0.7510678,1,0,0,0,0.7063644003261349,"both_layers_reject (l1=layer1_reject, l2_p=0.706)",0.48466977,1,0,0,0,0.7063644003261349,"both_layers_reject (l1=layer1_reject, l2_p=0.706)"
Atrial Fibrillation,Atrial Fibrillation\False\._2025-06-17_ECGRec_202436_E116133_duration=145s_pos=156052-174533_src=json.json,31,0.83682597,1,0,1,0,0.9648753266454689,"layer2_reject (l1=tachy_afib, p=0.965)",0.39158908,1,0,1,0,0.9648753266454689,"layer2_reject (l1=tachy_afib, p=0.965)"
Atrial Fibrillation,Atrial Fibrillation\False\._2025-03-31_ECGRec_202419_E110189_duration=86s_pos=8265829-8276796_src=json.json,31,0.80557287,1,0,0,1,0.27843372450266596,layer1_reject (l2_p=0.278),0.06584945,0,0,1,1,0.0,model_negative
Atrial Fibrillation,Atrial Fibrillation\False\._2025-05-30_ECGRec_202419_E110256_duration=316s_pos=453101-493505_src=json.json,31,0.96611387,1,0,0,0,0.999573808830342,"both_layers_reject (l1=layer1_reject, l2_p=1.000)",0.94448566,1,0,0,0,0.999573808830342,"both_layers_reject (l1=layer1_reject, l2_p=1.000)"
Atrial Fibrillation,Atrial Fibrillation\False\._2025-03-07_ECGRec_202428_E1R4887_duration=71s_pos=37857-46868_src=json.json,31,0.40978917,0,0,1,1,0.0,model_negative,0.008150854,0,0,1,1,0.0,model_negative
Atrial Fibrillation,Atrial Fibrillation\False\._2025-03-23_ECGRec_202428_E1R4997_duration=69s_pos=729-9545_src=json.json,31,0.1610777,0,0,1,1,0.0,model_negative,0.0045867497,0,0,1,1,0.0,model_negative
Atrial Fibrillation,Atrial Fibrillation\False\._2025-03-06_ECGRec_202428_E1R4887_duration=97s_pos=1080069-1092452_src=json.json,31,0.72252315,1,0,0,0,0.9587618350741065,"both_layers_reject (l1=layer1_reject, l2_p=0.959)",0.2026758,0,0,1,1,0.0,model_negative
Atrial Fibrillation,Atrial Fibrillation\False\._2025-04-02_ECGRec_202428_E1R4887_duration=130s_pos=941-17570_src=json.json,31,0.6855994,1,0,0,0,0.7926712782529581,"both_layers_reject (l1=layer1_reject, l2_p=0.793)",0.71992147,1,0,0,0,0.7926712782529581,"both_layers_reject (l1=layer1_reject, l2_p=0.793)"
Atrial Fibrillation,Atrial Fibrillation\False\._2025-03-21_ECGRec_202428_E1R4997_duration=29s_pos=27013-30683_src=json.json,31,0.53584015,1,0,0,0,0.9751384913080982,"both_layers_reject (l1=layer1_reject, l2_p=0.975)",0.4928406,1,0,0,0,0.9751384913080982,"both_layers_reject (l1=layer1_reject, l2_p=0.975)"
Atrial Fibrillation,Atrial Fibrillation\False\._2025-03-31_ECGRec_202419_E110189_duration=14s_pos=8182371-8184080_src=json.json,31,0.8862945,1,0,1,0,0.7805829591371218,"layer2_reject (l1=tachy_afib, p=0.781)",0.25335526,0,0,1,1,0.0,model_negative
Atrial Fibrillation,Atrial Fibrillation\False\._2025-03-31_ECGRec_202419_E110189_duration=64s_pos=69747-77906_src=json.json,31,0.12861435,0,0,1,1,0.0,model_negative,0.0011189294,0,0,1,1,0.0,model_negative
Atrial Fibrillation,Atrial Fibrillation\False\._2025-03-24_ECGRec_202428_E1R4997_duration=73s_pos=69140-78441_src=json.json,31,0.294226,0,0,1,1,0.0,model_negative,0.009524006,0,0,1,1,0.0,model_negative
Atrial Fibrillation,Atrial Fibrillation\False\._2025-02-18_ECGRec_202428_E1R4909_duration=112s_pos=32687-47021_src=json.json,31,0.4452992,0,0,1,1,0.0,model_negative,0.14987765,0,0,1,1,0.0,model_negative
Atrial Fibrillation,Atrial Fibrillation\False\._2025-06-20_ECGRec_202436_E116228_duration=102s_pos=39183-52199_src=json.json,31,0.9305499,1,0,0,0,0.9999753791504365,"both_layers_reject (l1=layer1_reject, l2_p=1.000)",0.3385368,1,0,0,0,0.9999753791504365,"both_layers_reject (l1=layer1_reject, l2_p=1.000)"
Atrial Fibrillation,Atrial Fibrillation\False\._2025-03-02_ECGRec_202428_E1R4887_duration=65s_pos=25467-33679_src=json.json,31,0.40910146,0,0,1,1,0.0,model_negative,0.060701765,0,0,1,1,0.0,model_negative
Atrial Fibrillation,Atrial Fibrillation\False\._2025-03-04_ECGRec_202428_E1R4887_duration=30s_pos=53139-56887_src=json.json,31,0.8699459,1,0,0,0,0.9974651795321534,"both_layers_reject (l1=layer1_reject, l2_p=0.997)",0.572214,1,0,0,0,0.9974651795321534,"both_layers_reject (l1=layer1_reject, l2_p=0.997)"
Atrial Fibrillation,Atrial Fibrillation\False\._2025-06-16_ECGRec_202436_E116251_duration=56s_pos=10161-17322_src=json.json,31,0.9263495,1,0,0,0,0.9999690218550559,"both_layers_reject (l1=layer1_reject, l2_p=1.000)",0.87700635,1,0,0,0,0.9999690218550559,"both_layers_reject (l1=layer1_reject, l2_p=1.000)"
Atrial Fibrillation,Atrial Fibrillation\False\._2025-06-17_ECGRec_202436_E116133_duration=14s_pos=355916-357618_src=json.json,31,0.7767506,1,0,1,0,0.8394308579899973,"layer2_reject (l1=tachy_afib, p=0.839)",0.29154688,1,0,1,0,0.8394308579899973,"layer2_reject (l1=tachy_afib, p=0.839)"
Atrial Fibrillation,Atrial Fibrillation\False\._2025-03-18_ECGRec_202428_E1R4997_duration=33s_pos=485-4630_src=json.json,31,0.5362583,1,0,1,0,0.9998543145984062,"layer2_reject (l1=tachy_afib, p=1.000)",0.1354749,0,0,1,1,0.0,model_negative
Atrial Fibrillation,Atrial Fibrillation\False\._2025-03-22_ECGRec_202428_E1R4997_duration=26s_pos=251432-254655_src=json.json,31,0.61199135,1,0,0,0,0.9999211059583384,"both_layers_reject (l1=layer1_reject, l2_p=1.000)",0.446108,1,0,0,0,0.9999211059583384,"both_layers_reject (l1=layer1_reject, l2_p=1.000)"
Atrial Fibrillation,Atrial Fibrillation\False\._2025-03-07_ECGRec_202428_E1R4887_duration=43s_pos=52126-57545_src=json.json,31,0.85860544,1,0,1,0,0.6781305825225165,"layer2_reject (l1=tachy_afib, p=0.678)",0.7273961,1,0,1,0,0.6781305825225165,"layer2_reject (l1=tachy_afib, p=0.678)"
Atrial Fibrillation,Atrial Fibrillation\False\._2025-03-23_ECGRec_202428_E1R4992_duration=1164s_pos=591-149467_src=json.json,31,0.6651516,1,0,0,0,0.9999719372573408,"both_layers_reject (l1=layer1_reject, l2_p=1.000)",0.030191673,0,0,1,1,0.0,model_negative
Atrial Fibrillation,Atrial Fibrillation\False\._2025-03-31_ECGRec_202419_E110189_duration=166s_pos=4488143-4509299_src=json.json,31,0.84505004,1,0,0,0,0.9958619199477031,"both_layers_reject (l1=layer1_reject, l2_p=0.996)",0.25156727,0,0,1,1,0.0,model_negative
Atrial Fibrillation,Atrial Fibrillation\False\._2025-03-08_ECGRec_202428_E1R4887_duration=30s_pos=18521-22269_src=json.json,31,0.27905354,0,0,1,1,0.0,model_negative,0.0026919409,0,0,1,1,0.0,model_negative
Atrial Fibrillation,Atrial Fibrillation\False\._2025-03-26_ECGRec_202428_E1R4992_duration=135s_pos=188967-206195_src=json.json,31,0.88888925,1,0,1,0,0.9991748028409997,"layer2_reject (l1=tachy_afib, p=0.999)",0.8036996,1,0,1,0,0.9991748028409997,"layer2_reject (l1=tachy_afib, p=0.999)"
Atrial Fibrillation,Atrial Fibrillation\False\._2025-03-22_ECGRec_202428_E1R4997_duration=40s_pos=281221-286320_src=json.json,31,0.5627023,1,0,0,0,0.9851474900166071,"both_layers_reject (l1=layer1_reject, l2_p=0.985)",0.23078395,0,0,1,1,0.0,model_negative
Atrial Fibrillation,Atrial Fibrillation\False\._2025-02-23_ECGRec_202430_E115582_duration=37s_pos=157367-161976_src=json.json,31,0.81380796,1,0,0,0,0.8606894467391296,"both_layers_reject (l1=layer1_reject, l2_p=0.861)",0.18511172,0,0,1,1,0.0,model_negative
Atrial Fibrillation,Atrial Fibrillation\False\._2025-03-20_ECGRec_202428_E1R4992_duration=332s_pos=31050-73423_src=json.json,31,0.85796976,1,0,1,0,0.9966057080552856,"layer2_reject (l1=tachy_afib, p=0.997)",0.0705738,0,0,1,1,0.0,model_negative
Atrial Fibrillation,Atrial Fibrillation\False\._2025-03-04_ECGRec_202428_E1R4887_duration=95s_pos=3903-16039_src=json.json,31,0.6592705,1,0,0,0,0.9999961882623688,"both_layers_reject (l1=layer1_reject, l2_p=1.000)",0.20573586,0,0,1,1,0.0,model_negative
Atrial Fibrillation,Atrial Fibrillation\False\._2025-02-15_ECGRec_202428_E1R4909_duration=58s_pos=77895-85288_src=json.json,31,0.6615322,1,0,0,0,0.8141174837916948,"both_layers_reject (l1=layer1_reject, l2_p=0.814)",0.3205718,1,0,0,0,0.8141174837916948,"both_layers_reject (l1=layer1_reject, l2_p=0.814)"
Atrial Fibrillation,Atrial Fibrillation\False\._2025-06-16_ECGRec_202436_E116251_duration=52s_pos=34430-41036_src=json.json,31,0.91659683,1,0,1,0,0.9999995598657468,"layer2_reject (l1=tachy_afib, p=1.000)",0.7808335,1,0,1,0,0.9999995598657468,"layer2_reject (l1=tachy_afib, p=1.000)"
Atrial Fibrillation,Atrial Fibrillation\False\._2025-03-23_ECGRec_202428_E1R4997_duration=65s_pos=30838-39072_src=json.json,31,0.7426761,1,0,0,0,0.9803858760983322,"both_layers_reject (l1=layer1_reject, l2_p=0.980)",0.42987806,1,0,0,0,0.9803858760983322,"both_layers_reject (l1=layer1_reject, l2_p=0.980)"
Atrial Fibrillation,Atrial Fibrillation\False\._2025-02-19_ECGRec_202428_E1R4909_duration=40s_pos=53746-58768_src=json.json,31,0.39358276,0,0,1,1,0.0,model_negative,0.05206102,0,0,1,1,0.0,model_negative
Atrial Fibrillation,Atrial Fibrillation\False\._2025-03-27_ECGRec_202428_E1R4942_duration=43s_pos=244913-250304_src=json.json,31,0.6644076,1,0,0,0,0.9486578173971182,"both_layers_reject (l1=layer1_reject, l2_p=0.949)",0.26355585,0,0,1,1,0.0,model_negative
Atrial Fibrillation,Atrial Fibrillation\False\._2025-03-31_ECGRec_202419_E110189_duration=70s_pos=905768-914671_src=json.json,31,0.7610831,1,0,0,0,0.9943396539940285,"both_layers_reject (l1=layer1_reject, l2_p=0.994)",0.15934907,0,0,1,1,0.0,model_negative
Atrial Fibrillation,Atrial Fibrillation\False\._2025-03-23_ECGRec_202428_E1R4997_duration=42s_pos=4720-10027_src=json.json,31,0.14482015,0,0,1,1,0.0,model_negative,0.012591059,0,0,1,1,0.0,model_negative
Atrial Fibrillation,Atrial Fibrillation\False\._2025-03-07_ECGRec_202428_E1R4887_duration=262s_pos=3166-36657_src=json.json,31,0.66722393,1,0,0,0,0.9999328805045106,"both_layers_reject (l1=layer1_reject, l2_p=1.000)",0.3751825,1,0,0,0,0.9999328805045106,"both_layers_reject (l1=layer1_reject, l2_p=1.000)"
Atrial Fibrillation,Atrial Fibrillation\False\._2025-03-23_ECGRec_202428_E1R4997_duration=92s_pos=202428-214115_src=json.json,31,0.5905566,1,0,0,0,0.8705682377330057,"both_layers_reject (l1=layer1_reject, l2_p=0.871)",0.19286473,0,0,1,1,0.0,model_negative
Atrial Fibrillation,Atrial Fibrillation\False\._2025-06-16_ECGRec_202436_E116251_duration=89s_pos=29551-40876_src=json.json,31,0.8944764,1,0,0,0,0.9999999444190717,"both_layers_reject (l1=layer1_reject, l2_p=1.000)",0.84764946,1,0,0,0,0.9999999444190717,"both_layers_reject (l1=layer1_reject, l2_p=1.000)"
Atrial Fibrillation,Atrial Fibrillation\False\._2025-06-15_ECGRec_202428_E1R4995_duration=451s_pos=17736-75428_src=json.json,31,0.8933374,1,0,0,0,0.9996584186188889,"both_layers_reject (l1=layer1_reject, l2_p=1.000)",0.6526304,1,0,0,0,0.9996584186188889,"both_layers_reject (l1=layer1_reject, l2_p=1.000)"
Atrial Fibrillation,Atrial Fibrillation\False\._2025-03-25_ECGRec_202428_E1R4997_duration=80s_pos=144370-154542_src=json.json,31,0.36476257,0,0,1,1,0.0,model_negative,0.15401593,0,0,1,1,0.0,model_negative
Atrial Fibrillation,Atrial Fibrillation\False\._2025-03-28_ECGRec_202428_E1R5006_duration=60s_pos=130284-137921_src=json.json,31,0.8494927,1,0,0,0,0.6627291589135001,"both_layers_reject (l1=layer1_reject, l2_p=0.663)",0.42501485,1,0,0,0,0.6627291589135001,"both_layers_reject (l1=layer1_reject, l2_p=0.663)"
Atrial Fibrillation,Atrial Fibrillation\False\._2025-06-20_ECGRec_202436_E116228_duration=21s_pos=9454-12078_src=json.json,31,0.82197416,1,0,0,0,0.9999951453241829,"both_layers_reject (l1=layer1_reject, l2_p=1.000)",0.12846054,0,0,1,1,0.0,model_negative
Atrial Fibrillation,Atrial Fibrillation\False\._2025-03-03_ECGRec_202428_E1R4887_duration=82s_pos=56304-66776_src=json.json,31,0.66119826,1,1,1,1,0.08364175878724073,tachy_afib,0.3018183,1,1,1,1,0.08364175878724073,tachy_afib
Atrial Fibrillation,Atrial Fibrillation\False\._2025-03-22_ECGRec_202428_E1R4997_duration=119s_pos=121123-136249_src=json.json,31,0.71196216,1,0,0,0,0.9979008554284481,"both_layers_reject (l1=layer1_reject, l2_p=0.998)",0.49888632,1,0,0,0,0.9979008554284481,"both_layers_reject (l1=layer1_reject, l2_p=0.998)"
Atrial Fibrillation,Atrial Fibrillation\False\._2025-03-31_ECGRec_202419_E110189_duration=25s_pos=7380235-7383411_src=json.json,31,0.74379915,1,0,1,0,0.6999024548740341,"layer2_reject (l1=tachy_afib, p=0.700)",0.29140964,1,0,1,0,0.6999024548740341,"layer2_reject (l1=tachy_afib, p=0.700)"
Atrial Fibrillation,Atrial Fibrillation\False\._2025-03-20_ECGRec_202428_E1R4992_duration=108s_pos=627-14423_src=json.json,31,0.77318335,1,0,1,0,0.9990759274868845,"layer2_reject (l1=tachy_afib, p=0.999)",0.010298498,0,0,1,1,0.0,model_negative
Atrial Fibrillation,Atrial Fibrillation\False\._2025-03-25_ECGRec_202428_E1R4887_duration=611s_pos=561-78748_src=json.json,31,0.50074106,1,0,0,0,0.8315762000654613,"both_layers_reject (l1=layer1_reject, l2_p=0.832)",0.28039435,1,0,0,0,0.8315762000654613,"both_layers_reject (l1=layer1_reject, l2_p=0.832)"
Atrial Fibrillation,Atrial Fibrillation\False\._2025-06-16_ECGRec_202436_E116251_duration=591s_pos=931-76489_src=json.json,31,0.9585484,1,0,0,0,0.9997106497471259,"both_layers_reject (l1=layer1_reject, l2_p=1.000)",0.93376356,1,0,0,0,0.9997106497471259,"both_layers_reject (l1=layer1_reject, l2_p=1.000)"
Atrial Fibrillation,Atrial Fibrillation\False\._2025-03-25_ECGRec_202428_E1R4997_duration=353s_pos=80202-125273_src=json.json,31,0.39344952,0,0,1,1,0.0,model_negative,0.14572568,0,0,1,1,0.0,model_negative
Atrial Fibrillation,Atrial Fibrillation\False\._2025-03-02_ECGRec_202428_E1R4887_duration=128s_pos=44029-60308_src=json.json,31,0.58163446,1,0,1,0,0.8754551007578221,"layer2_reject (l1=tachy_afib, p=0.875)",0.56088376,1,0,1,0,0.8754551007578221,"layer2_reject (l1=tachy_afib, p=0.875)"
Atrial Fibrillation,Atrial Fibrillation\False\._2025-03-21_ECGRec_202428_E1R4997_duration=42s_pos=3473-8807_src=json.json,31,0.74988294,1,0,0,0,0.999664367363625,"both_layers_reject (l1=layer1_reject, l2_p=1.000)",0.77368486,1,0,0,0,0.999664367363625,"both_layers_reject (l1=layer1_reject, l2_p=1.000)"
Atrial Fibrillation,Atrial Fibrillation\False\._2025-06-02_ECGRec_202419_E110189_duration=65s_pos=793736-802024_src=json.json,31,0.94203585,1,0,1,0,0.9954281422370139,"layer2_reject (l1=tachy_afib, p=0.995)",0.89510864,1,0,1,0,0.9954281422370139,"layer2_reject (l1=tachy_afib, p=0.995)"
Atrial Fibrillation,Atrial Fibrillation\False\._2025-03-19_ECGRec_202428_E1R4997_duration=27s_pos=70371-73785_src=json.json,31,0.61021584,1,0,0,0,0.99995053283466,"both_layers_reject (l1=layer1_reject, l2_p=1.000)",0.45139936,1,0,0,0,0.99995053283466,"both_layers_reject (l1=layer1_reject, l2_p=1.000)"
Atrial Fibrillation,Atrial Fibrillation\False\._2025-03-21_ECGRec_202428_E1R4992_duration=68s_pos=99704-108308_src=json.json,31,0.42362702,0,0,1,1,0.0,model_negative,0.013817465,0,0,1,1,0.0,model_negative
Atrial Fibrillation,Atrial Fibrillation\False\._2025-04-02_ECGRec_202419_E110256_duration=51s_pos=4003-10477_src=json.json,31,0.21721296,0,0,1,1,0.0,model_negative,0.010724098,0,0,1,1,0.0,model_negative
Atrial Fibrillation,Atrial Fibrillation\False\._2025-02-07_ECGRec_202430_E115582_duration=26s_pos=2261-5483_src=json.json,31,0.10405652,0,0,1,1,0.0,model_negative,0.0036016023,0,0,1,1,0.0,model_negative
Atrial Fibrillation,Atrial Fibrillation\False\._2025-03-05_ECGRec_202428_E1R4887_duration=32s_pos=57279-61344_src=json.json,31,0.74689007,1,0,0,0,0.9742374127349372,"both_layers_reject (l1=layer1_reject, l2_p=0.974)",0.2628321,0,0,1,1,0.0,model_negative
Atrial Fibrillation,Atrial Fibrillation\False\._2025-03-10_ECGRec_202428_E1R4900_duration=119s_pos=58869-74005_src=json.json,31,0.7243382,1,0,1,0,0.5846906206998015,"layer2_reject (l1=tachy_afib, p=0.585)",0.47194642,1,0,1,0,0.5846906206998015,"layer2_reject (l1=tachy_afib, p=0.585)"
Atrial Fibrillation,Atrial Fibrillation\False\._2025-03-25_ECGRec_202430_E115582_duration=248s_pos=26143-57851_src=json.json,31,0.9390334,1,0,0,0,0.9999999996093965,"both_layers_reject (l1=layer1_reject, l2_p=1.000)",0.9159574,1,0,0,0,0.9999999996093965,"both_layers_reject (l1=layer1_reject, l2_p=1.000)"
Atrial Fibrillation,Atrial Fibrillation\False\._2025-03-03_ECGRec_202428_E1R4887_duration=43s_pos=70835-76240_src=json.json,31,0.6012376,1,1,1,1,0.18789374695344946,tachy_afib,0.09574545,0,0,1,1,0.0,model_negative
Atrial Fibrillation,Atrial Fibrillation\False\._2025-03-06_ECGRec_202428_E1R4887_duration=40s_pos=391364-396389_src=json.json,31,0.7759927,1,0,0,0,0.8101117078279367,"both_layers_reject (l1=layer1_reject, l2_p=0.810)",0.7368886,1,0,0,0,0.8101117078279367,"both_layers_reject (l1=layer1_reject, l2_p=0.810)"
Atrial Fibrillation,Atrial Fibrillation\False\._2025-06-23_ECGRec_202428_E1R4995_duration=142s_pos=51986-70085_src=json.json,31,0.92254573,1,0,0,0,0.9991086371486503,"both_layers_reject (l1=layer1_reject, l2_p=0.999)",0.81720394,1,0,0,0,0.9991086371486503,"both_layers_reject (l1=layer1_reject, l2_p=0.999)"
Atrial Fibrillation,Atrial Fibrillation\False\._2025-03-22_ECGRec_202428_E1R4997_duration=58s_pos=387908-395322_src=json.json,31,0.60949934,1,0,0,0,0.9941312407597864,"both_layers_reject (l1=layer1_reject, l2_p=0.994)",0.2425118,0,0,1,1,0.0,model_negative
Atrial Fibrillation,Atrial Fibrillation\False\._2025-03-20_ECGRec_202428_E1R4997_duration=37s_pos=321637-326268_src=json.json,31,0.3860175,0,0,1,1,0.0,model_negative,0.13261987,0,0,1,1,0.0,model_negative
Atrial Fibrillation,Atrial Fibrillation\False\._2025-03-22_ECGRec_202428_E1R4997_duration=41s_pos=839571-844754_src=json.json,31,0.6719423,1,0,0,0,0.9999194314678025,"both_layers_reject (l1=layer1_reject, l2_p=1.000)",0.51765,1,0,0,0,0.9999194314678025,"both_layers_reject (l1=layer1_reject, l2_p=1.000)"
Atrial Fibrillation,Atrial Fibrillation\False\._2025-03-04_ECGRec_202428_E1R4917_duration=204s_pos=42085-68134_src=json.json,31,0.30002207,0,0,1,1,0.0,model_negative,0.015453928,0,0,1,1,0.0,model_negative
Atrial Fibrillation,Atrial Fibrillation\False\._2025-03-25_ECGRec_202428_E1R4997_duration=110s_pos=29553-43631_src=json.json,31,0.47120848,0,0,1,1,0.0,model_negative,0.24755362,0,0,1,1,0.0,model_negative
Atrial Fibrillation,Atrial Fibrillation\False\._2025-03-06_ECGRec_202428_E1R4887_duration=60s_pos=15859-23479_src=json.json,31,0.7933993,1,0,0,0,0.9719767607493847,"both_layers_reject (l1=layer1_reject, l2_p=0.972)",0.11054759,0,0,1,1,0.0,model_negative
Atrial Fibrillation,Atrial Fibrillation\False\._2025-03-21_ECGRec_202428_E1R4992_duration=79s_pos=21690-31747_src=json.json,31,0.62522364,1,0,0,0,0.9927471474471015,"both_layers_reject (l1=layer1_reject, l2_p=0.993)",0.0177287,0,0,1,1,0.0,model_negative
Atrial Fibrillation,Atrial Fibrillation\False\._2025-03-22_ECGRec_202428_E1R4997_duration=72s_pos=56506-65655_src=json.json,31,0.82512575,1,0,0,0,0.9970252837328123,"both_layers_reject (l1=layer1_reject, l2_p=0.997)",0.41272688,1,0,0,0,0.9970252837328123,"both_layers_reject (l1=layer1_reject, l2_p=0.997)"
Atrial Fibrillation,Atrial Fibrillation\False\._2025-02-23_ECGRec_202430_E115582_duration=118s_pos=38646-53710_src=json.json,31,0.6996143,1,0,0,0,0.8991621756268674,"both_layers_reject (l1=layer1_reject, l2_p=0.899)",0.048069194,0,0,1,1,0.0,model_negative
Atrial Fibrillation,Atrial Fibrillation\False\._2025-03-22_ECGRec_202428_E1R4997_duration=68s_pos=421426-430117_src=json.json,31,0.13647224,0,0,1,1,0.0,model_negative,0.0011178895,0,0,1,1,0.0,model_negative
Atrial Fibrillation,Atrial Fibrillation\False\._2025-03-02_ECGRec_202428_E1R4887_duration=411s_pos=22352-74947_src=json.json,31,0.76370865,1,1,1,1,0.254921736962713,tachy_afib,0.44984955,1,1,1,1,0.254921736962713,tachy_afib
Atrial Fibrillation,Atrial Fibrillation\False\._2025-06-03_ECGRec_202419_E110189_duration=582s_pos=437-74917_src=json.json,31,0.8310099,1,0,1,0,0.9546318380707928,"layer2_reject (l1=brady_rescue, p=0.955)",0.63056076,1,0,1,0,0.9546318380707928,"layer2_reject (l1=brady_rescue, p=0.955)"
Atrial Fibrillation,Atrial Fibrillation\False\._2025-06-17_ECGRec_202436_E116133_duration=103s_pos=429771-442838_src=json.json,31,0.72843957,1,0,1,0,0.8626409628324313,"layer2_reject (l1=tachy_afib, p=0.863)",0.30557618,1,0,1,0,0.8626409628324313,"layer2_reject (l1=tachy_afib, p=0.863)"
Atrial Fibrillation,Atrial Fibrillation\False\._2025-05-30_ECGRec_202419_E110189_duration=280s_pos=289865-325680_src=json.json,31,0.47861814,0,0,1,1,0.0,model_negative,0.21055475,0,0,1,1,0.0,model_negative
Atrial Fibrillation,Atrial Fibrillation\False\._2025-03-02_ECGRec_202428_E1R4887_duration=603s_pos=1554-78676_src=json.json,31,0.9462525,1,0,1,0,0.9971606837835294,"layer2_reject (l1=tachy_afib, p=0.997)",0.88573,1,0,1,0,0.9971606837835294,"layer2_reject (l1=tachy_afib, p=0.997)"
Atrial Fibrillation,Atrial Fibrillation\False\._2025-06-17_ECGRec_202436_E116133_duration=229s_pos=68973-98185_src=json.json,31,0.8695846,1,0,1,0,0.8769094706387754,"layer2_reject (l1=tachy_afib, p=0.877)",0.6492439,1,0,1,0,0.8769094706387754,"layer2_reject (l1=tachy_afib, p=0.877)"
Atrial Fibrillation,Atrial Fibrillation\False\._2025-03-22_ECGRec_202428_E1R4997_duration=115s_pos=384353-399059_src=json.json,31,0.64010805,1,0,0,0,0.9156101502559175,"both_layers_reject (l1=layer1_reject, l2_p=0.916)",0.42630768,1,0,0,0,0.9156101502559175,"both_layers_reject (l1=layer1_reject, l2_p=0.916)"
Atrial Fibrillation,Atrial Fibrillation\False\._2025-03-22_ECGRec_202428_E1R4997_duration=175s_pos=1220533-1242815_src=json.json,31,0.608736,1,0,0,0,0.9927679396593923,"both_layers_reject (l1=layer1_reject, l2_p=0.993)",0.35935214,1,0,0,0,0.9927679396593923,"both_layers_reject (l1=layer1_reject, l2_p=0.993)"
Atrial Fibrillation,Atrial Fibrillation\False\._2025-03-18_ECGRec_202428_E1R4997_duration=63s_pos=66298-74340_src=json.json,31,0.5534676,1,0,0,0,0.9869723023247549,"both_layers_reject (l1=layer1_reject, l2_p=0.987)",0.17641796,0,0,1,1,0.0,model_negative
Atrial Fibrillation,Atrial Fibrillation\False\._2025-03-21_ECGRec_202428_E1R4992_duration=588s_pos=4107-79263_src=json.json,31,0.47372854,0,0,1,1,0.0,model_negative,0.005553102,0,0,1,1,0.0,model_negative
Atrial Fibrillation,Atrial Fibrillation\False\._2025-03-20_ECGRec_202428_E1R4992_duration=575s_pos=607-74167_src=json.json,31,0.718352,1,0,0,0,0.9998363956167475,"both_layers_reject (l1=layer1_reject, l2_p=1.000)",0.009350624,0,0,1,1,0.0,model_negative
Atrial Fibrillation,Atrial Fibrillation\False\._2025-03-21_ECGRec_202428_E1R4997_duration=40s_pos=297399-302486_src=json.json,31,0.4280069,0,0,1,1,0.0,model_negative,0.33345345,1,0,0,0,0.9862383369469099,"both_layers_reject (l1=layer1_reject, l2_p=0.986)"
Atrial Fibrillation,Atrial Fibrillation\False\._2025-03-20_ECGRec_202428_E1R4992_duration=615s_pos=594-79186_src=json.json,31,0.8006557,1,0,1,0,0.9937145751151167,"layer2_reject (l1=tachy_afib, p=0.994)",0.03862527,0,0,1,1,0.0,model_negative
Atrial Fibrillation,Atrial Fibrillation\False\._2025-03-22_ECGRec_202428_E1R4997_duration=58s_pos=160338-167744_src=json.json,31,0.7784376,1,0,0,0,0.9929763625836499,"both_layers_reject (l1=layer1_reject, l2_p=0.993)",0.6092302,1,0,0,0,0.9929763625836499,"both_layers_reject (l1=layer1_reject, l2_p=0.993)"
Atrial Fibrillation,Atrial Fibrillation\False\._2025-03-14_ECGRec_202428_E1R5004_duration=33s_pos=7803930-7808082_src=json.json,31,0.29167062,0,0,1,1,0.0,model_negative,0.020200139,0,0,1,1,0.0,model_negative
Atrial Fibrillation,Atrial Fibrillation\False\._2025-06-16_ECGRec_202436_E116251_duration=516s_pos=460-66496_src=json.json,31,0.97569555,1,0,0,0,0.9958263116734545,"both_layers_reject (l1=layer1_reject, l2_p=0.996)",0.95216846,1,0,0,0,0.9958263116734545,"both_layers_reject (l1=layer1_reject, l2_p=0.996)"
Atrial Fibrillation,Atrial Fibrillation\False\._2025-02-24_ECGRec_202430_E115582_duration=254s_pos=41073-73492_src=json.json,31,0.8838389,1,0,0,0,0.9284461044030774,"both_layers_reject (l1=layer1_reject, l2_p=0.928)",0.12419848,0,0,1,1,0.0,model_negative
Atrial Fibrillation,Atrial Fibrillation\False\._2025-03-25_ECGRec_202428_E1R4997_duration=96s_pos=87874-100049_src=json.json,31,0.245202,0,0,1,1,0.0,model_negative,0.023989044,0,0,1,1,0.0,model_negative
Atrial Fibrillation,Atrial Fibrillation\False\._2025-03-18_ECGRec_202428_E1R4997_duration=112s_pos=13529-27782_src=json.json,31,0.22736616,0,0,1,1,0.0,model_negative,0.014708698,0,0,1,1,0.0,model_negative
Atrial Fibrillation,Atrial Fibrillation\False\._2025-03-22_ECGRec_202428_E1R4997_duration=31s_pos=2004710-2008652_src=json.json,31,0.71840143,1,0,0,0,0.9925502601196711,"both_layers_reject (l1=layer1_reject, l2_p=0.993)",0.45838782,1,0,0,0,0.9925502601196711,"both_layers_reject (l1=layer1_reject, l2_p=0.993)"
Atrial Fibrillation,Atrial Fibrillation\False\._2025-03-22_ECGRec_202428_E1R4992_duration=35s_pos=50713-55083_src=json.json,31,0.2919698,0,0,1,1,0.0,model_negative,0.001211232,0,0,1,1,0.0,model_negative
Atrial Fibrillation,Atrial Fibrillation\False\._2025-06-18_ECGRec_202436_E116136_duration=13s_pos=368-2027_src=json.json,24,0.7955489,1,0,1,0,0.9906069988313931,"layer2_reject (l1=tachy_afib, p=0.991)",0.20503706,0,0,1,1,0.0,model_negative
Atrial Fibrillation,Atrial Fibrillation\False\._2025-05-30_ECGRec_202419_E110189_duration=293s_pos=243909-281299_src=json.json,31,0.84626526,1,0,0,0,0.9999982831014044,"both_layers_reject (l1=layer1_reject, l2_p=1.000)",0.70013094,1,0,0,0,0.9999982831014044,"both_layers_reject (l1=layer1_reject, l2_p=1.000)"
Atrial Fibrillation,Atrial Fibrillation\False\._2025-03-23_ECGRec_202428_E1R4997_duration=55s_pos=46091-53092_src=json.json,31,0.52279747,1,0,0,0,0.9861709686634463,"both_layers_reject (l1=layer1_reject, l2_p=0.986)",0.38244742,1,0,0,0,0.9861709686634463,"both_layers_reject (l1=layer1_reject, l2_p=0.986)"
Atrial Fibrillation,Atrial Fibrillation\False\._2025-03-31_ECGRec_202419_E110189_duration=56s_pos=1119380-1126500_src=json.json,31,0.848171,1,1,1,1,0.303371039898981,tachy_afib,0.123220615,0,0,1,1,0.0,model_negative
Atrial Fibrillation,Atrial Fibrillation\False\._2025-03-31_ECGRec_202419_E110189_duration=47s_pos=7343715-7349692_src=json.json,31,0.533805,1,0,1,0,0.47906511403874225,"layer2_reject (l1=tachy_afib, p=0.479)",0.16460845,0,0,1,1,0.0,model_negative
Atrial Fibrillation,Atrial Fibrillation\False\._2025-03-22_ECGRec_202428_E1R4997_duration=28s_pos=375831-379330_src=json.json,31,0.47766572,0,0,1,1,0.0,model_negative,0.18248694,0,0,1,1,0.0,model_negative
Atrial Fibrillation,Atrial Fibrillation\False\._2025-03-06_ECGRec_202428_E1R4887_duration=449s_pos=16688-74032_src=json.json,31,0.6297007,1,0,0,0,0.8755493279207064,"both_layers_reject (l1=layer1_reject, l2_p=0.876)",0.45186314,1,0,0,0,0.8755493279207064,"both_layers_reject (l1=layer1_reject, l2_p=0.876)"
Atrial Fibrillation,Atrial Fibrillation\False\._2025-02-27_ECGRec_202428_E1R4995_duration=119s_pos=15928-31072_src=json.json,31,0.11090714,0,0,1,1,0.0,model_negative,0.0020652255,0,0,1,1,0.0,model_negative
Atrial Fibrillation,Atrial Fibrillation\False\._2025-03-20_ECGRec_202428_E1R4992_duration=599s_pos=2421-79013_src=json.json,31,0.8385752,1,0,1,0,0.9970868615690185,"layer2_reject (l1=tachy_afib, p=0.997)",0.093194366,0,0,1,1,0.0,model_negative
Atrial Fibrillation,Atrial Fibrillation\False\._2025-06-02_ECGRec_202419_E110189_duration=235s_pos=44535-74562_src=json.json,31,0.54247195,1,0,0,0,0.9996597486860748,"both_layers_reject (l1=layer1_reject, l2_p=1.000)",0.3413164,1,0,0,0,0.9996597486860748,"both_layers_reject (l1=layer1_reject, l2_p=1.000)"
Atrial Fibrillation,Atrial Fibrillation\False\._2025-03-22_ECGRec_202428_E1R4997_duration=31s_pos=54245-58164_src=json.json,31,0.35958034,0,0,1,1,0.0,model_negative,0.14580567,0,0,1,1,0.0,model_negative
Atrial Fibrillation,Atrial Fibrillation\False\._2025-03-31_ECGRec_202419_E110189_duration=43s_pos=203253-208705_src=json.json,31,0.9354344,1,0,0,0,0.9999198285807956,"both_layers_reject (l1=layer1_reject, l2_p=1.000)",0.72845405,1,0,0,0,0.9999198285807956,"both_layers_reject (l1=layer1_reject, l2_p=1.000)"
Atrial Fibrillation,Atrial Fibrillation\False\._2025-03-18_ECGRec_202428_E1R4997_duration=65s_pos=49308-57579_src=json.json,31,0.21649279,0,0,1,1,0.0,model_negative,0.006672897,0,0,1,1,0.0,model_negative
Atrial Fibrillation,Atrial Fibrillation\False\._2025-03-25_ECGRec_202428_E1R4997_duration=190s_pos=26614-50815_src=json.json,31,0.20952901,0,0,1,1,0.0,model_negative,0.007955455,0,0,1,1,0.0,model_negative
Atrial Fibrillation,Atrial Fibrillation\False\._2025-03-05_ECGRec_202428_E1R4887_duration=74s_pos=44993-54353_src=json.json,31,0.8087573,1,0,0,0,0.9998966158864306,"both_layers_reject (l1=layer1_reject, l2_p=1.000)",0.40759546,1,0,0,0,0.9998966158864306,"both_layers_reject (l1=layer1_reject, l2_p=1.000)"
Atrial Fibrillation,Atrial Fibrillation\False\._2025-03-02_ECGRec_202428_E1R4887_duration=275s_pos=455-35550_src=json.json,31,0.9453122,1,0,1,0,0.9985618349518118,"layer2_reject (l1=tachy_afib, p=0.999)",0.8906482,1,0,1,0,0.9985618349518118,"layer2_reject (l1=tachy_afib, p=0.999)"
Atrial Fibrillation,Atrial Fibrillation\False\._2025-02-25_ECGRec_202428_E1R4917_duration=55s_pos=7393-14415_src=json.json,31,0.97293437,1,0,0,0,0.9944976586431878,"both_layers_reject (l1=layer1_reject, l2_p=0.994)",0.9390721,1,0,0,0,0.9944976586431878,"both_layers_reject (l1=layer1_reject, l2_p=0.994)"
Atrial Fibrillation,Atrial Fibrillation\False\._2025-03-23_ECGRec_202428_E1R4997_duration=73s_pos=115030-124276_src=json.json,31,0.54195416,1,0,0,0,0.9985248095673686,"both_layers_reject (l1=layer1_reject, l2_p=0.999)",0.3746786,1,0,0,0,0.9985248095673686,"both_layers_reject (l1=layer1_reject, l2_p=0.999)"
Atrial Fibrillation,Atrial Fibrillation\False\._2025-03-25_ECGRec_202430_E115582_duration=426s_pos=22702-77210_src=json.json,31,0.91713756,1,0,0,0,0.9999979361391527,"both_layers_reject (l1=layer1_reject, l2_p=1.000)",0.8260332,1,0,0,0,0.9999979361391527,"both_layers_reject (l1=layer1_reject, l2_p=1.000)"
Atrial Fibrillation,Atrial Fibrillation\False\._2025-02-16_ECGRec_202428_E1R4909_duration=204s_pos=23870-49938_src=json.json,31,0.15391754,0,0,1,1,0.0,model_negative,0.002719181,0,0,1,1,0.0,model_negative
Atrial Fibrillation,Atrial Fibrillation\False\._2025-04-03_ECGRec_202419_E110207_duration=21s_pos=468-3122_src=json.json,29,0.5593009,1,0,0,0,0.99999912694077,"both_layers_reject (l1=layer1_reject, l2_p=1.000)",0.03438682,0,0,1,1,0.0,model_negative
Atrial Fibrillation,Atrial Fibrillation\False\._2025-03-22_ECGRec_202428_E1R4997_duration=76s_pos=837989-847594_src=json.json,31,0.7827996,1,0,0,0,0.6320074579742163,"both_layers_reject (l1=layer1_reject, l2_p=0.632)",0.8179606,1,0,0,0,0.6320074579742163,"both_layers_reject (l1=layer1_reject, l2_p=0.632)"
Atrial Fibrillation,Atrial Fibrillation\False\._2025-03-25_ECGRec_202428_E1R4997_duration=241s_pos=21424-52181_src=json.json,31,0.6904142,1,0,0,0,0.9990032677060159,"both_layers_reject (l1=layer1_reject, l2_p=0.999)",0.3799271,1,0,0,0,0.9990032677060159,"both_layers_reject (l1=layer1_reject, l2_p=0.999)"
Atrial Fibrillation,Atrial Fibrillation\False\._2025-03-03_ECGRec_202428_E1R4887_duration=52s_pos=27176-33712_src=json.json,31,0.6325657,1,1,1,1,0.3027135789105887,tachy_afib,0.16274631,0,0,1,1,0.0,model_negative
Atrial Fibrillation,Atrial Fibrillation\False\._2025-03-06_ECGRec_202428_E1R4887_duration=331s_pos=1226-43485_src=json.json,31,0.546223,1,0,0,0,0.9420647197796962,"both_layers_reject (l1=layer1_reject, l2_p=0.942)",0.20157778,0,0,1,1,0.0,model_negative
Atrial Fibrillation,Atrial Fibrillation\False\._2025-03-23_ECGRec_202428_E1R4997_duration=29s_pos=150229-153910_src=json.json,31,0.769246,1,0,0,0,0.9999999033346234,"both_layers_reject (l1=layer1_reject, l2_p=1.000)",0.3946614,1,0,0,0,0.9999999033346234,"both_layers_reject (l1=layer1_reject, l2_p=1.000)"
Atrial Fibrillation,Atrial Fibrillation\False\._2025-06-01_ECGRec_202419_E110189_duration=463s_pos=787101-846305_src=json.json,31,0.3293232,0,0,1,1,0.0,model_negative,0.09178671,0,0,1,1,0.0,model_negative
Atrial Fibrillation,Atrial Fibrillation\False\._2025-03-20_ECGRec_202428_E1R4992_duration=163s_pos=643-21383_src=json.json,31,0.49759838,0,0,1,1,0.0,model_negative,0.0018888653,0,0,1,1,0.0,model_negative
Atrial Fibrillation,Atrial Fibrillation\False\._2025-06-17_ECGRec_202436_E116133_duration=67s_pos=12490-21005_src=json.json,31,0.8890353,1,0,1,0,0.6762547580071605,"layer2_reject (l1=tachy_afib, p=0.676)",0.6703036,1,0,1,0,0.6762547580071605,"layer2_reject (l1=tachy_afib, p=0.676)"
Atrial Fibrillation,Atrial Fibrillation\False\._2025-03-03_ECGRec_202428_E1R4917_duration=163s_pos=3002-23750_src=json.json,31,0.6403962,1,0,0,0,0.9999382291082336,"both_layers_reject (l1=layer1_reject, l2_p=1.000)",0.07126214,0,0,1,1,0.0,model_negative
Atrial Fibrillation,Atrial Fibrillation\False\._2025-06-17_ECGRec_202436_E116133_duration=212s_pos=9335-36461_src=json.json,31,0.67878586,1,0,1,0,0.8824689917231396,"layer2_reject (l1=tachy_afib, p=0.882)",0.17847659,0,0,1,1,0.0,model_negative
Atrial Fibrillation,Atrial Fibrillation\False\._2025-03-22_ECGRec_202428_E1R4997_duration=60s_pos=19915-27469_src=json.json,31,0.6929919,1,0,0,0,0.9998520562530538,"both_layers_reject (l1=layer1_reject, l2_p=1.000)",0.30381954,1,0,0,0,0.9998520562530538,"both_layers_reject (l1=layer1_reject, l2_p=1.000)"
Atrial Fibrillation,Atrial Fibrillation\False\._2025-02-20_ECGRec_202428_E1R4917_duration=75s_pos=873-10385_src=json.json,31,0.9716617,1,0,0,0,0.9999924387763117,"both_layers_reject (l1=layer1_reject, l2_p=1.000)",0.9406207,1,0,0,0,0.9999924387763117,"both_layers_reject (l1=layer1_reject, l2_p=1.000)"
Atrial Fibrillation,Atrial Fibrillation\False\._2025-03-22_ECGRec_202428_E1R4997_duration=71s_pos=552195-561186_src=json.json,31,0.62076825,1,0,0,0,0.9999999556728845,"both_layers_reject (l1=layer1_reject, l2_p=1.000)",0.23964663,0,0,1,1,0.0,model_negative
Atrial Fibrillation,Atrial Fibrillation\False\._2025-03-21_ECGRec_202428_E1R4997_duration=28s_pos=37065-40603_src=json.json,31,0.31362385,0,0,1,1,0.0,model_negative,0.03963596,0,0,1,1,0.0,model_negative
Atrial Fibrillation,Atrial Fibrillation\False\._2025-03-21_ECGRec_202428_E1R4997_duration=175s_pos=3873-26253_src=json.json,31,0.5648493,1,0,0,0,0.9934294678007215,"both_layers_reject (l1=layer1_reject, l2_p=0.993)",0.416798,1,0,0,0,0.9934294678007215,"both_layers_reject (l1=layer1_reject, l2_p=0.993)"
Atrial Fibrillation,Atrial Fibrillation\False\._2025-02-20_ECGRec_202428_E1R4909_duration=41s_pos=35222-40365_src=json.json,31,0.19128066,0,0,1,1,0.0,model_negative,0.031483985,0,0,1,1,0.0,model_negative
Atrial Fibrillation,Atrial Fibrillation\False\._2025-06-02_ECGRec_202419_E110189_duration=42s_pos=36049-41408_src=json.json,31,0.19593698,0,0,1,1,0.0,model_negative,0.03810834,0,0,1,1,0.0,model_negative
Atrial Fibrillation,Atrial Fibrillation\False\._2025-02-19_ECGRec_202428_E1R4909_duration=95s_pos=2058553-2070700_src=json.json,31,0.09460006,0,0,1,1,0.0,model_negative,0.0009575662,0,0,1,1,0.0,model_negative
Atrial Fibrillation,Atrial Fibrillation\False\._2025-06-16_ECGRec_202436_E116251_duration=220s_pos=910-28983_src=json.json,31,0.47657022,0,0,1,1,0.0,model_negative,0.0052946247,0,0,1,1,0.0,model_negative
Atrial Fibrillation,Atrial Fibrillation\False\._2025-03-22_ECGRec_202428_E1R4997_duration=37s_pos=1116360-1121083_src=json.json,31,0.48181516,0,0,1,1,0.0,model_negative,0.036395088,0,0,1,1,0.0,model_negative
Atrial Fibrillation,Atrial Fibrillation\False\._2025-03-23_ECGRec_202428_E1R4997_duration=62s_pos=21733-29665_src=json.json,31,0.72354585,1,0,0,0,0.9845262346718292,"both_layers_reject (l1=layer1_reject, l2_p=0.985)",0.57701,1,0,0,0,0.9845262346718292,"both_layers_reject (l1=layer1_reject, l2_p=0.985)"
Atrial Fibrillation,Atrial Fibrillation\False\._2025-03-07_ECGRec_202428_E1R4887_duration=132s_pos=60578-77390_src=json.json,31,0.92887336,1,0,0,0,0.9991849656135593,"both_layers_reject (l1=layer1_reject, l2_p=0.999)",0.6037227,1,0,0,0,0.9991849656135593,"both_layers_reject (l1=layer1_reject, l2_p=0.999)"
Atrial Fibrillation,Atrial Fibrillation\False\._2025-03-31_ECGRec_202419_E110189_duration=16s_pos=3183646-3185571_src=json.json,31,0.64071417,1,0,0,0,0.922057920980284,"both_layers_reject (l1=layer1_reject, l2_p=0.922)",0.075786225,0,0,1,1,0.0,model_negative
Atrial Fibrillation,Atrial Fibrillation\False\._2025-03-31_ECGRec_202419_E110189_duration=12s_pos=4358701-4360228_src=json.json,31,0.40072358,0,0,1,1,0.0,model_negative,0.008348409,0,0,1,1,0.0,model_negative
Atrial Fibrillation,Atrial Fibrillation\False\._2025-03-31_ECGRec_202419_E110189_duration=34s_pos=5398263-5402508_src=json.json,31,0.89444023,1,0,0,1,0.445443815962809,layer1_reject (l2_p=0.445),0.20807333,0,0,1,1,0.0,model_negative
Atrial Fibrillation,Atrial Fibrillation\False\._2025-03-24_ECGRec_202428_E1R4997_duration=66s_pos=2217-10656_src=json.json,31,0.64597625,1,0,0,0,0.9975918887252364,"both_layers_reject (l1=layer1_reject, l2_p=0.998)",0.47270054,1,0,0,0,0.9975918887252364,"both_layers_reject (l1=layer1_reject, l2_p=0.998)"
Atrial Fibrillation,Atrial Fibrillation\False\._2025-03-22_ECGRec_202428_E1R4997_duration=122s_pos=44685-60254_src=json.json,31,0.6045444,1,0,0,0,0.9408463644143861,"both_layers_reject (l1=layer1_reject, l2_p=0.941)",0.31025484,1,0,0,0,0.9408463644143861,"both_layers_reject (l1=layer1_reject, l2_p=0.941)"
Atrial Fibrillation,Atrial Fibrillation\False\._2025-03-03_ECGRec_202428_E1R4887_duration=151s_pos=25867-45126_src=json.json,31,0.4851881,0,0,1,1,0.0,model_negative,0.07345239,0,0,1,1,0.0,model_negative
Atrial Fibrillation,Atrial Fibrillation\False\._2025-03-20_ECGRec_202428_E1R4992_duration=266s_pos=674-34675_src=json.json,31,0.5011424,1,0,1,0,0.9965067319127306,"layer2_reject (l1=tachy_afib, p=0.997)",0.0072944895,0,0,1,1,0.0,model_negative
Atrial Fibrillation,Atrial Fibrillation\False\._2025-02-20_ECGRec_202428_E1R4909_duration=54s_pos=31113-37923_src=json.json,31,0.05366483,0,0,1,1,0.0,model_negative,0.0010408151,0,0,1,1,0.0,model_negative
Atrial Fibrillation,Atrial Fibrillation\False\._2025-06-17_ECGRec_202436_E116133_duration=10s_pos=50902-52137_src=json.json,31,0.88419646,1,0,1,0,0.9016047552644477,"layer2_reject (l1=tachy_afib, p=0.902)",0.62739074,1,0,1,0,0.9016047552644477,"layer2_reject (l1=tachy_afib, p=0.902)"
Atrial Fibrillation,Atrial Fibrillation\False\._2025-03-04_ECGRec_202428_E1R4887_duration=173s_pos=28950-51006_src=json.json,31,0.31764865,0,0,1,1,0.0,model_negative,0.029131675,0,0,1,1,0.0,model_negative
Atrial Fibrillation,Atrial Fibrillation\False\._2025-03-25_ECGRec_202428_E1R4997_duration=77s_pos=7859-17600_src=json.json,31,0.39640367,0,0,1,1,0.0,model_negative,0.07106183,0,0,1,1,0.0,model_negative
Atrial Fibrillation,Atrial Fibrillation\False\._2025-03-06_ECGRec_202428_E1R4887_duration=54s_pos=599516-606338_src=json.json,31,0.6973272,1,0,0,0,0.7888863389526635,"both_layers_reject (l1=layer1_reject, l2_p=0.789)",0.5645452,1,0,0,0,0.7888863389526635,"both_layers_reject (l1=layer1_reject, l2_p=0.789)"
Atrial Fibrillation,Atrial Fibrillation\False\._2025-03-21_ECGRec_202428_E1R4997_duration=30s_pos=514-4274_src=json.json,31,0.72470796,1,0,0,0,0.9976899326187532,"both_layers_reject (l1=layer1_reject, l2_p=0.998)",0.57805675,1,0,0,0,0.9976899326187532,"both_layers_reject (l1=layer1_reject, l2_p=0.998)"
Atrial Fibrillation,Atrial Fibrillation\False\._2025-06-17_ECGRec_202436_E116133_duration=191s_pos=11876-36248_src=json.json,31,0.7502747,1,0,1,0,0.878422043011993,"layer2_reject (l1=tachy_afib, p=0.878)",0.2052368,0,0,1,1,0.0,model_negative
Atrial Fibrillation,Atrial Fibrillation\False\._2025-03-24_ECGRec_202428_E1R4997_duration=111s_pos=961-15155_src=json.json,31,0.39931095,0,0,1,1,0.0,model_negative,0.116472244,0,0,1,1,0.0,model_negative
Atrial Fibrillation,Atrial Fibrillation\False\._2025-03-25_ECGRec_202428_E1R4997_duration=111s_pos=13614-27730_src=json.json,31,0.5987599,1,0,0,0,0.984529143990645,"both_layers_reject (l1=layer1_reject, l2_p=0.985)",0.44767216,1,0,0,0,0.984529143990645,"both_layers_reject (l1=layer1_reject, l2_p=0.985)"
Atrial Fibrillation,Atrial Fibrillation\False\._2025-03-24_ECGRec_202428_E1R4997_duration=99s_pos=30035-42580_src=json.json,31,0.51182353,1,0,0,0,0.5421678725169132,"both_layers_reject (l1=layer1_reject, l2_p=0.542)",0.23426649,0,0,1,1,0.0,model_negative
Atrial Fibrillation,Atrial Fibrillation\False\._2025-03-20_ECGRec_202428_E1R4997_duration=134s_pos=34601-51631_src=json.json,31,0.86616874,1,0,0,0,0.987752324709935,"both_layers_reject (l1=layer1_reject, l2_p=0.988)",0.67835563,1,0,0,0,0.987752324709935,"both_layers_reject (l1=layer1_reject, l2_p=0.988)"
Atrial Fibrillation,Atrial Fibrillation\False\._2025-03-22_ECGRec_202428_E1R4997_duration=39s_pos=1356577-1361487_src=json.json,31,0.5880269,1,0,0,0,0.9999993341987267,"both_layers_reject (l1=layer1_reject, l2_p=1.000)",0.30121076,1,0,0,0,0.9999993341987267,"both_layers_reject (l1=layer1_reject, l2_p=1.000)"
Atrial Fibrillation,Atrial Fibrillation\False\._2025-02-15_ECGRec_202428_E1R4909_duration=166s_pos=47405-68627_src=json.json,31,0.19826727,0,0,1,1,0.0,model_negative,0.0024311626,0,0,1,1,0.0,model_negative
Atrial Fibrillation,Atrial Fibrillation\False\._2025-03-25_ECGRec_202428_E1R4997_duration=37s_pos=129342-134002_src=json.json,31,0.43465263,0,0,1,1,0.0,model_negative,0.0533318,0,0,1,1,0.0,model_negative
Atrial Fibrillation,Atrial Fibrillation\False\._2025-03-22_ECGRec_202428_E1R4997_duration=58s_pos=1952362-1959692_src=json.json,31,0.71231663,1,0,0,0,0.9974537552500847,"both_layers_reject (l1=layer1_reject, l2_p=0.997)",0.5307457,1,0,0,0,0.9974537552500847,"both_layers_reject (l1=layer1_reject, l2_p=0.997)"
Atrial Fibrillation,Atrial Fibrillation\False\._2025-06-01_ECGRec_202419_E110189_duration=1612s_pos=223734-430016_src=json.json,31,0.9270979,1,0,1,0,0.9891452670372872,"layer2_reject (l1=brady_rescue, p=0.989)",0.8732862,1,0,1,0,0.9891452670372872,"layer2_reject (l1=brady_rescue, p=0.989)"
Atrial Fibrillation,Atrial Fibrillation\False\._2025-03-06_ECGRec_202428_E1R4887_duration=127s_pos=763095-779323_src=json.json,31,0.7182035,1,0,1,0,0.8459325893911215,"layer2_reject (l1=tachy_afib, p=0.846)",0.320077,1,0,1,0,0.8459325893911215,"layer2_reject (l1=tachy_afib, p=0.846)"
Atrial Fibrillation,Atrial Fibrillation\False\._2025-03-06_ECGRec_202428_E1R4887_duration=108s_pos=59841-73642_src=json.json,31,0.63088095,1,0,1,0,0.5556508269673702,"layer2_reject (l1=tachy_afib, p=0.556)",0.076104574,0,0,1,1,0.0,model_negative
Atrial Fibrillation,Atrial Fibrillation\False\._2025-03-24_ECGRec_202428_E1R4997_duration=50s_pos=1052-7409_src=json.json,31,0.6655489,1,0,0,0,0.7541844428094743,"both_layers_reject (l1=layer1_reject, l2_p=0.754)",0.30545145,1,0,0,0,0.7541844428094743,"both_layers_reject (l1=layer1_reject, l2_p=0.754)"
Atrial Fibrillation,Atrial Fibrillation\False\._2025-03-31_ECGRec_202419_E110189_duration=139s_pos=1694889-1712626_src=json.json,31,0.57690376,1,0,0,0,0.9338310508036403,"both_layers_reject (l1=layer1_reject, l2_p=0.934)",0.05564919,0,0,1,1,0.0,model_negative
Atrial Fibrillation,Atrial Fibrillation\False\._2025-03-31_ECGRec_202419_E110189_duration=15s_pos=3792845-3794733_src=json.json,31,0.7588403,1,0,0,0,0.9918945952166485,"both_layers_reject (l1=layer1_reject, l2_p=0.992)",0.12227881,0,0,1,1,0.0,model_negative
Atrial Fibrillation,Atrial Fibrillation\False\._2025-02-22_ECGRec_202430_E115582_duration=341s_pos=31874-75452_src=json.json,31,0.9626596,1,0,0,0,0.9990019369917021,"both_layers_reject (l1=layer1_reject, l2_p=0.999)",0.918901,1,0,0,0,0.9990019369917021,"both_layers_reject (l1=layer1_reject, l2_p=0.999)"
Atrial Fibrillation,Atrial Fibrillation\False\._2025-03-26_ECGRec_202428_E1R4992_duration=142s_pos=637609-655686_src=json.json,31,0.7124359,1,0,1,0,0.9992913509358599,"layer2_reject (l1=tachy_afib, p=0.999)",0.02763008,0,0,1,1,0.0,model_negative
Atrial Fibrillation,Atrial Fibrillation\False\._2025-03-25_ECGRec_202428_E1R4997_duration=30s_pos=59376-63147_src=json.json,31,0.6948146,1,0,0,0,0.9962398377784761,"both_layers_reject (l1=layer1_reject, l2_p=0.996)",0.2689716,1,0,0,0,0.9962398377784761,"both_layers_reject (l1=layer1_reject, l2_p=0.996)"
Atrial Fibrillation,Atrial Fibrillation\False\._2025-03-06_ECGRec_202428_E1R4887_duration=89s_pos=400638-411988_src=json.json,31,0.35444838,0,0,1,1,0.0,model_negative,0.037130386,0,0,1,1,0.0,model_negative
Atrial Fibrillation,Atrial Fibrillation\False\._2025-03-22_ECGRec_202428_E1R4997_duration=80s_pos=185545-195686_src=json.json,31,0.7531763,1,0,0,0,0.9884609677230289,"both_layers_reject (l1=layer1_reject, l2_p=0.988)",0.4659796,1,0,0,0,0.9884609677230289,"both_layers_reject (l1=layer1_reject, l2_p=0.988)"
Atrial Fibrillation,Atrial Fibrillation\False\._2025-03-18_ECGRec_202428_E1R4997_duration=280s_pos=8373-44151_src=json.json,31,0.201694,0,0,1,1,0.0,model_negative,0.0034733498,0,0,1,1,0.0,model_negative
Atrial Fibrillation,Atrial Fibrillation\False\._2025-03-25_ECGRec_202428_E1R4997_duration=35s_pos=46316-50730_src=json.json,31,0.3197851,0,0,1,1,0.0,model_negative,0.046860054,0,0,1,1,0.0,model_negative
Atrial Fibrillation,Atrial Fibrillation\False\._2025-03-01_ECGRec_202428_E1R4887_duration=392s_pos=29901-80031_src=json.json,31,0.5802702,1,0,0,0,0.9999969865100733,"both_layers_reject (l1=layer1_reject, l2_p=1.000)",0.055615272,0,0,1,1,0.0,model_negative
Atrial Fibrillation,Atrial Fibrillation\False\._2025-03-23_ECGRec_202428_E1R4997_duration=73s_pos=11107-20352_src=json.json,31,0.79469866,1,0,0,0,0.9924072059918921,"both_layers_reject (l1=layer1_reject, l2_p=0.992)",0.43419373,1,0,0,0,0.9924072059918921,"both_layers_reject (l1=layer1_reject, l2_p=0.992)"
Atrial Fibrillation,Atrial Fibrillation\False\._2025-07-22_ECGRec_202436_E116228_duration=26s_pos=5468787-5472111_src=json.json,31,0.8015324,1,0,0,0,0.9988169936654966,"both_layers_reject (l1=layer1_reject, l2_p=0.999)",0.4589863,1,0,0,0,0.9988169936654966,"both_layers_reject (l1=layer1_reject, l2_p=0.999)"
Atrial Fibrillation,Atrial Fibrillation\False\._2025-03-31_ECGRec_202419_E110189_duration=140s_pos=3278992-3296900_src=json.json,31,0.5507626,1,0,0,0,0.9321596141861697,"both_layers_reject (l1=layer1_reject, l2_p=0.932)",0.058519013,0,0,1,1,0.0,model_negative
Atrial Fibrillation,Atrial Fibrillation\False\._2025-03-22_ECGRec_202428_E1R4997_duration=198s_pos=1195132-1220466_src=json.json,31,0.44239485,0,0,1,1,0.0,model_negative,0.2454729,0,0,1,1,0.0,model_negative
Atrial Fibrillation,Atrial Fibrillation\False\._2025-06-17_ECGRec_202419_E110189_duration=12s_pos=42766-44217_src=json.json,31,0.07239552,0,0,1,1,0.0,model_negative,0.0020454768,0,0,1,1,0.0,model_negative
Atrial Fibrillation,Atrial Fibrillation\False\._2025-03-18_ECGRec_202428_E1R4997_duration=367s_pos=28039-74932_src=json.json,31,0.21804157,0,0,1,1,0.0,model_negative,0.02746054,0,0,1,1,0.0,model_negative
Atrial Fibrillation,Atrial Fibrillation\False\._2025-04-03_ECGRec_202428_E1R4887_duration=53s_pos=4980622-4987294_src=json.json,31,0.39080736,0,0,1,1,0.0,model_negative,0.16021301,0,0,1,1,0.0,model_negative
Atrial Fibrillation,Atrial Fibrillation\False\._2025-03-20_ECGRec_202428_E1R4992_duration=166s_pos=20191-41327_src=json.json,31,0.72887117,1,0,1,0,0.9263197890538456,"layer2_reject (l1=tachy_afib, p=0.926)",0.028372906,0,0,1,1,0.0,model_negative
Atrial Fibrillation,Atrial Fibrillation\False\._2025-03-31_ECGRec_202419_E110189_duration=87s_pos=1887050-1898118_src=json.json,31,0.9632144,1,0,0,0,0.9288158956255185,"both_layers_reject (l1=layer1_reject, l2_p=0.929)",0.8839014,1,0,0,0,0.9288158956255185,"both_layers_reject (l1=layer1_reject, l2_p=0.929)"
Atrial Fibrillation,Atrial Fibrillation\False\._2025-02-15_ECGRec_202428_E1R4909_duration=58s_pos=1288128-1295473_src=json.json,31,0.06606516,0,0,1,1,0.0,model_negative,0.00043831396,0,0,1,1,0.0,model_negative
Atrial Fibrillation,Atrial Fibrillation\False\._2025-03-22_ECGRec_202428_E1R4997_duration=46s_pos=2845462-2851276_src=json.json,31,0.6085077,1,0,0,0,0.6626270332172413,"both_layers_reject (l1=layer1_reject, l2_p=0.663)",0.16740105,0,0,1,1,0.0,model_negative
Atrial Fibrillation,Atrial Fibrillation\False\._2025-03-31_ECGRec_202419_E110189_duration=21s_pos=346696-349281_src=json.json,31,0.2840955,0,0,1,1,0.0,model_negative,0.006146193,0,0,1,1,0.0,model_negative
Atrial Fibrillation,Atrial Fibrillation\False\._2025-03-25_ECGRec_202430_E115582_duration=142s_pos=5962-24118_src=json.json,31,0.7299437,1,0,0,0,0.9999999999983109,"both_layers_reject (l1=layer1_reject, l2_p=1.000)",0.4676508,1,0,0,0,0.9999999999983109,"both_layers_reject (l1=layer1_reject, l2_p=1.000)"
Atrial Fibrillation,Atrial Fibrillation\False\._2025-03-31_ECGRec_202419_E110189_duration=30s_pos=3974637-3978402_src=json.json,31,0.7031973,1,0,0,0,0.6080864253546601,"both_layers_reject (l1=layer1_reject, l2_p=0.608)",0.08710889,0,0,1,1,0.0,model_negative
Atrial Fibrillation,Atrial Fibrillation\False\._2025-03-30_ECGRec_202428_E1R4887_duration=33s_pos=136863-141053_src=json.json,31,0.6207451,1,0,0,0,0.6179394100295924,"both_layers_reject (l1=layer1_reject, l2_p=0.618)",0.46203294,1,0,0,0,0.6179394100295924,"both_layers_reject (l1=layer1_reject, l2_p=0.618)"
Atrial Fibrillation,Atrial Fibrillation\False\._2025-03-23_ECGRec_202428_E1R4997_duration=108s_pos=87153-100890_src=json.json,31,0.8277043,1,0,0,0,0.9046994058749116,"both_layers_reject (l1=layer1_reject, l2_p=0.905)",0.74789786,1,0,0,0,0.9046994058749116,"both_layers_reject (l1=layer1_reject, l2_p=0.905)"
Atrial Fibrillation,Atrial Fibrillation\False\._2025-03-31_ECGRec_202419_E110189_duration=102s_pos=2761028-2774081_src=json.json,31,0.39602086,0,0,1,1,0.0,model_negative,0.04714911,0,0,1,1,0.0,model_negative
Atrial Fibrillation,Atrial Fibrillation\False\._2025-03-02_ECGRec_202428_E1R4887_duration=368s_pos=9999-57031_src=json.json,31,0.69660825,1,0,0,0,0.9746279453532405,"both_layers_reject (l1=layer1_reject, l2_p=0.975)",0.18074651,0,0,1,1,0.0,model_negative
Atrial Fibrillation,Atrial Fibrillation\False\._2025-03-24_ECGRec_202428_E1R4997_duration=108s_pos=32115-45823_src=json.json,31,0.28324336,0,0,1,1,0.0,model_negative,0.032814223,0,0,1,1,0.0,model_negative
Atrial Fibrillation,Atrial Fibrillation\False\._2025-03-23_ECGRec_202428_E1R4997_duration=27s_pos=23108-26442_src=json.json,31,0.62245774,1,0,0,0,0.9985042842720258,"both_layers_reject (l1=layer1_reject, l2_p=0.999)",0.3138854,1,0,0,0,0.9985042842720258,"both_layers_reject (l1=layer1_reject, l2_p=0.999)"
Atrial Fibrillation,Atrial Fibrillation\False\._2025-03-05_ECGRec_202428_E1R4887_duration=53s_pos=87725-94403_src=json.json,31,0.9014761,1,0,0,0,0.9951567711789515,"both_layers_reject (l1=layer1_reject, l2_p=0.995)",0.5020115,1,0,0,0,0.9951567711789515,"both_layers_reject (l1=layer1_reject, l2_p=0.995)"
Atrial Fibrillation,Atrial Fibrillation\False\._2025-02-16_ECGRec_202428_E1R4909_duration=65s_pos=25911-34201_src=json.json,31,0.37998676,0,0,1,1,0.0,model_negative,0.019979404,0,0,1,1,0.0,model_negative
Atrial Fibrillation,Atrial Fibrillation\False\._2025-03-03_ECGRec_202428_E1R4887_duration=152s_pos=1716-21123_src=json.json,31,0.5986728,1,0,1,0,0.6169344779919507,"layer2_reject (l1=tachy_afib, p=0.617)",0.029530229,0,0,1,1,0.0,model_negative
Atrial Fibrillation,Atrial Fibrillation\False\._2025-03-20_ECGRec_202428_E1R4997_duration=74s_pos=933-10301_src=json.json,31,0.2761146,0,0,1,1,0.0,model_negative,0.13818653,0,0,1,1,0.0,model_negative
Atrial Fibrillation,Atrial Fibrillation\False\._2025-03-24_ECGRec_202428_E1R4997_duration=189s_pos=3830-28011_src=json.json,31,0.5558064,1,0,0,0,0.9941285486858894,"both_layers_reject (l1=layer1_reject, l2_p=0.994)",0.27222398,1,0,0,0,0.9941285486858894,"both_layers_reject (l1=layer1_reject, l2_p=0.994)"
Atrial Fibrillation,Atrial Fibrillation\False\._2025-03-31_ECGRec_202419_E110189_duration=95s_pos=3390667-3402772_src=json.json,31,0.2896956,0,0,1,1,0.0,model_negative,0.003938328,0,0,1,1,0.0,model_negative
Atrial Fibrillation,Atrial Fibrillation\False\._2025-03-02_ECGRec_202428_E1R4887_duration=46s_pos=68730-74557_src=json.json,31,0.9131275,1,0,1,0,0.9988727442495924,"layer2_reject (l1=tachy_afib, p=0.999)",0.8617046,1,0,1,0,0.9988727442495924,"layer2_reject (l1=tachy_afib, p=0.999)"
Atrial Fibrillation,Atrial Fibrillation\False\._2025-03-23_ECGRec_202428_E1R4997_duration=55s_pos=11606-18623_src=json.json,31,0.42022508,0,0,1,1,0.0,model_negative,0.1506731,0,0,1,1,0.0,model_negative
Atrial Fibrillation,Atrial Fibrillation\False\._2025-03-31_ECGRec_202419_E110189_duration=87s_pos=421058-432117_src=json.json,31,0.6871625,1,0,0,0,0.9092814267911487,"both_layers_reject (l1=layer1_reject, l2_p=0.909)",0.079109766,0,0,1,1,0.0,model_negative
Atrial Fibrillation,Atrial Fibrillation\False\._2025-03-22_ECGRec_202428_E1R4997_duration=71s_pos=103865-112858_src=json.json,31,0.48046592,0,0,1,1,0.0,model_negative,0.08466993,0,0,1,1,0.0,model_negative
Atrial Fibrillation,Atrial Fibrillation\False\._2025-02-17_ECGRec_202428_E1R4909_duration=35s_pos=1358-5758_src=json.json,31,0.15395549,0,0,1,1,0.0,model_negative,0.0024366297,0,0,1,1,0.0,model_negative
Atrial Fibrillation,Atrial Fibrillation\False\._2025-03-25_ECGRec_202428_E1R4997_duration=113s_pos=24808-39233_src=json.json,31,0.48960876,0,0,1,1,0.0,model_negative,0.0889568,0,0,1,1,0.0,model_negative
Atrial Fibrillation,Atrial Fibrillation\False\._2025-03-06_ECGRec_202428_E1R4887_duration=110s_pos=12385-26442_src=json.json,31,0.8968086,1,0,1,0,0.8259026886418035,"layer2_reject (l1=tachy_afib, p=0.826)",0.83216876,1,0,1,0,0.8259026886418035,"layer2_reject (l1=tachy_afib, p=0.826)"
Atrial Fibrillation,Atrial Fibrillation\False\._2025-03-31_ECGRec_202419_E110189_duration=73s_pos=2170497-2179827_src=json.json,31,0.83426315,1,0,0,0,0.6856551980728626,"both_layers_reject (l1=layer1_reject, l2_p=0.686)",0.06336641,0,0,1,1,0.0,model_negative
Atrial Fibrillation,Atrial Fibrillation\False\._2025-06-02_ECGRec_202419_E110189_duration=550s_pos=9742-80077_src=json.json,31,0.58430624,1,0,1,0,0.9069406687562988,"layer2_reject (l1=brady_rescue, p=0.907)",0.281426,1,0,1,0,0.9069406687562988,"layer2_reject (l1=brady_rescue, p=0.907)"
Atrial Fibrillation,Atrial Fibrillation\False\._2025-03-20_ECGRec_202428_E1R4992_duration=158s_pos=42821-63003_src=json.json,31,0.61835295,1,0,1,0,0.9751351749666074,"layer2_reject (l1=tachy_afib, p=0.975)",0.024426589,0,0,1,1,0.0,model_negative
Atrial Fibrillation,Atrial Fibrillation\False\._2025-03-22_ECGRec_202428_E1R4997_duration=119s_pos=1493745-1508922_src=json.json,31,0.48417434,0,0,1,1,0.0,model_negative,0.2996685,1,0,0,0,0.9774359550702745,"both_layers_reject (l1=layer1_reject, l2_p=0.977)"
Atrial Fibrillation,Atrial Fibrillation\False\._2025-03-25_ECGRec_202428_E1R4997_duration=86s_pos=47523-58409_src=json.json,31,0.49452922,0,0,1,1,0.0,model_negative,0.12052969,0,0,1,1,0.0,model_negative
Atrial Fibrillation,Atrial Fibrillation\False\._2025-03-31_ECGRec_202419_E110189_duration=184s_pos=463867-487402_src=json.json,31,0.6781483,1,0,0,0,0.8924662066315955,"both_layers_reject (l1=layer1_reject, l2_p=0.892)",0.15685333,0,0,1,1,0.0,model_negative
Atrial Fibrillation,Atrial Fibrillation\False\._2025-03-23_ECGRec_202428_E1R4997_duration=60s_pos=49991-57660_src=json.json,31,0.63651943,1,0,0,0,0.99697102543916,"both_layers_reject (l1=layer1_reject, l2_p=0.997)",0.4310705,1,0,0,0,0.99697102543916,"both_layers_reject (l1=layer1_reject, l2_p=0.997)"
Atrial Fibrillation,Atrial Fibrillation\False\._2025-02-24_ECGRec_202430_E115582_duration=137s_pos=202785-220240_src=json.json,31,0.82741785,1,0,1,0,0.896438110944187,"layer2_reject (l1=tachy_afib, p=0.896)",0.45687267,1,0,1,0,0.896438110944187,"layer2_reject (l1=tachy_afib, p=0.896)"
Atrial Fibrillation,Atrial Fibrillation\False\._2025-03-27_ECGRec_202428_E1R4992_duration=81s_pos=12798-23102_src=json.json,31,0.8818531,1,0,0,0,0.9991775228003207,"both_layers_reject (l1=layer1_reject, l2_p=0.999)",0.4085465,1,0,0,0,0.9991775228003207,"both_layers_reject (l1=layer1_reject, l2_p=0.999)"
Atrial Fibrillation,Atrial Fibrillation\False\._2025-03-24_ECGRec_202428_E1R4997_duration=113s_pos=64389-78765_src=json.json,31,0.51783127,1,0,0,0,0.9999934240714058,"both_layers_reject (l1=layer1_reject, l2_p=1.000)",0.13875377,0,0,1,1,0.0,model_negative
Atrial Fibrillation,Atrial Fibrillation\False\._2025-03-04_ECGRec_202428_E1R4887_duration=292s_pos=2885-40158_src=json.json,31,0.7821593,1,0,0,0,0.9993561296968472,"both_layers_reject (l1=layer1_reject, l2_p=0.999)",0.552995,1,0,0,0,0.9993561296968472,"both_layers_reject (l1=layer1_reject, l2_p=0.999)"
Atrial Fibrillation,Atrial Fibrillation\False\._2025-03-22_ECGRec_202428_E1R4997_duration=33s_pos=95682-99874_src=json.json,31,0.48475075,0,0,1,1,0.0,model_negative,0.16971852,0,0,1,1,0.0,model_negative
Atrial Fibrillation,Atrial Fibrillation\False\._2025-03-19_ECGRec_202428_E1R4997_duration=207s_pos=40600-67094_src=json.json,31,0.74944884,1,0,1,0,0.8085922583416382,"layer2_reject (l1=tachy_afib, p=0.809)",0.6782445,1,0,1,0,0.8085922583416382,"layer2_reject (l1=tachy_afib, p=0.809)"
Atrial Fibrillation,Atrial Fibrillation\False\._2025-03-06_ECGRec_202428_E1R4887_duration=98s_pos=18297-30723_src=json.json,31,0.74600905,1,0,0,0,0.996594916943099,"both_layers_reject (l1=layer1_reject, l2_p=0.997)",0.2686301,1,0,0,0,0.996594916943099,"both_layers_reject (l1=layer1_reject, l2_p=0.997)"
Atrial Fibrillation,Atrial Fibrillation\False\._2025-06-17_ECGRec_202436_E116133_duration=33s_pos=453335-457468_src=json.json,31,0.7779774,1,0,1,0,0.7895629463501779,"layer2_reject (l1=tachy_afib, p=0.790)",0.33527246,1,0,1,0,0.7895629463501779,"layer2_reject (l1=tachy_afib, p=0.790)"
Atrial Fibrillation,Atrial Fibrillation\False\._2025-06-01_ECGRec_202419_E110189_duration=51s_pos=23210-29688_src=json.json,31,0.87540376,1,0,0,0,0.9981775993247978,"both_layers_reject (l1=layer1_reject, l2_p=0.998)",0.6318586,1,0,0,0,0.9981775993247978,"both_layers_reject (l1=layer1_reject, l2_p=0.998)"
Atrial Fibrillation,Atrial Fibrillation\False\._2025-05-30_ECGRec_202419_E110189_duration=235s_pos=332200-362207_src=json.json,31,0.3937306,0,0,1,1,0.0,model_negative,0.15887353,0,0,1,1,0.0,model_negative
Atrial Fibrillation,Atrial Fibrillation\False\._2025-05-31_ECGRec_202419_E110189_duration=42s_pos=3865-9113_src=json.json,31,0.52759326,1,0,1,0,0.802076100364061,"layer2_reject (l1=brady_rescue, p=0.802)",0.365487,1,0,1,0,0.802076100364061,"layer2_reject (l1=brady_rescue, p=0.802)"
Atrial Fibrillation,Atrial Fibrillation\False\._2025-03-31_ECGRec_202419_E110189_duration=52s_pos=865730-872289_src=json.json,31,0.33724374,0,0,1,1,0.0,model_negative,0.002798029,0,0,1,1,0.0,model_negative
Atrial Fibrillation,Atrial Fibrillation\False\._2025-06-02_ECGRec_202419_E110189_duration=611s_pos=1216-79305_src=json.json,31,0.82398105,1,0,0,0,0.9934946211497302,"both_layers_reject (l1=layer1_reject, l2_p=0.993)",0.71081465,1,0,0,0,0.9934946211497302,"both_layers_reject (l1=layer1_reject, l2_p=0.993)"
Atrial Fibrillation,Atrial Fibrillation\False\._2025-06-01_ECGRec_202419_E110189_duration=39s_pos=881283-886179_src=json.json,31,0.35187495,0,0,1,1,0.0,model_negative,0.11110807,0,0,1,1,0.0,model_negative
Atrial Fibrillation,Atrial Fibrillation\False\._2025-03-23_ECGRec_202428_E1R4997_duration=48s_pos=50923-57029_src=json.json,31,0.5398558,1,0,0,0,0.9524764797085347,"both_layers_reject (l1=layer1_reject, l2_p=0.952)",0.37483802,1,0,0,0,0.9524764797085347,"both_layers_reject (l1=layer1_reject, l2_p=0.952)"
Atrial Fibrillation,Atrial Fibrillation\False\._2025-03-23_ECGRec_202428_E1R4997_duration=42s_pos=23800-29109_src=json.json,31,0.4515923,0,0,1,1,0.0,model_negative,0.17191324,0,0,1,1,0.0,model_negative
Atrial Fibrillation,Atrial Fibrillation\False\._2025-03-05_ECGRec_202428_E1R4887_duration=133s_pos=957-17950_src=json.json,31,0.55649054,1,0,0,0,0.9953114939149049,"both_layers_reject (l1=layer1_reject, l2_p=0.995)",0.2684804,1,0,0,0,0.9953114939149049,"both_layers_reject (l1=layer1_reject, l2_p=0.995)"
Atrial Fibrillation,Atrial Fibrillation\False\._2025-05-29_ECGRec_202419_E110256_duration=263s_pos=10029019-10062619_src=json.json,31,0.5593476,1,1,1,1,0.39132650137315955,tachy_afib,0.17386656,0,0,1,1,0.0,model_negative
Atrial Fibrillation,Atrial Fibrillation\False\._2025-03-24_ECGRec_202428_E1R4997_duration=42s_pos=622-5905_src=json.json,31,0.50573224,1,0,0,0,0.9994000583017703,"both_layers_reject (l1=layer1_reject, l2_p=0.999)",0.2019983,0,0,1,1,0.0,model_negative
Atrial Fibrillation,Atrial Fibrillation\False\._2025-03-22_ECGRec_202428_E1R4997_duration=32s_pos=35327-39357_src=json.json,31,0.7194429,1,0,0,0,0.9936882803406764,"both_layers_reject (l1=layer1_reject, l2_p=0.994)",0.400223,1,0,0,0,0.9936882803406764,"both_layers_reject (l1=layer1_reject, l2_p=0.994)"
Atrial Fibrillation,Atrial Fibrillation\False\._2025-02-19_ECGRec_202428_E1R4909_duration=29s_pos=1820796-1824485_src=json.json,31,0.2188799,0,0,1,1,0.0,model_negative,0.0024554713,0,0,1,1,0.0,model_negative
Atrial Fibrillation,Atrial Fibrillation\False\._2025-03-06_ECGRec_202428_E1R4887_duration=47s_pos=53170-59078_src=json.json,31,0.7103904,1,0,0,0,0.9185613342212238,"both_layers_reject (l1=layer1_reject, l2_p=0.919)",0.38655868,1,0,0,0,0.9185613342212238,"both_layers_reject (l1=layer1_reject, l2_p=0.919)"
Atrial Fibrillation,Atrial Fibrillation\False\._2025-03-20_ECGRec_202428_E1R4992_duration=368s_pos=26660-73746_src=json.json,31,0.69458765,1,0,1,0,0.9971245016092724,"layer2_reject (l1=tachy_afib, p=0.997)",0.00914129,0,0,1,1,0.0,model_negative
Atrial Fibrillation,Atrial Fibrillation\False\._2025-05-31_ECGRec_202419_E110189_duration=150s_pos=1396584-1415660_src=json.json,31,0.8040056,1,0,0,0,0.999983455615807,"both_layers_reject (l1=layer1_reject, l2_p=1.000)",0.71575475,1,0,0,0,0.999983455615807,"both_layers_reject (l1=layer1_reject, l2_p=1.000)"
Atrial Fibrillation,Atrial Fibrillation\False\._2025-03-26_ECGRec_202428_E1R4992_duration=71s_pos=20586-29553_src=json.json,31,0.14420553,0,0,1,1,0.0,model_negative,0.0003660029,0,0,1,1,0.0,model_negative
Atrial Fibrillation,Atrial Fibrillation\False\._2025-03-31_ECGRec_202419_E110189_duration=41s_pos=8138935-8144129_src=json.json,31,0.9258336,1,0,0,0,0.9882802371486619,"both_layers_reject (l1=layer1_reject, l2_p=0.988)",0.63899195,1,0,0,0,0.9882802371486619,"both_layers_reject (l1=layer1_reject, l2_p=0.988)"
Atrial Fibrillation,Atrial Fibrillation\False\._2025-06-01_ECGRec_202419_E110189_duration=395s_pos=38424-88912_src=json.json,31,0.90863144,1,0,0,0,0.9450829878011454,"both_layers_reject (l1=layer1_reject, l2_p=0.945)",0.43262976,1,0,0,0,0.9450829878011454,"both_layers_reject (l1=layer1_reject, l2_p=0.945)"
Atrial Fibrillation,Atrial Fibrillation\False\._2025-03-22_ECGRec_202428_E1R4997_duration=42s_pos=2333-7702_src=json.json,31,0.53727597,1,0,0,0,0.9982903424480524,"both_layers_reject (l1=layer1_reject, l2_p=0.998)",0.15395397,0,0,1,1,0.0,model_negative
Atrial Fibrillation,Atrial Fibrillation\False\._2025-03-04_ECGRec_202428_E1R4887_duration=42s_pos=14729-19994_src=json.json,31,0.78891283,1,0,0,0,0.539624444964693,"both_layers_reject (l1=layer1_reject, l2_p=0.540)",0.24444479,0,0,1,1,0.0,model_negative
Atrial Fibrillation,Atrial Fibrillation\False\._2025-03-23_ECGRec_202428_E1R4997_duration=27s_pos=74656-78008_src=json.json,31,0.6438811,1,0,0,0,0.9999999977643337,"both_layers_reject (l1=layer1_reject, l2_p=1.000)",0.43458745,1,0,0,0,0.9999999977643337,"both_layers_reject (l1=layer1_reject, l2_p=1.000)"
Atrial Fibrillation,Atrial Fibrillation\False\._2025-03-22_ECGRec_202428_E1R4997_duration=28s_pos=433913-437442_src=json.json,31,0.64572436,1,0,0,0,0.999061279084929,"both_layers_reject (l1=layer1_reject, l2_p=0.999)",0.22814113,0,0,1,1,0.0,model_negative
Atrial Fibrillation,Atrial Fibrillation\False\._2025-03-31_ECGRec_202419_E110189_duration=29s_pos=1704430-1708064_src=json.json,31,0.5822163,1,0,1,0,0.5180837452962289,"layer2_reject (l1=tachy_afib, p=0.518)",0.09436238,0,0,1,1,0.0,model_negative
Atrial Fibrillation,Atrial Fibrillation\False\._2025-03-31_ECGRec_202419_E110189_duration=55s_pos=1708832-1715838_src=json.json,31,0.94409543,1,0,0,0,0.7400047872934349,"both_layers_reject (l1=layer1_reject, l2_p=0.740)",0.7137566,1,0,0,0,0.7400047872934349,"both_layers_reject (l1=layer1_reject, l2_p=0.740)"
Atrial Fibrillation,Atrial Fibrillation\False\._2025-03-31_ECGRec_202419_E110189_duration=85s_pos=4765795-4776659_src=json.json,31,0.18311395,0,0,1,1,0.0,model_negative,0.0007453454,0,0,1,1,0.0,model_negative
Atrial Fibrillation,Atrial Fibrillation\False\._2025-04-02_ECGRec_202428_E1R4887_duration=26s_pos=53556-56839_src=json.json,31,0.643866,1,0,0,1,0.33372594512298315,layer1_reject (l2_p=0.334),0.57048315,1,0,0,1,0.33372594512298315,layer1_reject (l2_p=0.334)
Atrial Fibrillation,Atrial Fibrillation\False\._2025-03-19_ECGRec_202428_E1R4992_duration=241s_pos=312701-343431_src=json.json,31,0.20869842,0,0,1,1,0.0,model_negative,0.0008051671,0,0,1,1,0.0,model_negative
Atrial Fibrillation,Atrial Fibrillation\False\._2025-03-21_ECGRec_202428_E1R4997_duration=40s_pos=248437-253447_src=json.json,31,0.29768723,0,0,1,1,0.0,model_negative,0.13042586,0,0,1,1,0.0,model_negative
Atrial Fibrillation,Atrial Fibrillation\False\._2025-03-24_ECGRec_202428_E1R4997_duration=67s_pos=29960-38523_src=json.json,31,0.6116626,1,0,0,0,0.8378935782329437,"both_layers_reject (l1=layer1_reject, l2_p=0.838)",0.26822248,1,0,0,0,0.8378935782329437,"both_layers_reject (l1=layer1_reject, l2_p=0.838)"
Atrial Fibrillation,Atrial Fibrillation\False\._2025-05-30_ECGRec_202419_E110189_duration=117s_pos=4698258-4713148_src=json.json,31,0.69649464,1,0,0,0,0.9176926795156717,"both_layers_reject (l1=layer1_reject, l2_p=0.918)",0.45555094,1,0,0,0,0.9176926795156717,"both_layers_reject (l1=layer1_reject, l2_p=0.918)"
Atrial Fibrillation,Atrial Fibrillation\False\._2025-03-23_ECGRec_202428_E1R4997_duration=175s_pos=1448-23818_src=json.json,31,0.80402774,1,0,0,0,0.9757190268394124,"both_layers_reject (l1=layer1_reject, l2_p=0.976)",0.58652717,1,0,0,0,0.9757190268394124,"both_layers_reject (l1=layer1_reject, l2_p=0.976)"
Atrial Fibrillation,Atrial Fibrillation\False\._2025-03-22_ECGRec_202428_E1R4997_duration=58s_pos=1569951-1577337_src=json.json,31,0.5121827,1,0,0,0,0.9750374050092842,"both_layers_reject (l1=layer1_reject, l2_p=0.975)",0.19363412,0,0,1,1,0.0,model_negative
Atrial Fibrillation,Atrial Fibrillation\False\._2025-03-03_ECGRec_202428_E1R4887_duration=44s_pos=84215-89773_src=json.json,31,0.56988764,1,0,0,0,0.9955175237171003,"both_layers_reject (l1=layer1_reject, l2_p=0.996)",0.19457918,0,0,1,1,0.0,model_negative
Atrial Fibrillation,Atrial Fibrillation\False\._2025-04-03_ECGRec_202419_E110256_duration=60s_pos=309168-316842_src=json.json,31,0.25004515,0,0,1,1,0.0,model_negative,0.07322928,0,0,1,1,0.0,model_negative
Atrial Fibrillation,Atrial Fibrillation\False\._2025-03-02_ECGRec_202428_E1R4887_duration=99s_pos=48822-61464_src=json.json,31,0.40703705,0,0,1,1,0.0,model_negative,0.026728256,0,0,1,1,0.0,model_negative
Atrial Fibrillation,Atrial Fibrillation\False\._2025-03-22_ECGRec_202428_E1R4997_duration=84s_pos=223549-234289_src=json.json,31,0.49156132,0,0,1,1,0.0,model_negative,0.3124648,1,0,0,0,0.9882212143479991,"both_layers_reject (l1=layer1_reject, l2_p=0.988)"
Atrial Fibrillation,Atrial Fibrillation\False\._2025-03-22_ECGRec_202428_E1R4997_duration=36s_pos=1272294-1276819_src=json.json,31,0.5286949,1,0,0,0,0.9572496586039531,"both_layers_reject (l1=layer1_reject, l2_p=0.957)",0.1588302,0,0,1,1,0.0,model_negative
Atrial Fibrillation,Atrial Fibrillation\False\._2025-03-23_ECGRec_202428_E1R4997_duration=57s_pos=43436-50669_src=json.json,31,0.62640864,1,0,0,0,0.9994369553241993,"both_layers_reject (l1=layer1_reject, l2_p=0.999)",0.2363142,0,0,1,1,0.0,model_negative
Atrial Fibrillation,Atrial Fibrillation\False\._2025-03-31_ECGRec_202419_E110189_duration=34s_pos=8405829-8410177_src=json.json,31,0.9116959,1,0,0,0,0.9520812467824538,"both_layers_reject (l1=layer1_reject, l2_p=0.952)",0.72495323,1,0,0,0,0.9520812467824538,"both_layers_reject (l1=layer1_reject, l2_p=0.952)"
Atrial Fibrillation,Atrial Fibrillation\False\._2025-03-23_ECGRec_202428_E1R4997_duration=43s_pos=2946-8329_src=json.json,31,0.65594625,1,0,0,0,0.8161456500440212,"both_layers_reject (l1=layer1_reject, l2_p=0.816)",0.22110642,0,0,1,1,0.0,model_negative
Atrial Fibrillation,Atrial Fibrillation\False\._2025-04-03_ECGRec_202428_E1R4887_duration=115s_pos=4929810-4944455_src=json.json,31,0.807818,1,0,0,0,0.7346921772597615,"both_layers_reject (l1=layer1_reject, l2_p=0.735)",0.7798227,1,0,0,0,0.7346921772597615,"both_layers_reject (l1=layer1_reject, l2_p=0.735)"
Atrial Fibrillation,Atrial Fibrillation\False\._2025-02-19_ECGRec_202428_E1R4909_duration=98s_pos=151667-164107_src=json.json,31,0.6080689,1,0,0,0,0.9771141377074138,"both_layers_reject (l1=layer1_reject, l2_p=0.977)",0.27062973,1,0,0,0,0.9771141377074138,"both_layers_reject (l1=layer1_reject, l2_p=0.977)"
Atrial Fibrillation,Atrial Fibrillation\False\._2025-03-20_ECGRec_202428_E1R4997_duration=46s_pos=934454-940241_src=json.json,31,0.7735608,1,0,0,0,0.9301364687958706,"both_layers_reject (l1=layer1_reject, l2_p=0.930)",0.39832062,1,0,0,0,0.9301364687958706,"both_layers_reject (l1=layer1_reject, l2_p=0.930)"
Atrial Fibrillation,Atrial Fibrillation\False\._2025-03-03_ECGRec_202428_E1R4887_duration=44s_pos=131133-136691_src=json.json,31,0.8438765,1,0,1,0,0.7225521184744685,"layer2_reject (l1=tachy_afib, p=0.723)",0.6635415,1,0,1,0,0.7225521184744685,"layer2_reject (l1=tachy_afib, p=0.723)"
Atrial Fibrillation,Atrial Fibrillation\False\._2025-02-16_ECGRec_202428_E1R4909_duration=218s_pos=15094-42879_src=json.json,31,0.17800914,0,0,1,1,0.0,model_negative,0.0018836304,0,0,1,1,0.0,model_negative
Atrial Fibrillation,Atrial Fibrillation\False\._2025-03-24_ECGRec_202428_E1R4997_duration=26s_pos=96766-100006_src=json.json,31,0.33602083,0,0,1,1,0.0,model_negative,0.022895461,0,0,1,1,0.0,model_negative
Atrial Fibrillation,Atrial Fibrillation\False\._2025-05-30_ECGRec_202419_E110189_duration=86s_pos=4625945-4636826_src=json.json,31,0.8378354,1,0,0,0,0.9999990327407736,"both_layers_reject (l1=layer1_reject, l2_p=1.000)",0.7434606,1,0,0,0,0.9999990327407736,"both_layers_reject (l1=layer1_reject, l2_p=1.000)"
Atrial Fibrillation,Atrial Fibrillation\False\._2025-03-20_ECGRec_202428_E1R4992_duration=604s_pos=1626-78911_src=json.json,31,0.66165286,1,0,1,0,0.9930672217658616,"layer2_reject (l1=tachy_afib, p=0.993)",0.014417765,0,0,1,1,0.0,model_negative
Atrial Fibrillation,Atrial Fibrillation\False\._2025-03-31_ECGRec_202419_E110189_duration=84s_pos=821812-832525_src=json.json,31,0.38372287,0,0,1,1,0.0,model_negative,0.005074261,0,0,1,1,0.0,model_negative
Atrial Fibrillation,Atrial Fibrillation\False\._2025-03-09_ECGRec_202428_E1R4887_duration=355s_pos=8457-53857_src=json.json,31,0.92862093,1,0,1,0,0.6985334262974133,"layer2_reject (l1=brady_rescue, p=0.699)",0.7472972,1,0,1,0,0.6985334262974133,"layer2_reject (l1=brady_rescue, p=0.699)"
Atrial Fibrillation,Atrial Fibrillation\False\._2025-03-24_ECGRec_202428_E1R4997_duration=50s_pos=19601-25961_src=json.json,31,0.49860036,0,0,1,1,0.0,model_negative,0.2627947,0,0,1,1,0.0,model_negative
Atrial Fibrillation,Atrial Fibrillation\False\._2025-03-20_ECGRec_202428_E1R4992_duration=421s_pos=37222-91031_src=json.json,31,0.48476684,0,0,1,1,0.0,model_negative,0.0046563516,0,0,1,1,0.0,model_negative
Atrial Fibrillation,Atrial Fibrillation\False\._2025-06-03_ECGRec_202419_E110189_duration=59s_pos=411-7917_src=json.json,31,0.8877772,1,0,1,0,0.9998571553652671,"layer2_reject (l1=tachy_afib, p=1.000)",0.83658546,1,0,1,0,0.9998571553652671,"layer2_reject (l1=tachy_afib, p=1.000)"
Atrial Fibrillation,Atrial Fibrillation\False\._2025-05-17_ECGRec_202436_E116223_duration=38s_pos=18540-23333_src=json.json,31,0.6087197,1,0,0,0,0.9998987892260599,"both_layers_reject (l1=layer1_reject, l2_p=1.000)",0.014320254,0,0,1,1,0.0,model_negative
Atrial Fibrillation,Atrial Fibrillation\False\._2025-06-18_ECGRec_202436_E116136_duration=13s_pos=641-2267_src=json.json,27,0.68087107,1,0,1,0,0.9907627918013017,"layer2_reject (l1=tachy_afib, p=0.991)",0.12349841,0,0,1,1,0.0,model_negative
Atrial Fibrillation,Atrial Fibrillation\False\._2025-03-22_ECGRec_202428_E1R4997_duration=87s_pos=1464600-1475626_src=json.json,31,0.3454673,0,0,1,1,0.0,model_negative,0.071428716,0,0,1,1,0.0,model_negative
Atrial Fibrillation,Atrial Fibrillation\False\._2025-03-22_ECGRec_202428_E1R4997_duration=31s_pos=2729315-2733198_src=json.json,31,0.36662856,0,0,1,1,0.0,model_negative,0.018877383,0,0,1,1,0.0,model_negative
Atrial Fibrillation,Atrial Fibrillation\False\._2025-03-21_ECGRec_202428_E1R4992_duration=717s_pos=3640-95381_src=json.json,31,0.5148894,1,0,0,0,0.9917762329377889,"both_layers_reject (l1=layer1_reject, l2_p=0.992)",0.0094840415,0,0,1,1,0.0,model_negative
Atrial Fibrillation,Atrial Fibrillation\False\._2025-05-30_ECGRec_202419_E110189_duration=225s_pos=1042294-1071033_src=json.json,31,0.65763086,1,0,1,0,0.9981027296734208,"layer2_reject (l1=tachy_afib, p=0.998)",0.52738667,1,0,1,0,0.9981027296734208,"layer2_reject (l1=tachy_afib, p=0.998)"
Atrial Fibrillation,Atrial Fibrillation\False\._2025-06-03_ECGRec_202419_E110189_duration=231s_pos=137392-166832_src=json.json,31,0.68892306,1,0,0,0,0.8624985967148431,"both_layers_reject (l1=layer1_reject, l2_p=0.862)",0.35935533,1,0,0,0,0.8624985967148431,"both_layers_reject (l1=layer1_reject, l2_p=0.862)"
Atrial Fibrillation,Atrial Fibrillation\False\._2025-03-25_ECGRec_202428_E1R4997_duration=66s_pos=6724-15115_src=json.json,31,0.7332901,1,0,0,0,0.9993726674946657,"both_layers_reject (l1=layer1_reject, l2_p=0.999)",0.51987624,1,0,0,0,0.9993726674946657,"both_layers_reject (l1=layer1_reject, l2_p=0.999)"
Atrial Fibrillation,Atrial Fibrillation\False\._2025-05-30_ECGRec_202419_E110189_duration=78s_pos=1558536-1568477_src=json.json,31,0.27374378,0,0,1,1,0.0,model_negative,0.09046146,0,0,1,1,0.0,model_negative
Atrial Fibrillation,Atrial Fibrillation\False\._2025-03-24_ECGRec_202428_E1R4997_duration=181s_pos=9607-32694_src=json.json,31,0.52989644,1,0,0,0,0.9798606441545956,"both_layers_reject (l1=layer1_reject, l2_p=0.980)",0.3618014,1,0,0,0,0.9798606441545956,"both_layers_reject (l1=layer1_reject, l2_p=0.980)"
Atrial Fibrillation,Atrial Fibrillation\False\._2025-02-27_ECGRec_202430_E115582_duration=34s_pos=64750-69015_src=json.json,31,0.93409455,1,0,0,0,0.8320105151418774,"both_layers_reject (l1=layer1_reject, l2_p=0.832)",0.85531765,1,0,0,0,0.8320105151418774,"both_layers_reject (l1=layer1_reject, l2_p=0.832)"
Atrial Fibrillation,Atrial Fibrillation\False\._2025-03-24_ECGRec_202428_E1R4997_duration=47s_pos=59733-65708_src=json.json,31,0.47355905,0,0,1,1,0.0,model_negative,0.1814522,0,0,1,1,0.0,model_negative
Atrial Fibrillation,Atrial Fibrillation\False\._2025-03-25_ECGRec_202428_E1R4997_duration=291s_pos=5844-43036_src=json.json,31,0.8806134,1,0,0,0,0.9999681158945015,"both_layers_reject (l1=layer1_reject, l2_p=1.000)",0.70736074,1,0,0,0,0.9999681158945015,"both_layers_reject (l1=layer1_reject, l2_p=1.000)"
Atrial Fibrillation,Atrial Fibrillation\False\._2025-06-03_ECGRec_202419_E110189_duration=567s_pos=753-73244_src=json.json,31,0.87098056,1,0,0,0,0.9982916675127059,"both_layers_reject (l1=layer1_reject, l2_p=0.998)",0.8055237,1,0,0,0,0.9982916675127059,"both_layers_reject (l1=layer1_reject, l2_p=0.998)"
Atrial Fibrillation,Atrial Fibrillation\False\._2025-03-06_ECGRec_202428_E1R4887_duration=43s_pos=557399-562839_src=json.json,31,0.87622696,1,0,0,0,0.9868664906115542,"both_layers_reject (l1=layer1_reject, l2_p=0.987)",0.54833686,1,0,0,0,0.9868664906115542,"both_layers_reject (l1=layer1_reject, l2_p=0.987)"
Atrial Fibrillation,Atrial Fibrillation\False\._2025-03-27_ECGRec_202428_E1R4992_duration=151s_pos=21953-41257_src=json.json,31,0.8425151,1,0,1,0,0.9623413118848838,"layer2_reject (l1=tachy_afib, p=0.962)",0.110688224,0,0,1,1,0.0,model_negative
Atrial Fibrillation,Atrial Fibrillation\False\._2025-06-17_ECGRec_202436_E116133_duration=13s_pos=67743-69293_src=json.json,31,0.8432033,1,0,1,0,0.9418819274547061,"layer2_reject (l1=tachy_afib, p=0.942)",0.41777605,1,0,1,0,0.9418819274547061,"layer2_reject (l1=tachy_afib, p=0.942)"
Atrial Fibrillation,Atrial Fibrillation\False\._2025-03-03_ECGRec_202428_E1R4887_duration=28s_pos=17188-20668_src=json.json,31,0.90470797,1,0,0,1,0.33422883834536926,layer1_reject (l2_p=0.334),0.7351627,1,0,0,1,0.33422883834536926,layer1_reject (l2_p=0.334)
Atrial Fibrillation,Atrial Fibrillation\False\._2025-03-02_ECGRec_202428_E1R4887_duration=56s_pos=93206-100306_src=json.json,31,0.7552252,1,0,0,0,0.9987824115585878,"both_layers_reject (l1=layer1_reject, l2_p=0.999)",0.29084653,1,0,0,0,0.9987824115585878,"both_layers_reject (l1=layer1_reject, l2_p=0.999)"
Atrial Fibrillation,Atrial Fibrillation\False\._2025-06-18_ECGRec_202436_E116136_duration=25s_pos=74592-77690_src=json.json,31,0.65416706,1,0,1,0,0.9902923032360154,"layer2_reject (l1=tachy_afib, p=0.990)",0.10729985,0,0,1,1,0.0,model_negative
Atrial Fibrillation,Atrial Fibrillation\False\._2025-03-03_ECGRec_202428_E1R4887_duration=36s_pos=64649-69228_src=json.json,31,0.68610775,1,0,1,0,0.4827367300254126,"layer2_reject (l1=tachy_afib, p=0.483)",0.4210112,1,0,1,0,0.4827367300254126,"layer2_reject (l1=tachy_afib, p=0.483)"
Atrial Fibrillation,Atrial Fibrillation\False\._2025-03-06_ECGRec_202428_E1R4887_duration=277s_pos=48523-83934_src=json.json,31,0.7589837,1,0,0,0,0.9998807063534316,"both_layers_reject (l1=layer1_reject, l2_p=1.000)",0.24234372,0,0,1,1,0.0,model_negative
Atrial Fibrillation,Atrial Fibrillation\False\._2025-03-23_ECGRec_202428_E1R4997_duration=35s_pos=141555-145928_src=json.json,31,0.6419709,1,0,0,0,0.9858098068294491,"both_layers_reject (l1=layer1_reject, l2_p=0.986)",0.2212215,0,0,1,1,0.0,model_negative
Atrial Fibrillation,Atrial Fibrillation\False\._2025-03-30_ECGRec_202428_E1R5004_duration=147s_pos=42191-60893_src=json.json,31,0.41268852,0,0,1,1,0.0,model_negative,0.0043639233,0,0,1,1,0.0,model_negative
Atrial Fibrillation,Atrial Fibrillation\False\._2025-03-06_ECGRec_202428_E1R4887_duration=98s_pos=13180-25697_src=json.json,31,0.6831131,1,0,0,0,0.9868196284555959,"both_layers_reject (l1=layer1_reject, l2_p=0.987)",0.513704,1,0,0,0,0.9868196284555959,"both_layers_reject (l1=layer1_reject, l2_p=0.987)"
Atrial Fibrillation,Atrial Fibrillation\False\._2025-03-08_ECGRec_202428_E1R4887_duration=34s_pos=47749-52038_src=json.json,31,0.68912745,1,0,0,0,0.9794615482081699,"both_layers_reject (l1=layer1_reject, l2_p=0.979)",0.17698735,0,0,1,1,0.0,model_negative
Atrial Fibrillation,Atrial Fibrillation\False\._2025-03-31_ECGRec_202419_E110189_duration=10s_pos=3673161-3674352_src=json.json,31,0.5260001,1,0,0,0,0.986951489125074,"both_layers_reject (l1=layer1_reject, l2_p=0.987)",0.009358078,0,0,1,1,0.0,model_negative
Atrial Fibrillation,Atrial Fibrillation\False\._2025-03-31_ECGRec_202419_E110189_duration=33s_pos=2670940-2675086_src=json.json,31,0.09020419,0,0,1,1,0.0,model_negative,0.00049668696,0,0,1,1,0.0,model_negative
Atrial Fibrillation,Atrial Fibrillation\False\._2025-03-26_ECGRec_202428_E1R4992_duration=86s_pos=361237-372122_src=json.json,31,0.3590315,0,0,1,1,0.0,model_negative,0.0032112082,0,0,1,1,0.0,model_negative
Atrial Fibrillation,Atrial Fibrillation\False\._2025-03-31_ECGRec_202419_E110189_duration=45s_pos=5495691-5501358_src=json.json,31,0.5119583,1,0,0,0,0.8876753578390674,"both_layers_reject (l1=layer1_reject, l2_p=0.888)",0.07380068,0,0,1,1,0.0,model_negative
Atrial Fibrillation,Atrial Fibrillation\False\._2025-03-30_ECGRec_202428_E1R4887_duration=40s_pos=125845-130935_src=json.json,31,0.675352,1,0,0,0,0.9004354164773519,"both_layers_reject (l1=layer1_reject, l2_p=0.900)",0.5634783,1,0,0,0,0.9004354164773519,"both_layers_reject (l1=layer1_reject, l2_p=0.900)"
Atrial Fibrillation,Atrial Fibrillation\False\._2025-03-03_ECGRec_202428_E1R4887_duration=64s_pos=43041-51224_src=json.json,31,0.9032411,1,0,0,0,0.7732041379572251,"both_layers_reject (l1=layer1_reject, l2_p=0.773)",0.7277917,1,0,0,0,0.7732041379572251,"both_layers_reject (l1=layer1_reject, l2_p=0.773)"
Atrial Fibrillation,Atrial Fibrillation\False\._2025-03-19_ECGRec_202428_E1R4997_duration=104s_pos=30185-43491_src=json.json,31,0.37764218,0,0,1,1,0.0,model_negative,0.10174329,0,0,1,1,0.0,model_negative
Atrial Fibrillation,Atrial Fibrillation\False\._2025-03-25_ECGRec_202428_E1R4997_duration=27s_pos=48117-51458_src=json.json,31,0.55561453,1,0,0,0,0.9948085777374508,"both_layers_reject (l1=layer1_reject, l2_p=0.995)",0.21942438,0,0,1,1,0.0,model_negative
Atrial Fibrillation,Atrial Fibrillation\False\._2025-03-08_ECGRec_202428_E1R4887_duration=40s_pos=13007-18101_src=json.json,31,0.9164061,1,0,1,0,0.8683298075392667,"layer2_reject (l1=tachy_afib, p=0.868)",0.5642368,1,0,1,0,0.8683298075392667,"layer2_reject (l1=tachy_afib, p=0.868)"
Atrial Fibrillation,Atrial Fibrillation\False\._2025-03-25_ECGRec_202428_E1R4997_duration=228s_pos=48168-77255_src=json.json,31,0.77263045,1,0,0,0,0.9913019830736247,"both_layers_reject (l1=layer1_reject, l2_p=0.991)",0.57314694,1,0,0,0,0.9913019830736247,"both_layers_reject (l1=layer1_reject, l2_p=0.991)"
Atrial Fibrillation,Atrial Fibrillation\False\._2025-03-06_ECGRec_202428_E1R4887_duration=41s_pos=208325-213514_src=json.json,31,0.48184338,0,0,1,1,0.0,model_negative,0.077332385,0,0,1,1,0.0,model_negative
Atrial Fibrillation,Atrial Fibrillation\False\._2025-03-25_ECGRec_202428_E1R4997_duration=31s_pos=15244-19132_src=json.json,31,0.3781855,0,0,1,1,0.0,model_negative,0.05479432,0,0,1,1,0.0,model_negative
Atrial Fibrillation,Atrial Fibrillation\False\._2025-03-21_ECGRec_202428_E1R4997_duration=69s_pos=4016-12758_src=json.json,31,0.48137304,0,0,1,1,0.0,model_negative,0.21387428,0,0,1,1,0.0,model_negative
Atrial Fibrillation,Atrial Fibrillation\False\._2025-03-31_ECGRec_202419_E110189_duration=280s_pos=2432-38144_src=json.json,31,0.86707973,1,0,0,0,0.9997474592936337,"both_layers_reject (l1=layer1_reject, l2_p=1.000)",0.53559107,1,0,0,0,0.9997474592936337,"both_layers_reject (l1=layer1_reject, l2_p=1.000)"
Atrial Fibrillation,Atrial Fibrillation\False\._2025-03-31_ECGRec_202419_E110189_duration=34s_pos=2751166-2755433_src=json.json,31,0.9004,1,0,0,0,0.9768902897099846,"both_layers_reject (l1=layer1_reject, l2_p=0.977)",0.4530071,1,0,0,0,0.9768902897099846,"both_layers_reject (l1=layer1_reject, l2_p=0.977)"
Atrial Fibrillation,Atrial Fibrillation\False\._2025-03-22_ECGRec_202428_E1R4997_duration=30s_pos=1095205-1098941_src=json.json,31,0.4251664,0,0,1,1,0.0,model_negative,0.26902056,1,0,0,0,0.9947846700024096,"both_layers_reject (l1=layer1_reject, l2_p=0.995)"
Atrial Fibrillation,Atrial Fibrillation\False\._2025-03-07_ECGRec_202428_E1R4887_duration=74s_pos=53713-63178_src=json.json,31,0.37078238,0,0,1,1,0.0,model_negative,0.011078705,0,0,1,1,0.0,model_negative
Atrial Fibrillation,Atrial Fibrillation\False\._2025-03-31_ECGRec_202419_E110189_duration=372s_pos=185873-233433_src=json.json,31,0.89542305,1,0,0,0,0.9039902068077216,"both_layers_reject (l1=layer1_reject, l2_p=0.904)",0.51991796,1,0,0,0,0.9039902068077216,"both_layers_reject (l1=layer1_reject, l2_p=0.904)"
Atrial Fibrillation,Atrial Fibrillation\False\._2025-03-01_ECGRec_202428_E1R4887_duration=196s_pos=50499-75515_src=json.json,31,0.65645134,1,0,0,0,0.9995668412941875,"both_layers_reject (l1=layer1_reject, l2_p=1.000)",0.028643684,0,0,1,1,0.0,model_negative
Atrial Fibrillation,Atrial Fibrillation\False\._2025-03-22_ECGRec_202428_E1R4997_duration=57s_pos=583831-591117_src=json.json,31,0.5055679,1,0,0,0,0.9997280219916933,"both_layers_reject (l1=layer1_reject, l2_p=1.000)",0.22748728,0,0,1,1,0.0,model_negative
Atrial Fibrillation,Atrial Fibrillation\False\._2025-03-07_ECGRec_202428_E1R4887_duration=62s_pos=64644-72529_src=json.json,31,0.8624743,1,0,0,1,0.427898109792593,layer1_reject (l2_p=0.428),0.12151866,0,0,1,1,0.0,model_negative
Atrial Fibrillation,Atrial Fibrillation\False\._2025-03-20_ECGRec_202428_E1R4992_duration=130s_pos=176996-193549_src=json.json,31,0.3683603,0,0,1,1,0.0,model_negative,0.0035946236,0,0,1,1,0.0,model_negative
Atrial Fibrillation,Atrial Fibrillation\False\._2025-03-04_ECGRec_202428_E1R4887_duration=60s_pos=57146-64800_src=json.json,31,0.7756634,1,0,0,0,0.9859640174210074,"both_layers_reject (l1=layer1_reject, l2_p=0.986)",0.42364314,1,0,0,0,0.9859640174210074,"both_layers_reject (l1=layer1_reject, l2_p=0.986)"
Atrial Fibrillation,Atrial Fibrillation\False\._2025-06-03_ECGRec_202419_E110189_duration=18s_pos=7042-9261_src=json.json,31,0.7163135,1,0,0,0,0.9999994113055963,"both_layers_reject (l1=layer1_reject, l2_p=1.000)",0.57320946,1,0,0,0,0.9999994113055963,"both_layers_reject (l1=layer1_reject, l2_p=1.000)"
Atrial Fibrillation,Atrial Fibrillation\False\._2025-06-01_ECGRec_202419_E110189_duration=200s_pos=60047-85587_src=json.json,31,0.6453126,1,0,0,0,0.6318970193330333,"both_layers_reject (l1=layer1_reject, l2_p=0.632)",0.43984902,1,0,0,0,0.6318970193330333,"both_layers_reject (l1=layer1_reject, l2_p=0.632)"
Atrial Fibrillation,Atrial Fibrillation\False\._2025-03-08_ECGRec_202428_E1R4887_duration=39s_pos=7495-12413_src=json.json,31,0.4114208,0,0,1,1,0.0,model_negative,0.018746523,0,0,1,1,0.0,model_negative
Atrial Fibrillation,Atrial Fibrillation\False\._2025-03-24_ECGRec_202428_E1R4997_duration=172s_pos=4297-26206_src=json.json,31,0.41471428,0,0,1,1,0.0,model_negative,0.027635358,0,0,1,1,0.0,model_negative
Atrial Fibrillation,Atrial Fibrillation\False\._2025-06-17_ECGRec_202436_E116133_duration=10s_pos=344202-345355_src=json.json,31,0.85444653,1,0,1,0,0.7942145690484749,"layer2_reject (l1=tachy_afib, p=0.794)",0.4801813,1,0,1,0,0.7942145690484749,"layer2_reject (l1=tachy_afib, p=0.794)"
Atrial Fibrillation,Atrial Fibrillation\False\._2025-03-25_ECGRec_202428_E1R4997_duration=130s_pos=3495-20014_src=json.json,31,0.5106181,1,0,0,0,0.9833441570028547,"both_layers_reject (l1=layer1_reject, l2_p=0.983)",0.07066934,0,0,1,1,0.0,model_negative
Atrial Fibrillation,Atrial Fibrillation\False\._2025-03-24_ECGRec_202428_E1R4997_duration=37s_pos=8337-13022_src=json.json,31,0.6910234,1,0,0,0,0.8309567087535045,"both_layers_reject (l1=layer1_reject, l2_p=0.831)",0.49451208,1,0,0,0,0.8309567087535045,"both_layers_reject (l1=layer1_reject, l2_p=0.831)"
Atrial Fibrillation,Atrial Fibrillation\False\._2025-03-23_ECGRec_202428_E1R4997_duration=83s_pos=30523-41048_src=json.json,31,0.6641461,1,0,0,0,0.9756569141423478,"both_layers_reject (l1=layer1_reject, l2_p=0.976)",0.5561341,1,0,0,0,0.9756569141423478,"both_layers_reject (l1=layer1_reject, l2_p=0.976)"
Atrial Fibrillation,Atrial Fibrillation\False\._2025-03-24_ECGRec_202428_E1R4992_duration=448s_pos=4979-62218_src=json.json,31,0.71127695,1,0,1,0,0.988123922406076,"layer2_reject (l1=tachy_afib, p=0.988)",0.016275613,0,0,1,1,0.0,model_negative
Atrial Fibrillation,Atrial Fibrillation\False\._2025-06-17_ECGRec_202436_E116133_duration=104s_pos=186292-199516_src=json.json,31,0.8896383,1,0,1,0,0.8875361084926024,"layer2_reject (l1=tachy_afib, p=0.888)",0.49449953,1,0,1,0,0.8875361084926024,"layer2_reject (l1=tachy_afib, p=0.888)"
Atrial Fibrillation,Atrial Fibrillation\False\._2025-05-30_ECGRec_202419_E110189_duration=39s_pos=267660-272639_src=json.json,31,0.3649621,0,0,1,1,0.0,model_negative,0.16225912,0,0,1,1,0.0,model_negative
Atrial Fibrillation,Atrial Fibrillation\False\._2025-06-23_ECGRec_202428_E1R4995_duration=120s_pos=16943-32201_src=json.json,31,0.8688485,1,0,0,0,0.998539140519585,"both_layers_reject (l1=layer1_reject, l2_p=0.999)",0.121131554,0,0,1,1,0.0,model_negative
Atrial Fibrillation,Atrial Fibrillation\False\._2025-03-02_ECGRec_202428_E1R4887_duration=94s_pos=694-12614_src=json.json,31,0.687641,1,0,1,0,0.9675618080310886,"layer2_reject (l1=tachy_afib, p=0.968)",0.10749365,0,0,1,1,0.0,model_negative
Atrial Fibrillation,Atrial Fibrillation\False\._2025-03-24_ECGRec_202428_E1R4997_duration=127s_pos=49264-65461_src=json.json,31,0.19774932,0,0,1,1,0.0,model_negative,0.008368938,0,0,1,1,0.0,model_negative
Atrial Fibrillation,Atrial Fibrillation\False\._2025-03-20_ECGRec_202428_E1R4992_duration=548s_pos=2992-73093_src=json.json,31,0.71379393,1,0,1,0,0.9901203259753053,"layer2_reject (l1=tachy_afib, p=0.990)",0.020077351,0,0,1,1,0.0,model_negative
Atrial Fibrillation,Atrial Fibrillation\False\._2025-03-24_ECGRec_202428_E1R4997_duration=68s_pos=31668-40356_src=json.json,31,0.51945686,1,0,0,0,0.998708035715576,"both_layers_reject (l1=layer1_reject, l2_p=0.999)",0.28130686,1,0,0,0,0.998708035715576,"both_layers_reject (l1=layer1_reject, l2_p=0.999)"
Atrial Fibrillation,Atrial Fibrillation\False\._2025-03-05_ECGRec_202428_E1R4887_duration=312s_pos=31034-70869_src=json.json,31,0.81254506,1,1,1,1,0.2610119414534185,tachy_afib,0.5917845,1,1,1,1,0.2610119414534185,tachy_afib
Atrial Fibrillation,Atrial Fibrillation\False\._2025-03-22_ECGRec_202428_E1R4997_duration=38s_pos=350056-354875_src=json.json,31,0.61696154,1,0,0,0,0.9568545179864191,"both_layers_reject (l1=layer1_reject, l2_p=0.957)",0.044711206,0,0,1,1,0.0,model_negative
Atrial Fibrillation,Atrial Fibrillation\False\._2025-03-08_ECGRec_202428_E1R4887_duration=66s_pos=68280-76727_src=json.json,31,0.9223211,1,0,0,0,0.9967404867946883,"both_layers_reject (l1=layer1_reject, l2_p=0.997)",0.7689981,1,0,0,0,0.9967404867946883,"both_layers_reject (l1=layer1_reject, l2_p=0.997)"
Atrial Fibrillation,Atrial Fibrillation\False\._2025-03-23_ECGRec_202428_E1R4997_duration=73s_pos=266660-275911_src=json.json,31,0.553683,1,0,0,0,0.9999913606490006,"both_layers_reject (l1=layer1_reject, l2_p=1.000)",0.09232084,0,0,1,1,0.0,model_negative
Atrial Fibrillation,Atrial Fibrillation\False\._2025-03-25_ECGRec_202428_E1R4997_duration=39s_pos=24245-29183_src=json.json,31,0.3532303,0,0,1,1,0.0,model_negative,0.031751804,0,0,1,1,0.0,model_negative
Atrial Fibrillation,Atrial Fibrillation\False\._2025-03-02_ECGRec_202428_E1R4887_duration=41s_pos=34389-39616_src=json.json,31,0.83918446,1,0,1,0,0.9975959633412028,"layer2_reject (l1=tachy_afib, p=0.998)",0.77360296,1,0,1,0,0.9975959633412028,"layer2_reject (l1=tachy_afib, p=0.998)"
Atrial Fibrillation,Atrial Fibrillation\False\._2025-02-05_ECGRec_202430_E115582_duration=38s_pos=47209-52065_src=json.json,31,0.5849541,1,1,1,1,0.11042874436744662,tachy_afib,0.28283888,1,1,1,1,0.11042874436744662,tachy_afib
Atrial Fibrillation,Atrial Fibrillation\False\._2025-03-03_ECGRec_202428_E1R4887_duration=254s_pos=43583-75980_src=json.json,31,0.7307488,1,0,0,0,0.6457400460217547,"both_layers_reject (l1=layer1_reject, l2_p=0.646)",0.74762326,1,0,0,0,0.6457400460217547,"both_layers_reject (l1=layer1_reject, l2_p=0.646)"
Atrial Fibrillation,Atrial Fibrillation\False\._2025-05-31_ECGRec_202419_E110189_duration=50s_pos=530333-536731_src=json.json,31,0.6130936,1,0,0,0,0.9999323819880958,"both_layers_reject (l1=layer1_reject, l2_p=1.000)",0.42007437,1,0,0,0,0.9999323819880958,"both_layers_reject (l1=layer1_reject, l2_p=1.000)"
Atrial Fibrillation,Atrial Fibrillation\False\._2025-03-28_ECGRec_202428_E1R5006_duration=560s_pos=879-72514_src=json.json,31,0.98162204,1,0,0,0,0.999946621439804,"both_layers_reject (l1=layer1_reject, l2_p=1.000)",0.97224,1,0,0,0,0.999946621439804,"both_layers_reject (l1=layer1_reject, l2_p=1.000)"
Atrial Fibrillation,Atrial Fibrillation\False\._2025-03-23_ECGRec_202428_E1R4997_duration=65s_pos=449205-457426_src=json.json,31,0.35679534,0,0,1,1,0.0,model_negative,0.16603774,0,0,1,1,0.0,model_negative
Atrial Fibrillation,Atrial Fibrillation\False\._2025-03-08_ECGRec_202428_E1R4887_duration=185s_pos=10330-33984_src=json.json,31,0.55924207,1,0,1,0,0.981387077282716,"layer2_reject (l1=tachy_afib, p=0.981)",0.055511016,0,0,1,1,0.0,model_negative
Atrial Fibrillation,Atrial Fibrillation\False\._2025-03-23_ECGRec_202428_E1R4997_duration=105s_pos=719-14074_src=json.json,31,0.86011326,1,0,0,0,0.9215106581358486,"both_layers_reject (l1=layer1_reject, l2_p=0.922)",0.8610786,1,0,0,0,0.9215106581358486,"both_layers_reject (l1=layer1_reject, l2_p=0.922)"
Atrial Fibrillation,Atrial Fibrillation\False\._2025-03-22_ECGRec_202428_E1R4997_duration=27s_pos=1845143-1848504_src=json.json,31,0.6349016,1,0,0,0,0.8219893325728207,"both_layers_reject (l1=layer1_reject, l2_p=0.822)",0.34043595,1,0,0,0,0.8219893325728207,"both_layers_reject (l1=layer1_reject, l2_p=0.822)"
Atrial Fibrillation,Atrial Fibrillation\False\._2025-03-21_ECGRec_202428_E1R4992_duration=224s_pos=489-29057_src=json.json,31,0.5067149,1,0,1,0,0.998120949755234,"layer2_reject (l1=tachy_afib, p=0.998)",0.0047177514,0,0,1,1,0.0,model_negative
Atrial Fibrillation,Atrial Fibrillation\False\._2025-03-22_ECGRec_202428_E1R4997_duration=32s_pos=1485866-1489866_src=json.json,31,0.5863757,1,0,0,0,0.9354434388196278,"both_layers_reject (l1=layer1_reject, l2_p=0.935)",0.24662593,0,0,1,1,0.0,model_negative
Atrial Fibrillation,Atrial Fibrillation\False\._2025-03-07_ECGRec_202428_E1R4887_duration=26s_pos=37947-41170_src=json.json,31,0.7122281,1,0,1,0,0.7581641337091607,"layer2_reject (l1=tachy_afib, p=0.758)",0.76894236,1,0,1,0,0.7581641337091607,"layer2_reject (l1=tachy_afib, p=0.758)"
Atrial Fibrillation,Atrial Fibrillation\False\._2025-03-02_ECGRec_202428_E1R4887_duration=37s_pos=59630-64316_src=json.json,31,0.93945354,1,0,1,0,0.9928066426483892,"layer2_reject (l1=tachy_afib, p=0.993)",0.8643975,1,0,1,0,0.9928066426483892,"layer2_reject (l1=tachy_afib, p=0.993)"
Atrial Fibrillation,Atrial Fibrillation\False\._2025-03-23_ECGRec_202428_E1R4997_duration=40s_pos=63442-68557_src=json.json,31,0.6350049,1,0,0,0,0.9992671620343601,"both_layers_reject (l1=layer1_reject, l2_p=0.999)",0.26513317,1,0,0,0,0.9992671620343601,"both_layers_reject (l1=layer1_reject, l2_p=0.999)"
Atrial Fibrillation,Atrial Fibrillation\False\._2025-03-23_ECGRec_202428_E1R4997_duration=56s_pos=62167-69289_src=json.json,31,0.7984029,1,0,0,0,0.9565857883763317,"both_layers_reject (l1=layer1_reject, l2_p=0.957)",0.61397266,1,0,0,0,0.9565857883763317,"both_layers_reject (l1=layer1_reject, l2_p=0.957)"
Atrial Fibrillation,Atrial Fibrillation\False\._2025-03-19_ECGRec_202428_E1R4997_duration=84s_pos=54313-64940_src=json.json,31,0.3397408,0,0,1,1,0.0,model_negative,0.053743124,0,0,1,1,0.0,model_negative
Atrial Fibrillation,Atrial Fibrillation\False\._2025-03-25_ECGRec_202428_E1R4997_duration=54s_pos=36465-43301_src=json.json,31,0.776314,1,0,0,0,0.9920111104866141,"both_layers_reject (l1=layer1_reject, l2_p=0.992)",0.5771459,1,0,0,0,0.9920111104866141,"both_layers_reject (l1=layer1_reject, l2_p=0.992)"
Atrial Fibrillation,Atrial Fibrillation\False\._2025-03-09_ECGRec_202428_E1R4887_duration=102s_pos=58198-71197_src=json.json,31,0.27917767,0,0,1,1,0.0,model_negative,0.0055774334,0,0,1,1,0.0,model_negative
Atrial Fibrillation,Atrial Fibrillation\False\._2025-03-20_ECGRec_202428_E1R4992_duration=61s_pos=114820-122524_src=json.json,31,0.5902938,1,0,0,0,0.9141277575403776,"both_layers_reject (l1=layer1_reject, l2_p=0.914)",0.20024134,0,0,1,1,0.0,model_negative
Atrial Fibrillation,Atrial Fibrillation\False\._2025-04-02_ECGRec_202428_E1R4887_duration=403s_pos=6552-58052_src=json.json,31,0.6753174,1,1,1,1,0.23938092294221783,brady_rescue,0.64290214,1,1,1,1,0.23938092294221783,brady_rescue
Atrial Fibrillation,Atrial Fibrillation\False\._2025-03-23_ECGRec_202428_E1R4997_duration=143s_pos=3781-21995_src=json.json,31,0.5513709,1,0,0,0,0.7927053305498591,"both_layers_reject (l1=layer1_reject, l2_p=0.793)",0.2611075,0,0,1,1,0.0,model_negative
Atrial Fibrillation,Atrial Fibrillation\False\._2025-03-25_ECGRec_202428_E1R4992_duration=79s_pos=46535-56551_src=json.json,31,0.14850378,0,0,1,1,0.0,model_negative,0.00038650143,0,0,1,1,0.0,model_negative
Atrial Fibrillation,Atrial Fibrillation\False\._2025-03-21_ECGRec_202428_E1R4992_duration=98s_pos=61614-74110_src=json.json,31,0.39786553,0,0,1,1,0.0,model_negative,0.0016595466,0,0,1,1,0.0,model_negative
Atrial Fibrillation,Atrial Fibrillation\False\._2025-03-24_ECGRec_202428_E1R4997_duration=34s_pos=1504-5745_src=json.json,31,0.40644953,0,0,1,1,0.0,model_negative,0.08546585,0,0,1,1,0.0,model_negative
Atrial Fibrillation,Atrial Fibrillation\False\._2025-03-23_ECGRec_202428_E1R4997_duration=183s_pos=26557-49876_src=json.json,31,0.24521832,0,0,1,1,0.0,model_negative,0.015218135,0,0,1,1,0.0,model_negative
Atrial Fibrillation,Atrial Fibrillation\False\._2025-03-04_ECGRec_202428_E1R4887_duration=78s_pos=50584-60517_src=json.json,31,0.29084483,0,0,1,1,0.0,model_negative,0.056005932,0,0,1,1,0.0,model_negative
Atrial Fibrillation,Atrial Fibrillation\False\._2025-02-17_ECGRec_202428_E1R4909_duration=31s_pos=48339-52267_src=json.json,31,0.3224644,0,0,1,1,0.0,model_negative,0.008564989,0,0,1,1,0.0,model_negative
Atrial Fibrillation,Atrial Fibrillation\False\._2025-06-17_ECGRec_202436_E116133_duration=113s_pos=223882-238310_src=json.json,31,0.7609167,1,0,1,0,0.8390794437326987,"layer2_reject (l1=tachy_afib, p=0.839)",0.31752926,1,0,1,0,0.8390794437326987,"layer2_reject (l1=tachy_afib, p=0.839)"
Atrial Fibrillation,Atrial Fibrillation\False\._2025-03-07_ECGRec_202428_E1R4887_duration=51s_pos=24622-31095_src=json.json,31,0.8133295,1,0,0,0,0.8318584771415959,"both_layers_reject (l1=layer1_reject, l2_p=0.832)",0.16386114,0,0,1,1,0.0,model_negative
Atrial Fibrillation,Atrial Fibrillation\False\._2025-03-22_ECGRec_202428_E1R4997_duration=77s_pos=1183987-1193819_src=json.json,31,0.70791817,1,0,0,0,0.9619359334096623,"both_layers_reject (l1=layer1_reject, l2_p=0.962)",0.19328308,0,0,1,1,0.0,model_negative
Atrial Fibrillation,Atrial Fibrillation\False\._2025-02-16_ECGRec_202428_E1R4909_duration=89s_pos=21975-33292_src=json.json,31,0.31991446,0,0,1,1,0.0,model_negative,0.049425114,0,0,1,1,0.0,model_negative
Atrial Fibrillation,Atrial Fibrillation\False\._2025-02-22_ECGRec_202430_E115582_duration=347s_pos=546-44886_src=json.json,31,0.9088039,1,0,0,0,0.980939388213156,"both_layers_reject (l1=layer1_reject, l2_p=0.981)",0.19613844,0,0,1,1,0.0,model_negative
Atrial Fibrillation,Atrial Fibrillation\False\._2025-03-03_ECGRec_202428_E1R4887_duration=187s_pos=49992-73848_src=json.json,31,0.39104182,0,0,1,1,0.0,model_negative,0.020905653,0,0,1,1,0.0,model_negative
Atrial Fibrillation,Atrial Fibrillation\False\._2025-03-25_ECGRec_202430_E115582_duration=225s_pos=50421-79186_src=json.json,31,0.8996984,1,0,0,0,0.9999999999744176,"both_layers_reject (l1=layer1_reject, l2_p=1.000)",0.7871921,1,0,0,0,0.9999999999744176,"both_layers_reject (l1=layer1_reject, l2_p=1.000)"
Atrial Fibrillation,Atrial Fibrillation\False\._2025-03-06_ECGRec_202428_E1R4887_duration=42s_pos=166292-171558_src=json.json,31,0.45042688,0,0,1,1,0.0,model_negative,0.055862814,0,0,1,1,0.0,model_negative
Atrial Fibrillation,Atrial Fibrillation\False\._2025-02-22_ECGRec_202430_E115582_duration=38s_pos=2586-7433_src=json.json,31,0.8965493,1,0,0,0,0.9647589395813956,"both_layers_reject (l1=layer1_reject, l2_p=0.965)",0.5075113,1,0,0,0,0.9647589395813956,"both_layers_reject (l1=layer1_reject, l2_p=0.965)"
Atrial Fibrillation,Atrial Fibrillation\False\._2025-03-27_ECGRec_202428_E1R5004_duration=55s_pos=26943-33973_src=json.json,31,0.3993772,0,0,1,1,0.0,model_negative,0.013278641,0,0,1,1,0.0,model_negative
Atrial Fibrillation,Atrial Fibrillation\False\._2025-02-23_ECGRec_202430_E115582_duration=196s_pos=14062-39070_src=json.json,31,0.9337538,1,0,0,0,0.9999944108157007,"both_layers_reject (l1=layer1_reject, l2_p=1.000)",0.6500158,1,0,0,0,0.9999944108157007,"both_layers_reject (l1=layer1_reject, l2_p=1.000)"
Atrial Fibrillation,Atrial Fibrillation\False\._2025-05-30_ECGRec_202419_E110189_duration=64s_pos=1001224-1009344_src=json.json,31,0.760556,1,0,1,0,0.9995431921941198,"layer2_reject (l1=tachy_afib, p=1.000)",0.5984391,1,0,1,0,0.9995431921941198,"layer2_reject (l1=tachy_afib, p=1.000)"
Atrial Fibrillation,Atrial Fibrillation\False\._2025-06-18_ECGRec_202436_E116136_duration=12s_pos=414-1918_src=json.json,24,0.7788118,1,0,1,0,0.9909206890832719,"layer2_reject (l1=tachy_afib, p=0.991)",0.22056548,0,0,1,1,0.0,model_negative
Atrial Fibrillation,Atrial Fibrillation\False\._2025-03-22_ECGRec_202428_E1R4997_duration=26s_pos=2021266-2024517_src=json.json,31,0.74607444,1,0,0,0,0.9104481622867606,"both_layers_reject (l1=layer1_reject, l2_p=0.910)",0.5675426,1,0,0,0,0.9104481622867606,"both_layers_reject (l1=layer1_reject, l2_p=0.910)"
Atrial Fibrillation,Atrial Fibrillation\False\._2025-05-30_ECGRec_202419_E110189_duration=4482s_pos=1813818-2387403_src=json.json,31,0.7413347,1,0,0,0,0.9999995607174272,"both_layers_reject (l1=layer1_reject, l2_p=1.000)",0.6351819,1,0,0,0,0.9999995607174272,"both_layers_reject (l1=layer1_reject, l2_p=1.000)"
Atrial Fibrillation,Atrial Fibrillation\False\._2025-03-21_ECGRec_202428_E1R4997_duration=63s_pos=64895-72897_src=json.json,31,0.15883282,0,0,1,1,0.0,model_negative,0.0037955465,0,0,1,1,0.0,model_negative
Atrial Fibrillation,Atrial Fibrillation\False\._2025-03-20_ECGRec_202428_E1R4992_duration=56s_pos=67007-74052_src=json.json,31,0.25560477,0,0,1,1,0.0,model_negative,0.001334259,0,0,1,1,0.0,model_negative
Atrial Fibrillation,Atrial Fibrillation\False\._2025-03-22_ECGRec_202428_E1R4997_duration=667s_pos=1449871-1535203_src=json.json,31,0.17343187,0,0,1,1,0.0,model_negative,0.015858907,0,0,1,1,0.0,model_negative
Atrial Fibrillation,Atrial Fibrillation\False\._2025-03-23_ECGRec_202428_E1R4997_duration=59s_pos=33924-41409_src=json.json,31,0.7488971,1,0,0,0,0.9724084491988166,"both_layers_reject (l1=layer1_reject, l2_p=0.972)",0.5198677,1,0,0,0,0.9724084491988166,"both_layers_reject (l1=layer1_reject, l2_p=0.972)"
Atrial Fibrillation,Atrial Fibrillation\False\._2025-03-25_ECGRec_202428_E1R4997_duration=171s_pos=589-22404_src=json.json,31,0.69763386,1,0,0,0,0.982280925859084,"both_layers_reject (l1=layer1_reject, l2_p=0.982)",0.4890741,1,0,0,0,0.982280925859084,"both_layers_reject (l1=layer1_reject, l2_p=0.982)"
Atrial Fibrillation,Atrial Fibrillation\False\._2025-02-26_ECGRec_202430_E115582_duration=320s_pos=844-41721_src=json.json,31,0.9208741,1,0,0,0,0.9946304639152264,"both_layers_reject (l1=layer1_reject, l2_p=0.995)",0.8848624,1,0,0,0,0.9946304639152264,"both_layers_reject (l1=layer1_reject, l2_p=0.995)"
Atrial Fibrillation,Atrial Fibrillation\False\._2025-03-19_ECGRec_202428_E1R4997_duration=85s_pos=17203-27992_src=json.json,31,0.5176566,1,0,0,0,0.9997254376837017,"both_layers_reject (l1=layer1_reject, l2_p=1.000)",0.16738011,0,0,1,1,0.0,model_negative
Atrial Fibrillation,Atrial Fibrillation\False\._2025-03-22_ECGRec_202428_E1R4997_duration=26s_pos=872340-875566_src=json.json,31,0.6235491,1,0,0,0,0.5815207018546227,"both_layers_reject (l1=layer1_reject, l2_p=0.582)",0.34025455,1,0,0,0,0.5815207018546227,"both_layers_reject (l1=layer1_reject, l2_p=0.582)"
Atrial Fibrillation,Atrial Fibrillation\False\._2025-03-07_ECGRec_202428_E1R4917_duration=48s_pos=2368-8483_src=json.json,31,0.3131344,0,0,1,1,0.0,model_negative,0.032039125,0,0,1,1,0.0,model_negative
Atrial Fibrillation,Atrial Fibrillation\False\._2025-03-23_ECGRec_202428_E1R4997_duration=94s_pos=430796-442798_src=json.json,31,0.21378194,0,0,1,1,0.0,model_negative,0.035431705,0,0,1,1,0.0,model_negative
Atrial Fibrillation,Atrial Fibrillation\False\._2025-05-30_ECGRec_202419_E110256_duration=453s_pos=389567-447545_src=json.json,31,0.9633804,1,0,0,0,0.9999999640577997,"both_layers_reject (l1=layer1_reject, l2_p=1.000)",0.92650604,1,0,0,0,0.9999999640577997,"both_layers_reject (l1=layer1_reject, l2_p=1.000)"
Atrial Fibrillation,Atrial Fibrillation\False\._2025-03-22_ECGRec_202428_E1R4997_duration=252s_pos=2369482-2401686_src=json.json,31,0.42373174,0,0,1,1,0.0,model_negative,0.10603413,0,0,1,1,0.0,model_negative
Atrial Fibrillation,Atrial Fibrillation\False\._2025-03-23_ECGRec_202428_E1R4997_duration=87s_pos=14280-25289_src=json.json,31,0.62012583,1,0,0,0,0.987908250251828,"both_layers_reject (l1=layer1_reject, l2_p=0.988)",0.22388291,0,0,1,1,0.0,model_negative
Atrial Fibrillation,Atrial Fibrillation\False\._2025-03-31_ECGRec_202419_E110189_duration=30s_pos=3898657-3902400_src=json.json,31,0.28617042,0,0,1,1,0.0,model_negative,0.008738178,0,0,1,1,0.0,model_negative
Atrial Fibrillation,Atrial Fibrillation\False\._2025-05-30_ECGRec_202419_E110189_duration=3694s_pos=304479-777240_src=json.json,31,0.84772325,1,0,1,0,0.9996865239699446,"layer2_reject (l1=tachy_afib, p=1.000)",0.7084977,1,0,1,0,0.9996865239699446,"layer2_reject (l1=tachy_afib, p=1.000)"
Atrial Fibrillation,Atrial Fibrillation\False\._2025-03-25_ECGRec_202428_E1R4997_duration=58s_pos=42812-50204_src=json.json,31,0.6542861,1,0,0,0,0.9974044055891284,"both_layers_reject (l1=layer1_reject, l2_p=0.997)",0.2755171,1,0,0,0,0.9974044055891284,"both_layers_reject (l1=layer1_reject, l2_p=0.997)"
Atrial Fibrillation,Atrial Fibrillation\False\._2025-05-24_ECGRec_202436_E116132_duration=28s_pos=18710-22173_src=json.json,31,0.4247653,0,0,1,1,0.0,model_negative,0.18389392,0,0,1,1,0.0,model_negative
Atrial Fibrillation,Atrial Fibrillation\False\._2025-06-17_ECGRec_202436_E116133_duration=68s_pos=242904-251603_src=json.json,31,0.78551954,1,0,1,0,0.7077982270697457,"layer2_reject (l1=tachy_afib, p=0.708)",0.3115542,1,0,1,0,0.7077982270697457,"layer2_reject (l1=tachy_afib, p=0.708)"
Atrial Fibrillation,Atrial Fibrillation\False\._2025-03-31_ECGRec_202419_E110189_duration=36s_pos=1695602-1700188_src=json.json,31,0.9611406,1,0,1,0,0.6942208630955049,"layer2_reject (l1=tachy_afib, p=0.694)",0.8617466,1,0,1,0,0.6942208630955049,"layer2_reject (l1=tachy_afib, p=0.694)"
Atrial Fibrillation,Atrial Fibrillation\False\._2025-03-24_ECGRec_202428_E1R4997_duration=87s_pos=54944-65991_src=json.json,31,0.19629122,0,0,1,1,0.0,model_negative,0.006761721,0,0,1,1,0.0,model_negative
Atrial Fibrillation,Atrial Fibrillation\False\._2025-03-22_ECGRec_202428_E1R4997_duration=43s_pos=632843-638227_src=json.json,31,0.6408372,1,0,0,0,0.8590927663581113,"both_layers_reject (l1=layer1_reject, l2_p=0.859)",0.46923646,1,0,0,0,0.8590927663581113,"both_layers_reject (l1=layer1_reject, l2_p=0.859)"
Atrial Fibrillation,Atrial Fibrillation\False\._2025-03-23_ECGRec_202428_E1R4997_duration=80s_pos=28983-39111_src=json.json,31,0.32316723,0,0,1,1,0.0,model_negative,0.03400886,0,0,1,1,0.0,model_negative
Atrial Fibrillation,Atrial Fibrillation\False\._2025-03-22_ECGRec_202428_E1R4997_duration=44s_pos=1050822-1056420_src=json.json,31,0.8355155,1,0,0,0,0.9868694236477306,"both_layers_reject (l1=layer1_reject, l2_p=0.987)",0.39620563,1,0,0,0,0.9868694236477306,"both_layers_reject (l1=layer1_reject, l2_p=0.987)"
Atrial Fibrillation,Atrial Fibrillation\False\._2025-03-07_ECGRec_202428_E1R4887_duration=148s_pos=47771-66682_src=json.json,31,0.70431316,1,0,0,0,0.9935297401876995,"both_layers_reject (l1=layer1_reject, l2_p=0.994)",0.2918189,1,0,0,0,0.9935297401876995,"both_layers_reject (l1=layer1_reject, l2_p=0.994)"
Atrial Fibrillation,Atrial Fibrillation\False\._2025-03-31_ECGRec_202419_E110189_duration=30s_pos=3801200-3805011_src=json.json,31,0.89294916,1,0,0,0,0.6428830562191861,"both_layers_reject (l1=layer1_reject, l2_p=0.643)",0.5251257,1,0,0,0,0.6428830562191861,"both_layers_reject (l1=layer1_reject, l2_p=0.643)"
Atrial Fibrillation,Atrial Fibrillation\False\._2025-06-01_ECGRec_202419_E110189_duration=69s_pos=4136-12952_src=json.json,31,0.9209076,1,0,0,0,0.9999471338802389,"both_layers_reject (l1=layer1_reject, l2_p=1.000)",0.83711594,1,0,0,0,0.9999471338802389,"both_layers_reject (l1=layer1_reject, l2_p=1.000)"
Atrial Fibrillation,Atrial Fibrillation\False\._2025-04-04_ECGRec_202428_E1R5006_duration=53s_pos=3474-10243_src=json.json,31,0.75460494,1,0,0,0,0.9878810735869569,"both_layers_reject (l1=layer1_reject, l2_p=0.988)",0.35306638,1,0,0,0,0.9878810735869569,"both_layers_reject (l1=layer1_reject, l2_p=0.988)"
Atrial Fibrillation,Atrial Fibrillation\False\._2025-06-17_ECGRec_202436_E116133_duration=36s_pos=2304-6802_src=json.json,31,0.8147363,1,0,1,0,0.8052693475647273,"layer2_reject (l1=tachy_afib, p=0.805)",0.3695652,1,0,1,0,0.8052693475647273,"layer2_reject (l1=tachy_afib, p=0.805)"
Atrial Fibrillation,Atrial Fibrillation\False\._2025-03-23_ECGRec_202428_E1R4997_duration=51s_pos=448-6960_src=json.json,31,0.45656925,0,0,1,1,0.0,model_negative,0.15474446,0,0,1,1,0.0,model_negative
Atrial Fibrillation,Atrial Fibrillation\False\._2025-03-10_ECGRec_202428_E1R4900_duration=178s_pos=50249-72908_src=json.json,31,0.8067014,1,0,1,0,0.6734482791942094,"layer2_reject (l1=tachy_afib, p=0.673)",0.3291599,1,0,1,0,0.6734482791942094,"layer2_reject (l1=tachy_afib, p=0.673)"
Atrial Fibrillation,Atrial Fibrillation\False\._2025-03-02_ECGRec_202428_E1R4887_duration=81s_pos=49465-59808_src=json.json,31,0.5242569,1,1,1,1,0.15513407141200905,brady_rescue,0.34485275,1,1,1,1,0.15513407141200905,brady_rescue
Atrial Fibrillation,Atrial Fibrillation\False\._2025-03-02_ECGRec_202428_E1R4887_duration=151s_pos=18142-37377_src=json.json,31,0.824419,1,0,0,0,0.5594246660094309,"both_layers_reject (l1=layer1_reject, l2_p=0.559)",0.90394115,1,0,0,0,0.5594246660094309,"both_layers_reject (l1=layer1_reject, l2_p=0.559)"
Atrial Fibrillation,Atrial Fibrillation\False\._2025-03-22_ECGRec_202428_E1R4997_duration=45s_pos=678120-683774_src=json.json,31,0.36588722,0,0,1,1,0.0,model_negative,0.040591292,0,0,1,1,0.0,model_negative
Atrial Fibrillation,Atrial Fibrillation\False\._2025-05-18_ECGRec_202436_E116214_duration=25s_pos=56961-60051_src=json.json,31,0.5598711,1,0,0,0,0.9997786297302248,"both_layers_reject (l1=layer1_reject, l2_p=1.000)",0.3578448,1,0,0,0,0.9997786297302248,"both_layers_reject (l1=layer1_reject, l2_p=1.000)"
Atrial Fibrillation,Atrial Fibrillation\False\._2025-03-20_ECGRec_202428_E1R4997_duration=50s_pos=458-6811_src=json.json,31,0.36848813,0,0,1,1,0.0,model_negative,0.22904019,0,0,1,1,0.0,model_negative
Atrial Fibrillation,Atrial Fibrillation\False\._2025-03-01_ECGRec_202428_E1R4887_duration=296s_pos=4125-42006_src=json.json,31,0.9029024,1,0,1,0,0.9977289495146301,"layer2_reject (l1=tachy_afib, p=0.998)",0.7513232,1,0,1,0,0.9977289495146301,"layer2_reject (l1=tachy_afib, p=0.998)"
Atrial Fibrillation,Atrial Fibrillation\False\._2025-03-22_ECGRec_202428_E1R4997_duration=59s_pos=250771-258255_src=json.json,31,0.65052676,1,0,0,0,0.9988653338346767,"both_layers_reject (l1=layer1_reject, l2_p=0.999)",0.54108906,1,0,0,0,0.9988653338346767,"both_layers_reject (l1=layer1_reject, l2_p=0.999)"
Atrial Fibrillation,Atrial Fibrillation\False\._2025-05-30_ECGRec_202419_E110189_duration=72s_pos=45423-54562_src=json.json,31,0.86757135,1,0,0,0,0.999999790301916,"both_layers_reject (l1=layer1_reject, l2_p=1.000)",0.80338234,1,0,0,0,0.999999790301916,"both_layers_reject (l1=layer1_reject, l2_p=1.000)"
Atrial Fibrillation,Atrial Fibrillation\False\._2025-03-03_ECGRec_202428_E1R4887_duration=27s_pos=9935-13283_src=json.json,31,0.38560206,0,0,1,1,0.0,model_negative,0.034529764,0,0,1,1,0.0,model_negative
Atrial Fibrillation,Atrial Fibrillation\False\._2025-02-28_ECGRec_202428_E1R4887_duration=218s_pos=107703-135483_src=json.json,31,0.732566,1,0,0,0,0.992251552721082,"both_layers_reject (l1=layer1_reject, l2_p=0.992)",0.13879108,0,0,1,1,0.0,model_negative
Atrial Fibrillation,Atrial Fibrillation\False\._2025-03-31_ECGRec_202419_E110189_duration=450s_pos=1254713-1312213_src=json.json,31,0.4807838,0,0,1,1,0.0,model_negative,0.04361065,0,0,1,1,0.0,model_negative
Atrial Fibrillation,Atrial Fibrillation\False\._2025-03-24_ECGRec_202428_E1R4997_duration=286s_pos=1222-37713_src=json.json,31,0.5958501,1,0,0,0,0.8686668361593357,"both_layers_reject (l1=layer1_reject, l2_p=0.869)",0.41759664,1,0,0,0,0.8686668361593357,"both_layers_reject (l1=layer1_reject, l2_p=0.869)"
Atrial Fibrillation,Atrial Fibrillation\False\._2025-03-22_ECGRec_202428_E1R4997_duration=33s_pos=1879181-1883330_src=json.json,31,0.40905005,0,0,1,1,0.0,model_negative,0.052204333,0,0,1,1,0.0,model_negative
Atrial Fibrillation,Atrial Fibrillation\False\._2025-03-22_ECGRec_202428_E1R4997_duration=36s_pos=1086736-1091301_src=json.json,31,0.33430478,0,0,1,1,0.0,model_negative,0.010615682,0,0,1,1,0.0,model_negative
Atrial Fibrillation,Atrial Fibrillation\False\._2025-03-31_ECGRec_202419_E110189_duration=43s_pos=4281194-4286596_src=json.json,31,0.8233686,1,0,0,0,0.995400848022242,"both_layers_reject (l1=layer1_reject, l2_p=0.995)",0.36181173,1,0,0,0,0.995400848022242,"both_layers_reject (l1=layer1_reject, l2_p=0.995)"
Atrial Fibrillation,Atrial Fibrillation\False\._2025-03-04_ECGRec_202428_E1R4887_duration=358s_pos=24721-70417_src=json.json,31,0.6091147,1,0,0,0,0.9999969368651384,"both_layers_reject (l1=layer1_reject, l2_p=1.000)",0.18067391,0,0,1,1,0.0,model_negative
Atrial Fibrillation,Atrial Fibrillation\False\._2025-03-02_ECGRec_202428_E1R4887_duration=221s_pos=8075-36327_src=json.json,31,0.89920676,1,0,1,0,0.9990150903728009,"layer2_reject (l1=tachy_afib, p=0.999)",0.79178005,1,0,1,0,0.9990150903728009,"layer2_reject (l1=tachy_afib, p=0.999)"
Atrial Fibrillation,Atrial Fibrillation\False\._2025-06-17_ECGRec_202436_E116133_duration=174s_pos=13744-35992_src=json.json,31,0.8709359,1,0,1,0,0.9747349570434191,"layer2_reject (l1=tachy_afib, p=0.975)",0.52762747,1,0,1,0,0.9747349570434191,"layer2_reject (l1=tachy_afib, p=0.975)"
Atrial Fibrillation,Atrial Fibrillation\False\._2025-03-04_ECGRec_202428_E1R4887_duration=51s_pos=38549-44949_src=json.json,31,0.71239984,1,1,1,1,0.25753147831933954,tachy_afib,0.425755,1,1,1,1,0.25753147831933954,tachy_afib
Atrial Fibrillation,Atrial Fibrillation\False\._2025-06-17_ECGRec_202436_E116133_duration=37s_pos=184387-189106_src=json.json,31,0.79627687,1,0,1,0,0.736372477874856,"layer2_reject (l1=tachy_afib, p=0.736)",0.3129344,1,0,1,0,0.736372477874856,"layer2_reject (l1=tachy_afib, p=0.736)"
Atrial Fibrillation,Atrial Fibrillation\False\._2025-02-18_ECGRec_202428_E1R4909_duration=113s_pos=2565834-2580218_src=json.json,31,0.1913772,0,0,1,1,0.0,model_negative,0.034667745,0,0,1,1,0.0,model_negative
Atrial Fibrillation,Atrial Fibrillation\False\._2025-06-16_ECGRec_202436_E116251_duration=40s_pos=51611-56674_src=json.json,31,0.9273243,1,0,0,0,0.9999999874697861,"both_layers_reject (l1=layer1_reject, l2_p=1.000)",0.88212395,1,0,0,0,0.9999999874697861,"both_layers_reject (l1=layer1_reject, l2_p=1.000)"
Atrial Fibrillation,Atrial Fibrillation\False\._2025-06-23_ECGRec_202428_E1R4995_duration=66s_pos=615-8953_src=json.json,31,0.9760351,1,0,0,0,0.9976000647690734,"both_layers_reject (l1=layer1_reject, l2_p=0.998)",0.9061218,1,0,0,0,0.9976000647690734,"both_layers_reject (l1=layer1_reject, l2_p=0.998)"
Atrial Fibrillation,Atrial Fibrillation\False\._2025-06-19_ECGRec_202428_E1R4995_duration=80s_pos=11285-21415_src=json.json,31,0.87530684,1,0,0,0,0.9357071687262053,"both_layers_reject (l1=layer1_reject, l2_p=0.936)",0.6022863,1,0,0,0,0.9357071687262053,"both_layers_reject (l1=layer1_reject, l2_p=0.936)"
Atrial Fibrillation,Atrial Fibrillation\False\._2025-06-17_ECGRec_202436_E116133_duration=46s_pos=321237-327048_src=json.json,31,0.8429082,1,0,1,0,0.9541504003768914,"layer2_reject (l1=tachy_afib, p=0.954)",0.47528288,1,0,1,0,0.9541504003768914,"layer2_reject (l1=tachy_afib, p=0.954)"
Atrial Fibrillation,Atrial Fibrillation\False\._2025-03-23_ECGRec_202428_E1R4997_duration=86s_pos=22086-33067_src=json.json,31,0.8464191,1,0,0,0,0.999945576631648,"both_layers_reject (l1=layer1_reject, l2_p=1.000)",0.63245827,1,0,0,0,0.999945576631648,"both_layers_reject (l1=layer1_reject, l2_p=1.000)"
Atrial Fibrillation,Atrial Fibrillation\False\._2025-03-23_ECGRec_202428_E1R4997_duration=162s_pos=105176-125832_src=json.json,31,0.6893832,1,0,0,0,0.9997263029255836,"both_layers_reject (l1=layer1_reject, l2_p=1.000)",0.61396074,1,0,0,0,0.9997263029255836,"both_layers_reject (l1=layer1_reject, l2_p=1.000)"
Atrial Fibrillation,Atrial Fibrillation\False\._2025-03-22_ECGRec_202428_E1R4997_duration=181s_pos=9892-33017_src=json.json,31,0.39635277,0,0,1,1,0.0,model_negative,0.042811573,0,0,1,1,0.0,model_negative
Atrial Fibrillation,Atrial Fibrillation\False\._2025-03-31_ECGRec_202419_E110189_duration=36s_pos=1659423-1663981_src=json.json,31,0.96198297,1,0,0,0,0.9229436212055393,"both_layers_reject (l1=layer1_reject, l2_p=0.923)",0.86852014,1,0,0,0,0.9229436212055393,"both_layers_reject (l1=layer1_reject, l2_p=0.923)"
Atrial Fibrillation,Atrial Fibrillation\False\._2025-03-25_ECGRec_202428_E1R4997_duration=53s_pos=2481-9167_src=json.json,31,0.73396033,1,0,0,0,0.9997758607652482,"both_layers_reject (l1=layer1_reject, l2_p=1.000)",0.40237877,1,0,0,0,0.9997758607652482,"both_layers_reject (l1=layer1_reject, l2_p=1.000)"
Atrial Fibrillation,Atrial Fibrillation\False\._2025-03-31_ECGRec_202419_E110189_duration=48s_pos=312101-318157_src=json.json,31,0.8544723,1,0,1,0,0.5655329986910111,"layer2_reject (l1=brady_rescue, p=0.566)",0.4509915,1,0,1,0,0.5655329986910111,"layer2_reject (l1=brady_rescue, p=0.566)"
Atrial Fibrillation,Atrial Fibrillation\False\._2025-03-23_ECGRec_202428_E1R4997_duration=100s_pos=1382-14135_src=json.json,31,0.25734532,0,0,1,1,0.0,model_negative,0.024418067,0,0,1,1,0.0,model_negative
Atrial Fibrillation,Atrial Fibrillation\False\._2025-03-24_ECGRec_202428_E1R4997_duration=38s_pos=31202-35984_src=json.json,31,0.52162576,1,0,0,0,0.9916920198279047,"both_layers_reject (l1=layer1_reject, l2_p=0.992)",0.21481152,0,0,1,1,0.0,model_negative
Atrial Fibrillation,Atrial Fibrillation\False\._2025-03-23_ECGRec_202428_E1R4997_duration=231s_pos=60148-89642_src=json.json,31,0.6240528,1,0,0,0,0.9999614950511784,"both_layers_reject (l1=layer1_reject, l2_p=1.000)",0.48130146,1,0,0,0,0.9999614950511784,"both_layers_reject (l1=layer1_reject, l2_p=1.000)"
Atrial Fibrillation,Atrial Fibrillation\False\._2025-03-22_ECGRec_202428_E1R4997_duration=87s_pos=712676-723808_src=json.json,31,0.6621726,1,1,1,1,0.1172109545160224,tachy_afib,0.62605476,1,1,1,1,0.1172109545160224,tachy_afib
Atrial Fibrillation,Atrial Fibrillation\False\._2025-03-02_ECGRec_202428_E1R4887_duration=240s_pos=717-31423_src=json.json,31,0.9474277,1,0,1,0,0.987470579948848,"layer2_reject (l1=tachy_afib, p=0.987)",0.92828584,1,0,1,0,0.987470579948848,"layer2_reject (l1=tachy_afib, p=0.987)"
Atrial Fibrillation,Atrial Fibrillation\False\._2025-03-31_ECGRec_202419_E110189_duration=29s_pos=7353879-7357564_src=json.json,31,0.94479805,1,0,0,0,0.9625642347717629,"both_layers_reject (l1=layer1_reject, l2_p=0.963)",0.57835436,1,0,0,0,0.9625642347717629,"both_layers_reject (l1=layer1_reject, l2_p=0.963)"
Atrial Fibrillation,Atrial Fibrillation\False\._2025-03-03_ECGRec_202428_E1R4917_duration=138s_pos=65170-82729_src=json.json,31,0.44170654,0,0,1,1,0.0,model_negative,0.035785038,0,0,1,1,0.0,model_negative
Atrial Fibrillation,Atrial Fibrillation\False\._2025-03-25_ECGRec_202428_E1R4997_duration=30s_pos=13930-17736_src=json.json,31,0.34266454,0,0,1,1,0.0,model_negative,0.08590016,0,0,1,1,0.0,model_negative
Atrial Fibrillation,Atrial Fibrillation\False\._2025-03-31_ECGRec_202419_E110189_duration=57s_pos=2521852-2529072_src=json.json,31,0.66189486,1,0,0,0,0.9996510367082353,"both_layers_reject (l1=layer1_reject, l2_p=1.000)",0.1474704,0,0,1,1,0.0,model_negative
Atrial Fibrillation,Atrial Fibrillation\False\._2025-03-24_ECGRec_202428_E1R4997_duration=395s_pos=20207-70759_src=json.json,31,0.56123847,1,0,0,0,0.8738285344608677,"both_layers_reject (l1=layer1_reject, l2_p=0.874)",0.4389738,1,0,0,0,0.8738285344608677,"both_layers_reject (l1=layer1_reject, l2_p=0.874)"
Atrial Fibrillation,Atrial Fibrillation\False\._2025-03-21_ECGRec_202428_E1R4997_duration=160s_pos=48543-68935_src=json.json,31,0.2009879,0,0,1,1,0.0,model_negative,0.0070405784,0,0,1,1,0.0,model_negative
Atrial Fibrillation,Atrial Fibrillation\False\._2025-03-06_ECGRec_202428_E1R4887_duration=28s_pos=706876-710422_src=json.json,31,0.7397999,1,0,1,0,0.8936862427302521,"layer2_reject (l1=tachy_afib, p=0.894)",0.29536,1,0,1,0,0.8936862427302521,"layer2_reject (l1=tachy_afib, p=0.894)"
Atrial Fibrillation,Atrial Fibrillation\False\._2025-05-30_ECGRec_202419_E110189_duration=53s_pos=417842-424523_src=json.json,31,0.29994422,0,0,1,1,0.0,model_negative,0.10240777,0,0,1,1,0.0,model_negative
Atrial Fibrillation,Atrial Fibrillation\False\._2025-03-20_ECGRec_202428_E1R4997_duration=115s_pos=12685-27385_src=json.json,31,0.6008706,1,1,1,1,0.38752331157932973,tachy_afib,0.19051087,0,0,1,1,0.0,model_negative
Atrial Fibrillation,Atrial Fibrillation\False\._2025-03-25_ECGRec_202428_E1R4997_duration=340s_pos=38300-81777_src=json.json,31,0.6412195,1,0,0,0,0.5497864979764262,"both_layers_reject (l1=layer1_reject, l2_p=0.550)",0.54973745,1,0,0,0,0.5497864979764262,"both_layers_reject (l1=layer1_reject, l2_p=0.550)"
Atrial Fibrillation,Atrial Fibrillation\False\._2025-04-02_ECGRec_202428_E1R4887_duration=67s_pos=86700-95211_src=json.json,31,0.39777052,0,0,1,1,0.0,model_negative,0.14048027,0,0,1,1,0.0,model_negative
Atrial Fibrillation,Atrial Fibrillation\False\._2025-03-19_ECGRec_202428_E1R4992_duration=63s_pos=131672-139609_src=json.json,31,0.61526585,1,0,0,0,0.9586852424851586,"both_layers_reject (l1=layer1_reject, l2_p=0.959)",0.06250405,0,0,1,1,0.0,model_negative
Atrial Fibrillation,Atrial Fibrillation\False\._2025-03-31_ECGRec_202419_E110189_duration=125s_pos=2833301-2849205_src=json.json,31,0.5299958,1,0,0,0,0.8070210052240355,"both_layers_reject (l1=layer1_reject, l2_p=0.807)",0.006672116,0,0,1,1,0.0,model_negative
Atrial Fibrillation,Atrial Fibrillation\False\._2025-03-20_ECGRec_202428_E1R4992_duration=570s_pos=1118-74007_src=json.json,31,0.9049708,1,0,1,0,0.9984460760602982,"layer2_reject (l1=tachy_afib, p=0.998)",0.2729304,1,0,1,0,0.9984460760602982,"layer2_reject (l1=tachy_afib, p=0.998)"
Atrial Fibrillation,Atrial Fibrillation\False\._2025-05-30_ECGRec_202419_E110189_duration=631s_pos=2906447-2987158_src=json.json,31,0.69622713,1,0,1,0,0.9998416886746071,"layer2_reject (l1=brady_rescue, p=1.000)",0.5127633,1,0,1,0,0.9998416886746071,"layer2_reject (l1=brady_rescue, p=1.000)"
Atrial Fibrillation,Atrial Fibrillation\False\._2025-03-22_ECGRec_202428_E1R4997_duration=48s_pos=61420-67478_src=json.json,31,0.63021505,1,0,0,0,0.9497103249716741,"both_layers_reject (l1=layer1_reject, l2_p=0.950)",0.29028893,1,0,0,0,0.9497103249716741,"both_layers_reject (l1=layer1_reject, l2_p=0.950)"
Atrial Fibrillation,Atrial Fibrillation\False\._2025-03-22_ECGRec_202428_E1R4997_duration=319s_pos=1229638-1270429_src=json.json,31,0.48193362,0,0,1,1,0.0,model_negative,0.10788265,0,0,1,1,0.0,model_negative
Atrial Fibrillation,Atrial Fibrillation\False\._2025-03-30_ECGRec_202419_E110256_duration=53s_pos=55674-62439_src=json.json,31,0.094794944,0,0,1,1,0.0,model_negative,0.0014912388,0,0,1,1,0.0,model_negative
Atrial Fibrillation,Atrial Fibrillation\False\._2025-03-23_ECGRec_202428_E1R4997_duration=155s_pos=53930-73691_src=json.json,31,0.33302996,0,0,1,1,0.0,model_negative,0.08729363,0,0,1,1,0.0,model_negative
Atrial Fibrillation,Atrial Fibrillation\False\._2025-03-22_ECGRec_202428_E1R4997_duration=54s_pos=166391-173215_src=json.json,31,0.5491955,1,0,0,0,0.8614894088570326,"both_layers_reject (l1=layer1_reject, l2_p=0.861)",0.2399169,0,0,1,1,0.0,model_negative
